Invoice,Order_Revenue,Items,Customer
489434,505.3,166,13085.0
489435,145.79999999999998,60,13085.0
489436,630.33,193,13078.0
489437,310.75,145,15362.0
489438,2286.24,826,18102.0
489439,426.3,219,12682.0
489440,50.4,16,18087.0
489441,344.34000000000003,102,18087.0
489442,382.37,275,13635.0
489443,285.06,120,14110.0
489444,141.0,1,12636.0
489445,308.44,280,17519.0
489446,996.1,382,13758.0
489447,130.0,1,12362.0
489448,570.24,192,15413.0
489450,196.10000000000002,100,16321.0
489460,485.79,977,16167.0
489461,589.33,379,17865.0
489462,148.3,38,17592.0
489465,1197.8000000000002,408,13767.0
489488,251.1,80,17238.0
489505,255.5,64,15712.0
489514,823.02,326,15311.0
489517,250.06,114,16329.0
489519,696.73,247,17700.0
489520,733.63,293,14911.0
489522,700.31,409,15998.0
489523,1160.0,800,12931.0
489525,1.4,2,
489526,929.92,484,12533.0
489529,212.63,187,17984.0
489531,145.0,54,14871.0
489532,304.53000000000003,353,13394.0
489533,181.5,60,16011.0
489536,341.02,199,16393.0
489537,633.33,250,14040.0
489539,2887.14,1598,15061.0
489540,537.96,188,12913.0
489542,387.6,264,15061.0
489544,281.82,226,14341.0
489545,124.95,92,17804.0
489546,584.5,212,14156.0
489547,641.45,595,13599.0
489548,382.40999999999997,249,
489550,482.3,232,14156.0
489552,278.61,129,17063.0
489556,377.15,174,15719.0
489557,603.94,442,12490.0
489558,291.58000000000004,154,15793.0
489559,128.60000000000002,26,17056.0
489560,859.0999999999999,1585,13526.0
489561,246.86,273,14654.0
489562,229.6,107,17998.0
489564,322.9,326,13526.0
489566,218.54999999999998,35,17742.0
489567,307.8,150,15326.0
489569,282.28,312,14478.0
489571,156.71,50,15967.0
489572,507.49,273,17611.0
489573,580.02,306,15051.0
489574,544.73,309,13097.0
489575,367.28000000000003,300,13590.0
489576,319.66,178,15984.0
489579,219.82,177,16887.0
489580,261.0,276,12921.0
489581,124.83000000000001,137,15945.0
489582,293.95,125,14543.0
489584,21.95,1,18037.0
489585,105.85,67,15662.0
489586,263.42,98,15380.0
489590,362.78000000000003,87,13110.0
489593,407.97,93,12836.0
489594,319.38,180,15005.0
489596,17.0,2,
489597,5097.82,972,
489598,822.37,575,16620.0
489599,2454.68,1403,12758.0
489600,420.29,39,
489601,337.2,36,
489602,440.07,42,
489603,311.55,29,
489604,383.87,40,
489606,2.1,1,17961.0
489607,446.98,52,
489608,9.75,5,
489609,553.78,51,
489611,2.95,1,15601.0
489612,629.78,63,
489613,12.75,1,13585.0
489614,408.85,42,
489615,499.36,47,
489616,409.27,50,
489617,198.0,42,13442.0
489618,6.35,1,
489619,19.5,10,
489634,17.4,12,13381.0
489635,352.85,173,16763.0
489637,535.9,157,17243.0
489638,7.5,2,
489639,31.200000000000003,48,14865.0
489640,329.90999999999997,600,17345.0
489641,622.1,462,13819.0
489642,12.850000000000001,3,
489644,857.5400000000001,297,15808.0
489645,261.74,97,17191.0
489650,173.1,90,13748.0
489652,294.14,146,15265.0
489653,60.78,26,
489654,222.12,115,15750.0
489656,1237.3,401,17428.0
489657,55.2,32,17428.0
489658,828.09,249,15485.0
489659,0.0,230,
489661,23.48,34,17246.0
489662,73.75,25,15485.0
489664,374.43,57,14061.0
489665,252.3,118,14108.0
489666,263.09000000000003,203,13648.0
489667,538.46,221,16563.0
489668,378.12,198,16701.0
489669,397.20000000000005,168,12842.0
489670,114.60000000000001,28,14302.0
489671,740.3,966,14135.0
489672,772.65,421,14831.0
489673,61.099999999999994,34,14831.0
489674,261.3,266,15602.0
489675,4939.22,1930,13777.0
489676,1210.8,840,13777.0
489677,192.0,48,14000.0
489678,189.29999999999998,113,16823.0
489679,795.98,280,16163.0
489680,45.0,36,17193.0
489681,89.59,183,17998.0
489682,125.73,303,15759.0
489683,1317.97,721,16131.0
489684,266.6,116,14560.0
489687,221.53,113,17087.0
489688,299.70000000000005,54,14894.0
489695,306.95,121,16202.0
489699,401.7,238,16700.0
489702,3108.64,2020,17511.0
489705,17.0,4,16700.0
489723,2052.12,1339,14299.0
489725,216.0,300,17949.0
489726,750.0,200,17949.0
489727,900.0,450,17949.0
489728,180.45,349,14799.0
489733,168.0,48,15311.0
489743,538.77,320,16550.0
489748,754.2,84,12980.0
489764,223.1,82,14425.0
489765,271.74,88,15353.0
489766,124.78,86,17818.0
489780,159.98000000000002,90,13654.0
489781,0.0,17,
489782,228.36,147,17189.0
489783,162.04,152,13269.0
489784,40.8,48,13269.0
489785,333.09000000000003,248,14653.0
489786,212.66,197,17019.0
489787,293.19,116,15542.0
489788,119.16,38,13564.0
489789,80.4,24,15833.0
489790,131.12,88,16467.0
489791,216.59,87,15542.0
489792,923.79,165,14527.0
489793,260.36,124,17476.0
489794,58.2,55,15287.0
489795,935.01,287,14440.0
489796,311.5,268,15680.0
489797,196.88,141,15581.0
489798,296.69,93,13740.0
489800,382.57,502,17768.0
489801,128.48000000000002,144,12948.0
489802,174.52,156,15581.0
489804,251.17000000000002,185,14667.0
489805,454.35,227,17377.0
489807,180.13,241,15581.0
489808,109.84,82,14467.0
489809,112.5,68,13457.0
489810,493.25,165,18108.0
489811,634.29,515,16210.0
489812,597.6899999999999,85,17377.0
489814,811.53,503,14669.0
489815,110.05,35,17909.0
489816,284.55,258,16086.0
489817,340.2,132,16711.0
489818,294.3,102,16233.0
489819,618.4300000000001,465,14739.0
489822,371.27000000000004,103,14204.0
489823,87.30000000000001,42,17606.0
489824,176.88,127,16797.0
489825,174.1,106,16126.0
489826,85.95,17,17867.0
489827,445.7,382,17412.0
489829,472.47,237,16525.0
489830,628.14,240,13623.0
489831,1008.0,480,12435.0
489832,313.27,121,14549.0
489833,150.68,79,14980.0
489834,214.79999999999998,24,14106.0
489835,714.0,280,15061.0
489837,507.47,268,14396.0
489840,89.69999999999999,6,14122.0
489855,157.91,56,16987.0
489856,4463.74,817,
489857,5741.96,1226,
489861,46.07,34,
489862,734.7,150,17809.0
489863,66.82,21,15917.0
489864,206.85,79,14987.0
489865,234.87,53,14080.0
489866,987.73,577,16200.0
489867,118.95,45,
489868,675.0,248,15794.0
489869,39.980000000000004,27,16200.0
489870,162.1,118,15523.0
489871,735.7,274,15523.0
489872,632.9,320,15615.0
489873,10.2,12,15615.0
489874,176.6,144,18001.0
489875,525.71,217,17841.0
489876,39.85,22,15917.0
489877,368.1,162,13089.0
489878,140.16,55,15989.0
489879,163.47,138,17660.0
489880,380.28000000000003,552,13313.0
489882,0.0,12,
489883,578.28,263,12437.0
489884,3.61,19,13313.0
489888,597.4,660,14841.0
489889,4734.24,3200,14646.0
489890,976.8,592,14646.0
489891,181.08,144,15482.0
489892,39.8,4,
489893,300.1,98,16156.0
489894,520.2,396,17716.0
489895,371.82,266,12779.0
489896,337.93,227,13611.0
489897,260.44,176,15255.0
489898,0.0,954,
489900,287.37,253,14771.0
489902,119.10000000000001,18,14838.0
489903,0.0,48,
489904,203.78,150,13979.0
489905,478.7,242,13800.0
489906,120.0,96,14483.0
489907,202.06,104,14915.0
489908,107.33,41,16301.0
489909,642.2,428,13753.0
489910,144.0,288,15482.0
489912,1146.1000000000001,578,13931.0
489913,69.6,16,13931.0
489914,993.0,508,12921.0
489915,54.599999999999994,36,17035.0
489916,336.0,212,15194.0
489932,82.6,48,14347.0
489935,181.65,31,12934.0
489994,430.9,142,15291.0
489996,320.40000000000003,514,17209.0
489998,321.65,95,15658.0
489999,154.2,72,17314.0
490000,143.06,89,17155.0
490001,169.5,94,15965.0
490002,114.55,115,17322.0
490003,317.55,163,16159.0
490004,912.5600000000001,224,14051.0
490005,556.75,203,13993.0
490006,344.40000000000003,150,17411.0
490008,502.28,256,15768.0
490009,285.09,100,12835.0
490010,1008.0,480,15061.0
490011,221.69,138,16918.0
490012,763.35,339,15179.0
490013,500.55,395,17069.0
490014,740.46,406,15466.0
490015,0.0,467,
490017,393.65,267,14159.0
490018,4380.0,17520,17940.0
490019,308.6,116,17581.0
490020,37.8,14,17581.0
490021,10.2,12,17581.0
490022,45.60000000000001,24,17581.0
490023,189.15,49,16168.0
490024,215.0,121,14606.0
490030,58.2,12,
490034,69.82,30,17287.0
490045,180.39,109,17287.0
490046,228.3,66,13416.0
490047,263.85,131,17913.0
490048,1146.71,681,16779.0
490049,102.0,40,15794.0
490050,13.5,2,17913.0
490052,831.0,408,13895.0
490053,119.54,101,14057.0
490054,277.5,186,17017.0
490056,61.12,56,13208.0
490057,360.52,184,17465.0
490058,47.85,27,17465.0
490059,14475.0,4825,18102.0
490060,314.22,148,13468.0
490061,4000.0,2000,18102.0
490062,165.3,86,13485.0
490063,204.3,113,17271.0
490064,355.59000000000003,215,16139.0
490065,1260.0,600,15061.0
490066,372.2,212,15953.0
490067,952.61,412,15856.0
490068,284.3,90,13085.0
490069,161.39999999999998,60,13085.0
490070,236.25,68,14967.0
490071,294.85,111,16497.0
490072,187.15,69,17764.0
490073,258.1,172,14905.0
490074,6500.63,1200,
490075,381.0,84,18229.0
490077,115.50999999999999,65,17293.0
490078,584.35,159,17853.0
490079,160.35,85,15550.0
490080,311.7,126,13531.0
490081,723.09,323,13786.0
490082,337.9,262,14952.0
490083,2506.14,1132,14031.0
490085,170.06,108,12937.0
490086,799.2,432,17949.0
490087,898.1800000000001,668,15601.0
490088,17.0,2,15581.0
490089,466.20000000000005,252,17949.0
490090,41.18,23,15581.0
490091,636.0,600,17949.0
490092,510.87,297,16612.0
490093,1794.7,896,12949.0
490094,851.76,504,17949.0
490095,186.36,54,14958.0
490097,273.52,144,17329.0
490099,1225.98,526,16736.0
490100,869.9300000000001,403,13001.0
490101,338.5,150,14644.0
490106,314.37,275,14898.0
490107,110.69999999999999,30,14662.0
490108,239.68,444,17414.0
490109,415.0,204,14755.0
490110,30.15,13,14755.0
490111,319.96000000000004,220,17576.0
490112,313.19,161,13037.0
490113,39.2,16,14710.0
490114,257.62,160,18168.0
490115,342.6,316,17679.0
490116,122.39999999999999,48,17679.0
490118,317.04,151,17851.0
490119,108.75,75,12931.0
490121,112.03,65,14750.0
490123,0.0,184,
490124,304.92,106,16791.0
490125,297.05,109,16558.0
490127,569.1800000000001,203,14156.0
490128,236.70000000000002,150,15884.0
490132,197.3,89,17343.0
490134,151.65,59,17372.0
490135,387.87,127,16003.0
490136,159.95,69,17432.0
490137,160.69,104,14713.0
490138,339.78,198,16722.0
490139,210.55,79,12577.0
490140,407.22,227,12872.0
490141,308.75,158,15755.0
490142,1261.0,356,14258.0
490143,1610.52,1687,14286.0
490144,337.1,152,13154.0
490145,989.18,439,14564.0
490147,510.64,472,13408.0
490149,6529.11,1214,
490150,0.0,80,
490151,160.39,117,16645.0
490152,682.65,238,12714.0
490154,288.79,110,16335.0
490156,455.36,262,13093.0
490157,138.0,40,16736.0
490158,508.26,281,12759.0
490159,19.5,2,13666.0
490160,244.79999999999998,96,13777.0
490161,825.94,653,17160.0
490162,280.2,206,13946.0
490163,141.63,115,14723.0
490164,1058.4,632,14961.0
490166,371.85,175,14735.0
490167,312.21,241,18061.0
490171,29.28,32,15581.0
490177,18.0,4,
490186,3.75,1,
490192,8.95,1,
490202,410.0,188,15078.0
490209,908.0400000000001,484,17389.0
490212,108.95,41,16883.0
490214,319.15,201,13175.0
490218,67.67999999999999,48,17076.0
490219,155.65,63,13948.0
490229,1185.16,713,18223.0
490247,351.3,208,16192.0
490258,20.4,24,15999.0
490266,231.2,50,15109.0
490272,519.89,272,14680.0
490277,1077.6,600,18092.0
490279,297.68,154,16891.0
490281,311.2,148,13481.0
490282,107.95,43,13807.0
490284,429.66,209,14979.0
490285,373.74,210,16656.0
490286,762.1,147,14527.0
490287,367.1,218,16746.0
490288,332.16,112,17157.0
490289,273.75,143,15309.0
490290,164.03,85,16325.0
490291,424.03,173,16541.0
490292,426.43,150,16723.0
490293,137.4,130,16699.0
490294,378.96,298,16710.0
490295,435.88,504,12510.0
490297,694.2,328,13162.0
490298,1523.2,954,15382.0
490299,618.2700000000001,192,13680.0
490300,237.99,172,12970.0
490301,345.27,93,15311.0
490302,300.32,126,17841.0
490303,106.25,55,17935.0
490304,843.01,339,17593.0
490305,726.57,289,17243.0
490308,194.53,85,12835.0
490310,231.90000000000003,42,17151.0
490311,307.65000000000003,201,16451.0
490312,326.13,352,17961.0
490313,137.95,49,17127.0
490320,867.89,1327,13694.0
490323,235.44,200,14087.0
490324,672.0,320,13694.0
490326,149.10000000000002,62,13733.0
490327,990.0,600,13694.0
490331,298.99,115,18181.0
490340,630.39,363,13174.0
490341,334.65,270,13329.0
490342,130.8,96,17421.0
490344,18.0,1,
490345,6.7,4,
490346,216.6,156,16351.0
490347,109.4,68,15684.0
490349,32.25,9,17884.0
490351,24.15,5,
490352,11.8,4,
490353,494.63,378,15514.0
490355,538.1099999999999,287,13093.0
490356,117.13000000000001,103,17884.0
490359,59.5,10,18225.0
490360,126.8,34,13679.0
490361,48.05,22,
490362,205.35,199,12748.0
490363,138.24,192,13199.0
490364,103.95,25,13487.0
490365,351.6,120,17018.0
490366,227.25,147,18071.0
490367,79.6,8,16593.0
490368,159.1,18,14238.0
490369,230.2,44,15223.0
490370,452.95,177,17593.0
490371,233.70999999999998,185,13021.0
490372,434.15,95,17115.0
490373,502.54,146,17850.0
490374,136.75,65,14239.0
490375,350.55,185,13999.0
490376,796.5500000000001,389,13958.0
490377,15.0,12,13958.0
490378,224.1,134,13641.0
490380,478.74,142,17850.0
490381,97.11,141,15420.0
490382,760.69,397,12359.0
490383,148.3,50,12820.0
490385,130.32,348,16410.0
490386,549.77,473,15240.0
490387,450.84000000000003,130,17850.0
490388,146.62,84,16158.0
490389,689.5,611,15484.0
490390,256.2,104,14709.0
490391,304.1,100,15057.0
490392,203.32,56,14867.0
490393,281.02,281,17642.0
490394,870.2800000000001,260,17850.0
490395,283.15,167,13813.0
490396,269.15,77,13589.0
490397,309.1,142,12417.0
490398,567.71,236,17920.0
490399,441.63,115,12975.0
490400,689.9,183,16104.0
490401,139.25,49,17150.0
490403,291.09,135,17920.0
490404,188.69,33,16277.0
490405,260.65,57,17244.0
490408,413.44,128,17850.0
490430,253.55,83,15260.0
490458,817.4399999999999,388,12583.0
490459,947.39,414,15555.0
490461,710.84,380,13736.0
490463,305.5,50,14133.0
490464,118.25999999999999,43,15571.0
490465,918.35,466,13448.0
490466,183.6,79,17085.0
490467,280.94,169,15059.0
490468,204.24,164,14468.0
490470,242.96,166,16395.0
490471,212.13,71,15878.0
490472,619.24,340,16485.0
490473,204.65,185,15860.0
490474,748.42,336,13373.0
490476,211.62,98,14608.0
490477,533.14,158,17850.0
490478,298.25,128,14896.0
490479,1450.2,778,16779.0
490481,21.25,5,16964.0
490482,289.3,147,15983.0
490483,132.4,28,13782.0
490484,186.6,44,16964.0
490485,125.94,63,14454.0
490486,90.0,72,16779.0
490487,81.3,32,14717.0
490488,647.82,503,16718.0
490489,266.19,87,15751.0
490490,546.48,312,14546.0
490491,175.20000000000002,85,17848.0
490493,12.75,3,15751.0
490494,189.7,80,17561.0
490496,666.61,335,15547.0
490499,406.70000000000005,356,17406.0
490500,355.13,188,14479.0
490501,283.14,422,16710.0
490502,101.4,26,17969.0
490503,498.02,207,14548.0
490504,385.97,94,15311.0
490505,98.16,34,14548.0
490506,25.46,47,17916.0
490508,450.84000000000003,130,17850.0
490511,626.6,208,13319.0
490512,235.13,85,14606.0
490514,137.75,47,16773.0
490515,147.4,38,15479.0
490516,504.54,146,17850.0
490517,21.95,24,
490518,474.32,290,15822.0
490519,213.65,89,13890.0
490521,235.84,102,13211.0
490522,150.4,56,15641.0
490523,10.97,7,
490524,436.18,234,14123.0
490525,255.00000000000003,92,13019.0
490526,533.97,315,17858.0
490527,182.01,105,14940.0
490528,115.05,49,16686.0
490529,48.89,28,16686.0
490530,161.8,56,15691.0
490531,166.95,95,16436.0
490533,368.15000000000003,229,17610.0
490534,245.63,120,17530.0
490535,560.58,182,17850.0
490536,221.9,78,13491.0
490537,209.41,149,14003.0
490538,504.54,146,17850.0
490539,346.0,188,12839.0
490541,294.79999999999995,97,
490542,716.35,120,14911.0
490543,0.0,222,
490545,34.0,4,17557.0
490547,311.2,88,14738.0
490548,504.54,146,17850.0
490557,463.0,318,16124.0
490561,41.300000000000004,14,15260.0
490563,808.12,372,12471.0
490564,367.9,132,12471.0
490566,14.3,6,
490569,411.20000000000005,122,17739.0
490577,187.19,112,16556.0
490603,274.54,145,14695.0
490604,682.4,612,14828.0
490605,191.74,88,15115.0
490606,426.0,98,17850.0
490607,173.54999999999998,71,13693.0
490608,163.77,74,14955.0
490609,218.33,166,14037.0
490610,211.62,150,18077.0
490611,312.65,135,13905.0
490612,610.95,441,17508.0
490613,224.98,96,16768.0
490616,214.79999999999998,128,13984.0
490618,44.7,22,13984.0
490625,339.8,84,14543.0
490636,425.09000000000003,164,13564.0
490637,452.15999999999997,236,13495.0
490638,147.1,58,13190.0
490640,321.00000000000006,156,14408.0
490641,51.0,60,17707.0
490642,446.4,315,15358.0
490653,990.48,396,17044.0
490657,208.82999999999998,119,14471.0
490659,380.84000000000003,112,17850.0
490665,76.5,30,17436.0
490667,228.4,118,13234.0
490668,312.33000000000004,199,16525.0
490669,214.17000000000002,68,15716.0
490670,143.70000000000002,63,14574.0
490671,488.16,144,16684.0
490672,660.96,504,16684.0
490673,156.5,62,14540.0
490674,242.1,106,14307.0
490675,637.14,206,14695.0
490676,451.44,122,17850.0
490677,151.72,100,18219.0
490678,380.65000000000003,93,12747.0
490679,371.51,332,18162.0
490680,293.35,245,17441.0
490681,164.75,65,17988.0
490682,285.9,68,12600.0
490683,413.00000000000006,304,17865.0
490684,74.56,62,12523.0
490685,1028.07,996,13206.0
490686,153.28,106,14512.0
490687,924.95,325,14911.0
490688,0.0,270,
490689,307.90999999999997,133,17865.0
490690,207.9,58,16353.0
490691,306.0,72,16353.0
490692,195.78,203,16018.0
490693,190.47,97,14670.0
490694,1244.3200000000002,408,13089.0
490695,108.4,40,14590.0
490697,378.84000000000003,112,17850.0
490698,4.25,1,
490699,20.58,16,
490703,154.2,76,13070.0
490704,355.38,90,17457.0
490705,204.0,80,12913.0
490706,1086.53,330,17865.0
490707,45.9,70,17865.0
490708,241.05,95,15421.0
490709,188.89000000000001,112,17884.0
490710,332.70000000000005,84,17990.0
490711,448.96,148,17841.0
490712,331.40000000000003,100,13148.0
490714,4.95,1,17841.0
490716,0.0,6,
490717,449.95,209,17364.0
490718,485.31,182,12443.0
490719,665.15,441,13042.0
490720,357.87,85,15694.0
490722,386.39,217,16717.0
490723,7.95,1,
490724,716.04,306,13767.0
490725,343.44,308,13694.0
490726,561.5999999999999,288,13694.0
490727,285.35,147,17231.0
490728,221.52,198,16702.0
490733,412.6,71,12540.0
490734,306.55,105,13267.0
490737,389.62,264,17270.0
490738,25.5,10,16436.0
490741,6370.46,1236,
490745,5201.38,1041,
490747,8.92,3,13393.0
490749,580.6400000000001,268,14113.0
490750,312.96,192,15369.0
490751,1429.83,309,12358.0
490752,356.40000000000003,96,18259.0
490753,322.65,215,17047.0
490754,302.78000000000003,138,14136.0
490755,338.34000000000003,216,16735.0
490757,425.59000000000003,221,14215.0
490758,0.0,3000,
490759,182.88,48,15971.0
490760,10.0,1,14295.0
490761,255.04,123,13382.0
490762,323.39,241,13025.0
490763,1019.9999999999999,400,16013.0
490764,306.45,107,14558.0
490767,44.32,22,18002.0
490769,221.0,180,16013.0
490770,135.94,65,17854.0
490782,707.93,255,15079.0
490785,2590.7999999999997,984,16029.0
490786,30.599999999999998,36,15079.0
490789,192.54999999999998,89,18271.0
490796,870.63,273,14290.0
490797,155.7,90,17268.0
490799,28.75,9,
490800,7.800000000000001,12,14735.0
490801,660.0,400,16029.0
490802,19.5,10,17067.0
490803,207.32,148,17067.0
490804,487.09000000000003,319,16560.0
490805,215.0,94,14861.0
490806,39.400000000000006,13,13485.0
490808,134.04,91,17371.0
490809,159.0,48,13408.0
490810,259.92,128,13408.0
490811,309.7,246,18145.0
490817,1806.19,762,15311.0
490823,304.8,288,14841.0
490834,559.98,324,16400.0
490836,2.9,2,17988.0
490838,20.25,3,17371.0
490846,129.3,272,17155.0
490847,249.64,371,15093.0
490851,311.8,90,13643.0
490855,363.6,216,13777.0
490863,88.05,59,17852.0
490871,211.41,315,15456.0
490881,10.0,1,16210.0
490893,111.24000000000001,76,13571.0
490899,792.84,473,16732.0
490905,656.85,461,16940.0
490917,312.9,74,15162.0
490920,109.08,22,18203.0
490921,42.300000000000004,12,16163.0
490922,114.3,30,14494.0
490924,123.1,91,17978.0
490925,648.5,277,13078.0
490926,249.17,121,15031.0
490927,304.20000000000005,84,17230.0
490928,404.44,145,14085.0
490930,81.12,48,13410.0
490932,12.4,8,14085.0
490933,2452.56,888,14063.0
490936,366.9,172,12785.0
490937,2285.58,1376,13081.0
490938,207.65,132,14605.0
490940,0.95,1,14605.0
490941,628.62,188,14527.0
490944,151.2,48,14285.0
490945,97.55,21,16892.0
490948,15.0,1,16805.0
490950,6.35,1,
490951,11.8,4,
490952,0.85,1,
490953,966.6600000000001,428,13204.0
490954,102.82,103,15924.0
490955,8.7,2,
490956,2442.7200000000003,1392,15413.0
490957,3796.37,1749,15823.0
490958,328.8,120,13576.0
490959,507.9,138,12682.0
490960,9.95,1,
490961,194.75,174,14108.0
490962,683.14,430,15061.0
490963,4646.49,884,
490964,104.15,51,14646.0
490966,432.96,100,17178.0
490968,484.0,276,13798.0
490971,372.64,224,18275.0
490972,728.0500000000001,413,14911.0
490978,193.08,140,17329.0
490981,313.45,103,13855.0
490982,8.82,4,17329.0
490984,303.45,162,15298.0
490989,462.46,282,15674.0
490990,263.4,102,14606.0
490992,438.74,168,14679.0
490998,379.13,232,16253.0
490999,24.65,2,13883.0
491006,272.5,130,13557.0
491007,213.27,226,16204.0
491008,191.89000000000001,87,15633.0
491009,255.68,208,15203.0
491010,318.0,320,15194.0
491011,389.99,213,16210.0
491014,549.09,285,13136.0
491024,383.04,144,17157.0
491025,325.44,96,17157.0
491026,162.72,48,15181.0
491033,328.02000000000004,174,17188.0
491034,305.5,122,13491.0
491035,295.35,81,13455.0
491038,528.9,172,13097.0
491039,301.0,60,15291.0
491041,4475.84,878,
491042,14.65,3,
491043,4725.7699999999995,919,
491044,234.38,74,13114.0
491045,303.2,64,12747.0
491048,519.42,262,13768.0
491049,748.9,678,14135.0
491050,333.8,196,12712.0
491051,408.51,261,14291.0
491053,0.0,50,
491054,320.2,108,13202.0
491055,219.55,65,14732.0
491056,1007.74,358,17428.0
491057,77.8,28,14239.0
491058,307.95,193,16945.0
491059,285.29999999999995,174,12487.0
491060,392.40000000000003,72,17929.0
491061,233.53000000000003,81,13672.0
491062,124.0,80,12948.0
491063,203.3,46,16771.0
491064,181.45,66,16782.0
491067,333.3,338,18051.0
491068,700.4,267,15768.0
491069,521.0500000000001,418,12921.0
491070,383.8,68,16912.0
491071,194.10000000000002,106,12924.0
491072,15.45,5,12924.0
491073,95.75999999999999,324,15403.0
491074,23.6,8,14173.0
491075,187.8,112,14211.0
491077,418.05,162,14593.0
491078,259.11,137,16802.0
491079,588.85,171,14295.0
491081,308.0,102,15302.0
491082,1248.3,533,16709.0
491083,322.98,150,17954.0
491085,130.6,12,13727.0
491086,267.26,143,15911.0
491087,10.08,24,
491088,12.15,5,
491089,200.23999999999998,64,14990.0
491090,351.45,123,13141.0
491091,3249.32,1544,16705.0
491092,844.12,351,13680.0
491093,1196.6799999999998,362,12709.0
491094,216.0,1,12709.0
491095,135.0,44,14171.0
491096,175.95000000000002,85,13983.0
491097,338.13,216,17296.0
491098,179.78,67,14080.0
491100,63.5,14,17631.0
491101,283.88,202,17449.0
491102,50.55,15,17184.0
491103,163.26,174,14107.0
491104,1552.9,322,12917.0
491105,207.58,139,16755.0
491106,0.0,90,
491107,0.0,180,
491109,143.36,104,13825.0
491110,1.2000000000000002,6,
491111,316.62,183,15005.0
491112,174.33,111,13770.0
491113,890.38,430,14505.0
491114,2.95,1,
491115,0.0,40,
491116,301.57,139,15441.0
491117,0.0,12,
491118,554.99,369,16933.0
491119,218.49999999999997,108,
491120,0.0,30,
491122,601.6,412,13426.0
491123,377.06,382,17043.0
491124,327.38,362,13498.0
491125,966.24,424,15311.0
491126,389.34000000000003,274,16186.0
491127,256.2,68,18065.0
491129,50.699999999999996,12,18065.0
491131,1.7,2,16395.0
491132,171.6,72,17880.0
491133,480.0,1500,13848.0
491134,11.25,3,
491135,1.25,1,
491136,343.52,504,16746.0
491138,179.85,75,16168.0
491139,28.85,11,
491140,0.0,65,
491142,0.0,2,
491143,476.03999999999996,52,16029.0
491144,873.48,228,15077.0
491145,135.0,44,13728.0
491146,178.98000000000002,94,15209.0
491147,34.3,20,14710.0
491148,3882.66,2604,15061.0
491149,289.92,360,15841.0
491150,435.6,240,16525.0
491151,661.16,260,14134.0
491152,436.8,124,15465.0
491153,300.35,147,16143.0
491154,289.85,123,17603.0
491155,5596.15,1037,
491158,275.73,270,15523.0
491159,291.0,140,15311.0
491160,377.57,147,14911.0
491161,109.35,37,14942.0
491163,179.6,72,13693.0
491164,33.55,17,15581.0
491165,737.7,422,14293.0
491169,8.5,10,12417.0
491170,328.99,415,17861.0
491171,203.85000000000002,55,15039.0
491172,730.59,450,16843.0
491173,248.49,151,15858.0
491174,228.96,216,17388.0
491175,347.54,169,15085.0
491176,1213.02,1,13091.0
491177,105.78000000000002,270,15642.0
491178,384.49,199,14099.0
491179,7.95,1,
491180,294.52000000000004,139,15719.0
491181,592.2,124,15854.0
491182,190.3,38,13019.0
491183,945.58,518,12978.0
491184,139.85000000000002,3,17027.0
491185,421.17,208,17377.0
491186,269.72,137,15889.0
491187,97.5,50,16748.0
491188,79.15,27,17377.0
491189,31.200000000000003,48,14113.0
491191,71.78999999999999,59,16459.0
491192,509.3,133,14527.0
491193,762.98,872,13091.0
491194,302.70000000000005,110,13173.0
491195,658.5,182,15805.0
491196,165.5,34,15912.0
491197,126.57,143,15912.0
491198,95.55,27,16596.0
491199,143.72,111,15912.0
491200,165.0,100,16663.0
491201,413.1,114,12989.0
491202,5.45,3,
491203,580.15,97,16985.0
491204,195.23,165,14648.0
491205,1361.91,910,16779.0
491207,105.75999999999999,97,17884.0
491209,278.08,156,15573.0
491210,785.62,256,15367.0
491211,1766.28,740,14895.0
491212,873.61,1448,14062.0
491226,448.2,644,15157.0
491235,307.2,182,15623.0
491238,170.45,133,16011.0
491240,910.76,374,13831.0
491247,436.40000000000003,352,14626.0
491314,1505.4,924,15032.0
491317,683.91,331,16670.0
491318,369.6,96,14608.0
491319,181.63,73,15882.0
491320,178.2,108,15380.0
491321,834.25,491,17032.0
491340,517.7,520,12979.0
491345,13.5,2,
491356,282.03000000000003,375,15738.0
491358,99.60000000000001,29,14590.0
491368,164.31,84,14043.0
491385,328.7,102,17675.0
491393,12.7,2,
491394,388.52,118,15916.0
491395,204.26,42,16901.0
491396,427.86,272,17610.0
491397,155.79,67,12933.0
491399,171.5,56,14507.0
491400,427.52,260,17696.0
491401,218.05,193,18276.0
491403,588.83,265,14030.0
491405,70.80000000000001,24,15823.0
491406,787.92,481,14081.0
491407,130.62,114,14030.0
491408,133.75,25,17351.0
491421,208.9,45,16798.0
491422,864.8900000000001,687,17512.0
491424,177.91,35,13542.0
491425,221.85,67,16905.0
491426,893.61,714,15494.0
491427,583.7,306,14702.0
491429,375.66,114,17165.0
491431,1980.0,1200,15769.0
491432,325.64,104,16293.0
491433,233.10000000000002,106,18172.0
491434,327.32,260,17412.0
491435,243.87,83,14606.0
491436,10.14,6,14606.0
491437,439.18,146,13408.0
491438,375.18,146,18268.0
491439,306.0,120,15291.0
491440,1350.0,1080,16029.0
491442,102.0,40,16156.0
491443,574.07,195,15311.0
491444,41.89,19,14122.0
491445,122.94999999999999,50,14519.0
491447,15.9,2,14191.0
491448,444.58,243,15983.0
491449,1579.8,502,17230.0
491450,634.88,540,14739.0
491452,222.05,70,17238.0
491453,86.75,27,17238.0
491454,218.44,80,13077.0
491456,11016.0,3672,18102.0
491457,362.93,152,15998.0
491462,718.83,245,17243.0
491463,7.5,2,17243.0
491464,52.800000000000004,96,17209.0
491465,350.68,380,14643.0
491468,1107.95,625,12957.0
491474,217.34,110,14577.0
491479,391.16,161,14680.0
491497,899.64,438,17409.0
491498,203.64000000000001,76,12835.0
491506,191.18,62,16470.0
491508,348.6,188,16191.0
491516,51.269999999999996,4,14895.0
491528,299.74,135,17344.0
491554,198.76999999999998,109,16365.0
491555,513.54,542,15194.0
491570,811.76,704,13418.0
491584,522.44,306,12854.0
491586,117.96000000000001,60,15197.0
491587,500.0,400,13953.0
491597,152.64000000000001,24,
491601,3.9,2,
491603,539.47,277,17243.0
491607,289.53000000000003,135,17293.0
491612,849.9399999999999,1086,14298.0
491613,249.09,107,16952.0
491617,14.33,23,
491622,466.92,247,13415.0
491625,615.3,110,13668.0
491627,460.3,358,13819.0
491628,53.650000000000006,3,
491629,308.81,343,14790.0
491630,435.27,206,17851.0
491631,160.55,37,17487.0
491633,465.42,200,17958.0
491634,540.18,302,17841.0
491635,1323.86,1946,14298.0
491636,270.18,360,17754.0
491637,638.52,523,15984.0
491640,397.02,142,15898.0
491641,19.2,4,
491642,339.87,268,14130.0
491643,1056.86,622,15856.0
491644,100.55,35,17860.0
491645,146.39,87,17860.0
491646,641.51,211,14031.0
491647,15.5,10,14031.0
491648,214.09,41,17243.0
491649,549.08,134,12664.0
491651,356.55,111,13768.0
491652,510.36,155,16335.0
491653,164.48,125,18077.0
491654,469.49,215,16104.0
491655,15.5,10,16104.0
491656,344.65,170,16719.0
491657,187.60000000000002,176,
491658,155.06,61,16442.0
491659,416.82,229,13317.0
491660,149.7,66,15196.0
491661,326.4,128,15956.0
491662,356.17,225,15169.0
491663,90.95,53,15860.0
491664,450.71,274,15983.0
491665,1177.1100000000001,645,14685.0
491666,335.98,328,13026.0
491667,116.26,60,15503.0
491668,370.2,84,15144.0
491669,71.78999999999999,48,12843.0
491670,650.88,312,13089.0
491671,505.13,298,14161.0
491672,336.82,382,17172.0
491673,124.6,88,17085.0
491674,591.48,528,17593.0
491675,361.37,247,16710.0
491677,15.0,12,14685.0
491678,300.42,188,16830.0
491679,145.06,68,16127.0
491680,244.79999999999998,96,14987.0
491681,272.4,71,15751.0
491682,21.95,1,15751.0
491683,359.0,179,17539.0
491684,209.9,131,17287.0
491685,5.1,2,17287.0
491686,452.5,184,17920.0
491687,588.4,332,15944.0
491688,197.98,58,14606.0
491690,511.64000000000004,318,13206.0
491691,386.73,285,17211.0
491692,828.34,427,14514.0
491694,228.34,93,17066.0
491695,106.65,41,15850.0
491696,56.45,123,17290.0
491697,489.62,216,13735.0
491698,1014.54,650,12681.0
491699,286.28000000000003,246,15628.0
491700,507.65,283,17802.0
491701,123.43,109,15446.0
491702,411.51,136,
491703,399.79999999999995,299,14525.0
491704,65.10000000000001,18,14751.0
491706,15.299999999999999,6,17802.0
491707,98.25,31,17969.0
491708,100.80000000000001,48,14685.0
491709,147.99,34,12600.0
491710,258.3,157,12683.0
491711,313.64,86,13087.0
491712,358.56,493,15562.0
491713,545.1,66,17819.0
491714,512.81,325,16409.0
491715,233.42000000000002,231,14277.0
491716,217.8,146,14466.0
491717,204.73000000000002,148,16725.0
491718,181.51,147,16325.0
491719,334.46,130,17799.0
491720,261.7,121,17910.0
491721,348.34,176,14898.0
491722,292.98,384,16551.0
491724,122.95,29,15577.0
491725,45.0,10,12346.0
491726,1066.3600000000001,446,12439.0
491729,171.82,142,13462.0
491730,252.12,84,13872.0
491731,228.6,72,18087.0
491733,366.4,100,18087.0
491734,950.0,486,13093.0
491735,225.8,158,15550.0
491736,756.51,346,13013.0
491737,31.929999999999996,17,14977.0
491738,1286.43,903,12472.0
491742,22.5,5,12346.0
491743,597.56,184,13767.0
491744,22.5,5,12346.0
491745,66.75,20,16769.0
491746,327.71000000000004,93,16769.0
491747,187.70000000000002,48,17075.0
491748,319.38,126,17157.0
491749,38.28,46,
491750,572.05,90,14527.0
491751,196.92000000000002,124,16190.0
491752,309.3,362,14032.0
491753,318.85,160,17825.0
491754,38.66,23,17825.0
491755,79.94999999999999,37,17825.0
491756,318.36,138,15329.0
491757,705.5999999999999,504,17949.0
491758,398.96,239,17908.0
491759,15.0,12,12748.0
491760,170.04999999999998,21,15311.0
491780,615.22,338,12471.0
491782,162.25,63,15534.0
491784,675.05,202,12471.0
491800,5259.17,2979,17511.0
491803,698.61,412,16327.0
491804,112.64,67,15920.0
491805,1333.1100000000001,897,12613.0
491806,8.95,1,15920.0
491807,157.32999999999998,59,17318.0
491809,266.98,477,17965.0
491810,619.67,507,14401.0
491811,290.15,121,12835.0
491812,13854.2,20524,13694.0
491813,157.5,126,13694.0
491814,310.43,233,15188.0
491815,177.84,468,13694.0
491816,1550.07,724,14961.0
491825,414.36,256,13931.0
491826,850.8299999999999,269,16019.0
491828,409.2,216,13089.0
491829,325.44,96,16711.0
491831,137.73,68,17961.0
491832,132.51,139,15420.0
491833,370.77,177,12926.0
491834,197.05,53,17623.0
491835,22.39,17,
491837,15.0,4,
491839,33.84,13,
491840,129.6,100,15015.0
491841,372.38,260,
491861,266.02,89,14796.0
491868,431.98,180,14042.0
491888,617.55,320,15867.0
491893,271.05,162,16805.0
491894,1126.81,480,14062.0
491923,307.24,190,12839.0
491924,686.13,284,17364.0
491935,689.71,343,16125.0
491941,70.80000000000001,48,12924.0
491949,53.2,4,13591.0
491950,238.05,101,16280.0
491951,921.2099999999999,926,13206.0
491952,22.8,7,
491953,2308.5,1452,15061.0
491954,88.5,34,12920.0
491955,50.400000000000006,24,12920.0
491956,381.4,158,16985.0
491957,149.5,40,17866.0
491958,99.86,27,13577.0
491959,109.31,55,16064.0
491960,659.4,332,17416.0
491961,1456.2,588,15640.0
491963,93.35000000000001,21,12992.0
491964,45.300000000000004,10,15672.0
491965,497.65000000000003,169,13000.0
491966,6342.48,1305,
491967,360.61,251,17012.0
491968,0.0,2,
491969,6141.9400000000005,1171,
491970,4588.33,857,
491971,4351.79,838,
491979,891.41,201,13162.0
491980,227.72,164,17067.0
491981,381.21999999999997,156,13468.0
491982,154.69,221,16098.0
491983,415.49,189,16554.0
491984,306.54,146,13004.0
491986,495.0,300,15838.0
491987,62.31,43,17572.0
491988,429.66,94,13902.0
491990,0.0,100,
491991,27.0,4,17809.0
491992,57.9,16,16158.0
491993,304.7,72,17213.0
491994,306.40000000000003,158,17251.0
491995,367.75,161,13495.0
491996,1337.0,840,14063.0
491997,292.31,152,17852.0
491998,297.86,78,16858.0
491999,310.87,217,14341.0
492003,253.42000000000002,70,15039.0
492004,847.0,448,17082.0
492005,2320.2000000000003,1016,14607.0
492007,169.5,10,17262.0
492008,61.2,72,17082.0
492009,174.65,45,14871.0
492011,253.64000000000001,164,18220.0
492012,675.12,293,17625.0
492014,13.5,2,13577.0
492015,1413.34,638,14911.0
492016,179.36,60,17233.0
492017,394.41999999999996,142,16210.0
492018,531.3,185,16550.0
492019,29.7,41,
492020,414.78,202,13635.0
492021,208.79999999999998,144,17949.0
492022,216.0,300,17949.0
492035,285.22,180,16202.0
492039,301.9,58,17095.0
492051,870.84,364,13758.0
492064,558.17,225,16713.0
492071,6.75,1,16713.0
492073,1500.46,338,15413.0
492074,377.49,381,12941.0
492075,474.06,436,17596.0
492076,152.0,64,17675.0
492077,290.72,176,15812.0
492078,137.03,55,14966.0
492079,324.8,140,15070.0
492080,308.38,198,18260.0
492092,698.2,321,14156.0
492098,2343.72,1086,16749.0
492117,1017.78,326,15808.0
492125,146.45999999999998,582,13405.0
492127,538.77,280,13319.0
492133,1737.2,1016,16684.0
492134,132.54,60,
492153,205.73,89,17797.0
492168,391.55,245,13823.0
492169,823.8100000000001,361,13680.0
492170,138.22,110,15566.0
492172,327.91,139,13050.0
492173,316.39,121,13267.0
492174,478.16,856,13798.0
492175,182.25,49,13756.0
492176,453.78000000000003,196,17841.0
492177,598.2,83,15311.0
492178,340.39,209,18168.0
492179,24.630000000000003,22,17816.0
492181,380.78,158,13393.0
492185,960.0,3000,16308.0
492200,0.0,6,
492202,743.61,829,15514.0
492203,204.0,48,16353.0
492204,322.92,228,15785.0
492208,334.14,239,13599.0
492209,236.17,69,15768.0
492210,263.4,60,15971.0
492212,11.55,15,
492214,301.16,204,14897.0
492216,939.21,1116,15641.0
492218,297.86,138,15527.0
492220,191.72,79,17368.0
492221,288.88,400,15637.0
492222,187.84,72,15393.0
492223,179.0,24,14061.0
492224,801.3,261,12748.0
492225,1084.08,676,14134.0
492226,3251.87,547,
492227,334.5,270,18177.0
492228,343.66,270,15078.0
492229,388.74,206,13473.0
492230,60.48,144,16605.0
492231,53.0,16,12956.0
492232,61.45,3,12971.0
492233,126.5,22,13711.0
492234,297.4,224,15394.0
492235,155.34,258,14460.0
492236,2156.0,539,18102.0
492237,3480.0,870,18102.0
492238,520.46,276,18102.0
492239,313.8,44,14543.0
492240,575.64,166,13078.0
492241,969.66,977,14769.0
492242,321.65000000000003,141,15312.0
492244,435.5,159,17646.0
492245,243.86,209,15713.0
492246,1226.79,597,13952.0
492247,307.15,79,16736.0
492248,511.2,138,14646.0
492249,243.65,95,16366.0
492250,462.95,114,18286.0
492251,825.32,408,14156.0
492252,357.0,230,13999.0
492253,223.7,154,12956.0
492269,855.45,475,17677.0
492270,96.3,55,17677.0
492271,68.69999999999999,26,17677.0
492272,141.66,39,14590.0
492273,10.2,12,17677.0
492278,96.4,18,
492281,306.3,238,13047.0
492282,371.48,296,14869.0
492283,117.30000000000001,58,16197.0
492285,164.1,56,13097.0
492287,313.3,150,13074.0
492290,187.44,480,14966.0
492296,499.15,263,14667.0
492297,307.95,119,13289.0
492300,348.15,47,12747.0
492302,183.4,112,16119.0
492303,4398.65,744,
492304,214.25,61,13769.0
492312,123.19,161,15184.0
492313,407.69,201,14680.0
492314,336.6,100,14732.0
492317,593.4,324,15615.0
492318,214.21,147,17189.0
492319,158.65,59,15499.0
492321,1181.5,526,15061.0
492322,352.0,128,13694.0
492325,212.1,418,13641.0
492328,271.56,336,13641.0
492340,311.99,197,17954.0
492342,1221.97,251,14527.0
492347,1209.58,1660,13694.0
492348,540.66,378,13694.0
492349,306.2,116,13831.0
492351,35.45,9,17954.0
492356,422.35,157,12586.0
492357,115.3,63,18012.0
492358,1750.43,1086,16779.0
492359,78.6,44,13403.0
492360,584.1,360,14625.0
492361,338.46000000000004,143,17833.0
492362,436.56,1108,15222.0
492363,25.21,14,
492367,618.79,568,13178.0
492368,507.98,306,14415.0
492369,323.25,123,16195.0
492370,125.06,66,16891.0
492371,252.20000000000002,80,14952.0
492372,195.50000000000003,58,13693.0
492373,25.7,16,
492374,378.9,316,15984.0
492375,14.2,2,15577.0
492376,207.75,199,17776.0
492378,422.15,299,16569.0
492379,338.31,197,17469.0
492380,274.32,400,14055.0
492383,542.36,384,17873.0
492387,1071.55,293,15044.0
492391,340.67,225,13426.0
492395,22.67,13,17988.0
492397,78.2,212,12359.0
492398,50.400000000000006,24,17873.0
492399,320.65000000000003,168,14329.0
492401,324.87,131,15311.0
492403,276.5,82,17091.0
492404,98.30000000000001,26,16694.0
492405,244.42,95,15055.0
492406,597.5,273,18144.0
492407,278.07,153,15750.0
492408,133.0,32,16987.0
492409,189.31,75,13008.0
492410,781.1,306,13941.0
492412,136.20000000000002,52,14092.0
492413,286.49,232,12867.0
492414,6034.71,966,
492415,904.3799999999999,456,17428.0
492416,52.35,131,
492417,220.07,291,16742.0
492418,3326.7200000000003,1604,15498.0
492419,387.74,174,14540.0
492420,77.17,28,
492421,125.95,60,17402.0
492423,122.47,98,12748.0
492424,3.75,1,17402.0
492425,4908.06,930,
492426,301.02,130,17157.0
492427,342.55,189,14113.0
492428,447.53000000000003,191,18201.0
492429,1425.3,682,13225.0
492430,100.80000000000001,48,14113.0
492431,353.0,176,17662.0
492432,273.88,140,13491.0
492433,176.4,50,17150.0
492434,589.34,326,15601.0
492435,137.3,45,15863.0
492436,329.58,338,18186.0
492437,323.78000000000003,350,13269.0
492438,164.59,139,13875.0
492439,1952.64,576,12557.0
492440,295.55,176,13266.0
492441,435.45,245,14484.0
492442,323.0,44,13798.0
492443,366.62,190,13777.0
492444,171.26,206,18097.0
492445,1120.49,489,17230.0
492446,589.4,220,13520.0
492448,699.08,214,17243.0
492449,120.15,57,16139.0
492462,224.34,89,15862.0
492465,193.85,62,13564.0
492472,167.07,135,15862.0
492484,169.96,107,15862.0
492499,400.76,134,17739.0
492500,6.6,4,13564.0
492512,199.19,153,14425.0
492516,226.74,106,13448.0
492517,233.4,98,17612.0
492518,809.62,593,13408.0
492519,299.65,97,14543.0
492520,420.41,267,14422.0
492521,53.55,9,18006.0
492522,160.82999999999998,127,14051.0
492524,391.44,176,14110.0
492525,72.29,28,12748.0
492526,7.8,4,12748.0
492527,437.96000000000004,192,14040.0
492528,302.06,358,16945.0
492529,433.96,186,17377.0
492530,2.95,1,14095.0
492531,51.25,15,
492534,77.08,41,17961.0
492535,286.04,158,13577.0
492536,343.96000000000004,212,16701.0
492537,411.7,136,16560.0
492538,255.15,113,18061.0
492539,252.59,61,16908.0
492540,256.66,119,15005.0
492542,85.33,51,15889.0
492543,157.15,60,
492544,96.0,96,13427.0
492545,139.0,36,16019.0
492546,141.0,60,13557.0
492547,424.3,471,17103.0
492548,104.73,48,
492549,339.9,368,13203.0
492552,17.0,2,
492571,310.70000000000005,74,16439.0
492578,319.5,216,15194.0
492579,1707.48,936,15311.0
492580,144.51,111,12937.0
492581,251.3,78,15270.0
492582,322.6,137,18223.0
492583,263.90000000000003,84,15270.0
492584,30.75,11,
492585,754.75,276,14085.0
492586,42.800000000000004,13,
492587,7.5,2,
492588,348.2,142,16150.0
492589,95.4,60,13319.0
492591,282.3,34,16661.0
492592,799.3,408,17400.0
492593,181.65,139,15917.0
492594,117.35000000000001,65,17631.0
492620,92.87,35,
492621,3.75,3,
492634,14.45,5,
492635,729.12,468,17526.0
492640,420.15,257,13077.0
492641,162.8,52,13039.0
492643,234.54000000000002,108,17576.0
492644,948.39,763,16200.0
492645,40.55,24,
492646,0.0,72,
492647,8.4,4,
492650,803.25,1,14911.0
492652,184.44,78,15428.0
492659,160.07,83,16720.0
492680,157.43,54,14606.0
492684,144.6,92,16351.0
492686,3.24,2,
492687,10.1,6,17961.0
492688,11.6,6,
492694,16.35,5,
492695,9.15,3,
492696,132.94,88,
492697,4.2,2,
492703,117.2,52,
492705,422.15,165,14702.0
492706,13.5,2,
492707,121.04,75,15879.0
492708,428.44,210,16556.0
492710,608.4,312,17638.0
492711,6.75,1,12471.0
492713,6.75,1,12471.0
492714,347.94,120,17913.0
492716,205.47,92,12708.0
492717,458.20000000000005,268,12826.0
492718,22.5,5,12346.0
492720,896.8499999999999,103,16772.0
492722,1.0,1,12346.0
492723,8.4,4,15858.0
492724,8370.08,6560,14646.0
492725,9.64,6,
492726,294.0,108,17927.0
492727,567.0,60,16029.0
492728,622.48,250,15311.0
492729,366.58,147,15911.0
492730,64.17,19,14083.0
492731,290.65,101,14555.0
492732,486.0,104,16210.0
492733,376.0,158,16296.0
492734,70.80000000000001,26,18036.0
492735,668.65,337,12921.0
492736,102.75,25,13921.0
492737,348.25,125,17243.0
492738,1010.55,156,14527.0
492740,1839.5999999999997,168,14063.0
492741,3.75,1,18037.0
492742,1636.43,517,12455.0
492743,143.7,66,13995.0
492744,75.0,60,12422.0
492745,310.01,401,16600.0
492746,418.03,150,
492747,187.55,41,17372.0
492749,757.45,183,14911.0
492750,285.3,36,15768.0
492751,312.84,153,15768.0
492752,1.95,1,18037.0
492753,779.04,388,14156.0
492754,15.25,5,
492755,8.5,1,
492757,804.94,416,
492760,180.3,98,18071.0
492761,664.65,219,14911.0
492762,843.44,370,14031.0
492763,307.91,153,17028.0
492764,498.5,138,16222.0
492765,495.65000000000003,165,13855.0
492766,211.36,268,14401.0
492767,340.5,170,16746.0
492768,316.54,274,12839.0
492769,272.0,64,15497.0
492770,86.46000000000001,42,14949.0
492771,101.03999999999999,88,17324.0
492772,131.25,59,15409.0
492773,914.16,418,13327.0
492774,314.44,140,13781.0
492775,312.6,136,16592.0
492776,410.42,288,15326.0
492777,207.71,87,13468.0
492778,376.84999999999997,175,18252.0
492779,107.3,20,17969.0
492780,3.9,2,14031.0
492781,646.3000000000001,250,14105.0
492782,5534.15,926,
492783,4117.06,673,
492784,372.76,113,17841.0
492785,485.40000000000003,192,15856.0
492792,330.05,75,17243.0
492793,313.83000000000004,451,15841.0
492794,310.72,96,13847.0
492795,158.6,111,18077.0
492796,153.2,52,17372.0
492797,353.25,234,17412.0
492798,185.58,93,16011.0
492799,511.14,180,17865.0
492800,243.0,36,13542.0
492801,250.34,142,17231.0
492803,378.37,230,17851.0
492804,264.64,303,15456.0
492805,241.1,171,15518.0
492806,756.15,381,14299.0
492807,342.82,177,17211.0
492808,464.56,112,13078.0
492809,316.83,133,17624.0
492810,602.4000000000001,112,17858.0
492811,223.59,89,17085.0
492812,554.0,271,13871.0
492813,577.65,251,17920.0
492814,412.62,450,14560.0
492815,111.68,49,17841.0
492816,330.6,134,12609.0
492817,199.13,43,16593.0
492818,259.15,189,14790.0
492819,913.1500000000001,384,16779.0
492820,192.09,151,14404.0
492822,46.8,24,14404.0
492823,379.72,347,15358.0
492824,3.37,2,17961.0
492825,17.25,5,
492830,975.06,763,12683.0
492831,10.1,4,
492832,321.88000000000005,180,13111.0
492834,367.8,172,18051.0
492835,0.0,48,
492836,200.0,50,18102.0
492837,633.22,310,17675.0
492838,13.95,4,
492839,664.42,209,14085.0
492840,107.1,42,14987.0
492841,7.95,1,14987.0
492842,607.0,202,12748.0
492843,456.0,168,13089.0
492869,122.25,36,15039.0
492875,270.0,76,16282.0
492878,266.7,135,13510.0
492891,318.66,248,13408.0
492929,368.6,195,16713.0
492935,74.1,1,13641.0
492940,209.4,154,17696.0
492942,305.95,107,17213.0
492943,7112.68,4512,14156.0
492944,138.75,58,12682.0
492945,308.34000000000003,362,14032.0
492947,6.25,4,
492948,154.65,34,14606.0
492949,66.48,120,14119.0
492950,801.4300000000001,390,12471.0
492951,433.99,203,16525.0
492952,116.5,31,
492953,487.3,204,14505.0
492954,178.5,30,17182.0
492963,30.15,9,
492975,50.25,15,17961.0
492980,4.2,2,
492993,29.79,23,14819.0
493050,119.35000000000001,37,17377.0
493052,303.85,151,14480.0
493053,63.25,21,17888.0
493054,43.45,16,
493055,27.95,11,
493064,6.7,3,
493066,437.24,191,
493067,86.92,54,
493069,196.75,41,14293.0
493070,0.0,250,
493071,398.70000000000005,114,18092.0
493073,2898.36,562,
493074,1680.6,230,
493075,56.35,35,
493076,24.450000000000003,7,17961.0
493077,313.6,320,14841.0
493079,4304.38,606,
493094,12.6,4,
493108,0.0,2300,
493120,0.0,520,
493129,0.0,1800,
493133,0.0,920,
493137,0.0,35,
493138,0.0,152,
493139,581.4499999999999,247,15311.0
493140,0.0,480,
493141,0.0,79,
493142,0.0,76,
493143,0.0,187,
493144,0.0,74,
493145,0.0,453,
493146,0.0,348,
493147,0.0,45,
493148,0.0,445,
493149,0.0,784,
493150,0.0,39,
493151,0.0,36,
493152,0.0,37,
493153,0.0,12,
493154,0.0,30,
493155,0.0,28,
493156,0.0,2000,
493157,212.21,104,15911.0
493158,0.0,24,
493159,0.0,24,
493160,0.0,46,
493161,0.0,21,
493162,0.0,20,
493163,0.0,18,
493164,0.0,17,
493165,0.0,15,
493166,0.0,15,
493167,0.0,174,
493169,0.0,14,
493170,0.0,14,
493171,0.0,163,
493172,0.0,52,
493173,0.0,12,
493174,0.0,12,
493175,0.0,12,
493176,0.0,11,
493177,0.0,66,
493178,0.0,11,
493179,0.0,11,
493180,0.0,10,
493181,3284.88,8421,18251.0
493183,568.51,255,12440.0
493184,0.0,10,
493185,0.0,9,
493186,0.0,9,
493187,192.42000000000002,240,18190.0
493188,20.410000000000004,14,15581.0
493189,67.49,31,15581.0
493192,0.0,8,
493193,0.0,7,
493194,0.0,7,
493195,0.0,7,
493196,0.0,7,
493197,0.0,6,
493198,0.0,6,
493199,0.0,6,
493200,66.01,33,17961.0
493202,0.0,10,
493203,0.0,5,
493204,0.0,5,
493205,0.0,5,
493206,0.0,5,
493207,0.0,4,
493208,0.0,4,
493209,0.0,4,
493210,0.0,4,
493211,0.0,4,
493212,0.0,5,
493213,0.0,4,
493214,0.0,4,
493215,0.0,4,
493216,10.04,14,
493217,0.0,86,
493218,0.0,48,
493219,0.0,3,
493220,0.0,3,
493221,0.0,3,
493222,0.0,3,
493223,0.0,2,
493224,0.0,2,
493225,0.0,2,
493227,0.0,4,
493228,0.0,43,
493230,0.0,1,
493231,0.0,1,
493233,0.0,1,
493234,0.0,2,
493235,0.0,3,
493236,0.0,316,
493238,0.0,1,
493239,0.0,2,
493240,0.0,3,
493241,0.0,1,
493242,0.0,1,
493243,0.0,1,
493244,0.0,1,
493245,0.0,1,
493246,0.0,1,
493247,0.0,2,
493248,0.0,1,
493249,0.0,1,
493250,0.0,1,
493251,0.0,1,
493252,0.0,1,
493253,0.0,1,
493254,0.0,1,
493255,0.0,1,
493256,0.0,1,
493257,1072.44,614,14063.0
493258,2872.04,1026,18102.0
493260,2405.62,398,
493261,364.53000000000003,48,
493263,17.35,1,
493264,553.97,66,
493265,851.91,99,
493266,136.3,53,13455.0
493267,550.72,57,
493268,0.0,1,
493269,535.25,69,
493270,0.0,1,
493271,457.69,49,
493272,0.0,1,
493273,776.52,88,
493274,0.0,1,
493275,0.0,1,
493276,502.33000000000004,58,
493277,0.0,1,
493278,0.0,2,
493279,0.0,3,
493280,0.0,2,
493281,0.0,2,
493282,0.0,1,
493283,623.65,76,
493284,0.0,1,
493285,0.0,1,
493286,0.0,1,
493287,470.58000000000004,62,
493288,163.78,18,
493289,0.0,1,
493290,19.91,2,
493291,0.0,1,
493292,0.0,1,
493293,0.0,3,
493294,0.0,1,
493295,0.0,1,
493296,0.0,1,
493297,0.0,3,
493298,0.0,1,
493299,0.0,1,
493300,128.85,42,17969.0
493301,179.46,198,13082.0
493302,21.51,7,17961.0
493303,12.72,12,13082.0
493304,21.4,8,17961.0
493305,22.95,8,
493306,10.45,2,
493307,15.85,5,
493308,324.99,126,15064.0
493309,15.3,8,
493325,701.1999999999999,624,13694.0
493326,799.9200000000001,528,18092.0
493343,0.0,23,
493354,8.95,1,
493360,113.12,140,18252.0
493371,352.05,176,14151.0
493372,636.95,159,15044.0
493374,54.0,32,
493375,148.2,109,15514.0
493376,1.95,1,17961.0
493377,18.799999999999997,12,
493393,2565.83,1058,12539.0
493394,25.65,9,
493395,2583.23,1070,12539.0
493396,6.75,1,
493397,14.8,14,
493398,66.9,28,12835.0
493399,879.72,364,15856.0
493401,4.95,1,
493404,1220.55,183,
493407,24.6,16,17867.0
493408,9.23,4,
493409,612.0,48,17819.0
493410,22.5,5,12346.0
493412,22.5,5,12346.0
493413,5.45,3,
493414,290.2,88,14590.0
493427,264.38,122,13287.0
493428,230.9,84,16550.0
493432,481.38,170,14680.0
493433,405.3,166,14709.0
493434,1021.0200000000001,762,13798.0
493435,795.95,960,13206.0
493436,3000.2400000000002,3264,13694.0
493437,758.4000000000001,192,13694.0
493438,360.0,288,13694.0
493439,2021.72,2668,13694.0
493442,282.65,127,13821.0
493443,567.5,147,14527.0
493444,211.29,102,16792.0
493446,189.68,114,17807.0
493463,30.37,26,15581.0
493467,415.84999999999997,229,13004.0
493485,15.18,26,
493487,10.08,24,
493508,0.0,9,
493509,0.0,7,
493510,0.0,7,
493511,0.0,89,
493512,0.0,3,
493513,0.0,3,
493514,0.0,2,
493515,0.0,2,
493516,0.0,2,
493517,0.0,2,
493518,0.0,2,
493519,0.0,2,
493520,0.0,6,
493521,0.0,1,
493522,0.0,1,
493523,0.0,1,
493524,0.0,1,
493525,0.0,1,
493526,0.0,1,
493527,0.0,200,
493528,0.0,4,
493529,0.0,1,
493530,0.0,1,
493531,0.0,1,
493532,0.0,1,
493533,0.0,3,
493534,0.0,1,
493536,412.17,135,17841.0
493537,660.0,400,16029.0
493540,165.0,100,14477.0
493542,118.75,71,15867.0
493543,425.06,296,14839.0
493546,130.33,55,17969.0
493565,131.95,17,17950.0
493566,316.7,86,15291.0
493568,644.58,296,16875.0
493569,279.11,161,13901.0
493570,5.0,2,
493571,135.25,23,14198.0
493573,364.04,676,18145.0
493574,531.72,454,15521.0
493575,302.2,96,18171.0
493577,311.42,302,13557.0
493609,42.0,100,17949.0
493613,510.0,408,17949.0
493619,309.46,290,18051.0
493665,3.35,2,
493666,585.85,184,16017.0
493667,974.39,883,13253.0
493670,614.05,267,14653.0
493671,757.1,480,13338.0
493672,464.37,566,17861.0
493685,906.23,665,14969.0
493695,386.93,157,14606.0
493696,2054.79,1571,16779.0
493697,0.0,100,
493699,256.7,72,13831.0
493700,255.05,106,14422.0
493701,706.55,510,15865.0
493702,1600.0,400,18102.0
493703,1560.0,390,18102.0
493704,337.55,157,13610.0
493705,54.800000000000004,4,
493706,793.25,206,15768.0
493707,588.3100000000001,247,13965.0
493708,980.63,315,15311.0
493709,442.44,700,17754.0
493710,118.10000000000001,16,13442.0
493715,167.27,92,14954.0
493716,463.46,308,17364.0
493717,291.69,104,12835.0
493718,421.15999999999997,194,13267.0
493719,627.91,303,14210.0
493720,551.45,177,17675.0
493721,151.1,68,17362.0
493722,1640.58,3798,16467.0
493738,586.1600000000001,274,13408.0
493739,689.8199999999999,546,14194.0
493755,57.599999999999994,80,18008.0
493757,635.85,183,15712.0
493758,5.49,1,
493759,745.38,480,17965.0
493760,30.45,19,17753.0
493761,2179.08,784,14258.0
493762,414.71999999999997,576,17941.0
493765,1390.52,1124,14828.0
493793,750.0,600,17949.0
493794,318.0,300,17949.0
493796,2287.2,984,16029.0
493797,306.0,72,16029.0
493798,1377.8799999999999,148,16029.0
493799,2427.6,904,16029.0
493800,854.72,392,18094.0
493801,9.9,2,15684.0
493802,935.5500000000001,197,16985.0
493803,33.0,4,
493804,332.58,374,14626.0
493806,26.05,4,17404.0
493810,93.05000000000001,21,13727.0
493812,3677.9,3141,13081.0
493813,392.95000000000005,97,14051.0
493814,202.73000000000002,166,14541.0
493815,108.37,53,12978.0
493816,212.0,48,15266.0
493817,323.40000000000003,198,16641.0
493818,360.76,336,16525.0
493819,44051.6,25018,14156.0
493820,256.95,59,13821.0
493824,165.60000000000002,92,16862.0
493825,200.09,59,16888.0
493826,49.2,8,13173.0
493827,324.24,320,16746.0
493828,316.2,84,14732.0
493834,334.35,86,14527.0
493837,0.0,120,
493840,614.5,136,15874.0
493841,699.83,385,13394.0
493842,17.51,18,
493843,217.2,64,15100.0
493844,140.22000000000003,74,15324.0
493846,284.52,204,14465.0
493847,518.14,290,15152.0
493848,158.0,56,16351.0
493860,452.6,180,13767.0
493863,2130.3,1888,12678.0
493865,1210.95,463,15808.0
493866,439.28000000000003,198,16057.0
493872,314.46000000000004,176,16296.0
493873,589.07,342,13711.0
493874,302.9,56,13468.0
493875,237.45000000000002,91,13693.0
493876,205.75,104,12648.0
493877,2388.82,998,14911.0
493878,508.72,356,14769.0
493880,563.98,194,13047.0
493881,357.0,60,17018.0
493882,680.22,594,15586.0
493883,3528.0,1176,18102.0
493884,396.0,240,14045.0
493885,6624.0,2208,18102.0
493886,500.89,223,16497.0
493887,760.02,294,17457.0
493897,780.52,1,14911.0
493899,404.55,200,12417.0
493900,780.52,1,14911.0
493922,194.1,46,13728.0
493923,702.5500000000001,295,13360.0
493924,180.0,1,12678.0
493925,228.29999999999998,82,15827.0
493926,228.67000000000002,49,13854.0
493927,358.67999999999995,388,14063.0
493929,281.25,79,14735.0
493930,141.60000000000002,48,15369.0
493941,382.32,144,13199.0
493945,200.45,67,16103.0
493946,363.74,338,15607.0
493947,261.99,99,17243.0
493948,1104.25,123,16772.0
493949,174.1,58,16325.0
493950,740.63,397,12681.0
493951,114.60000000000001,156,16027.0
493952,212.4,696,12971.0
493953,328.62,274,14327.0
493954,258.39,145,18170.0
493955,1190.46,334,14016.0
493956,101.85000000000001,23,15465.0
493957,304.76,96,18087.0
493958,1.25,1,
493959,177.35000000000002,79,13044.0
493960,483.57,307,16556.0
493961,354.69,93,17841.0
493962,670.25,210,15311.0
493963,465.8,172,13078.0
493964,1970.19,1309,12714.0
493965,236.8,52,14573.0
493968,691.04,272,15640.0
493969,1007.7800000000001,496,14031.0
493970,297.1,229,15856.0
493971,152.05,47,13259.0
493972,327.6,480,16109.0
493973,91.28,28,17539.0
493974,241.54,114,16787.0
493975,760.24,308,12540.0
493976,497.20000000000005,389,14849.0
493977,275.95,68,14532.0
493978,1269.03,716,17920.0
493979,147.6,182,17323.0
493980,601.8000000000001,276,13410.0
493981,3654.38,2066,14160.0
493982,268.3,95,18231.0
493983,447.36,824,13762.0
493985,308.55,197,15527.0
493987,716.4300000000001,257,15413.0
493988,300.6,92,14299.0
493989,1139.15,481,14685.0
493990,168.3,90,12951.0
493991,238.79999999999998,24,14685.0
493993,635.88,246,13089.0
493994,5520.0,1200,14091.0
493995,2699.44,3403,13694.0
493996,307.06,194,15601.0
493997,131.74,57,17372.0
493998,305.8,116,13999.0
493999,2.52,6,
494000,443.48,464,15061.0
494001,552.79,213,13319.0
494002,290.12,164,13634.0
494003,194.25,104,17222.0
494004,338.71,357,15601.0
494005,433.8,84,
494006,4.2,2,
494007,131.9,39,14606.0
494008,326.54,194,18242.0
494009,345.18,148,12471.0
494010,126.15,45,12471.0
494011,1620.75,428,
494012,1427.05,458,
494013,389.76,102,
494014,1256.8899999999999,269,
494015,1098.9,228,
494016,3266.5699999999997,861,
494017,2434.17,606,
494018,1776.43,375,
494019,1298.18,308,
494020,249.6,56,17147.0
494021,357.17,257,15738.0
494022,1980.0,1200,15769.0
494023,488.68,480,13162.0
494026,365.03999999999996,216,15369.0
494027,209.00000000000003,76,17113.0
494028,306.62,202,17113.0
494029,478.77000000000004,237,12913.0
494032,306.74,172,13709.0
494034,0.0,900,
494035,521.0500000000001,134,15044.0
494036,595.0,100,17139.0
494037,565.0,124,15291.0
494040,9.700000000000001,3,18115.0
494042,975.11,1,12510.0
494045,435.88,1,12510.0
494046,47.4,77,15044.0
494047,473.56,215,13093.0
494048,499.36,236,13093.0
494079,150.31,75,12835.0
494108,858.27,630,17529.0
494110,408.42,263,12549.0
494113,150.0,120,12549.0
494118,305.28,864,12875.0
494119,559.96,136,17739.0
494120,1642.5,150,14156.0
494128,60.300000000000004,24,17740.0
494139,271.2,97,15549.0
494140,117.0,44,14984.0
494141,256.8,336,18252.0
494142,164.95000000000002,35,17978.0
494143,881.2,452,12406.0
494144,1696.06,456,
494145,4.95,1,
494146,152.88,194,14646.0
494147,1918.71,472,
494148,803.76,389,15311.0
494149,321.52,224,16569.0
494150,726.6,52,12980.0
494153,142.35,171,17023.0
494154,384.49,305,17188.0
494156,13.5,2,
494157,463.11,313,13089.0
494159,0.0,19,
494160,368.1,168,18061.0
494161,833.94,198,16019.0
494163,95.19999999999999,32,13433.0
494164,24.45,3,17961.0
494165,235.8,84,15380.0
494166,1923.2,470,
494167,133.51999999999998,32,14867.0
494169,163.4,68,15186.0
494170,484.54,134,12600.0
494206,495.0,300,12939.0
494207,293.35,133,16841.0
494208,137.7,78,17945.0
494209,260.15000000000003,95,14239.0
494210,731.52,192,15299.0
494211,120.7,74,17945.0
494212,677.77,337,15002.0
494213,101.95,92,17945.0
494214,1579.72,818,12623.0
494216,446.1,866,16422.0
494217,308.24,88,16525.0
494218,204.28,77,17841.0
494227,658.95,379,13622.0
494228,285.83,191,14861.0
494229,1218.8,719,16779.0
494230,32.5,6,17961.0
494231,6.6,4,
494232,0.0,14,
494233,1254.56,1301,15093.0
494234,5.0,1,12549.0
494235,643.5,370,14225.0
494236,120.0,96,14241.0
494237,219.89000000000001,114,15550.0
494239,567.04,386,14081.0
494240,665.1,178,16858.0
494241,326.98,182,17165.0
494243,18532.3,7782,18102.0
494244,6711.0,4980,18102.0
494245,23.6,8,
494246,36.25,15,17352.0
494255,0.0,214,
494264,393.07,301,17576.0
494267,363.12,118,14606.0
494268,306.3,160,12649.0
494269,334.99,369,12820.0
494272,321.44,298,15358.0
494274,0.0,20,
494275,534.6,144,15497.0
494276,305.09999999999997,138,17679.0
494277,1335.92,804,14063.0
494278,708.2,372,13162.0
494280,854.35,343,12682.0
494281,317.64,244,13798.0
494327,430.83,165,13576.0
494335,288.85,151,14092.0
494336,332.7,462,14137.0
494338,403.06,234,15311.0
494339,530.34,432,14154.0
494342,177.9,42,14826.0
494343,143.22,53,15456.0
494344,89.32,60,16585.0
494345,374.11,221,15755.0
494348,546.95,1,14156.0
494349,117.80000000000001,64,15015.0
494350,17.45,5,
494351,354.45,1,14277.0
494354,1273.5,587,15513.0
494357,1383.4099999999999,512,12647.0
494359,366.23,260,17962.0
494362,117.28,44,17757.0
494364,748.91,540,14146.0
494373,0.0,12,
494374,0.0,7,
494375,0.0,2,
494376,0.0,1,
494378,3163.8,605,
494379,2300.09,523,
494380,0.0,5,
494381,2774.61,754,
494382,1823.1299999999999,407,
494383,179.7,50,13929.0
494384,381.66,228,16304.0
494385,486.64,296,18268.0
494386,3447.0099999999998,995,
494387,2045.8899999999999,464,
494389,480.47,243,13152.0
494390,520.24,524,18041.0
494391,164.34,172,13787.0
494392,129.09,51,16414.0
494394,274.2,158,15312.0
494395,940.3000000000001,452,14256.0
494416,371.46999999999997,238,17469.0
494419,39.8,4,15903.0
494429,141.6,32,16660.0
494432,1240.0,800,13694.0
494433,244.79999999999998,96,14423.0
494434,302.15,83,18134.0
494435,201.05,72,14590.0
494436,419.65,197,16013.0
494437,222.85,117,14466.0
494439,328.5,110,12931.0
494440,290.72,120,17850.0
494441,182.46,96,13491.0
494442,671.9300000000001,325,12644.0
494443,269.53,89,15898.0
494445,280.82,118,17850.0
494447,354.66,148,17496.0
494450,22.5,5,12346.0
494451,351.42,103,14527.0
494454,127.7,42,15605.0
494455,532.1,176,17850.0
494456,290.63,231,13233.0
494458,15.0,12,14667.0
494459,910.85,371,14667.0
494467,442.93,200,15046.0
494468,343.2,156,13050.0
494469,429.64,284,16210.0
494470,130.8,24,12748.0
494471,1636.17,649,13680.0
494473,859.27,487,17508.0
494475,125.97,75,17377.0
494476,367.68,344,15222.0
494478,975.76,396,14062.0
494479,848.17,516,17032.0
494480,844.6,310,15768.0
494481,532.1,176,17850.0
494482,1106.42,867,13983.0
494483,939.4,202,13562.0
494484,327.19,325,17754.0
494490,498.12,170,17850.0
494495,2336.36,537,
494498,12.600000000000001,6,13360.0
494499,470.22,158,17850.0
494503,485.52000000000004,160,17850.0
494504,93.47,177,17848.0
494505,169.33,75,13711.0
494506,439.62,146,17850.0
494507,274.63,126,15031.0
494508,113.80000000000001,68,16353.0
494509,45.599999999999994,48,16353.0
494510,439.62,146,17850.0
494511,1075.27,479,12431.0
494512,301.6,114,14755.0
494513,45.0,3,12431.0
494514,694.2,224,17850.0
494515,2370.7799999999997,3130,13694.0
494516,306.40000000000003,186,14136.0
494518,330.0,200,16029.0
494529,280.05,165,15738.0
494533,137.1,50,18065.0
494565,0.0,96,
494585,7.1,5,15359.0
494586,244.19,83,18106.0
494587,60.120000000000005,36,18106.0
494588,347.0,174,17681.0
494589,482.8,162,17850.0
494590,2.95,1,12755.0
494591,89.25,16,12789.0
494594,316.25,107,15771.0
494603,193.68,122,16452.0
494605,120.95,13,13821.0
494606,347.34000000000003,230,15607.0
494607,91.5,42,16858.0
494608,521.9,168,17850.0
494609,7.1,4,
494610,0.0,144,
494611,79.19999999999999,48,12649.0
494612,148.15,61,15311.0
494613,361.81,227,14324.0
494614,506.6,166,17850.0
494615,1.25,1,
494616,110.72,84,17364.0
494617,290.0,76,13319.0
494618,230.48,123,17871.0
494619,738.1800000000001,262,12631.0
494620,208.1,156,17227.0
494621,195.2,91,15059.0
494622,54.22,26,12860.0
494623,175.37,75,15393.0
494624,158.9,102,17454.0
494625,203.78,182,17851.0
494627,83.4,68,15224.0
494630,244.2,181,12813.0
494632,306.3,154,15633.0
494634,214.0,253,15489.0
494635,226.49,119,15945.0
494636,224.09,101,16335.0
494637,110.43,59,14451.0
494638,245.82,87,16782.0
494639,975.0,647,14421.0
494640,382.44,423,17801.0
494641,1568.87,515,15413.0
494642,521.9,168,17850.0
494643,1936.74,1955,13694.0
494644,502.59,382,16595.0
494645,242.5,133,16017.0
494646,136.8,68,13907.0
494647,1185.81,508,17920.0
494648,454.90000000000003,150,17850.0
494649,156.32999999999998,75,17969.0
494651,635.6,312,16510.0
494652,560.23,155,14527.0
494653,400.8,328,14420.0
494654,587.52,276,13777.0
494655,240.0,112,17850.0
494656,294.4,120,17850.0
494657,101.3,113,16524.0
494658,134.73,52,13782.0
494659,383.5,138,17850.0
494660,185.8,138,13831.0
494661,150.18,70,13634.0
494662,377.32,314,13004.0
494663,239.84,88,16166.0
494664,443.83000000000004,195,17213.0
494665,474.48,287,16434.0
494666,1232.88,660,13869.0
494667,206.4,48,15223.0
494668,178.0,140,13616.0
494669,146.81,75,15916.0
494670,608.75,363,13178.0
494671,185.7,210,14560.0
494672,151.49,39,14404.0
494673,514.81,325,15311.0
494674,149.01,53,14606.0
494675,29.95,1,
494676,135.65,28,17591.0
494677,202.35000000000002,79,14892.0
494678,3151.0,3160,16684.0
494679,299.49,215,12877.0
494680,263.83,105,17343.0
494681,369.44,166,14441.0
494682,356.61,155,14754.0
494683,226.08,138,15747.0
494684,112.95,51,15795.0
494685,2490.99,484,
494686,206.44,48,15039.0
494687,83.4,12,15039.0
494732,658.73,351,16670.0
494762,181.44,102,17841.0
494768,297.32,474,18057.0
494778,305.44,152,14461.0
494779,205.92000000000002,146,18041.0
494780,838.75,193,14442.0
494781,6.75,1,
494782,3213.7,704,
494783,482.4,272,17581.0
494784,2222.2,531,
494785,370.02,478,17966.0
494786,1385.23,294,
494787,203.48,117,15164.0
494788,11.9,2,17966.0
494789,125.63000000000001,49,14949.0
494790,213.53,93,17048.0
494792,235.89000000000001,147,13173.0
494794,291.5,142,13037.0
494795,189.3,54,13110.0
494797,176.35,54,18036.0
494798,366.35,152,17773.0
494799,443.13,443,16954.0
494803,196.52,108,15005.0
494804,463.0,322,15298.0
494805,7.5,2,18037.0
494807,60.959999999999994,84,15375.0
494808,223.54,120,17231.0
494809,8.5,1,17231.0
494811,250.15,132,14343.0
494813,0.0,48,
494814,3354.23,907,
494815,246.75,127,15697.0
494816,76.74000000000001,58,16867.0
494817,226.62,522,16287.0
494818,80.8,36,15198.0
494819,320.7,74,13074.0
494823,100.8,96,16353.0
494827,332.5,210,15623.0
494836,205.7,114,13462.0
494847,154.83,201,13877.0
494860,211.95,95,12470.0
494866,646.25,636,16253.0
494867,270.8,94,17769.0
494868,1537.31,421,17706.0
494870,663.85,418,15998.0
494871,740.76,340,17706.0
494872,286.43,85,14715.0
494873,715.5,307,12589.0
494874,346.36,220,16087.0
494875,4448.09,3373,17511.0
494876,155.55,45,15465.0
494878,113.28,56,16596.0
494887,196.64999999999998,91,14525.0
494888,45.0,36,16027.0
494889,266.05,136,14472.0
494890,91.15,45,13555.0
494891,1130.22,391,12733.0
494892,8.7,6,12748.0
494893,940.74,348,14156.0
494894,279.0,60,18229.0
494895,724.13,315,13555.0
494896,360.87,221,16156.0
494897,537.78,334,12437.0
494898,122.7,138,14413.0
494899,72.0,4,12437.0
494900,684.48,326,15311.0
494904,310.26,232,13315.0
494905,200.18,232,17245.0
494906,267.61,241,15984.0
494908,152.64000000000001,144,17307.0
494912,1376.46,707,16705.0
494913,170.15,67,17576.0
494914,771.641,538,16705.0
494915,948.44,607,13564.0
494916,171.17,102,17963.0
494917,183.20000000000002,90,14983.0
494918,7986.860000000001,1428,
494919,1352.4,1432,17404.0
494920,35.72,28,13457.0
494921,323.0,36,13397.0
494922,282.33,168,12987.0
494923,0.0,22,
494924,0.0,1,
494930,480.0,1200,13027.0
494931,1135.01,537,17920.0
494946,524.94,348,16727.0
494966,278.16999999999996,123,14680.0
494971,221.32,172,14156.0
494987,777.53,400,18223.0
494989,331.41,119,14556.0
494990,322.29,283,14388.0
494991,211.85,115,17220.0
494993,133.25,93,17220.0
494994,216.0,32,13668.0
494995,301.58,288,17356.0
494996,133.8,44,17794.0
494997,228.96,216,17307.0
495009,171.45999999999998,315,15812.0
495010,181.45,53,15191.0
495011,161.3,108,15191.0
495013,22.94,12,
495016,516.89,382,14649.0
495020,846.46,299,16200.0
495022,9.7,2,16200.0
495027,0.0,1146,
495028,202.35,114,14595.0
495029,255.64000000000001,144,16085.0
495030,772.75,526,13982.0
495031,463.16,180,16933.0
495033,81.75,55,15912.0
495053,101.43,63,17351.0
495055,756.85,1,14911.0
495056,756.85,1,14911.0
495057,282.75,97,14040.0
495058,167.1,98,17875.0
495059,226.89000000000001,136,13756.0
495070,5750.76,1257,
495071,455.0,300,13798.0
495072,833.52,364,14215.0
495073,3590.07,1358,14911.0
495074,108.72,107,16019.0
495075,411.92,208,16019.0
495077,303.8,186,16634.0
495078,157.8,36,14207.0
495079,274.89,205,15095.0
495080,54.95,17,17526.0
495081,0.0,1,
495082,0.0,1,
495083,0.0,1,
495085,303.87,135,12986.0
495089,0.0,2,
495090,537.25,273,14431.0
495102,681.59,538,15547.0
495110,192.13,91,14530.0
495148,523.48,354,16735.0
495149,216.22,130,14320.0
495150,149.0,94,14714.0
495151,101.43,114,15910.0
495152,393.88,250,12978.0
495153,438.05,129,14527.0
495154,130.8,24,12971.0
495158,218.8,118,13527.0
495171,133.15,23,15885.0
495176,413.0,178,13623.0
495177,412.15,310,14064.0
495178,534.7,289,13735.0
495179,260.0,58,12836.0
495182,269.90999999999997,196,15311.0
495183,1210.43,559,15296.0
495184,345.29,72,17841.0
495185,2507.06,776,14439.0
495187,512.5,210,13148.0
495188,588.45,143,13543.0
495189,127.48,92,15682.0
495192,324.9,198,14293.0
495193,227.1,102,14606.0
495194,6989.4,63302,13902.0
495195,368.8,235,13089.0
495196,25.3,18,12748.0
495197,284.2,154,16233.0
495198,373.8,244,14160.0
495200,323.66,158,17320.0
495206,258.09,157,16126.0
495208,11.25,3,18037.0
495215,192.45000000000002,121,15126.0
495224,17.49,17,13413.0
495225,170.71,101,17180.0
495226,212.25,35,17351.0
495227,188.54,118,14713.0
495228,8951.24,6644,14646.0
495229,1222.32,664,14646.0
495230,724.92,598,13192.0
495232,1193.89,597,14156.0
495233,96.0,240,13027.0
495235,1193.89,1,14156.0
495236,812.44,440,17409.0
495237,526.96,452,17160.0
495238,302.06,306,14854.0
495239,4850.93,997,
495240,555.0,300,17949.0
495241,436.3,130,13078.0
495242,13.5,2,17794.0
495243,256.95,101,14209.0
495244,920.95,557,15179.0
495276,1075.3000000000002,146,14063.0
495277,210.05,50,14911.0
495279,597.44,164,14440.0
495280,323.65,193,12708.0
495289,302.4,200,17519.0
495290,299.89,124,15867.0
495291,256.6,178,14274.0
495292,231.54999999999998,83,15465.0
495293,192.51,63,16125.0
495294,238.78000000000003,132,17460.0
495295,22.5,5,12346.0
495300,1120.46,434,12510.0
495302,189.0,90,13694.0
495303,0.0,4,
495304,701.55,394,14156.0
495307,908.14,585,16779.0
495308,20.45,7,15863.0
495310,1807.98,1074,12531.0
495311,212.75,54,17243.0
495312,181.39,171,16822.0
495313,319.38,232,13889.0
495314,115.49,95,17888.0
495316,48.2,8,15581.0
495317,787.35,471,16327.0
495318,80.2,20,15266.0
495322,286.18,142,14640.0
495330,0.0,18,
495331,614.1899999999999,465,17799.0
495333,16.95,1,16158.0
495334,0.0,3,
495335,0.0,7,
495340,979.08,361,14031.0
495342,38.55,13,
495343,2550.86,589,
495344,277.68,340,14837.0
495345,441.26,262,17242.0
495346,137.12,136,12956.0
495347,162.25,61,17920.0
495348,238.89,225,14037.0
495349,315.55,231,15641.0
495350,118.31,85,13693.0
495351,436.35,189,17618.0
495352,143.81,91,17335.0
495353,152.75,70,17780.0
495354,394.6,272,16950.0
495355,379.33,157,12916.0
495356,307.1,38,13036.0
495357,185.06,104,14879.0
495358,924.64,544,13089.0
495359,1018.98,926,16422.0
495360,557.53,342,12703.0
495361,76.4,56,13249.0
495362,932.82,623,15727.0
495363,378.52,146,
495364,106.65,39,15711.0
495365,472.18,193,14701.0
495366,297.63,157,16255.0
495367,321.6,85,14070.0
495369,535.89,308,13527.0
495370,16.439999999999998,12,12748.0
495371,378.71000000000004,127,17675.0
495372,258.89,178,14396.0
495374,308.01,207,17071.0
495375,409.93,123,16523.0
495376,139.65,33,15581.0
495377,475.0,198,14194.0
495378,61.349999999999994,47,14751.0
495379,427.14,185,17611.0
495380,296.68,110,16592.0
495381,397.05,255,13327.0
495382,200.20000000000002,112,14522.0
495383,275.25,153,17141.0
495384,125.34,48,17141.0
495385,257.3,76,13209.0
495386,162.65,67,15696.0
495387,357.88,272,13729.0
495388,364.73,229,15680.0
495389,236.23,78,14044.0
495390,225.5,88,17142.0
495391,340.17,151,16206.0
495392,285.35,73,15434.0
495393,160.10999999999999,154,15483.0
495394,135.0,20,13711.0
495395,323.38,170,14986.0
495396,462.05,173,17584.0
495397,332.55,99,14870.0
495398,518.35,223,14621.0
495399,521.77,381,12949.0
495400,262.95000000000005,81,14540.0
495401,627.77,403,14329.0
495402,302.2,126,15303.0
495404,1432.02,310,14439.0
495405,247.55,95,16125.0
495406,2047.72,327,
495407,350.73,185,13488.0
495408,140.55,33,14735.0
495409,309.02,98,17810.0
495414,80.19,31,14519.0
495415,344.75,99,18199.0
495439,422.70000000000005,144,13477.0
495443,511.33,260,
495456,312.1,174,13313.0
495467,1051.92,500,13001.0
495487,772.87,581,15311.0
495488,627.4300000000001,194,14911.0
495501,345.25,148,15719.0
495503,342.42,218,15858.0
495504,607.82,335,16795.0
495505,215.7,46,17419.0
495506,46.5,10,14421.0
495507,536.85,343,14514.0
495508,1025.46,510,13141.0
495509,454.74,206,16004.0
495510,183.93,81,17841.0
495512,616.1800000000001,490,16700.0
495514,144.65,70,13564.0
495524,19.95,5,17961.0
495526,379.13,279,14628.0
495527,180.45000000000002,51,15611.0
495529,445.34,221,17610.0
495530,730.9399999999999,200,15768.0
495531,163.86,89,14606.0
495533,215.46,50,14376.0
495534,305.34,478,14032.0
495535,43.78,7,
495536,204.60000000000002,89,12857.0
495537,56.53,7,
495538,29.439999999999998,5,
495539,60.379999999999995,16,
495540,77.50999999999999,11,
495541,107.36,15,
495542,68.15,12,
495543,91.4,17,
495544,452.6,52,14538.0
495545,93.64,11,
495546,818.01,743,13206.0
495547,235.5,138,18061.0
495548,13.2,8,18061.0
495549,387.74,256,17218.0
495551,155.45,58,17085.0
495574,1460.37,246,
495575,505.13,254,13650.0
495576,302.55,187,15259.0
495577,301.8,290,13767.0
495578,267.21999999999997,214,13971.0
495580,132.2,116,17681.0
495581,441.23,314,12468.0
495583,45.599999999999994,4,
495584,229.59,130,16719.0
495588,0.0,164,
495590,0.0,80,
495591,18570.88,12832,14646.0
495592,0.0,10,
495593,0.0,80,
495595,0.0,219,
495596,0.0,3,
495597,0.0,2,
495598,0.0,2,
495599,0.0,2,
495600,0.0,2,
495601,0.0,5,
495602,0.0,2,
495603,0.0,2,
495604,0.0,5,
495605,455.02,226,12471.0
495606,0.0,1,
495607,0.0,1,
495608,0.0,1,
495609,54.0,3,12471.0
495610,0.0,1,
495611,0.0,1,
495612,0.0,1,
495613,0.0,1,
495614,0.0,20,
495615,0.0,1,
495616,0.0,1,
495617,0.0,35,
495618,0.0,1,
495619,0.0,2,
495620,0.0,1,
495621,0.0,1,
495623,0.0,1,
495633,133.01,55,15039.0
495634,221.5,86,15046.0
495676,388.24,256,17700.0
495677,220.6,200,14211.0
495678,374.35,222,15218.0
495680,556.66,253,15950.0
495681,495.72,312,15805.0
495682,389.86,211,15002.0
495683,140.95,139,16742.0
495684,34.78,18,17536.0
495686,621.35,209,15044.0
495687,76.52000000000001,32,12439.0
495688,352.29,169,14527.0
495689,565.15,411,14680.0
495698,207.85000000000002,116,
495699,1834.14,1046,12709.0
495700,20.4,24,12709.0
495701,13.05,22,
495702,125.30000000000001,6,12839.0
495703,261.88,167,15518.0
495704,0.0,30,
495706,361.71,193,15003.0
495707,296.4,242,14478.0
495708,453.38,201,16481.0
495709,15.120000000000001,8,
495710,630.79,463,13459.0
495711,532.82,310,13097.0
495712,781.52,392,16281.0
495713,177.0,52,17075.0
495715,114.28,37,13610.0
495716,593.66,322,12905.0
495717,2.9,2,
495718,227.82,79,16791.0
495719,109.19999999999999,45,12361.0
495720,430.3,237,17059.0
495721,216.04,79,15845.0
495722,301.53999999999996,286,17050.0
495724,108.84,80,17726.0
495725,533.44,424,12681.0
495726,346.3,96,13514.0
495727,201.60000000000002,84,15766.0
495728,9.95,1,
495731,239.09,159,15959.0
495732,96.46,1,
495733,68.34,1,14911.0
495734,205.82,1,14911.0
495735,201.56,1,12745.0
495736,21.0,1,12606.0
495742,63.24,1,12404.0
495745,56.73,1,12466.0
495746,273.85,109,15959.0
495747,129.23,1,12555.0
495748,117.72,1,16291.0
495750,132.79,1,14156.0
495752,130.56,1,
495753,178.31,1,14653.0
495754,15.58,1,12846.0
495755,342.8,1,14413.0
495756,39.67,1,14912.0
495758,274.2,1,14911.0
495760,64.13,1,14156.0
495763,107.14,1,16047.0
495765,29.95,1,15959.0
495766,84.58,1,12709.0
495773,4.57,1,12600.0
495776,49.35,1,17940.0
495777,179.45,1,14156.0
495780,16.33,1,17867.0
495781,15.36,1,
495782,139.71,1,14156.0
495783,48.96,1,14380.0
495784,11.31,1,14156.0
495788,11.9,1,14156.0
495791,243.63,1,14079.0
495792,114.89,1,17672.0
495794,41.09,1,12471.0
495795,27.82,1,15702.0
495798,5117.03,1,
495799,81.61,1,13327.0
495801,77.52,1,12570.0
495802,387.54,1,12748.0
495804,1975.97,323,
495805,966.77,183,
495806,478.9,304,15073.0
495807,184.3,42,13698.0
495808,188.44,80,16051.0
495809,324.5,330,14365.0
495810,492.4,248,12873.0
495811,304.1,285,15222.0
495812,345.71999999999997,202,18051.0
495815,595.95,569,12549.0
495818,148.63,167,14299.0
495819,158.4,151,14299.0
495854,348.61,139,15695.0
495857,0.0,5,
495860,0.0,70,
495875,398.16,160,16550.0
495880,1019.9999999999999,400,18008.0
495882,332.03999999999996,188,13941.0
495883,366.28,240,15798.0
495884,148.85,99,14551.0
495885,337.66999999999996,144,12869.0
495886,103.45,33,14577.0
495887,106.05000000000001,31,17797.0
495889,157.08,118,17604.0
495893,0.0,21,
495898,231.85,103,16713.0
495906,4385.71,4872,13694.0
495907,602.3,310,13694.0
495908,854.8,1640,15389.0
495909,104.95,21,16430.0
495910,198.84,90,15911.0
495912,548.34,432,13590.0
495913,394.6,228,13048.0
495915,300.68,228,15797.0
495916,346.95,307,12921.0
495917,533.72,244,12921.0
495918,15.9,2,15885.0
495919,823.15,287,16320.0
495920,758.7,369,15808.0
495921,357.59,239,15311.0
495925,320.83,209,17861.0
495926,8.8,5,
495927,15.45,5,
495928,1072.4,560,14258.0
495929,321.08,262,15485.0
495935,251.68,94,13468.0
495936,1356.63,587,17865.0
495937,363.1,264,13798.0
495938,582.3,242,13798.0
495939,168.54999999999998,127,13101.0
495940,201.20000000000002,84,18016.0
495941,151.95,39,14167.0
495942,67.6,32,15549.0
495945,1025.87,673,13758.0
495946,110.5,22,14279.0
495947,563.65,433,12484.0
495949,151.87,53,14606.0
495950,15.9,2,12843.0
495951,1476.73,264,
495952,1824.6200000000001,288,
495953,1619.98,290,
495954,911.4399999999999,436,14828.0
495955,449.97,267,14625.0
495956,654.0,120,17809.0
495957,303.9,334,17695.0
495958,138.18,117,17982.0
495960,586.88,288,14952.0
495962,305.7,290,14465.0
495963,489.31,272,13448.0
495993,155.86,69,14672.0
495994,428.8,379,15563.0
495995,37.05,19,13694.0
496002,317.64,253,16746.0
496003,113.19,69,16905.0
496004,227.22,72,13820.0
496007,490.39,419,15203.0
496008,1034.67,627,14911.0
496010,186.82,74,17841.0
496011,46.08,72,12989.0
496012,553.06,378,16779.0
496013,665.24,362,16366.0
496014,76.32000000000001,72,14613.0
496017,258.82,49,16326.0
496018,495.83,129,
496019,75.2,22,12835.0
496020,37.2,8,12835.0
496022,3.38,2,12835.0
496023,131.9,42,15602.0
496024,873.44,408,13089.0
496032,366.56,232,
496033,240.33,155,12872.0
496042,286.15000000000003,109,17646.0
496047,842.82,430,14831.0
496054,463.21999999999997,452,15544.0
496056,81.6,32,14558.0
496057,422.7,210,16137.0
496058,846.8100000000001,279,17115.0
496059,20.0,1,16535.0
496060,630.32,270,18194.0
496061,318.98,270,15738.0
496062,808.15,359,13615.0
496063,392.82,330,15137.0
496064,39.65,27,
496065,110.88,90,17768.0
496066,346.56,192,13831.0
496067,76.32000000000001,72,17768.0
496068,176.7,70,12931.0
496069,517.16,406,13093.0
496070,306.3,70,18259.0
496072,571.84,446,15615.0
496073,795.68,444,13174.0
496074,272.45,135,17612.0
496075,121.1,40,13174.0
496076,0.0,72,
496077,0.0,52,
496078,0.0,1,
496080,0.0,260,
496081,171.32999999999998,177,17905.0
496082,0.0,3,
496083,5.1,2,17905.0
496085,124.1,42,14702.0
496086,413.75,252,15861.0
496088,301.40000000000003,423,13557.0
496089,676.5,452,17465.0
496090,32.15,5,
496092,430.2,164,13085.0
496093,909.5,520,12949.0
496094,311.24,280,15192.0
496095,96.5,13,12484.0
496096,777.9,266,18225.0
496097,360.0,500,17949.0
496099,529.0,220,16029.0
496103,18.75,15,15359.0
496107,10.600000000000001,10,15359.0
496110,15.9,15,15359.0
496112,18.75,15,15359.0
496113,10.5,10,15359.0
496115,8985.6,1,17949.0
496130,421.45,183,14469.0
496155,305.4,238,16027.0
496166,490.2,188,13085.0
496167,368.55,240,14560.0
496168,214.2,116,15311.0
496169,0.0,60,
496170,5.0,4,15311.0
496171,199.29999999999998,14,13851.0
496172,92.16,144,12989.0
496173,208.57,70,14796.0
496174,231.32,144,15487.0
496198,497.93,340,15785.0
496200,493.94,202,13480.0
496201,307.66,118,15898.0
496203,2.5,1,15898.0
496204,869.88,836,15251.0
496205,416.5,70,12823.0
496216,323.5,232,16802.0
496217,345.44,109,13267.0
496220,509.12,248,15421.0
496221,276.07,104,17191.0
496222,664.001,372,13583.0
496230,10.5,5,16434.0
496232,327.95,260,14249.0
496233,171.13,95,16673.0
496235,411.97,267,14099.0
496236,75.9,34,18190.0
496237,2646.4,1547,17677.0
496238,72.6,12,15611.0
496239,41.150000000000006,11,
496245,193.8,56,16390.0
496246,0.0,18,
496247,1258.75,378,
496248,0.0,3,
496249,0.0,3,
496250,0.0,3,
496251,0.0,2,
496252,0.0,2,
496253,0.0,1,
496288,777.1600000000001,318,17603.0
496290,1643.94,297,
496291,339.3,65,16104.0
496292,180.98,54,13259.0
496293,487.77000000000004,187,14068.0
496294,227.95000000000002,142,17243.0
496296,129.75,21,13542.0
496297,319.55,161,14896.0
496298,284.05,163,
496299,694.5,410,16705.0
496300,151.32,165,17412.0
496301,696.45,408,16718.0
496302,125.69999999999999,96,15943.0
496303,528.98,252,16923.0
496304,508.27,120,14532.0
496305,304.47,157,14110.0
496306,310.39,231,16955.0
496307,95.9,34,17314.0
496308,943.8199999999999,604,17625.0
496309,732.2,373,13093.0
496310,110.82,132,15420.0
496311,214.95,21,13190.0
496313,214.07,353,15013.0
496315,127.06,138,12748.0
496316,579.6,96,15588.0
496317,315.67,178,17137.0
496318,82.7,68,17137.0
496319,128.0,56,15751.0
496321,246.92,106,16014.0
496322,401.32,333,14481.0
496323,115.2,72,14820.0
496324,307.8,151,15385.0
496325,320.26,304,12490.0
496326,301.70000000000005,101,12483.0
496327,229.76999999999998,281,13443.0
496329,91.14,82,13392.0
496330,302.08,630,14306.0
496331,482.67,438,13897.0
496332,15.95,1,
496333,277.93,148,15338.0
496334,1026.3799999999999,550,14911.0
496335,298.3,66,18212.0
496336,21.27,6,
496337,161.39000000000001,118,17372.0
496338,283.8,80,17230.0
496339,309.09,135,16655.0
496340,1755.74,802,12668.0
496341,1610.19,867,17107.0
496342,286.34,236,17176.0
496343,386.19,277,13478.0
496344,106.67999999999999,100,14637.0
496345,129.75,45,15317.0
496346,4.17,4,
496347,13.05,4,
496348,281.05,113,15022.0
496349,435.32,228,14739.0
496351,257.05,79,14370.0
496352,8.8,4,
496354,159.66,98,12810.0
496355,730.0799999999999,432,16684.0
496356,528.24,222,14047.0
496357,436.04,249,12540.0
496359,56.0,2,12540.0
496361,101.15,76,17969.0
496363,347.33,197,12800.0
496365,30.59,5,
496366,29.35,6,
496367,55.4,11,
496368,103.46000000000001,17,
496369,100.99,16,
496370,388.88,228,13510.0
496371,73.97,16,
496372,37.78,8,
496373,549.3,308,12711.0
496374,138.3,40,13259.0
496381,274.9,98,12647.0
496399,389.03000000000003,223,15416.0
496400,452.9,430,17365.0
496407,188.15,57,15527.0
496412,325.44,96,16087.0
496425,282.76,60,13511.0
496426,35.400000000000006,12,17888.0
496427,289.49,89,17841.0
496428,218.39999999999998,156,17949.0
496429,246.75,43,14527.0
496430,111.82000000000001,32,17362.0
496431,179.2,130,16415.0
496434,275.76,249,17884.0
496436,205.3,105,14667.0
496438,129.76,244,17884.0
496439,56.0,2,12800.0
496440,39.0,60,15512.0
496441,241.1,131,17377.0
496442,45.2,16,14821.0
496443,793.92,543,13156.0
496444,293.02,74,15311.0
496445,759.1,439,13206.0
496446,217.71,101,17211.0
496459,355.44,168,17361.0
496460,28.15,55,17361.0
496461,312.16,144,18231.0
496462,310.14,106,13628.0
496463,818.19,605,15480.0
496464,452.4,344,18064.0
496465,708.7,294,15555.0
496466,15.9,2,15555.0
496467,818.19,1,15480.0
496469,113.4,84,16353.0
496470,294.62,175,14540.0
496471,231.55999999999997,106,17905.0
496473,342.25100000000003,150,17350.0
496474,206.15,117,13173.0
496475,300.4,208,15369.0
496476,44.25,15,14821.0
496477,35.04,36,15564.0
496479,0.0,70,
496480,603.8,180,15803.0
496486,166.31,130,15882.0
496487,1636.02,342,
496488,155.2,70,14606.0
496489,0.0,1,
496490,1100.94,247,
496491,117.22,42,16888.0
496493,1.3,2,13584.0
496496,1.3,2,15222.0
496500,179.97,81,16830.0
496502,1023.6,508,17146.0
496503,288.95,157,13319.0
496504,337.5,166,13319.0
496505,364.5,148,13916.0
496506,352.13,241,15279.0
496507,176.1,70,18175.0
496509,141.24,84,17163.0
496510,740.43,446,14016.0
496512,411.11,186,16300.0
496513,737.22,230,13162.0
496514,360.58,246,17377.0
496516,594.75,355,14680.0
496517,550.8,286,13767.0
496518,270.06,201,13854.0
496519,304.35,196,17581.0
496520,1444.42,674,15311.0
496528,674.4,312,15061.0
496529,208.0,58,12848.0
496530,623.78,270,13538.0
496534,777.4,460,17876.0
496551,543.91,577,13975.0
496564,608.5,490,14911.0
496577,524.6,200,13078.0
496578,365.16,440,12748.0
496579,208.43,101,12748.0
496580,63.15,17,15898.0
496581,207.83,105,12748.0
496582,50.94,36,12748.0
496584,608.5,1,14911.0
496585,5.9,2,
496587,94.67,80,15550.0
496588,366.20000000000005,158,17675.0
496589,583.08,464,17675.0
496590,37.5,10,17675.0
496591,439.85,159,
496592,849.86,360,17920.0
496593,3.35,2,
496594,1332.34,382,
496595,307.55,146,13042.0
496596,199.55,6,
496597,1399.92,1144,16843.0
496609,287.26,156,17092.0
496611,1861.0800000000002,679,16067.0
496612,907.4,236,15061.0
496613,664.8000000000001,144,15270.0
496614,501.96000000000004,216,15270.0
496615,1380.3,263,
496616,714.21,309,12682.0
496617,266.5,88,12805.0
496618,17.0,20,12510.0
496620,0.0,2,
496622,0.0,1,
496623,598.91,245,15497.0
496624,411.66,292,15321.0
496625,595.58,344,14051.0
496626,1045.45,563,13599.0
496627,87.0,12,14867.0
496628,219.41000000000003,103,16755.0
496629,20.4,24,12647.0
496631,385.2,171,14146.0
496632,0.0,10,
496633,0.0,15,
496634,0.0,7,
496635,0.0,2,
496636,0.0,1,
496637,0.0,1,
496638,0.0,12,
496640,0.0,3,
496641,328.0,90,15091.0
496642,237.9,146,15091.0
496643,1143.421,643,13408.0
496644,109.63,60,15003.0
496651,499.6,201,13553.0
496652,112.2,8,16928.0
496662,195.55,54,13757.0
496665,509.46,469,17311.0
496675,107.75,101,16840.0
496677,99.78999999999999,45,16081.0
496679,5.9,2,
496680,0.0,4,
496681,5.5,2,
496682,0.0,1,
496690,453.45,190,14399.0
496703,931.43,591,12396.0
496704,652.65,345,16709.0
496705,294.17,255,15448.0
496706,710.65,413,15874.0
496710,112.5,37,18101.0
496719,0.0,2,
496725,100.24,39,13619.0
496728,346.75,129,14709.0
496729,0.0,23,
496730,485.5,402,16834.0
496733,0.0,1,
496737,294.65000000000003,117,17690.0
496745,306.1,343,16722.0
496750,150.0,104,12840.0
496768,307.74,313,14327.0
496770,191.02,132,15015.0
496771,349.25,236,14545.0
496772,315.0,431,16945.0
496773,684.58,400,15023.0
496774,300.3,170,13562.0
496775,360.3,54,13562.0
496783,0.0,2,
496792,105.0,84,16353.0
496800,1664.59,433,
496801,1128.35,216,
496802,704.5500000000001,376,14038.0
496803,41.300000000000004,14,15591.0
496804,7.2,2,
496816,221.69,97,14497.0
496817,299.86,128,13468.0
496818,231.4,203,15732.0
496820,7.5,2,
496821,450.38,309,13875.0
496822,606.3,662,13107.0
496829,965.78,358,14607.0
496850,286.41999999999996,172,17406.0
496851,437.52,153,15768.0
496862,125.65,42,16891.0
496863,585.03,306,16771.0
496864,437.90000000000003,208,12373.0
496865,64.5,42,16583.0
496866,233.45,107,15046.0
496867,625.0,500,13953.0
496868,127.15,35,14590.0
496869,662.4,326,16779.0
496870,112.5,30,17281.0
496871,460.39,270,16383.0
496872,251.74,223,14648.0
496873,78.5,18,14040.0
496876,68.25,24,16412.0
496877,488.88,648,13783.0
496881,164.83,58,17841.0
496882,659.43,361,15167.0
496888,0.0,1,
496891,0.0,2,
496900,1728.58,837,17138.0
496904,389.25,180,16986.0
496907,475.3,260,16986.0
496911,311.43,203,12500.0
496912,475.3,260,16986.0
496913,399.75,185,16986.0
496914,90.0,5,12500.0
496915,701.51,231,15856.0
496916,51.0,1,12490.0
496917,327.4,229,14151.0
496918,376.95,167,16986.0
496919,475.3,260,16986.0
496920,209.89000000000001,97,17309.0
496921,423.56,283,14081.0
496925,47.65,7,14081.0
496926,453.25,325,17965.0
496927,164.95000000000002,56,17293.0
496928,152.17,65,16266.0
496929,399.72,196,16569.0
496930,311.14,226,17873.0
496931,325.12,158,15365.0
496932,365.45000000000005,171,17873.0
496933,243.65,159,13491.0
496934,105.53,55,14861.0
496935,104.7,86,17328.0
496942,0.0,9,
496944,129.88,61,14606.0
496945,1042.88,680,15061.0
496946,283.43,191,14307.0
496947,829.13,324,14030.0
496948,313.67,161,15810.0
496949,150.35,67,13874.0
496959,318.0,300,17949.0
496961,228.1,82,17231.0
496962,318.0,300,17949.0
496963,60.48,144,17949.0
496970,0.0,3,
496972,312.74,112,15031.0
496973,269.37,135,18267.0
496974,1138.84,988,14298.0
496975,228.57999999999998,158,12712.0
496976,124.45,37,12500.0
496977,532.9300000000001,217,13823.0
496978,372.15,237,15326.0
496979,1263.85,221,
496980,300.5,108,17157.0
496981,247.2,112,15482.0
496982,97.95,29,17969.0
496987,497.16,288,14607.0
496990,1328.77,771,14607.0
496994,1653.76,1296,13694.0
496996,315.6,80,18087.0
497000,118.10000000000001,41,13234.0
497002,413.0,292,12853.0
497004,376.0,80,15291.0
497005,234.0,120,13009.0
497006,674.64,420,16147.0
497007,130.75,44,15465.0
497011,0.0,2,
497012,0.0,8,
497025,119.37,123,15311.0
497027,982.26,391,13658.0
497029,354.87,319,13141.0
497030,458.42,242,18102.0
497031,113.38,70,12835.0
497033,302.46000000000004,222,18170.0
497035,542.31,394,16704.0
497036,258.7,234,15738.0
497039,102.84,1,13758.0
497043,466.19,235,15784.0
497056,387.02,168,14682.0
497073,88.98,50,16168.0
497084,171.62,114,18168.0
497100,33.66,374,14298.0
497101,0.0,29,
497106,37.07,37,17961.0
497124,617.34,232,13564.0
497152,109.0,28,15660.0
497157,5206.5,1190,18102.0
497163,15.0,12,16550.0
497166,1160.01,232,
497169,0.0,15,
497192,0.0,32,
497195,54.300000000000004,51,13700.0
497196,301.25,99,15712.0
497197,368.27,239,16714.0
497198,99.69,103,15580.0
497200,110.27000000000001,54,13984.0
497201,987.64,569,12681.0
497202,212.78,88,15059.0
497203,481.15999999999997,216,14546.0
497204,298.99,185,15422.0
497205,268.1,36,17841.0
497207,197.96,96,14454.0
497208,351.99,102,15584.0
497209,412.36,253,16788.0
497210,191.7,87,12402.0
497211,181.6,66,16225.0
497212,309.7,192,18051.0
497213,349.31,243,14735.0
497214,123.10000000000001,76,14562.0
497215,310.44,192,13648.0
497216,398.76,189,14685.0
497217,7497.64,5116,14156.0
497218,196.20000000000002,43,12644.0
497219,388.8,192,16656.0
497220,2.91,7,
497221,281.02,128,17550.0
497222,106.75,39,16082.0
497223,261.0,154,16212.0
497225,304.32000000000005,1008,16422.0
497226,288.5,129,13394.0
497227,1690.32,1234,13798.0
497228,341.78000000000003,270,13004.0
497229,312.59,213,17342.0
497230,328.75,253,17504.0
497232,19.950000000000003,9,
497233,438.03,259,14227.0
497234,344.18,106,17230.0
497235,426.87,254,18223.0
497236,147.0,126,18061.0
497237,216.95000000000002,81,13497.0
497238,748.98,427,12472.0
497240,217.8,124,16161.0
497242,163.8,98,16351.0
497244,2.95,1,15015.0
497247,113.0,32,15015.0
497249,183.55,105,14560.0
497250,129.96,32,14590.0
497251,611.54,546,13870.0
497252,404.91,389,15601.0
497253,297.64,82,14527.0
497254,166.9,73,16246.0
497255,503.9,462,
497256,604.1,238,13417.0
497257,307.85,113,13304.0
497258,202.45,43,13834.0
497259,120.6,72,14884.0
497261,154.38,104,16710.0
497263,85.67999999999999,48,17965.0
497264,113.78,47,15967.0
497265,314.1,86,18070.0
497266,144.07999999999998,42,15867.0
497267,283.79,184,16078.0
497269,135.4,111,15339.0
497270,503.9,1,
497271,503.9,462,
497272,327.33,303,17160.0
497274,311.75,79,16781.0
497284,313.35,149,17514.0
497288,24.65,29,
497312,399.59,245,17294.0
497315,6.300000000000001,4,
497317,21.8,6,
497334,99.89999999999999,18,17647.0
497335,98.69999999999999,34,17647.0
497336,558.9,214,12524.0
497337,365.1,127,14911.0
497339,365.1,1,14911.0
497340,168.8,75,12665.0
497341,419.6,380,13819.0
497342,142.9,22,15311.0
497345,29.1,14,17319.0
497346,259.15,265,16551.0
497347,542.66,267,17774.0
497348,197.7,126,13965.0
497349,68.19999999999999,52,17294.0
497351,128.2,46,15892.0
497353,1718.75,337,
497354,998.4,225,
497355,0.0,1,
497356,4.95,1,
497357,84.46,37,
497358,156.62,67,14606.0
497359,134.9,110,13119.0
497360,1885.61,1532,12437.0
497362,1701.66,822,14160.0
497363,562.96,172,12370.0
497364,651.41,345,13131.0
497365,53.28,144,14609.0
497366,157.20000000000002,56,18268.0
497367,279.5,99,17742.0
497368,112.4,42,17577.0
497369,668.15,405,16746.0
497370,93.35000000000001,43,15082.0
497371,368.15,184,12471.0
497372,64.14,20,17810.0
497373,119.85,58,16748.0
497374,373.65,227,12645.0
497376,324.3,172,12683.0
497377,534.26,436,12490.0
497378,742.38,418,13089.0
497379,124.78,76,15039.0
497380,548.9,166,17083.0
497382,632.02,390,14680.0
497383,274.44,182,12621.0
497384,892.72,365,12647.0
497385,236.6,142,13293.0
497386,125.06,38,15953.0
497387,209.1,138,16344.0
497388,93.47,43,15003.0
497389,54.75,39,15359.0
497390,373.1,154,17731.0
497391,405.4,294,12523.0
497392,213.05,82,13993.0
497393,275.41,89,13976.0
497394,242.94,143,12681.0
497395,179.68,92,18231.0
497396,117.0,60,13242.0
497397,154.91,127,17631.0
497398,126.69,122,16436.0
497399,250.95,53,16103.0
497400,214.18,153,16419.0
497401,224.35,172,13985.0
497402,1460.7,822,16873.0
497403,548.1700000000001,275,14422.0
497404,153.75,81,12663.0
497405,187.95,49,14735.0
497406,89.03999999999999,31,
497414,3.75,1,
497433,105.0,84,16353.0
497473,445.68,213,13156.0
497475,48.349999999999994,17,16530.0
497485,66.06,246,14460.0
497486,291.86,222,16841.0
497488,27.25,11,13700.0
497489,266.84000000000003,204,17841.0
497493,1127.77,230,
497494,448.05,119,13092.0
497495,424.71999999999997,496,12932.0
497496,87.4,41,12483.0
497497,301.2,176,18058.0
497498,332.40000000000003,144,13777.0
497499,988.04,448,15176.0
497500,192.42000000000002,130,13767.0
497501,124.77,43,14606.0
497504,215.14999999999998,68,14593.0
497506,151.55,57,14593.0
497508,85.5,38,16768.0
497509,275.8,32,13164.0
497510,55.5,46,12776.0
497511,101.39999999999999,108,16742.0
497512,439.77,277,17201.0
497514,4.95,1,
497517,283.98,138,13813.0
497518,199.04000000000002,54,15312.0
497519,195.39999999999998,78,15311.0
497521,143.01,74,17780.0
497522,50.8,12,17780.0
497523,171.7,72,17575.0
497525,103.77,57,13442.0
497572,89.32000000000001,38,12747.0
497574,297.66,176,14739.0
497583,190.1,87,12951.0
497584,4.1499999999999995,3,
497588,132.94,56,17377.0
497589,0.95,1,17377.0
497590,2205.7,464,
497591,1244.9,227,
497592,1402.43,773,17139.0
497593,158.7,163,12474.0
497594,477.68,306,13520.0
497596,380.0,142,16577.0
497597,310.29,163,15628.0
497600,183.69,109,17085.0
497601,225.60000000000002,49,12670.0
497602,370.63,335,15765.0
497603,522.28,232,12567.0
497604,213.4,120,17696.0
497605,6.35,1,17961.0
497606,351.99,147,12682.0
497607,6.35,1,17961.0
497608,236.61,79,13468.0
497609,117.80000000000001,52,14115.0
497610,6.35,1,17961.0
497612,131.78,37,12523.0
497615,286.55,81,14527.0
497618,368.3,103,15044.0
497619,276.15,146,14451.0
497620,67.34,32,12835.0
497622,534.96,700,16525.0
497623,390.85,65,14072.0
497624,114.88,40,16992.0
497625,311.87,173,15738.0
497627,8.0,4,
497628,230.62,99,15005.0
497629,307.25,159,14301.0
497630,268.14,62,17243.0
497632,416.2,244,16918.0
497636,636.9,486,17685.0
497644,245.48999999999998,99,16125.0
497652,41.300000000000004,14,16918.0
497662,190.7,75,12677.0
497670,15.0,12,15874.0
497677,306.0,288,13696.0
497678,79.9,2,14190.0
497680,280.51,67,15244.0
497681,365.76,96,13288.0
497682,152.39999999999998,24,13551.0
497683,324.82,158,16839.0
497684,193.71,245,14401.0
497685,0.0,2,
497686,0.0,1,
497687,0.0,4,
497688,0.0,1,
497689,0.0,1,
497690,334.7,84,15291.0
497691,578.45,190,14040.0
497692,401.94,734,15807.0
497696,220.99,271,18041.0
497700,0.0,56,
497706,402.75,115,16978.0
497711,21.8,4,16978.0
497712,10.4,4,
497715,102.00000000000001,300,15061.0
497716,660.0,400,13629.0
497717,0.0,6,
497725,0.0,76,
497729,0.0,4,
497732,179.37,79,13291.0
497733,63.5,10,13199.0
497734,15.0,12,13199.0
497735,471.84000000000003,624,16553.0
497736,102.0,24,16553.0
497738,175.95999999999998,118,17675.0
497739,204.49,89,14606.0
497740,738.86,794,13815.0
497741,304.3,188,15755.0
497742,484.44,188,16029.0
497743,150.39000000000001,43,16895.0
497786,310.7,114,16858.0
497787,247.5,178,15293.0
497788,329.23,71,18065.0
497791,393.74,197,16713.0
497792,3.35,2,
497794,147.71,45,15504.0
497795,935.8299999999999,653,16954.0
497796,407.15,253,15633.0
497797,1.95,1,
497798,493.66,156,12695.0
497799,216.60000000000002,108,13223.0
497802,576.0,1440,13027.0
497807,399.29999999999995,722,12971.0
497808,420.97999999999996,363,17226.0
497809,404.55,129,17547.0
497812,679.34,340,14415.0
497815,0.0,192,
497816,136.92,182,15278.0
497817,120.8,100,15278.0
497819,0.0,5,14103.0
497839,231.35999999999999,152,17954.0
497840,334.5,158,15288.0
497841,6.35,1,
497842,377.62,318,12976.0
497843,0.0,5,14827.0
497844,283.85,129,17258.0
497846,25.0,20,17955.0
497848,0.0,60,
497853,0.0,20,
497855,0.0,17,
497865,0.0,171,
497866,0.0,19,
497873,1639.8,324,
497874,198.18,76,15527.0
497875,271.0,200,17029.0
497876,304.65,158,13050.0
497879,662.25,425,12422.0
497880,254.92000000000002,92,16560.0
497881,432.24,408,15372.0
497882,100.0,1,12748.0
497883,541.19,241,13446.0
497884,685.3,258,16608.0
497885,736.44,494,15093.0
497887,184.34,160,14341.0
497888,130.5,65,14341.0
497889,345.21,167,17230.0
497890,174.95,31,17108.0
497891,336.27,322,15561.0
497892,167.0,42,13542.0
497893,143.05,64,15965.0
497894,762.69,363,15425.0
497895,237.6,144,12989.0
497896,261.6,48,12989.0
497897,545.9,106,15538.0
497898,218.53,185,18077.0
497899,237.42,234,16136.0
497901,278.29,121,12872.0
497902,252.0,90,15795.0
497903,214.38,268,15795.0
497905,568.3,276,13587.0
497906,881.86,918,14156.0
497907,394.25,115,14970.0
497908,1.55,1,14970.0
497909,435.09,149,15272.0
497910,404.66,198,15260.0
497911,204.95,53,17285.0
497912,699.93,624,12867.0
497913,1585.18,1434,16713.0
497914,174.79999999999998,104,13421.0
497915,131.35,115,13421.0
497916,842.84,509,17340.0
497917,506.59,270,13421.0
497918,339.1,154,17841.0
497919,341.23,187,16838.0
497920,269.21000000000004,93,15964.0
497921,749.08,580,14869.0
497922,352.5,228,14909.0
497923,304.38,151,18179.0
497924,13.39,3,
497925,107.62,46,14943.0
497926,762.48,326,12426.0
497928,102.30000000000001,98,16225.0
497929,356.65000000000003,147,14302.0
497931,1709.0,548,14258.0
497932,712.39,288,12391.0
497933,463.67999999999995,480,16422.0
497934,129.05,19,16905.0
497935,1486.0610000000001,677,13408.0
497936,45.0,36,15359.0
497937,2805.0,1700,15769.0
497939,348.38,175,17091.0
497941,897.0,600,14282.0
497942,128.28,60,14238.0
497943,1381.95,549,13225.0
497944,339.84000000000003,192,13225.0
497945,0.0,270,
497946,16973.1,83774,13902.0
497947,1508.65,616,12380.0
497948,1009.9399999999999,629,13081.0
497949,1331.22,1086,16327.0
497950,89.69999999999999,6,16027.0
497952,1508.65,1,12380.0
497953,51.43,33,16330.0
497954,332.87,182,16225.0
497955,1038.8,116,14543.0
497956,231.68,256,17136.0
497957,59.400000000000006,12,15371.0
497958,1100.72,428,14680.0
497959,171.60000000000002,72,16544.0
497963,255.42,86,14527.0
497966,47.400000000000006,12,16544.0
497969,47.400000000000006,12,16544.0
497983,517.12,191,16860.0
497988,142.82,66,
498012,541.8000000000001,147,17241.0
498013,169.72,241,15311.0
498014,442.8,241,15805.0
498015,517.57,358,17442.0
498017,8.5,1,
498018,239.14000000000001,76,12835.0
498019,1456.3700000000001,1305,13089.0
498020,62.7,10,13089.0
498021,129.34,134,14911.0
498022,63.5,10,13089.0
498024,0.0,128,
498025,181.24,36,15640.0
498026,571.87,393,15640.0
498027,623.9300000000001,315,17644.0
498028,108.2,36,15323.0
498029,59.92,8,17662.0
498035,1083.01,341,18172.0
498037,404.76,142,13802.0
498041,205.14,134,16098.0
498042,169.69,91,14369.0
498043,178.43,117,16359.0
498044,342.4,200,14989.0
498045,931.72,524,16584.0
498046,186.1,152,15051.0
498047,962.99,591,13381.0
498048,194.3,73,14606.0
498049,1384.02,922,13407.0
498052,1677.42,1304,17404.0
498053,159.68,40,17171.0
498054,68.6,8,16158.0
498055,430.85,347,14669.0
498058,0.0,30,
498059,0.0,3,
498060,201.81,133,17287.0
498064,0.0,3,
498068,0.0,115,
498070,207.15,130,14669.0
498078,345.99,93,14320.0
498079,0.0,10,
498080,0.0,30,
498087,0.0,1,
498088,0.0,1,
498089,393.14000000000004,208,13397.0
498090,48.8,6,17287.0
498091,745.47,355,14639.0
498093,393.24,396,15372.0
498094,197.70000000000002,214,17778.0
498095,553.28,445,16940.0
498096,340.35,122,12836.0
498097,774.6,668,16525.0
498098,171.25,125,17789.0
498099,196.6,199,14466.0
498100,215.5,208,15325.0
498101,413.67,321,12960.0
498102,242.52,204,15372.0
498103,310.98,271,15680.0
498104,881.12,444,13503.0
498105,1348.08,1320,15372.0
498106,164.09,75,14525.0
498107,525.0,254,15078.0
498108,179.68,92,13468.0
498110,3.75,3,13503.0
498112,469.51,219,12972.0
498114,3019.35,1787,15311.0
498116,366.0,189,14113.0
498117,19.049999999999997,3,
498118,394.42,254,16701.0
498119,356.5,74,13078.0
498120,400.8,144,13089.0
498121,199.70000000000002,28,17351.0
498123,276.44,183,16409.0
498124,357.39,199,17931.0
498125,190.95000000000002,73,13842.0
498126,79.32,114,13842.0
498127,93.87,85,13842.0
498128,139.35000000000002,98,16911.0
498130,177.88000000000002,78,15662.0
498131,313.55,77,17342.0
498132,354.7,212,16774.0
498133,4367.3,765,
498134,1089.07,199,
498135,454.35,299,14911.0
498136,194.74,26,13728.0
498137,107.7,70,14465.0
498138,470.9,278,14944.0
498139,672.1,303,14944.0
498141,421.03000000000003,190,13659.0
498142,306.48,188,17364.0
498143,596.48,415,13901.0
498145,543.1,248,14156.0
498149,427.0,145,18285.0
498150,28.200000000000003,14,
498152,2836.7999999999997,9456,13902.0
498153,147.64000000000001,44,14198.0
498154,334.84000000000003,136,14732.0
498155,100.5,18,14732.0
498156,164.35,76,17888.0
498157,366.41999999999996,814,14244.0
498158,480.09000000000003,305,15002.0
498159,253.60000000000002,108,17646.0
498160,144.44,84,15911.0
498161,3157.06,2250,15251.0
498162,223.2,224,17560.0
498163,2947.1,1893,17511.0
498164,468.0,194,13613.0
498205,307.89,235,14276.0
498213,968.78,814,18092.0
498215,18.0,8,
498216,170.2,41,17377.0
498217,521.96,316,17426.0
498221,236.86,59,17075.0
498222,194.63,217,14584.0
498223,176.87,34,16447.0
498224,119.45,64,17757.0
498236,377.8,658,15061.0
498238,406.67,138,15768.0
498240,549.5,414,12921.0
498249,2329.48,814,14911.0
498254,80.96,128,14911.0
498256,366.83,401,16553.0
498260,528.05,354,13317.0
498261,859.32,429,16938.0
498269,15.0,1,16928.0
498270,301.91999999999996,372,18218.0
498276,398.1,890,16422.0
498277,11.3,6,
498281,408.5,84,17739.0
498283,595.0,85,17858.0
498284,365.90000000000003,298,13798.0
498288,201.42,99,17576.0
498290,610.5600000000001,576,17858.0
498291,118.2,20,14322.0
498292,51.0,6,14495.0
498294,301.78999999999996,292,14890.0
498300,303.98,146,17157.0
498301,673.12,392,13767.0
498303,19.5,10,15640.0
498305,240.75,87,15827.0
498307,59.699999999999996,6,14560.0
498325,532.41,499,15544.0
498326,91.4,32,13773.0
498328,275.04,480,15586.0
498336,169.55,77,12993.0
498338,448.01,207,13020.0
498340,443.52,178,16143.0
498341,1.25,1,17961.0
498343,210.07000000000002,102,12600.0
498345,293.45,155,13431.0
498346,312.96,131,16563.0
498347,131.42000000000002,27,16713.0
498348,371.40000000000003,242,18172.0
498349,533.36,160,14967.0
498350,299.52,117,14085.0
498351,164.70000000000002,152,13206.0
498352,143.57,91,12898.0
498353,443.06,196,12949.0
498354,230.51,77,14527.0
498355,129.11,65,14239.0
498357,166.13,77,17841.0
498359,454.4,92,14040.0
498360,166.07,163,12748.0
498361,326.55,181,13394.0
498362,1910.96,606,14952.0
498363,304.0,120,14952.0
498364,319.88,262,16170.0
498365,383.55,295,13579.0
498366,301.31,325,14152.0
498378,485.67,342,18178.0
498379,938.6700000000001,428,13680.0
498380,21.0,50,12891.0
498381,18.05,7,17763.0
498383,37.5,30,15693.0
498389,351.27,122,14606.0
498391,12.899999999999999,2,
498393,0.0,4200,
498395,9695.16,5864,14646.0
498396,1474.1000000000001,642,14646.0
498397,307.21000000000004,107,17721.0
498398,3788.34,2114,14646.0
498399,170.68,64,12747.0
498400,136.93,106,15005.0
498401,311.21000000000004,183,17469.0
498403,246.22,200,18153.0
498416,307.3,262,14783.0
498418,360.38,232,18257.0
498421,158.45,54,18008.0
498429,387.51,225,15306.0
498430,378.46,342,15615.0
498431,1038.09,489,14031.0
498432,102.2,76,16487.0
498433,826.0,411,13001.0
498434,2160.72,1062,13952.0
498435,257.19,167,14686.0
498436,45.73,43,14686.0
498437,408.0,160,17941.0
498438,162.18,261,13333.0
498439,276.65,69,14285.0
498440,6412.0,1400,18102.0
498441,1860.44,495,
498442,266.21,197,13004.0
498443,1337.2,296,
498444,1585.45,334,
498445,407.94,318,16656.0
498446,1564.28,868,13093.0
498447,619.86,2970,16467.0
498448,102.84,48,13957.0
498457,40.32,96,17949.0
498463,304.61,145,13769.0
498473,210.0,100,12931.0
498485,161.82,24,
498486,123.32999999999998,23,
498487,86.91999999999999,18,
498488,53.05,8,
498489,41.17,12,
498490,96.06,14,
498491,123.85,15,
498492,118.44,19,
498493,124.45,22,
498494,57.25,10,
498495,22.8,3,
498496,37.06,6,
498497,64.13,9,
498498,159.17,28,
498499,132.99,17,
498500,52.97,10,
498501,64.6,19,
498502,72.46,11,
498504,612.5,450,12931.0
498505,40.32,96,17949.0
498507,546.5999999999999,204,16029.0
498508,590.91,409,16574.0
498510,250.92000000000002,84,13929.0
498511,717.62,242,13604.0
498513,897.0300000000001,530,17145.0
498515,131.95,31,15465.0
498516,331.12,76,18231.0
498517,896.73,366,15808.0
498518,343.82,177,15867.0
498519,159.9,62,16393.0
498521,613.78,535,17139.0
498522,127.34,58,13662.0
498523,10.2,4,
498524,173.13,131,13662.0
498525,410.86,196,13552.0
498526,322.1,104,13552.0
498527,34.92,28,17816.0
498528,138.8,83,15311.0
498542,9.75,5,
498543,5.05,3,17961.0
498545,164.69,115,13191.0
498547,96.9,49,18283.0
498548,958.11,361,17400.0
498549,1897.46,347,
498550,202.56,132,12416.0
498552,148.4,96,17243.0
498553,105.31,99,15013.0
498554,311.9,204,13761.0
498555,263.24,210,14878.0
498558,60.6,132,14878.0
498559,127.2,120,14878.0
498560,358.2,156,16335.0
498561,268.8,133,15988.0
498562,564.8910000000001,192,15182.0
498564,311.84000000000003,163,14505.0
498565,298.5,100,16485.0
498566,342.04,173,16912.0
498567,205.98,116,16693.0
498568,89.28,48,14239.0
498569,986.8,314,14911.0
498570,153.95,68,15059.0
498571,192.58,66,15774.0
498573,192.76,64,14606.0
498574,527.2,338,15498.0
498575,173.88,390,14560.0
498577,110.9,98,16948.0
498578,216.9,93,13980.0
498579,268.86,303,17332.0
498581,160.19,74,13571.0
498584,222.08,58,16200.0
498585,35.4,8,16200.0
498587,293.53,164,15928.0
498588,437.16,281,12945.0
498589,1609.1000000000001,485,14895.0
498590,441.8,194,13044.0
498592,408.29,105,16450.0
498593,205.35999999999999,80,14602.0
498594,347.3,123,16797.0
498596,330.35,117,13152.0
498597,241.84,34,16273.0
498601,179.76,24,13538.0
498610,498.67,381,13393.0
498611,284.75,125,13540.0
498612,84.5,12,13540.0
498613,118.00000000000001,100,12360.0
498614,515.88,268,14849.0
498615,339.18,156,13434.0
498616,38.099999999999994,6,12391.0
498617,164.85,67,12389.0
498618,1632.93,1201,15382.0
498620,0.0,60,
498621,0.0,5,
498622,355.25,85,16985.0
498623,0.0,1,
498624,0.0,1,
498636,273.75,181,14159.0
498642,826.15,438,16057.0
498648,367.6,388,17955.0
498694,237.09,235,13787.0
498696,995.21,532,16619.0
498697,230.4,288,14997.0
498704,290.39,92,17841.0
498705,741.3,410,14680.0
498706,325.74,370,17439.0
498708,249.12,120,13199.0
498709,132.5,250,13217.0
498713,562.98,486,17195.0
498714,13.850000000000001,3,
498715,112.88,50,17081.0
498716,1420.3500000000001,865,15754.0
498717,308.62,151,17259.0
498718,373.48,68,17675.0
498719,278.7,78,13854.0
498720,737.5600000000001,310,15673.0
498721,684.8,369,13178.0
498722,264.3,216,16071.0
498723,3360.0,56,13340.0
498724,2685.54,1882,13340.0
498725,453.54,196,14667.0
498726,319.32,122,13576.0
498727,0.0,5,
498728,950.4899999999999,494,13408.0
498729,1310.3000000000002,798,17829.0
498732,3.49,1,
498734,158.79,156,17610.0
498736,347.2,228,12748.0
498746,299.64,128,13513.0
498747,0.0,96,
498748,0.0,23,
498749,0.0,22,
498750,0.0,7,
498751,0.0,7,
498752,0.0,1,
498753,0.0,3,
498754,0.0,2,
498755,0.0,1,
498756,1110.48,128,12980.0
498757,427.61,170,14030.0
498758,2.5,25,12748.0
498759,881.52,340,14156.0
498762,341.8,306,14081.0
498763,37.900000000000006,8,14030.0
498764,204.58,88,14081.0
498765,34.06,19,12755.0
498766,309.32,290,18051.0
498767,139.8,11,17848.0
498768,759.32,337,12727.0
498769,1036.6399999999999,482,13093.0
498770,454.7,343,17667.0
498774,628.49,455,13330.0
498776,887.4,516,14160.0
498778,654.12,316,14134.0
498779,405.78,190,14134.0
498780,1793.46,701,
498797,430.02,115,15493.0
498817,102.03,85,15732.0
498827,778.6800000000001,232,13798.0
498832,172.15,52,17377.0
498836,5.1,2,12647.0
498844,80.7,12,15611.0
498849,98.6,30,15967.0
498850,637.4399999999999,696,16416.0
498851,359.05,175,13319.0
498852,17.0,2,13319.0
498853,850.0,468,16779.0
498865,0.0,5,
498875,0.0,25,
498877,560.97,245,13052.0
498878,116.5,82,14726.0
498879,289.6,129,17519.0
498880,267.45,23,14558.0
498881,0.0,90,
498884,371.56,308,12820.0
498886,207.04,139,15295.0
498890,611.42,241,12682.0
498893,392.20000000000005,146,14755.0
498899,562.6,233,13772.0
498900,295.64,411,15241.0
498901,218.81,235,15311.0
498902,213.0,132,16843.0
498903,1033.55,667,14112.0
498904,2.95,1,
498905,605.91,316,12854.0
498906,154.25,25,13490.0
498907,298.55,146,12472.0
498908,222.53,145,13287.0
498909,288.99,153,14092.0
498910,4010.08,2116,14091.0
498911,246.54999999999998,283,16702.0
498912,91.08000000000001,36,12748.0
498913,552.05,375,16553.0
498914,389.28000000000003,160,15955.0
498917,14.75,3,
498918,238.09,93,15607.0
498919,78.45,11,14681.0
498921,1006.2900000000001,451,14911.0
498923,262.18,130,17028.0
498924,228.96,36,
498925,369.0,180,13694.0
498926,523.5,654,13694.0
498927,277.12,216,15290.0
498928,4168.98,3676,13694.0
498929,186.05,83,16388.0
498931,2087.68,2224,12482.0
498934,899.0,156,
498935,892.65,394,14911.0
498936,1087.52,1232,12482.0
498939,1087.52,1232,12482.0
498940,0.0,347,
498941,0.0,28,
498942,0.0,1,
498943,1087.52,1232,12482.0
498944,92.49000000000001,47,17377.0
498945,1087.52,1232,12482.0
498964,393.05,205,15984.0
498997,239.89999999999998,106,12835.0
498999,203.95000000000002,78,16406.0
499004,300.2,331,12998.0
499009,675.74,602,17511.0
499010,706.35,339,15439.0
499011,704.4,349,14284.0
499012,42.5,5,15439.0
499013,284.11,293,12909.0
499014,317.8,44,15291.0
499020,467.19,88,14527.0
499023,115.4,76,15984.0
499025,40.8,48,15984.0
499029,725.76,1008,17949.0
499030,572.75,343,15523.0
499031,247.45,95,14541.0
499032,304.36,288,13590.0
499033,1022.6,304,15144.0
499035,220.19,131,13982.0
499036,664.92,220,17850.0
499038,654.82,132,15768.0
499039,1112.2,640,14646.0
499043,35.0,14,17763.0
499044,108.44,16,15659.0
499045,18.1,8,17763.0
499056,352.821,297,13765.0
499057,365.93,105,15898.0
499058,104.4,12,17027.0
499059,292.5,150,12939.0
499061,303.65,77,15058.0
499062,116.8,23,14590.0
499063,1.65,1,
499064,153.72,32,13110.0
499065,323.55,83,16208.0
499066,317.29,377,16742.0
499067,1834.8400000000001,1028,14911.0
499069,200.43,153,13944.0
499070,82.4,52,13469.0
499071,504.35,260,14535.0
499072,96.66,30,13104.0
499073,1542.82,320,
499122,192.14,147,13756.0
499123,150.57,71,14556.0
499134,0.0,140,
499155,117.22,73,17358.0
499163,172.85,121,15514.0
499164,262.32,102,17460.0
499165,597.76,400,15321.0
499166,162.0,141,15321.0
499167,1132.8000000000002,384,16029.0
499168,746.9,246,16029.0
499169,190.8,180,17949.0
499170,4376.25,2851,16118.0
499171,330.65999999999997,342,14006.0
499172,121.23,37,15465.0
499173,228.23000000000002,99,18268.0
499174,323.38,178,16471.0
499175,112.65,19,14867.0
499176,5710.32,3736,16684.0
499177,15.55,5,12835.0
499218,309.6,113,12647.0
499219,182.88,48,13288.0
499220,153.5,57,14606.0
499221,115.25,47,14740.0
499222,105.1,72,15573.0
499223,592.05,266,12583.0
499225,252.26,161,18009.0
499226,313.24,98,13148.0
499227,287.51,132,15719.0
499228,335.58,501,17863.0
499229,349.0,185,16746.0
499230,122.59,99,12748.0
499231,801.8199999999999,450,15674.0
499232,1176.32,643,13334.0
499234,869.5600000000001,318,13771.0
499235,211.3,58,17675.0
499236,143.56,57,13240.0
499237,986.64,398,13735.0
499238,285.6,240,14402.0
499239,160.81,113,17200.0
499240,4.25,1,17200.0
499241,0.0,16,
499242,413.08,160,17850.0
499244,11.739999999999998,10,13240.0
499245,373.5,282,12931.0
499246,2011.51,298,
499247,137.64,100,17841.0
499248,1537.43,1149,14298.0
499249,296.94,190,14298.0
499250,89.17,109,15311.0
499254,315.59999999999997,224,13408.0
499255,125.4,52,13408.0
499261,126.43,51,17726.0
499262,311.52,248,13269.0
499263,100.08,240,13269.0
499264,467.54,350,18041.0
499266,8.25,5,17032.0
499267,2320.03,669,13935.0
499269,263.23,150,16677.0
499270,220.01000000000002,50,12500.0
499272,567.5,297,17032.0
499273,502.2,232,17534.0
499274,199.25,81,14898.0
499275,393.96000000000004,349,13652.0
499276,295.38,322,15456.0
499279,19.5,6,14732.0
499284,936.28,506,14770.0
499285,292.62,233,17207.0
499294,99.64999999999999,89,17323.0
499295,168.48,63,17883.0
499297,5158.4,3168,18102.0
499298,4122.0,900,18102.0
499299,2448.0,2880,18102.0
499300,214.07999999999998,72,18102.0
499302,478.58000000000004,144,18223.0
499303,648.0,344,13089.0
499304,30.599999999999998,36,13089.0
499305,22.95,11,
499306,332.52,378,17011.0
499307,316.59,351,15366.0
499308,359.65999999999997,322,14329.0
499312,134.03,37,15124.0
499313,365.33000000000004,97,16631.0
499314,1568.67,262,
499326,244.36999999999998,117,13598.0
499327,24.0,4,13598.0
499352,48.1,26,12748.0
499377,230.34,85,14177.0
499378,463.0,295,15998.0
499379,242.14999999999998,123,14177.0
499381,62.79,15,16913.0
499382,69.09,35,14646.0
499383,247.68,132,16913.0
499384,335.0,220,13753.0
499386,109.59,109,12854.0
499387,766.59,313,14680.0
499388,705.0,400,14646.0
499398,339.96,240,15309.0
499399,3537.821,1543,14459.0
499400,311.3,158,13889.0
499401,145.0,100,14646.0
499402,268.05,169,14667.0
499403,128.55,33,13727.0
499404,432.06,170,17850.0
499405,707.8100000000001,509,14739.0
499407,0.0,2472,
499408,1.27,2,
499409,0.0,524,
499411,364.1,163,13999.0
499422,2311.42,346,
499450,177.98000000000002,118,14522.0
499451,153.0,12,17848.0
499452,126.25,59,17243.0
499453,255.05,178,14466.0
499454,279.2,122,12708.0
499455,368.4,216,15477.0
499456,131.4,76,17819.0
499457,259.2,145,15569.0
499458,398.16,376,13941.0
499459,159.78,64,15149.0
499460,164.05,61,15149.0
499461,179.41,203,15013.0
499463,464.94,160,13564.0
499464,202.03,48,17150.0
499465,349.64,176,14807.0
499466,208.93,167,17050.0
499467,189.63,44,18046.0
499468,248.0,52,13542.0
499469,679.9200000000001,624,13762.0
499470,45.0,8,12484.0
499471,141.54,80,17760.0
499472,221.4,65,14507.0
499473,245.97,133,16950.0
499474,693.16,422,15421.0
499475,191.85,89,15990.0
499476,101.4,26,17969.0
499477,145.59,87,15943.0
499478,410.48,173,15664.0
499479,421.35,237,13883.0
499480,132.95,15,15953.0
499481,658.5,258,16843.0
499482,523.05,202,12471.0
499483,175.24,260,13413.0
499484,196.20000000000002,36,17929.0
499485,166.1,88,16939.0
499486,1422.78,762,15061.0
499487,199.5,138,13561.0
499488,633.45,175,17858.0
499490,294.82,84,18106.0
499491,299.76,216,14064.0
499494,854.02,471,16283.0
499495,211.9,18,17372.0
499496,163.7,90,17373.0
499497,271.61,104,14396.0
499498,102.22,45,14396.0
499499,315.74,129,17211.0
499500,669.01,208,13044.0
499502,250.49,111,14044.0
499503,236.96,50,14068.0
499504,420.75,33,17848.0
499505,202.72,87,14606.0
499506,456.20000000000005,212,15031.0
499507,222.5,113,17209.0
499508,345.59000000000003,383,18069.0
499509,34.0,40,18069.0
499510,187.37,107,14798.0
499511,347.50000000000006,121,16717.0
499512,499.88,125,16202.0
499513,118.68,68,14949.0
499515,30.0,24,16202.0
499516,318.86,194,12779.0
499517,629.39,362,12598.0
499519,61.199999999999996,72,13694.0
499520,796.4,352,13694.0
499521,2377.38,2184,13694.0
499522,0.0,36,
499523,1945.8,1726,13694.0
499524,1943.52,6456,13694.0
499525,132.0,1200,13694.0
499526,124.85,19,17241.0
499527,399.55,85,14870.0
499528,240.9,144,17865.0
499529,177.12,127,13010.0
499532,379.7,226,15219.0
499533,136.07999999999998,70,17362.0
499534,254.99999999999997,100,16013.0
499535,364.35,57,14527.0
499542,168.22,105,14131.0
499549,214.48,81,18231.0
499576,106.66,78,13948.0
499596,300.15,151,16511.0
499597,353.72,176,16037.0
499601,605.4,325,13018.0
499604,213.3,87,13018.0
499609,0.0,20,
499612,0.0,7,
499613,0.0,60,
499614,0.0,30,
499616,0.0,46,
499618,0.0,24,
499619,2135.46,1006,17305.0
499623,200.43,54,17377.0
499624,669.71,365,17593.0
499625,595.62,315,17965.0
499628,95.12,96,16521.0
499629,40.32,32,17324.0
499630,76.5,6,16273.0
499631,438.8,209,12540.0
499632,312.2,124,14401.0
499633,319.08000000000004,172,15311.0
499635,384.0,960,13027.0
499636,302.9,106,13050.0
499637,313.1,106,12989.0
499638,1848.54,260,
499639,164.13,69,16519.0
499640,335.68,72,15291.0
499641,153.06,78,17841.0
499650,217.86,42,13993.0
499656,156.6,76,17359.0
499657,78.99,66,14896.0
499659,170.3,124,16731.0
499660,305.04,200,13798.0
499661,0.0,2,
499662,0.0,1,
499663,272.45,37,14755.0
499664,1189.34,810,14257.0
499665,474.71,361,13979.0
499666,0.0,288,
499667,0.0,43,
499668,0.0,3,
499669,0.0,1,
499670,0.0,1,
499671,0.0,1,
499672,0.0,1,
499673,0.0,1,
499674,40.0,32,15603.0
499675,397.84000000000003,136,17241.0
499676,389.78,392,17116.0
499677,141.24,264,13911.0
499678,136.15,56,17222.0
499679,257.2,148,13995.0
499680,49.95,1,17330.0
499681,1626.4,616,12731.0
499682,344.1,116,12623.0
499683,1464.28,642,16705.0
499684,122.04,36,16705.0
499685,1562.94,1782,14646.0
499686,174.1,134,13202.0
499687,121.35,41,13468.0
499689,134.7,66,17905.0
499691,313.41,153,16296.0
499692,659.34,235,16946.0
499752,731.72,112,17477.0
499754,345.96,136,17850.0
499755,0.0,8,
499756,354.49,243,13797.0
499757,189.45,58,17377.0
499758,167.76,62,15003.0
499759,464.85,293,13126.0
499760,309.6,108,13777.0
499761,164.10000000000002,96,12972.0
499762,105.55,59,14818.0
499763,27.05,5,12346.0
499764,32.53,41,17372.0
499765,2734.43,501,
499768,248.76,210,13173.0
499769,1518.8,552,13694.0
499770,106.54,66,15927.0
499771,98.82,28,18283.0
499772,443.98,395,16960.0
499773,312.0,120,16954.0
499775,68.28,228,17011.0
499777,566.4300000000001,285,12525.0
499778,341.73,161,16177.0
499779,311.70000000000005,94,16103.0
499780,633.6800000000001,191,12809.0
499781,644.25,315,13327.0
499782,234.0,120,17638.0
499784,426.0,333,15367.0
499785,301.9,92,15606.0
499788,339.46,162,16159.0
499789,2544.2000000000003,1279,15311.0
499792,1.95,1,
499795,111.44999999999999,93,14895.0
499797,599.3,198,13473.0
499798,325.2,148,16523.0
499799,53.2,40,14867.0
499800,105.6,68,14867.0
499801,392.70000000000005,74,17850.0
499806,0.0,24,
499807,0.0,4,
499839,0.0,5,
499840,0.0,7,
499844,0.0,40,
499849,221.74,86,12926.0
499850,456.95,264,13593.0
499853,278.48,102,16520.0
499858,1979.96,376,
499859,7.15,3,17961.0
499860,0.0,1,
499861,0.0,1,
499863,0.0,1,
499864,23.8,4,13593.0
499865,0.0,2,
499866,228.82999999999998,125,17576.0
499873,96.0,52,13793.0
499874,737.4300000000001,370,16556.0
499875,363.48,144,17850.0
499876,541.9,98,17850.0
499877,303.0,100,18087.0
499878,7720.6,4940,14156.0
499879,305.8,123,15224.0
499880,545.45,291,13663.0
499881,473.09,221,12645.0
499882,392.70000000000005,74,17850.0
499883,508.33,304,16947.0
499884,326.70000000000005,94,14440.0
499886,136.5,70,16099.0
499887,124.05000000000001,51,15039.0
499890,256.93,89,14606.0
499891,604.0,104,14051.0
499893,112.85000000000001,63,18148.0
499894,274.77,92,14593.0
499895,130.53,70,14593.0
499897,1730.74,2467,14298.0
499899,159.3,58,13820.0
499900,344.57,274,14194.0
499912,599.57,387,15179.0
499914,335.05,131,13097.0
499918,563.65,253,13097.0
499919,537.01,205,14911.0
499921,991.62,1197,14911.0
499922,129.11,97,14911.0
499939,316.86,226,17020.0
499942,149.55,17,13873.0
499944,222.57,91,14530.0
499956,155.65,106,15015.0
499958,165.20000000000002,56,14915.0
499959,200.0,1,12380.0
499960,815.79,543,13294.0
499961,1085.01,791,16019.0
499962,208.92000000000002,75,12835.0
499964,154.14,99,12594.0
499965,755.0899999999999,506,16461.0
499966,193.66000000000003,34,17742.0
499967,1311.45,795,16636.0
499968,1647.63,1536,13214.0
499969,664.54,484,13722.0
499970,3.09,6,
499971,268.68,140,17188.0
499972,769.89,495,13680.0
499973,532.29,256,13595.0
499974,113.80000000000001,40,14905.0
499975,159.07,83,16125.0
499977,359.53000000000003,205,14142.0
499979,426.69,75,18152.0
499980,2204.73,343,
499981,128.19,45,15605.0
499982,299.28,154,12681.0
499985,20.32,16,12598.0
499986,176.9,60,16285.0
499988,98.69999999999999,42,13654.0
499989,0.85,1,
499990,306.54,198,13890.0
499991,171.15,65,14156.0
499993,152.85,59,14157.0
499994,108.52,74,15875.0
499995,366.51,245,15544.0
499996,124.45,31,13835.0
499997,758.38,534,15798.0
499998,381.54,241,14156.0
499999,39.95,1,15754.0
500001,286.6,646,15222.0
500007,0.0,156,
500008,394.59,167,12431.0
500009,99.6,72,13249.0
500010,815.32,285,13377.0
500012,620.54,250,17049.0
500014,1449.74,1005,15622.0
500015,327.4,292,17861.0
500017,196.20000000000002,36,14298.0
500018,243.36,158,17930.0
500019,90.0,72,13770.0
500020,349.4,84,15084.0
500021,276.49,145,13044.0
500022,132.0,174,14097.0
500023,564.2,312,18151.0
500024,395.5,204,13879.0
500025,751.8,287,15950.0
500027,0.0,15,
500028,0.0,5,
500029,301.33,552,13266.0
500030,288.5,54,14527.0
500045,97.5,50,16748.0
500064,547.2,348,17663.0
500072,579.75,105,15538.0
500073,356.24,99,13047.0
500083,392.70000000000005,74,17850.0
500091,2332.04,542,
500092,498.63,299,12978.0
500093,183.64000000000001,135,15910.0
500094,324.08,169,15005.0
500096,269.2,24,14560.0
500097,399.9,209,15633.0
500098,704.41,368,16771.0
500099,213.29,209,15358.0
500100,257.77,191,16859.0
500105,231.25,70,17287.0
500108,440.2,566,15358.0
500112,0.0,2,
500113,308.74,1,13097.0
500114,635.0,276,18272.0
500115,40.65,11,17847.0
500116,236.35,137,17577.0
500117,650.76,536,18064.0
500118,955.5,406,14680.0
500119,236.66,260,17905.0
500120,453.08,777,14135.0
500121,202.35,119,12490.0
500122,367.15000000000003,224,14018.0
500123,743.62,371,14911.0
500124,434.55,313,14388.0
500125,437.24,247,14426.0
500126,2985.5,2046,13881.0
500128,128.55,56,13610.0
500129,581.69,183,15768.0
500130,261.3,78,17159.0
500132,513.05,261,15311.0
500133,402.79,170,16329.0
500134,314.57,115,14740.0
500135,576.9,314,16096.0
500141,281.76,272,15601.0
500144,604.33,619,15601.0
500145,363.56,396,14748.0
500146,392.67,205,15030.0
500147,270.05,141,15812.0
500148,431.59,183,17448.0
500149,180.77,101,17931.0
500150,290.05,183,14769.0
500151,53.12,35,17931.0
500153,3.95,1,17931.0
500155,7.5,6,17931.0
500157,320.88,171,12371.0
500158,286.8,81,12371.0
500159,218.88,107,14159.0
500160,411.79,125,14841.0
500161,394.35,98,12647.0
500162,299.83,191,17718.0
500163,205.98,219,12399.0
500165,478.5,160,13280.0
500166,328.72,394,15203.0
500167,70.0,48,12568.0
500168,240.8,78,13476.0
500169,1211.76,893,12497.0
500170,421.45,103,18226.0
500171,73.60000000000001,56,14037.0
500172,807.12,418,18102.0
500173,5525.28,3672,18102.0
500174,302.52,264,12839.0
500175,750.28,2594,14156.0
500176,334.06,217,12437.0
500177,214.6,170,16742.0
500181,203.2,63,14957.0
500183,522.73,259,17508.0
500198,721.46,550,13037.0
500205,23.4,12,13037.0
500220,237.95000000000002,100,14896.0
500223,204.34,258,14186.0
500232,2640.0,1600,15769.0
500233,181.32,73,13544.0
500234,397.01,151,17841.0
500235,317.5,50,12823.0
500236,332.8,175,16746.0
500237,478.54,261,12417.0
500238,116.5,66,15827.0
500239,188.1,50,13515.0
500240,192.6,150,18061.0
500241,310.8,144,16156.0
500246,53.4,54,17707.0
500247,300.05,141,14136.0
500248,0.0,72,
500249,27.36,72,14156.0
500250,50.0,16,15094.0
500251,89.55000000000001,25,14681.0
500252,80.30000000000001,118,15607.0
500253,18.85,3,
500254,315.17,155,13446.0
500255,405.41999999999996,1398,17190.0
500256,396.83,190,14649.0
500257,179.76,84,17006.0
500259,269.0,144,17716.0
500260,156.9,83,15795.0
500261,15.25,2,18037.0
500262,295.05,187,15630.0
500263,96.08,14,
500264,79.53,7,
500265,115.53,14,
500266,15.24,2,
500267,599.12,365,15978.0
500268,186.07999999999998,31,
500269,85.26,9,
500270,124.05000000000001,13,
500271,104.25,47,15732.0
500272,147.05,21,
500273,159.08,23,
500274,152.82,22,
500275,170.52,18,
500276,143.54999999999998,21,
500277,150.99,22,
500278,269.3,160,14852.0
500279,251.19,25,
500280,220.21,44,
500281,21.95,3,
500282,594.0,120,15929.0
500283,2.1,1,
500284,10.04,10,
500285,40.1,18,17961.0
500286,8.850000000000001,3,
500287,157.74,134,14852.0
500288,7.22,6,
500289,330.0,200,14045.0
500290,0.0,54,
500292,187.44,120,16620.0
500293,638.5600000000001,227,13174.0
500294,425.3,194,14233.0
500296,12.120000000000001,3,12748.0
500297,378.3,66,13799.0
500298,8.9,2,
500299,264.27,87,14085.0
500300,621.15,219,15482.0
500301,164.05,75,17365.0
500302,337.74,156,14110.0
500303,477.1,72,16331.0
500304,120.35,25,14172.0
500306,316.75,336,13201.0
500310,309.29999999999995,130,15270.0
500311,451.88,247,16923.0
500312,296.21,181,17448.0
500313,94.5,14,17769.0
500315,280.75,1,
500316,176.07999999999998,156,13508.0
500317,110.0,11,
500318,388.35,189,17675.0
500320,666.4399999999999,490,16271.0
500322,371.01,102,16798.0
500323,487.75,163,13958.0
500324,398.78,270,15443.0
500325,232.65,267,14205.0
500326,206.7,97,14877.0
500327,203.37,127,17913.0
500328,317.88,128,18253.0
500329,566.25,296,13764.0
500330,231.79000000000002,61,17236.0
500331,369.99,543,13764.0
500332,253.4,117,17085.0
500333,442.59,249,16735.0
500334,315.28,188,12872.0
500335,240.62,99,14606.0
500336,602.16,658,17589.0
500337,321.7,136,17734.0
500338,384.43,115,13276.0
500339,337.56,324,13557.0
500340,152.75,70,13561.0
500341,472.76,256,16466.0
500342,9.3,6,13561.0
500343,357.0,224,12530.0
500344,353.14,354,17448.0
500346,114.6,36,17969.0
500347,596.67,525,15631.0
500348,5.25,25,
500349,102.13,29,15751.0
500350,7.5,1,15751.0
500351,308.7,25,
500353,1966.84,1114,12668.0
500354,250.02,266,13026.0
500355,433.77,253,18029.0
500356,1739.14,685,16984.0
500357,190.38,97,16310.0
500358,635.9,168,16534.0
500359,299.44,164,14369.0
500360,298.5,174,17158.0
500361,7.5,2,17961.0
500362,343.45,222,17449.0
500363,8.5,2,
500364,15.9,2,
500365,6.300000000000001,3,
500366,35.55,5,
500367,348.32,209,12369.0
500368,553.7,346,14493.0
500369,314.6,119,14628.0
500370,296.25,241,17063.0
500371,80.62,32,15847.0
500372,122.02000000000001,234,17298.0
500373,307.33,183,15791.0
500374,147.0,101,12765.0
500375,373.5,238,17682.0
500376,703.1999999999999,337,12524.0
500377,204.05,117,17454.0
500378,304.32,220,14404.0
500379,337.74,104,12359.0
500380,214.82999999999998,55,12825.0
500381,387.24,165,13148.0
500382,224.94,204,16351.0
500383,456.85,133,12986.0
500384,50.400000000000006,24,17740.0
500385,514.48,148,14290.0
500386,308.4,216,14160.0
500389,2133.16,780,16029.0
500399,101.89999999999999,102,17325.0
500400,2394.0,980,16754.0
500425,343.35,93,13798.0
500428,193.2,132,13157.0
500448,468.0,650,17857.0
500449,158.3,185,17542.0
500450,651.18,182,16013.0
500451,127.49999999999999,50,16013.0
500452,339.36,360,16422.0
500453,11.8,4,17542.0
500454,1095.0,460,15538.0
500455,580.08,400,12514.0
500456,232.64000000000001,116,13497.0
500457,10.9,2,17960.0
500458,78.0,40,16628.0
500459,309.26,180,13004.0
500460,313.20000000000005,48,18170.0
500461,2101.69,295,
500462,3144.0299999999997,632,
500472,2362.74,420,
500476,323.02,127,15719.0
500493,47.79,15,17289.0
500495,10.0,1,15078.0
500497,0.0,24,
500498,1334.27,557,17672.0
500499,0.0,3,
500500,111.56,36,14173.0
500501,210.00000000000003,107,18219.0
500502,848.7,498,17025.0
500503,332.83,181,15916.0
500504,23.35,59,16537.0
500505,445.44,150,13001.0
500506,339.18,156,14562.0
500508,111.3,72,12932.0
500509,229.53,167,16400.0
500510,336.5,136,17488.0
500511,151.5,85,16681.0
500523,137.70000000000002,132,16287.0
500532,9.95,1,
500533,484.4,136,13473.0
500534,3.8000000000000003,2,
500535,397.07,253,12472.0
500536,2.55,1,17961.0
500537,219.87,198,13454.0
500538,695.84,392,16275.0
500539,477.30000000000007,54,16568.0
500540,106.25999999999999,150,13911.0
500541,310.77000000000004,330,18245.0
500543,0.0,129,
500544,0.0,2,
500545,0.0,11,
500547,0.0,5,
500548,0.0,1,
500549,0.0,1,
500550,0.0,1,
500552,0.0,1,
500553,0.0,1,
500554,0.0,12,
500555,0.0,2,
500556,0.0,2,
500557,0.0,2,
500558,0.0,5,
500559,0.0,2,
500560,0.0,2,
500564,85.19999999999999,48,17002.0
500566,131.16,76,17002.0
500567,1509.6000000000001,1058,13694.0
500568,278.79999999999995,100,13831.0
500571,3.75,1,
500574,693.26,302,17663.0
500575,3022.77,393,
500576,263.73,47,17438.0
500577,166.48000000000002,62,17222.0
500578,60.0,48,15250.0
500579,234.60999999999999,209,13641.0
500580,143.45,41,13643.0
500581,495.0,300,16182.0
500582,400.2,228,12490.0
500583,858.08,546,13178.0
500584,106.05,65,12648.0
500585,124.10000000000001,56,15637.0
500586,187.22,2,
500587,766.94,230,17138.0
500588,61.199999999999996,24,15591.0
500589,79.2,144,16027.0
500590,212.0,200,13013.0
500611,114.73,38,17266.0
500615,166.86,54,17157.0
500616,193.29000000000002,98,15437.0
500638,312.39,109,13854.0
500639,357.4,130,12495.0
500652,100.18,44,15921.0
500653,689.45,253,12682.0
500654,145.0,1,12668.0
500655,1691.16,1116,16525.0
500656,120.97,190,18039.0
500657,0.0,24,
500658,38.86,54,12748.0
500659,400.61,319,16558.0
500660,212.9,30,
500661,16.0,5,17961.0
500662,769.56,444,15838.0
500663,534.6,215,17700.0
500664,215.38,117,17841.0
500672,221.98,51,14527.0
500673,285.68,144,13874.0
500680,0.0,58,
500684,0.0,192,
500685,291.76,1046,17907.0
500693,0.0,216,
500695,1927.44,336,
500696,273.6,50,16208.0
500699,745.94,286,16210.0
500701,178.35999999999999,70,16791.0
500702,343.5,42,16210.0
500703,248.2,171,14147.0
500706,299.40999999999997,439,16701.0
500711,304.4,134,13627.0
500712,1119.48,486,13089.0
500713,283.47,157,17213.0
500715,1290.81,970,16854.0
500716,127.80000000000001,32,13283.0
500717,6.35,1,
500718,475.35,159,15722.0
500719,168.29,133,16707.0
500720,210.89000000000001,70,12747.0
500721,505.73,433,17059.0
500728,273.54,238,16756.0
500730,551.2,258,15078.0
500734,364.79,353,12542.0
500735,0.0,2,
500736,107.76,168,13089.0
500737,401.31,149,13491.0
500739,76.32000000000001,72,13413.0
500741,1108.85,595,15856.0
500744,602.76,166,13078.0
500745,452.96,274,13426.0
500746,352.14,125,13319.0
500747,655.92,696,14676.0
500749,2017.3600000000001,3768,13316.0
500751,3176.34,2239,13081.0
500752,10.3,9,
500753,2.5,2,
500754,249.8,86,12638.0
500773,17.700000000000003,6,16946.0
500778,17.0,2,15309.0
500781,649.22,720,14286.0
500782,572.91,289,13941.0
500784,353.28,578,14286.0
500788,665.38,162,17044.0
500794,321.48,376,14828.0
500827,2163.04,334,
500828,496.55999999999995,1016,13783.0
500829,126.5,34,17377.0
500830,84.2,26,17377.0
500832,1.65,1,17377.0
500834,165.78,112,13484.0
500836,355.86,126,16846.0
500837,113.53,35,14590.0
500838,249.21,69,15898.0
500839,386.0,366,13798.0
500840,70.89,59,13413.0
500843,417.46,503,17348.0
500844,47.75,29,13413.0
500845,41.75,18,13413.0
500853,291.12,223,13566.0
500857,215.46,96,15911.0
500860,194.4,80,17880.0
500861,992.5,496,14680.0
500862,227.7,217,13408.0
500863,720.72,312,13408.0
500864,310.14,114,14924.0
500866,260.4,201,16700.0
500867,50.4,120,14680.0
500868,551.95,223,14156.0
500869,137.75,102,17220.0
500870,85.1,100,
500871,152.09,125,17220.0
500872,441.65,91,13668.0
500873,330.0,200,17029.0
500874,282.6,145,16719.0
500875,176.39999999999998,152,14403.0
500876,474.55,279,15218.0
500878,754.95,307,16258.0
500879,612.7,454,15093.0
500880,359.83,269,15544.0
500881,413.68,295,13305.0
500882,109.6,40,12471.0
500883,274.9,133,12471.0
500884,406.6,163,12483.0
500885,395.7,123,15633.0
500886,202.68,73,15558.0
500889,287.04,198,16611.0
500890,267.21000000000004,86,17338.0
500891,2286.2999999999997,365,
500896,349.68,104,15291.0
500897,0.0,1,
500898,1.65,1,
500899,306.6,325,12976.0
500900,167.75,125,14060.0
500901,365.7,70,13093.0
500902,715.42,351,13093.0
500903,2655.96,2772,18251.0
500904,162.45,83,12954.0
500917,451.68,184,13599.0
500918,2956.62,472,
500919,353.71999999999997,1244,15311.0
500920,105.08,36,13468.0
500921,611.84,350,13659.0
500922,37.75,25,16161.0
500927,0.0,6,
500933,209.99,93,14606.0
500940,219.46,74,14527.0
500941,306.26,46,13823.0
500943,760.38,534,17409.0
500963,304.05,69,15696.0
500964,140.19,65,16387.0
500968,119.75999999999999,68,14942.0
500970,203.7,90,12931.0
500971,588.0,144,12931.0
500973,546.78,361,13418.0
500979,11.9,2,14172.0
500986,124.07,59,17076.0
500995,138.89,158,12924.0
500996,257.55,153,14422.0
500997,335.9,218,15955.0
500998,1609.01,693,12957.0
500999,506.16,333,16933.0
501000,120.4,44,17757.0
501001,129.33,45,14878.0
501002,24.5,6,14878.0
501004,366.69,94,17841.0
501005,296.34,234,17448.0
501006,3425.2599999999998,2158,14646.0
501007,863.25,343,16126.0
501008,281.89,242,17448.0
501009,316.77,135,17448.0
501010,828.6800000000001,349,13715.0
501011,477.74,92,15768.0
501012,0.0,36,
501021,0.0,100,
501022,0.0,100,
501023,0.0,100,
501024,0.0,100,
501025,0.0,100,
501026,0.0,100,
501028,246.1,56,15311.0
501029,122.7,58,16011.0
501030,371.72,300,17448.0
501031,574.11,375,16718.0
501032,0.0,31,
501033,210.5,150,16918.0
501034,335.4,124,14209.0
501035,229.70999999999998,176,14713.0
501037,35.400000000000006,12,14322.0
501038,384.46,216,17448.0
501039,1019.3100000000001,385,13162.0
501042,235.3,112,12523.0
501043,917.5600000000001,442,14911.0
501044,93.23,39,14484.0
501045,415.3,252,14745.0
501046,612.0,144,14646.0
501047,1780.9,662,14646.0
501048,323.35,45,15221.0
501049,5089.72,3608,14646.0
501079,120.0,300,15008.0
501080,2566.29,443,
501082,97.35,41,17065.0
501083,97.35,41,17065.0
501084,148.94,66,13462.0
501085,302.0,190,17289.0
501086,128.06,162,17228.0
501093,402.5,230,17588.0
501098,221.74,102,16347.0
501101,222.5,314,13795.0
501102,615.61,378,15874.0
501103,795.5,400,14824.0
501104,146.4,60,15874.0
501112,0.0,11,
501113,0.0,24,
501114,110.95,36,12692.0
501115,0.0,420,
501116,0.0,39,
501117,322.53000000000003,309,17448.0
501118,405.0,60,15941.0
501119,728.88,328,12435.0
501121,197.28,52,15428.0
501123,604.74,287,15808.0
501124,96.96,48,13824.0
501126,213.01,130,13724.0
501127,638.75,405,18178.0
501128,81.85,42,13573.0
501129,531.87,363,17754.0
501132,986.75,325,14031.0
501133,807.22,334,17920.0
501134,250.4,86,13571.0
501135,328.05,67,16586.0
501136,390.46000000000004,178,15994.0
501137,324.8,72,13802.0
501138,412.16,207,14532.0
501140,115.9,63,16911.0
501141,315.99,222,16255.0
501142,116.85,76,17332.0
501143,493.44,302,13183.0
501144,428.57,215,14161.0
501145,361.34000000000003,164,18149.0
501146,250.82000000000002,96,13634.0
501147,167.73,174,17905.0
501148,1968.98,1424,14646.0
501149,180.4,182,13211.0
501150,116.86,102,13211.0
501151,375.5,130,13688.0
501152,311.7,158,18231.0
501153,591.43,386,15665.0
501154,111.18,18,17849.0
501155,79.9,2,17849.0
501156,39.29,13,12748.0
501157,408.93,256,16686.0
501158,717.23,133,17809.0
501159,221.0,176,13382.0
501160,92.0,51,12703.0
501161,3190.65,472,
501162,0.0,1,
501163,0.0,1,
501164,20.0,1,
501165,0.0,47,
501166,427.98,169,13481.0
501167,267.98,176,17448.0
501168,321.6,156,13883.0
501169,35.519999999999996,2,
501172,110.4,48,12755.0
501175,480.75,1049,13946.0
501176,830.871,544,14857.0
501177,12.600000000000001,6,14857.0
501178,165.0,100,14646.0
501181,279.8,206,14645.0
501182,484.65,507,16186.0
501183,0.0,44,
501186,332.05,60,14527.0
501201,718.68,608,14911.0
501251,216.0,300,17949.0
501256,879.6,498,17949.0
501257,972.0,432,17949.0
501261,153.0,450,17949.0
501263,126.48,372,17949.0
501264,365.43,165,14315.0
501265,178.20000000000002,36,17949.0
501266,362.88,2016,16754.0
501267,391.15,137,17085.0
501268,607.35,289,15251.0
501272,851.16,186,13543.0
501273,274.09000000000003,303,15117.0
501274,85.60000000000001,102,15117.0
501275,227.14,142,14667.0
501276,190.9,52,18135.0
501277,306.98,177,18051.0
501278,187.49,130,17180.0
501279,402.97999999999996,272,13530.0
501280,228.57,103,17841.0
501281,819.24,254,14911.0
501282,371.7,232,14534.0
501284,1182.35,657,12714.0
501285,5.82,26,
501286,0.0,30,
501287,0.0,4,
501289,3.85,5,
501291,469.24,277,14343.0
501292,3.3,2,
501295,169.65,87,18251.0
501296,516.38,177,16242.0
501297,115.16,39,14606.0
501298,180.85,57,17218.0
501299,112.9,46,18008.0
501300,1873.6200000000001,620,14062.0
501301,661.04,304,13786.0
501302,230.54,152,17848.0
501303,807.2,560,14195.0
501304,258.32,102,17231.0
501305,298.9,275,13600.0
501306,2355.16,359,
501307,1436.72,309,
501308,334.08000000000004,116,15227.0
501309,0.0,7,
501316,508.01,293,14669.0
501318,329.5,149,13777.0
501320,456.65999999999997,342,15123.0
501333,500.24,296,12366.0
501335,3.3,2,15719.0
501345,1155.02,570,15946.0
501347,334.45,143,14873.0
501369,269.93,67,17243.0
501385,351.06,147,17238.0
501386,985.44,551,16779.0
501387,228.1,108,17241.0
501403,46.8,24,12483.0
501420,83.52,288,16467.0
501422,152.54999999999998,69,14146.0
501423,146.95,91,14146.0
501425,256.48,130,17774.0
501426,424.74,272,13983.0
501427,140.35,114,14467.0
501430,389.4,332,17679.0
501431,143.85999999999999,88,14604.0
501432,102.0,24,18063.0
501434,754.26,360,14496.0
501437,73.45,38,12703.0
501438,547.3199999999999,363,12701.0
501439,112.8,56,17268.0
501440,1441.32,878,15311.0
501441,1413.33,303,
501442,508.0,147,12835.0
501443,165.63,77,15005.0
501444,1842.88,1040,17716.0
501445,706.2,236,17478.0
501446,344.78000000000003,156,16150.0
501447,303.98,228,14872.0
501449,454.73,123,14210.0
501461,115.03,65,15885.0
501463,123.60000000000001,41,12500.0
501464,205.56,72,12931.0
501469,224.1,72,14399.0
501470,224.22,296,17596.0
501471,305.41,179,15312.0
501472,271.32,252,14465.0
501473,4607.3,3086,17511.0
501474,374.45,275,17568.0
501475,1493.77,286,
501476,266.73,172,15990.0
501477,389.26000000000005,266,17479.0
501478,278.45,126,16945.0
501479,300.6,161,16945.0
501480,864.0,2160,13027.0
501482,422.09,83,13935.0
501483,1448.64,656,16652.0
501484,331.32,211,14911.0
501485,975.0,420,16331.0
501505,304.09000000000003,207,17448.0
501507,107.55,57,14662.0
501508,431.39,273,17448.0
501509,155.64000000000001,40,16891.0
501515,298.44,134,15867.0
501523,818.29,444,13612.0
501524,470.72,433,17690.0
501525,427.20000000000005,1248,16553.0
501526,537.9200000000001,246,16875.0
501527,0.0,6,
501528,746.9399999999999,250,14680.0
501529,198.03,93,16777.0
501530,1607.04,892,13089.0
501531,152.16,176,13089.0
501532,137.11,70,14606.0
501533,320.12,272,13798.0
501534,6866.3,63974,13902.0
501535,146.85,49,18231.0
501537,328.35,153,15194.0
501539,177.36,128,13275.0
501540,236.02,137,16085.0
501541,1225.2,574,13478.0
501542,308.0,196,16004.0
501543,39.12,72,13478.0
501544,292.93,280,18196.0
501545,2917.7599999999998,1396,12709.0
501546,114.69,63,17933.0
501547,169.45,151,17227.0
501548,1460.3600000000001,560,16917.0
501549,59.47,37,
501550,1189.01,594,13371.0
501551,132.73000000000002,61,
501552,381.95,89,14249.0
501553,159.74,116,16254.0
501556,1050.56,720,12921.0
501557,156.51999999999998,81,17075.0
501558,964.51,193,
501561,0.0,36,
501562,19.049999999999997,3,
501563,146.3,62,16510.0
501564,188.57999999999998,80,12748.0
501565,140.16,96,13406.0
501566,204.2,36,14821.0
501567,45.6,192,15775.0
501568,425.64000000000004,204,16525.0
501569,1328.04,452,16336.0
501570,459.86,230,16336.0
501571,222.95999999999998,552,18131.0
501572,407.91,310,16571.0
501573,595.1,285,14427.0
501574,724.89,310,18187.0
501575,1321.55,669,17677.0
501576,153.94,136,16742.0
501577,1253.1399999999999,2798,
501578,1922.1000000000001,1330,14258.0
501611,1835.0,708,13694.0
501612,120.64999999999999,77,17356.0
501613,219.79999999999998,96,15311.0
501614,3137.85,2041,13694.0
501616,140.20000000000002,18,16977.0
501617,228.9,206,15819.0
501618,296.42,198,15819.0
501619,525.9000000000001,326,14299.0
501620,241.05,42,14527.0
501621,571.62,1018,16422.0
501622,99.0,42,16017.0
501623,452.82000000000005,386,16422.0
501624,319.03000000000003,126,14651.0
501625,248.65,87,15918.0
501626,57.82,21,14651.0
501627,91.8,60,14911.0
501628,782.56,375,14911.0
501629,96.23,53,15039.0
501637,102.0,24,13199.0
501638,1048.08,534,12621.0
501639,120.6,36,13199.0
501640,656.25,669,14400.0
501641,353.49,230,13057.0
501645,627.74,310,14249.0
501646,199.12,79,17377.0
501647,210.0,100,15461.0
501648,76.32000000000001,72,17307.0
501649,24.05,4,17377.0
501650,360.26,176,15858.0
501651,110.26,64,16385.0
501652,279.78000000000003,199,17841.0
501653,347.15,117,16365.0
501654,46.68,34,14648.0
501656,181.48,83,14648.0
501657,251.62,152,13243.0
501658,146.14000000000001,98,15496.0
501660,328.03000000000003,262,17095.0
501661,312.97,111,16125.0
501662,250.47,123,16497.0
501663,1155.48,617,12615.0
501664,618.36,308,16303.0
501665,327.19,205,16108.0
501666,136.10000000000002,237,17349.0
501667,906.82,394,13694.0
501668,373.57,1,
501669,406.70000000000005,434,17512.0
501670,263.5,31,13128.0
501671,305.55,156,18171.0
501672,323.93,228,17364.0
501673,187.64000000000001,176,16569.0
501674,155.05,45,12951.0
501675,186.0,104,18247.0
501676,325.35,149,16722.0
501677,560.98,262,12647.0
501679,120.32,148,13203.0
501680,241.38,1,
501681,266.9,166,12993.0
501682,330.29,253,17519.0
501683,72.6,31,
501685,4580.0,1000,18102.0
501686,1575.03,255,
501687,583.1,50,14543.0
501688,286.22,226,15738.0
501689,190.67000000000002,163,15738.0
501691,663.6,358,18223.0
501693,222.93,31,15030.0
501694,138.54,103,16668.0
501695,285.0,156,12989.0
501696,66.0,24,16199.0
501697,94.9,24,17848.0
501699,162.14,65,14702.0
501700,271.75,302,13230.0
501701,176.51999999999998,108,13150.0
501702,15.0,4,
501704,429.8,70,
501705,430.72,229,17838.0
501706,174.6,108,13089.0
501707,8.5,1,17838.0
501708,116.85,11,13089.0
501709,497.9,428,15615.0
501710,453.17,309,17738.0
501711,327.44,217,17930.0
501712,161.6,77,17581.0
501713,1048.76,460,18225.0
501714,698.45,438,17581.0
501715,959.7,614,16636.0
501716,419.55,225,13021.0
501717,405.53000000000003,147,13267.0
501718,177.3,123,15325.0
501719,355.8,148,13881.0
501729,1248.48,792,16716.0
501730,275.35,171,14159.0
501731,291.45,157,16008.0
501732,704.58,394,14292.0
501766,6958.17,1,15760.0
501767,728.37,247,16335.0
501768,6958.17,1,15760.0
501770,318.06,306,14851.0
501772,5795.87,1,
501775,506.51,1,
501776,306.97,139,17612.0
501778,934.66,1,
501785,138.49,77,16452.0
501789,628.11,144,15768.0
501790,1248.86,622,14607.0
501791,414.5,178,17230.0
501792,313.4,98,15279.0
501793,421.31,171,15329.0
501795,240.95,103,16508.0
501799,134.86,1,
501800,595.8000000000001,236,13694.0
501802,3.7399999999999998,4,
501805,376.44,66,13542.0
501806,583.9399999999999,486,17673.0
501807,487.49,216,17799.0
501808,147.46,62,14796.0
501810,1055.51,470,14911.0
501811,169.8,56,15465.0
501812,308.96,156,14327.0
501813,343.94,202,12418.0
501814,354.0,138,
501815,149.15,98,13415.0
501816,154.21,23,16905.0
501818,117.1,91,13415.0
501819,322.69,1,14832.0
501821,274.63,1,
501822,385.38,1734,14316.0
501824,150.34,124,18077.0
501825,409.44000000000005,240,14408.0
501828,568.61,300,15218.0
501830,318.0,600,12908.0
501831,198.03,196,14584.0
501832,1918.24,367,
501833,0.0,4,
501836,824.4,179,15808.0
501838,0.0,1,
501842,0.0,2,
501843,0.0,1,
501845,604.65,296,17920.0
501846,17.6,16,17920.0
501847,326.69,269,17243.0
501848,377.87,117,13555.0
501849,215.55,89,14451.0
501850,144.35000000000002,41,13214.0
501852,324.89,141,17465.0
501853,186.65,95,16782.0
501854,107.34,72,15446.0
501855,329.38,230,17526.0
501856,17.0,2,17526.0
501858,412.95000000000005,144,13593.0
501859,280.0,16,14080.0
501860,743.53,444,15425.0
501862,268.83,61,16326.0
501863,359.08,156,15650.0
501864,161.4,84,17681.0
501865,37.05,19,
501866,280.2,316,13668.0
501867,258.75,119,18085.0
501868,496.85,283,16746.0
501869,320.0,1000,13848.0
501870,411.42,382,17448.0
501871,658.0,146,14970.0
501872,18.41,43,17916.0
501874,2613.62,1632,17133.0
501875,226.60000000000002,132,16168.0
501876,150.64,37,17236.0
501877,547.04,600,17611.0
501879,224.81,96,17472.0
501880,202.99,81,17285.0
501881,294.59999999999997,76,15482.0
501882,101.75,48,17372.0
501883,262.31,189,13466.0
501884,111.35000000000001,24,17611.0
501885,86.25,17,13092.0
501886,194.22,254,17448.0
501887,176.71,67,17587.0
501888,321.34000000000003,154,15633.0
501889,552.38,327,13093.0
501890,196.3,117,14606.0
501891,113.25,53,17969.0
501892,167.65,84,17051.0
501893,245.69,250,15005.0
501894,181.8,82,16858.0
501895,143.48000000000002,113,16039.0
501896,477.28,135,15623.0
501897,711.56,500,17539.0
501898,220.0,120,18177.0
501899,1089.98,546,13798.0
501900,123.13,43,16397.0
501902,381.0,182,12796.0
501903,256.22,149,18078.0
501904,917.6999999999999,330,12368.0
501906,1006.1,595,17340.0
501907,866.34,667,13451.0
501908,17.4,12,14541.0
501909,314.1,118,14051.0
501910,253.57999999999998,145,12639.0
501911,223.91000000000003,268,14928.0
501912,415.92,316,17552.0
501913,343.12,284,15222.0
501916,142.95,21,15611.0
501917,535.53,249,15810.0
501918,2545.44,1296,17949.0
501919,391.5,162,13148.0
501920,371.5,66,14040.0
501921,353.4,144,16132.0
501922,905.84,356,13151.0
501923,151.45,71,13482.0
501925,988.0400000000001,928,15311.0
501926,851.96,278,14175.0
501927,437.96999999999997,220,12533.0
501928,186.9,90,16895.0
501929,95.39999999999999,38,17760.0
501930,782.4499999999999,503,14016.0
501931,0.95,1,17760.0
501932,0.0,1,
501933,0.0,1,
501935,184.76,106,
501938,1183.8,654,15523.0
501944,218.34,104,15732.0
501945,109.0,20,15860.0
501946,0.0,15,
501947,107.70000000000002,26,15607.0
501959,133.6,20,16225.0
501960,546.03,364,14817.0
501996,139.2,96,13089.0
502028,310.98,160,13313.0
502030,2259.82,438,
502035,318.8,203,15298.0
502036,301.5,94,14709.0
502037,298.4,168,12472.0
502038,623.6899999999999,431,13206.0
502039,34.8,24,13206.0
502053,388.6,126,17841.0
502055,1491.47,845,13357.0
502056,471.15999999999997,372,17138.0
502057,49.3,20,13357.0
502058,233.55,99,18061.0
502059,370.75,221,16560.0
502060,630.72,520,17696.0
502063,301.14,324,14355.0
502064,60.0,48,14464.0
502069,222.06,156,13141.0
502080,195.35,127,14530.0
502082,310.8,62,14643.0
502087,388.48,204,17496.0
502089,511.22999999999996,353,14307.0
502090,1497.97,250,
502091,114.5,46,17432.0
502093,266.08,141,16823.0
502094,628.0799999999999,346,12748.0
502095,4.95,1,
502096,225.74,111,16441.0
502097,313.38,318,15793.0
502098,345.6,64,12359.0
502099,473.98,184,17640.0
502100,300.38,112,13706.0
502101,372.94,382,14769.0
502102,284.03999999999996,484,16656.0
502103,39.95,1,
502104,189.25,134,15984.0
502105,163.41,67,13711.0
502106,490.84000000000003,376,12843.0
502107,227.01999999999998,146,12843.0
502108,238.5,126,18172.0
502109,105.66,134,15732.0
502110,301.86,213,16071.0
502111,777.91,261,12455.0
502112,9.899999999999999,6,15732.0
502113,510.78,231,15998.0
502118,1327.98,714,15614.0
502138,10.14,6,15998.0
502169,487.79999999999995,196,15270.0
502189,123.13,55,15003.0
502192,869.27,373,14680.0
502219,81.6,32,14680.0
502228,190.78,141,15716.0
502229,531.4200000000001,300,12921.0
502230,222.22000000000003,75,14596.0
502232,330.38,184,15105.0
502233,255.02,202,14739.0
502234,677.38,898,16327.0
502235,228.25,68,15571.0
502236,312.45,171,14160.0
502237,255.69,78,18009.0
502238,309.8,158,16296.0
502239,190.5,30,12823.0
502240,426.27,164,13293.0
502241,112.83,38,17389.0
502242,149.3,42,14958.0
502244,364.31,151,13872.0
502245,1017.43,374,15079.0
502246,71.4,12,16970.0
502247,359.27,101,17147.0
502248,1537.69,263,
502249,298.74,153,17797.0
502251,496.66,211,13869.0
502252,156.9,32,14590.0
502254,119.0,28,
502255,390.6,284,13495.0
502256,377.4,68,14543.0
502257,597.3,266,17675.0
502258,110.0,40,14166.0
502259,156.6,108,16578.0
502260,291.5,211,16615.0
502261,63.0,150,12891.0
502263,10953.5,1,12918.0
502265,10953.5,1,
502266,241.89999999999998,198,13445.0
502267,1900.0,3800,17940.0
502268,117.05000000000001,87,14762.0
502269,10000.0,40000,17940.0
502271,1144.73,1,
502272,355.62,145,14344.0
502273,159.5,40,13613.0
502274,10.05,2,17961.0
502275,34.8,24,16321.0
502277,779.32,1,
502278,395.23,215,15785.0
502279,27.4,12,15785.0
502280,289.45,100,14156.0
502281,171.47,98,15869.0
502286,205.65,109,17576.0
502287,15.9,2,17576.0
502288,412.88,242,12681.0
502293,388.55,149,13896.0
502300,2509.8999999999996,642,16029.0
502301,877.1800000000001,442,17082.0
502303,301.5,94,13151.0
502313,446.21,215,17113.0
502314,762.6800000000001,265,13078.0
502315,30.599999999999998,12,17512.0
502316,79.2,144,17512.0
502317,571.0500000000001,135,16003.0
502318,313.49,270,18189.0
502319,309.35,69,14370.0
502320,334.08,215,14341.0
502321,12.75,1,
502322,38.35,13,16003.0
502323,349.75000000000006,323,17838.0
502326,1885.3700000000001,1158,12758.0
502327,346.9,126,13252.0
502328,230.01000000000002,75,16711.0
502331,40.0,1,12360.0
502333,2300.4,840,16077.0
502334,36.8,1,14911.0
502336,172.95,69,13468.0
502337,300.8,91,17377.0
502347,310.2,168,13988.0
502363,117.74000000000001,57,14606.0
502364,0.0,18,
502375,243.29,153,17165.0
502393,1020.48,985,12524.0
502394,10.440000000000001,2,
502396,560.94,258,15057.0
502399,302.86,144,13611.0
502404,306.96,271,15607.0
502417,212.53,100,
502418,119.0,28,17935.0
502419,427.25,254,16300.0
502420,288.4,184,15015.0
502421,34.5,18,15329.0
502422,519.3000000000001,154,14911.0
502423,1083.05,647,15601.0
502424,330.15,59,14527.0
502425,59.5,12,13835.0
502426,568.94,610,13199.0
502427,359.31,204,17019.0
502429,1201.52,1359,12742.0
502430,327.93,205,16735.0
502432,102.0,40,17716.0
502433,132.64,72,13497.0
502436,169.21,70,16002.0
502439,42.900000000000006,2,15920.0
502440,45.0,36,15015.0
502441,379.04,248,17640.0
502443,8.5,2,18037.0
502444,267.7,170,14729.0
502445,5.05,5,14729.0
502446,110.03,49,15086.0
502448,193.22,162,15311.0
502449,354.79,207,16444.0
502450,386.53000000000003,245,14026.0
502451,901.79,35,
502453,306.0,34,
502455,782.56,1,14911.0
502456,91.8,1,14911.0
502462,101.30000000000001,36,15447.0
502463,169.33,63,15605.0
502464,26.55,17,12748.0
502465,81.0,50,17402.0
502466,173.06,81,16741.0
502467,391.59,265,12437.0
502468,342.36,192,16984.0
502469,93.61,900,
502484,121.67,76,13571.0
502485,273.35,212,17072.0
502486,2610.7799999999997,573,
502487,85.65,100,12663.0
502488,392.94,223,12540.0
502489,59.8,32,15527.0
502490,520.92,264,14640.0
502491,828.8,289,12471.0
502492,529.62,523,13459.0
502493,141.06,59,12370.0
502494,463.35,191,13564.0
502495,161.5,38,13557.0
502496,241.20000000000002,68,14202.0
502497,26.45,13,
502498,134.2,80,15602.0
502499,1009.6700000000001,415,15513.0
502500,213.75,105,15513.0
502501,316.58,202,13004.0
502509,328.3,136,16554.0
502523,205.23,142,15443.0
502525,2779.34,1642,13694.0
502528,322.6,60,14947.0
502532,2640.0,1600,13694.0
502534,573.23,329,15547.0
502535,937.54,590,13694.0
502565,509.65,143,13849.0
502567,139.32,164,15374.0
502568,70.6,21,12370.0
502569,283.36,147,14522.0
502570,220.32000000000002,72,15380.0
502582,1899.67,1,
502583,331.5,158,13875.0
502584,309.3,222,13875.0
502586,577.24,431,17001.0
502588,833.31,521,16550.0
502589,1598.67,1,
502590,342.0,168,17353.0
502591,201.85,106,17841.0
502592,62.95,15,13995.0
502593,102.95,18,
502594,180.56,58,16090.0
502595,736.1,344,14911.0
502596,336.04,334,16553.0
502597,360.95,141,13969.0
502598,766.52,439,14156.0
502599,131.15,79,17301.0
502602,241.38,1,16943.0
502604,141.29999999999998,72,16699.0
502605,726.32,398,14685.0
502606,260.5,186,13900.0
502607,325.15000000000003,111,12373.0
502608,503.97,394,13001.0
502609,344.3,182,17873.0
502610,1103.85,645,13408.0
502611,236.83,119,13668.0
502612,3.75,1,
502613,869.29,362,14535.0
502614,69.6,48,12471.0
502615,340.3,126,13285.0
502616,209.3,154,12870.0
502617,525.34,290,15027.0
502618,227.52,103,14085.0
502619,1834.1,391,
502620,172.35,61,14167.0
502622,195.73000000000002,83,
502623,86.22,58,18219.0
502624,231.03,154,16794.0
502627,525.65,1,
502628,531.97,293,16670.0
502631,1834.14,1,
502632,133.85,51,17484.0
502633,429.90000000000003,225,12510.0
502635,302.31,1,
502636,381.36,362,12726.0
502637,533.23,107,15768.0
502638,357.91,220,15260.0
502643,41.85,7,15549.0
502647,0.0,71,
502648,935.36,368,16210.0
502653,312.46000000000004,238,17160.0
502659,82.2,28,14682.0
502660,86.59,180,13187.0
502661,250.45,153,13705.0
502662,112.14,51,14704.0
502663,146.67999999999998,69,12791.0
502664,209.93,55,15722.0
502665,46.2,60,15698.0
502667,17.91,19,13187.0
502668,0.84,2,13187.0
502669,724.25,539,15523.0
502670,200.63,103,14330.0
502671,403.28000000000003,112,13767.0
502672,19.8,4,12471.0
502673,833.2,222,14911.0
502674,272.95,81,16286.0
502675,174.2,84,14013.0
502677,352.77,291,15755.0
502692,1708.1999999999998,156,17949.0
502716,914.17,804,16779.0
502721,383.75,279,15789.0
502723,870.0,600,17949.0
502724,286.58,122,14110.0
502725,307.98,124,16558.0
502728,299.75,147,18188.0
502730,20.4,24,15443.0
502731,0.42,1,
502733,280.6,137,15911.0
502734,485.52000000000004,472,13082.0
502735,146.67999999999998,69,12791.0
502736,14.849999999999998,9,15911.0
502738,131.68,1,12791.0
502739,409.2,247,16170.0
502740,303.55,65,17582.0
502742,14.85,9,
502743,175.5,90,18166.0
502745,81.4,14,16158.0
502746,2593.7599999999998,668,
502747,783.5500000000001,315,18215.0
502748,465.51,456,16493.0
502749,187.14000000000001,283,18245.0
502751,102.53999999999999,48,17290.0
502752,90.15,17,18252.0
502753,194.8,72,16923.0
502755,67.25,45,16601.0
502756,501.36,752,13931.0
502757,285.84000000000003,108,14537.0
502758,4865.7,3662,14646.0
502759,3208.44,2380,14646.0
502760,816.0,320,14646.0
502761,128.22,153,13117.0
502762,219.39999999999998,228,14074.0
502763,292.47,416,17966.0
502764,2021.23,841,12477.0
502765,82.68,36,17371.0
502768,181.7,137,14994.0
502771,2585.75,3506,13694.0
502772,120.0,96,13694.0
502773,12.49,8,
502776,26.049999999999997,15,
502779,274.05,167,16807.0
502781,45.6,120,13694.0
502782,0.0,61,
502783,8.54,8,
502784,780.92,435,15249.0
502785,181.58,90,13767.0
502792,205.35000000000002,41,14253.0
502794,312.88,88,16833.0
502795,132.88,120,16510.0
502796,356.66,129,17191.0
502798,162.4,106,15552.0
502799,259.08,207,15867.0
502810,155.32999999999998,45,15339.0
502811,271.15,122,17243.0
502812,226.29999999999998,70,15965.0
502813,201.13000000000002,136,16104.0
502814,397.54,126,13767.0
502815,366.65,129,16768.0
502816,299.0,136,13871.0
502817,137.99,45,15848.0
502818,112.23,78,13825.0
502819,63.72,84,17644.0
502820,941.42,807,14849.0
502821,70.19999999999999,60,14849.0
502822,118.0,104,17155.0
502823,1290.28,956,13209.0
502824,127.65,47,13053.0
502825,445.71999999999997,175,16787.0
502826,722.1700000000001,305,17920.0
502827,439.62,342,15289.0
502828,283.75,332,16727.0
502829,388.84,342,17827.0
502830,131.25,57,14378.0
502831,30.0,3,17372.0
502832,197.78,65,14805.0
502833,924.5400000000001,362,13225.0
502834,95.78,60,17731.0
502835,382.2,294,16934.0
502836,145.84,93,16939.0
502837,307.25,369,14771.0
502838,210.47,121,16784.0
502839,1017.96,796,12910.0
502840,334.87,205,15068.0
502841,136.3,82,18283.0
502842,153.55,154,17518.0
502843,656.72,544,14101.0
502844,1031.3700000000001,1175,14291.0
502845,351.69,161,13615.0
502846,153.54999999999998,37,15423.0
502847,379.04,150,14572.0
502848,742.41,393,15570.0
502850,25.95,13,17954.0
502851,253.45,124,17068.0
502852,213.15,84,18231.0
502853,812.12,777,17589.0
502854,190.53,86,13684.0
502855,289.19,172,16710.0
502856,364.47,186,14078.0
502857,309.99,273,14735.0
502858,250.26,190,15231.0
502859,309.3,96,14735.0
502860,98.73,121,16666.0
502861,238.93,103,14583.0
502862,359.46000000000004,182,17504.0
502863,1162.95,417,16067.0
502864,415.71000000000004,177,14809.0
502865,271.05,55,14809.0
502866,179.98,116,16549.0
502867,284.64,176,15141.0
502868,166.19,71,16655.0
502869,513.59,263,13113.0
502870,1406.43,1318,13373.0
502871,367.69,258,17642.0
502872,2309.11,551,
502873,381.0,60,15981.0
502874,348.47,169,13319.0
502875,243.0,92,13319.0
502876,1110.0,600,17949.0
502877,861.5999999999999,240,16532.0
502880,573.34,1121,17994.0
502881,288.57,296,17448.0
502882,890.4000000000001,840,16754.0
502883,2121.36,1524,16754.0
502884,637.11,561,16019.0
502885,197.79,165,16019.0
502886,709.78,492,16456.0
502887,7090.8,2208,16754.0
502888,1652.4,1944,18102.0
502889,461.76,314,17448.0
502890,74.0,28,15039.0
502891,173.67,111,17448.0
502892,164.47,93,17419.0
502893,401.65,417,17448.0
502895,317.61,379,17448.0
502896,325.84999999999997,112,15527.0
502897,292.95,133,14527.0
502898,270.95,237,17448.0
502901,940.52,620,13340.0
502902,315.4,84,16634.0
502905,306.0,36,12931.0
502906,1045.44,144,18102.0
502908,1.45,1,16327.0
502909,350.1,304,17448.0
502911,228.67000000000002,193,17448.0
502912,579.6,228,14680.0
502913,415.14,374,13975.0
502914,41.25,11,14680.0
502915,265.14,74,17920.0
502916,228.6,219,16502.0
502917,147.3,27,15311.0
502918,29.95,1,16502.0
502919,359.44,306,17046.0
502920,142.12,126,18041.0
502921,44.09,29,12496.0
502922,196.45000000000002,62,18041.0
502923,1.25,1,12496.0
502924,285.40999999999997,159,18168.0
502925,236.82,129,17841.0
502954,848.6800000000001,345,16036.0
502968,728.39,326,16176.0
502972,137.64,14,
502974,120.72,23,
502975,75.72,11,
502976,193.82999999999998,28,
502977,182.8,28,
502978,112.25,12,
502980,117.01,16,
502983,121.78,24,
502985,103.49,13,
502987,100.28999999999999,14,
502990,132.94,21,
502991,918.5,486,12931.0
502994,135.42,16,
502997,80.8,11,
503001,145.07,19,
503004,79.98,13,
503006,76.63,14,
503009,138.3,19,
503012,169.71,29,
503016,84.97,13,
503024,499.51,368,16197.0
503029,78.33,11,
503030,155.59,18,
503033,118.24,15,
503035,93.7,11,
503038,96.63,19,
503046,375.6,184,15270.0
503047,108.97,13,
503048,437.9,226,12921.0
503049,123.1,51,15795.0
503058,313.70000000000005,46,15291.0
503059,169.25,39,13831.0
503060,487.34999999999997,176,13412.0
503061,22853.77,5924,
503062,203.97,122,14606.0
503063,308.85,212,17664.0
503064,209.22,148,12748.0
503065,138.7,22,13097.0
503066,630.35,453,16570.0
503067,1430.37,607,14911.0
503068,239.08,92,15713.0
503069,905.16,982,16455.0
503070,369.3,238,17676.0
503071,702.32,274,14469.0
503072,146.9,44,17241.0
503073,75.0,60,13051.0
503074,494.48,206,14461.0
503106,117.0,60,12990.0
503116,68.25,27,12861.0
503135,1065.12,996,14935.0
503143,301.8,112,15874.0
503144,323.71000000000004,146,14505.0
503146,365.1,234,15029.0
503147,26.75,5,14505.0
503148,359.95,181,15715.0
503149,136.91,53,14606.0
503150,97.97,47,15862.0
503151,2429.42,1608,14298.0
503152,316.56,228,14298.0
503153,397.4,440,14298.0
503154,90.39999999999999,56,14298.0
503155,1104.94,1012,15981.0
503156,248.16,117,15862.0
503157,275.21,187,15719.0
503158,30.1,6,15575.0
503159,362.77,159,13659.0
503160,123.28,124,12931.0
503162,167.4,68,17586.0
503163,1652.22,1586,13694.0
503164,248.09,123,17464.0
503165,1180.92,760,13694.0
503167,92.16,144,13694.0
503168,408.0,96,13694.0
503169,227.95000000000002,79,16611.0
503170,96.6,69,17217.0
503171,374.18,298,14235.0
503172,143.07,51,14871.0
503174,308.7,146,15513.0
503177,1.65,1,12748.0
503178,673.28,334,12949.0
503179,684.12,272,15122.0
503180,405.0,114,12836.0
503181,214.11,61,14492.0
503183,1254.22,640,18102.0
503184,299.2,464,18102.0
503185,4977.74,1033,
503186,6051.45,1259,18102.0
503187,110.7,16,15611.0
503188,43.5,10,15611.0
503189,171.9,98,14882.0
503190,99.0,20,13694.0
503192,1038.35,521,13952.0
503193,307.90000000000003,294,18242.0
503194,750.0,208,13952.0
503195,156.87,51,15742.0
503197,306.75,121,15633.0
503198,107.58,62,13856.0
503204,328.67,195,15680.0
503217,23.4,7,18002.0
503220,132.52,76,16658.0
503226,976.08,556,13162.0
503230,128.3,62,13676.0
503232,3.75,1,
503234,339.17,155,15808.0
503235,377.39,215,17602.0
503236,13.2,8,17602.0
503237,258.45,208,18025.0
503241,389.81,293,14890.0
503242,476.84000000000003,344,15792.0
503243,502.80000000000007,56,12980.0
503244,169.69,57,17377.0
503245,389.49,189,15216.0
503246,433.53000000000003,231,13803.0
503247,357.0,124,13777.0
503248,282.0,282,16954.0
503250,349.20000000000005,236,18093.0
503251,342.65,264,15754.0
503252,179.61,103,13382.0
503253,187.99,140,16085.0
503255,181.15,71,13709.0
503256,305.76,120,13798.0
503258,16.44,5,17889.0
503259,367.54,246,14706.0
503260,384.55,299,16393.0
503265,472.89,123,12835.0
503268,121.67999999999999,72,17740.0
503277,118.8,28,17460.0
503293,312.51,313,13446.0
503295,572.3100000000001,368,13179.0
503328,63.150000000000006,17,15741.0
503329,212.65,41,14527.0
503330,174.14000000000001,286,15013.0
503331,342.37,173,16212.0
503332,382.55,97,13802.0
503333,393.62,312,16133.0
503334,612.0,144,13941.0
503335,308.61,215,16133.0
503336,152.5,55,13059.0
503337,337.78,154,15046.0
503338,190.95,123,18056.0
503339,117.53999999999999,92,15660.0
503340,462.19,157,13059.0
503341,560.14,178,17531.0
503342,253.88,167,16845.0
503343,169.8,82,15796.0
503344,126.89,60,15454.0
503345,226.08999999999997,73,15800.0
503346,64.48,36,15800.0
503347,22.15,3,15800.0
503348,48.31,29,15800.0
503349,1576.18,538,15125.0
503350,421.45000000000005,177,16847.0
503351,79.95,1,15125.0
503352,1400.26,611,15125.0
503353,1058.19,794,15311.0
503354,214.05,187,15573.0
503355,300.87,133,12913.0
503356,617.06,234,15270.0
503358,305.0,289,15544.0
503359,17.4,12,13209.0
503360,121.85,39,16704.0
503361,318.98,134,17049.0
503362,254.92000000000002,86,18231.0
503363,150.3,61,18231.0
503365,76.23,11,13219.0
503368,9.850000000000001,3,
503370,4.6,2,
503377,36.6,18,
503379,110.3,34,13417.0
503390,13.899999999999999,2,
503391,228.96000000000004,216,14676.0
503392,15.2,10,
503393,37.93,12,
503394,299.34000000000003,149,13464.0
503395,300.35,74,13039.0
503397,1262.75,615,14895.0
503398,356.23,269,17083.0
503401,2174.84,1082,17428.0
503402,264.09999999999997,139,17576.0
503426,2964.58,701,
503427,545.48,163,13576.0
503428,1939.8,388,
503430,817.25,189,13361.0
503431,324.6,120,14643.0
503432,486.8,132,17739.0
503433,389.95,159,12609.0
503434,651.48,324,15251.0
503435,571.76,248,14893.0
503436,476.36,260,12662.0
503437,266.93,123,15689.0
503438,245.76,131,12417.0
503439,627.8,261,12647.0
503441,300.05,65,15606.0
503442,202.2,38,18009.0
503443,323.87,175,15754.0
503444,632.28,1428,16377.0
503445,540.08,266,13327.0
503447,700.47,801,14916.0
503448,524.39,285,16779.0
503449,126.5,52,14796.0
503450,77.5,34,13582.0
503452,310.49,359,16347.0
503455,355.38,116,15311.0
503461,326.65000000000003,123,17603.0
503469,34.0,85,15311.0
503470,391.8,96,13408.0
503472,216.3,126,18241.0
503476,48.0,17,
503479,119.39999999999999,12,13408.0
503496,215.5,94,17841.0
503497,15.0,1,17539.0
503498,409.31,147,16551.0
503499,396.06,126,15173.0
503500,0.0,11,
503501,0.0,20,
503503,714.0,404,12583.0
503507,360.76,168,16713.0
503515,199.97,63,13196.0
503516,162.1,38,16434.0
503517,379.2,140,14200.0
503519,0.0,100,
503524,0.0,6,
503530,0.0,48,
503531,222.11,106,12708.0
503532,727.49,589,12472.0
503533,304.8,60,13397.0
503534,151.46,62,14239.0
503535,303.39,269,17700.0
503536,475.60999999999996,162,15023.0
503537,207.95000000000002,61,16130.0
503538,168.87,84,14692.0
503539,266.85,181,17920.0
503540,126.51,93,15198.0
503541,363.56,396,14748.0
503542,2831.66,2474,14646.0
503543,225.99,108,17993.0
503545,313.1,84,13750.0
503546,303.1,136,16351.0
503547,861.85,527,14049.0
503548,298.88,203,16918.0
503549,2047.69,374,
503550,285.6,88,13929.0
503551,204.91,103,13291.0
503552,0.0,1,
503553,0.0,74,
503555,0.0,5,
503556,0.0,2,
503557,0.0,15,
503558,0.0,2,
503559,0.0,1,
503560,0.0,1,
503561,0.0,3,
503562,0.0,1,
503563,0.0,2,
503564,0.0,2,
503565,0.0,1,
503566,0.0,1,
503568,300.66,182,13089.0
503569,428.24,392,13074.0
503570,128.51,91,15863.0
503572,441.55,117,14441.0
503573,232.92,331,14790.0
503575,541.95,316,15856.0
503579,433.29,142,15768.0
503580,514.42,210,17044.0
503581,15.9,2,
503582,8.5,2,
503583,1.25,1,
503584,20.97,10,17961.0
503585,256.64,118,13047.0
503586,374.2,320,15222.0
503587,387.45,175,16167.0
503588,217.92,139,14713.0
503589,72.34,34,14710.0
503590,452.48,96,16054.0
503591,1505.89,849,17669.0
503592,274.58,84,18006.0
503593,178.2,108,14835.0
503594,244.31,193,14694.0
503595,104.5,29,17218.0
503596,0.0,11,
503597,207.35999999999999,1152,16754.0
503598,296.8,280,16754.0
503599,63.0,150,17949.0
503600,216.0,300,17949.0
503602,318.0,300,17949.0
503603,721.8,324,16029.0
503604,450.85,298,14489.0
503605,204.0,48,16029.0
503606,1275.6,690,17416.0
503607,148.47,61,15774.0
503608,412.58,113,17477.0
503609,819.42,358,17457.0
503611,589.52,510,18173.0
503612,1008.0,2400,13027.0
503613,2.95,1,12997.0
503614,477.08,254,14481.0
503616,396.47,163,15215.0
503666,283.78000000000003,78,13202.0
503667,319.69,120,15493.0
503668,321.45,67,15770.0
503670,128.7,156,15367.0
503671,300.2,180,16186.0
503672,158.25,43,15367.0
503673,321.05,129,15771.0
503680,196.76,91,14035.0
503683,89.25,35,17281.0
503685,478.1,254,13881.0
503692,165.38,110,13939.0
503693,160.29,71,16782.0
503694,228.0,120,13710.0
503695,252.3,84,14590.0
503696,22.18,9,
503697,269.7,130,16654.0
503698,214.58,91,15164.0
503702,129.22,30,13071.0
503703,416.4,146,17841.0
503704,502.05,292,16746.0
503705,429.96,516,16843.0
503706,103.93,65,14990.0
503708,445.40000000000003,260,14221.0
503709,261.1,162,14825.0
503710,118.95,83,16266.0
503711,47.5,6,12748.0
503712,649.91,377,13089.0
503713,252.51999999999998,153,14265.0
503714,130.3,76,13432.0
503716,263.13,45,14952.0
503717,177.9,76,14952.0
503718,480.7,234,15867.0
503719,7.95,1,15867.0
503720,332.37,228,15311.0
503721,1471.86,298,
503723,1076.46,573,13093.0
503724,365.5,195,13050.0
503725,214.20000000000002,36,13207.0
503727,0.0,5,
503729,307.26,154,13491.0
503730,359.83,247,17563.0
503731,598.04,461,15252.0
503732,166.84,100,13911.0
503766,680.04,404,16732.0
503772,366.19,175,13632.0
503773,368.6,194,16400.0
503774,339.09000000000003,129,14606.0
503775,143.12,80,13727.0
503776,33.0,12,16941.0
503777,232.6,57,13727.0
503778,312.5,134,13769.0
503780,330.45,59,14527.0
503782,789.75,462,12711.0
503783,1015.48,204,14156.0
503784,1187.9,588,14680.0
503785,12.75,3,13727.0
503786,132.8,97,14590.0
503787,450.05,331,14626.0
503790,1015.0500000000001,372,13174.0
503791,142.8,24,15854.0
503795,614.63,229,14770.0
503796,74.6,80,12931.0
503797,482.58,254,14264.0
503798,316.44,258,15521.0
503799,414.05,135,
503800,124.5,70,15827.0
503801,411.45,80,15521.0
503802,219.25,109,14514.0
503804,823.4,286,15061.0
503805,1154.4,280,15061.0
503806,237.70000000000002,238,15061.0
503807,3068.68,1366,15061.0
503808,785.26,680,15061.0
503809,1117.64,1525,15061.0
503810,2213.2000000000003,1100,12643.0
503811,209.4,72,15112.0
503812,135.55,52,17969.0
503813,320.23,149,13723.0
503814,1700.16,1232,16656.0
503815,166.23,33,13019.0
503818,0.0,1,
503821,293.06,247,15201.0
503822,13.919999999999998,48,14916.0
503823,1981.51,423,
503824,389.43,133,13593.0
503825,132.3,26,15323.0
503826,128.07999999999998,92,12821.0
503827,405.0,108,13640.0
503828,636.6,1588,12971.0
503829,444.6,316,14667.0
503830,1.55,1,16454.0
503831,1103.8,1396,12482.0
503832,360.6,238,15738.0
503833,874.84,1180,12482.0
503834,1749.68,2360,12482.0
503835,874.84,1180,12482.0
503836,874.84,1180,12482.0
503837,294.52,284,17738.0
503838,98.89999999999999,62,17738.0
503839,88.5,48,17707.0
503842,222.25,103,16369.0
503843,0.0,8,
503844,418.1,62,18064.0
503845,204.60000000000002,44,17497.0
503846,442.5,124,14758.0
503847,147.12,144,14798.0
503848,187.35000000000002,85,13852.0
503849,907.1,466,12989.0
503850,1231.94,727,15640.0
503851,816.0,192,17553.0
503852,1383.6,328,14145.0
503853,394.65999999999997,494,15358.0
503854,247.5,148,12765.0
503855,246.05,117,17426.0
503856,453.03999999999996,592,17426.0
503858,47.400000000000006,12,12989.0
503859,1623.8,882,14855.0
503860,396.2,487,12422.0
503861,696.03,605,13107.0
503862,19.0,8,
503863,167.25,55,15309.0
503864,632.66,336,16053.0
503867,537.58,776,13712.0
503868,855.35,253,14918.0
503869,1239.83,1044,17677.0
503870,138.29,68,12835.0
503871,4607.5,481,
503875,435.66,126,14813.0
503877,199.17000000000002,71,15005.0
503878,6.7,2,
503895,297.69,264,13278.0
503901,196.07999999999998,118,14450.0
503904,475.46,254,14533.0
503905,21.6,6,17961.0
503906,5.699999999999999,6,
503907,4614.18,4846,18251.0
503921,433.71999999999997,700,15613.0
503922,404.58000000000004,334,17746.0
503923,297.94000000000005,86,14110.0
503924,540.16,348,15298.0
503925,314.85,91,15673.0
503926,240.57,156,12709.0
503927,894.0,240,18194.0
503928,26.25,21,12709.0
503929,1444.05,928,14105.0
503930,190.5,48,17110.0
503932,142.34,96,14562.0
503933,521.13,231,18065.0
503934,141.08,50,13611.0
503935,443.28000000000003,198,17047.0
503936,1183.38,626,14160.0
503937,414.72,648,17805.0
503938,227.4,96,15638.0
503939,33.0,20,14562.0
503940,3049.34,477,
503941,466.47,529,13044.0
503942,304.33,258,14299.0
503943,153.8,172,14299.0
503944,387.43,80,15768.0
503945,356.0,80,13668.0
503946,123.6,84,16168.0
503947,40.5,14,16168.0
503948,35.7,6,16168.0
503949,310.82,134,14924.0
503950,123.87,69,17362.0
503951,585.73,351,15062.0
503953,17.65,3,13163.0
503954,316.41,159,13999.0
503955,3242.22,1722,13694.0
503956,514.54,210,13443.0
503959,992.64,972,13694.0
503960,15.0,1,12843.0
503961,195.0,100,13694.0
503962,172.39999999999998,88,13694.0
503963,232.61999999999998,62,16365.0
503964,303.90000000000003,310,12998.0
503965,410.75,150,14548.0
503966,33.260000000000005,15,14548.0
503968,300.7,358,15129.0
503969,247.5,154,15311.0
503971,303.45,149,13446.0
503972,196.13,156,17180.0
503973,178.35,55,12987.0
503975,381.98,160,17529.0
503976,262.9,224,17602.0
503977,160.55,32,14702.0
503978,244.9,101,13291.0
503979,708.76,229,13735.0
503980,646.8,600,13762.0
503981,373.01000000000005,204,13197.0
503982,488.3,230,18271.0
503984,216.0,300,17949.0
503985,1888.31,1046,12468.0
503986,374.95,245,16040.0
503987,933.8,542,14961.0
503988,162.72,48,18246.0
503989,534.19,409,17314.0
503990,175.9,42,
503991,762.28,776,16341.0
503994,101.36,27,16944.0
503995,716.46,358,13798.0
503997,225.6,80,15223.0
504000,25.5,30,16013.0
504001,254.99999999999997,100,16013.0
504002,94.89,73,16412.0
504020,583.0999999999999,234,13552.0
504026,728.5,324,12786.0
504064,158.55,62,17289.0
504065,325.44,96,16087.0
504082,368.39000000000004,108,17841.0
504092,319.69,183,13971.0
504093,70.3,26,13080.0
504094,336.9,136,12681.0
504095,19.4,6,
504096,237.79999999999998,171,
504097,392.62,170,12613.0
504098,365.59000000000003,245,15331.0
504099,322.0,400,12931.0
504100,1326.3,680,13802.0
504101,271.6,74,16103.0
504102,50.8,8,13802.0
504103,222.49,33,
504104,394.48999999999995,32,
504105,26.169999999999998,4,
504106,201.66,35,
504107,151.20999999999998,15,
504108,99.96000000000001,13,
504109,175.52,22,
504110,147.73,16,
504111,104.71,11,
504112,1.25,1,
504113,71.32,14,
504114,106.89,19,
504115,144.59,13,
504116,76.5,6,14441.0
504117,298.44,290,15326.0
504118,228.93,69,15898.0
504119,375.27,345,17609.0
504120,270.44,152,15889.0
504121,158.28,46,16104.0
504122,663.2,288,12916.0
504123,168.9,62,17314.0
504125,457.55,226,12500.0
504126,326.95,229,13854.0
504127,30.599999999999998,12,13854.0
504128,155.33999999999997,109,16742.0
504130,728.8,366,13520.0
504131,312.2,98,15015.0
504132,1262.88,1088,17133.0
504133,199.20000000000002,72,15489.0
504134,111.9,54,17734.0
504135,1057.3600000000001,648,16276.0
504136,384.27000000000004,153,13799.0
504137,1142.08,551,17920.0
504138,177.6,80,14275.0
504139,698.63,328,17769.0
504140,802.78,277,16814.0
504141,315.3,167,16466.0
504142,170.48,60,13259.0
504143,171.57999999999998,92,17113.0
504144,113.35,45,17372.0
504145,548.96,307,13786.0
504146,2969.6,2108,12481.0
504147,684.96,334,17675.0
504148,86.10000000000001,42,13180.0
504149,155.88,148,17608.0
504150,612.81,382,16700.0
504151,292.34,456,14011.0
504152,335.0,142,17838.0
504153,115.78,50,17068.0
504154,455.84000000000003,239,15443.0
504155,525.12,211,17858.0
504156,110.95,54,16372.0
504157,351.96,254,17221.0
504158,487.67,221,13001.0
504159,48.88,78,17221.0
504160,347.28,304,15555.0
504161,764.64,516,15067.0
504162,478.66,349,12935.0
504163,635.5,274,14430.0
504164,114.89,65,14404.0
504165,1844.19,501,16754.0
504166,2318.4,948,16029.0
504176,9.87,47,13443.0
504183,465.18,370,13418.0
504184,151.4,24,15524.0
504188,22.5,5,16454.0
504189,107.78999999999999,21,17147.0
504192,381.0,194,15590.0
504193,306.0,1,12481.0
504195,359.90000000000003,182,16126.0
504196,303.63,127,14791.0
504200,313.75,183,14114.0
504203,739.2,544,13408.0
504204,926.82,367,14930.0
504206,337.17,145,17469.0
504209,26.2,6,
504210,15.0,12,17469.0
504212,420.6,238,17865.0
504213,539.5500000000001,99,15546.0
504214,539.5500000000001,99,15546.0
504216,140.32,47,15504.0
504217,1160.66,759,14844.0
504232,871.2,217,15044.0
504234,1704.72,576,18102.0
504244,1770.44,728,13225.0
504257,701.97,491,12982.0
504266,503.85,283,16353.0
504313,1184.18,645,
504318,159.25,73,15466.0
504320,302.3,146,14905.0
504321,155.75000000000003,85,15311.0
504323,118.75,24,15917.0
504326,408.7,177,13564.0
504327,212.32999999999998,184,16595.0
504328,355.19,105,16987.0
504329,92.39999999999999,56,17268.0
504331,119.0,14,15523.0
504332,2622.481,1460,12671.0
504333,305.18,48,13473.0
504335,74.1,38,13473.0
504336,2139.4,924,16705.0
504337,468.06,442,16705.0
504338,755.8199999999999,386,16705.0
504339,38.7,6,16705.0
504340,403.7,696,13564.0
504341,226.7,116,17048.0
504344,420.47,155,14853.0
504351,334.8,72,13777.0
504352,70.0,56,17268.0
504355,4.25,5,13443.0
504356,89.12,29,12835.0
504367,0.0,50,
504372,315.85,155,12943.0
504373,339.7,162,13468.0
504375,547.6,250,15268.0
504376,153.95999999999998,63,17460.0
504386,646.3,430,14057.0
504394,315.05,113,14040.0
504396,106.15,22,
504404,6.75,1,14040.0
504406,228.04999999999998,191,17841.0
504407,265.78000000000003,67,14527.0
504408,335.53000000000003,181,15039.0
504409,1788.7,978,13089.0
504410,216.0,76,13089.0
504411,41.75999999999999,144,13089.0
504412,747.09,529,16940.0
504413,260.52,296,13089.0
504414,253.7,102,12805.0
504416,159.0,64,13590.0
504418,301.65,81,15965.0
504421,394.24,285,15639.0
504426,695.96,380,16779.0
504427,821.44,356,14030.0
504430,236.77,51,14172.0
504432,239.06,78,18144.0
504433,113.00999999999999,84,15013.0
504434,173.4,108,15311.0
504435,215.34,113,14606.0
504436,9325.28,6216,14156.0
504437,720.34,222,12957.0
504438,150.0,120,14156.0
504439,131.4,57,17757.0
504440,590.33,257,13052.0
504441,174.4,52,13039.0
504442,122.99,50,
504444,182.42,96,14898.0
504446,0.0,1800,
504447,33.85,13,15889.0
504448,1.49,1,
504449,454.36,258,12459.0
504450,136.53,98,14723.0
504451,1033.5,294,16709.0
504452,291.33000000000004,123,15260.0
504453,0.0,4800,
504454,261.41,144,16809.0
504456,0.0,4800,
504458,324.51,131,15982.0
504459,113.49,14,14998.0
504462,924.1700000000001,561,17505.0
504466,134.77,52,16259.0
504467,23.1,10,16259.0
504469,263.2,88,15890.0
504470,235.2,48,15513.0
504471,221.9,56,15513.0
504472,236.39999999999998,40,15497.0
504473,611.7,320,17594.0
504474,147.85,65,15615.0
504475,342.58,232,13266.0
504476,0.0,128,
504477,347.42,180,12437.0
504478,863.64,302,12682.0
504479,77.55,49,13199.0
504480,275.64,228,13199.0
504481,250.53,260,14624.0
504486,313.92,72,18087.0
504487,115.71000000000001,37,15046.0
504498,6631.2699999999995,4320,17511.0
504508,1545.38,812,15265.0
504519,522.48,454,15563.0
504532,713.13,372,12471.0
504533,101.75999999999999,88,12471.0
504535,152.64000000000001,144,15061.0
504536,582.91,252,13097.0
504542,2113.68,2400,13694.0
504546,13.65,7,17961.0
504547,217.2,122,17682.0
504548,364.68,166,14210.0
504550,1954.99,689,17039.0
504551,660.0,400,13629.0
504552,595.55,423,16105.0
504553,312.26,226,16292.0
504554,127.62,76,16442.0
504555,215.03,119,13561.0
504556,580.98,273,13878.0
504558,296.35,125,14344.0
504559,369.24,276,15771.0
504560,17.0,2,17961.0
504564,7.5,5,
504569,582.19,123,17146.0
504571,300.93,219,15572.0
504572,690.39,403,18057.0
504573,2.6,2,
504574,1167.8799999999999,628,14016.0
504575,307.1,444,15222.0
504576,560.8,104,15144.0
504577,532.46,196,14867.0
504578,521.46,482,16422.0
504580,322.35,129,17519.0
504581,122.58,70,16631.0
504582,447.45000000000005,179,15812.0
504583,15.0,12,17888.0
504584,124.62,30,17888.0
504585,379.62,232,12540.0
504586,192.84,76,18190.0
504587,1563.06,894,14134.0
504588,508.55,419,13388.0
504589,399.6,192,15194.0
504591,357.09,255,13394.0
504592,315.53999999999996,82,13433.0
504593,540.5699999999999,463,13901.0
504594,273.59,122,15910.0
504618,427.19,248,13659.0
504619,43.92,72,13659.0
504620,149.0,100,14947.0
504621,435.3,189,14944.0
504622,181.8,92,14569.0
504623,143.6,58,14656.0
504624,471.02000000000004,208,18061.0
504625,58.5,30,18174.0
504626,523.08,218,15874.0
504627,84.69,27,18008.0
504628,5.75,3,18008.0
504630,19.799999999999997,12,12935.0
504631,315.5,206,13647.0
504633,167.15,37,15311.0
504634,236.64000000000001,100,18236.0
504635,746.33,529,15615.0
504636,301.65,161,17678.0
504638,560.23,345,18245.0
504639,5843.7,1,
504640,638.52,355,17032.0
504642,773.5,1,
504643,425.89,183,18151.0
504644,526.14,200,14068.0
504645,294.08,172,15814.0
504646,618.55,329,15032.0
504647,25.200000000000003,12,17961.0
504649,251.47,105,17709.0
504655,325.24,118,13661.0
504667,2451.26,1,
504668,495.85,183,13013.0
504669,203.8,140,16174.0
504671,227.28,1,
504673,294.68,162,13287.0
504675,436.76,162,15722.0
504676,17.700000000000003,6,
504677,84.9,42,15898.0
504678,306.66,1,
504680,32.1,16,16840.0
504681,148.69,1,
504682,218.23000000000002,77,14099.0
504683,109.5,35,16986.0
504685,94.8,1,
504686,94.8,1,15354.0
504687,94.8,1,15354.0
504688,94.8,1,15354.0
504689,27.0,4,
504691,389.36,170,16325.0
504692,735.64,721,13015.0
504694,219.85999999999999,262,13414.0
504695,316.03,137,17799.0
504696,15.9,2,17799.0
504697,284.59,215,12474.0
504698,495.26,156,13591.0
504699,254.4,76,13092.0
504700,57.63,1,17032.0
504701,324.4,384,16722.0
504702,130.7,52,
504703,239.64,324,13450.0
504704,240.41,119,15031.0
504705,266.3,49,13542.0
504707,279.6,8,13734.0
504708,202.06,254,18262.0
504709,114.48,216,12437.0
504710,15.0,12,
504711,378.6,366,12778.0
504712,841.62,498,17876.0
504713,88.08000000000001,42,
504714,1125.44,734,12395.0
504715,3720.24,4696,17404.0
504716,651.9100000000001,339,17920.0
504717,400.48,268,16098.0
504718,122.45,55,12969.0
504730,1031.3,514,14680.0
504741,184.92,85,15716.0
504742,329.22,450,15979.0
504766,1336.03,847,13013.0
504775,341.78000000000003,166,15249.0
504789,359.61,163,13813.0
504807,254.0,202,17626.0
504808,177.1,98,17841.0
504809,11.55,6,
504810,311.76,241,15628.0
504825,136.85,27,14527.0
504826,354.24,1152,12875.0
504827,43.45,9,16158.0
504828,59.5,14,16158.0
504829,332.0,116,16125.0
504830,370.59,243,14988.0
504831,564.5500000000001,367,17913.0
504832,363.12,216,14110.0
504833,294.72,110,14907.0
504834,334.3,206,16094.0
504835,430.69,89,17842.0
504836,752.28,396,14258.0
504837,396.24,234,13426.0
504838,595.54,266,15078.0
504842,432.34999999999997,299,15259.0
504844,17.55,6,12748.0
504845,30.0,24,
504846,902.16,270,15061.0
504847,562.26,420,17931.0
504848,258.83,141,14623.0
504850,127.20000000000002,120,14134.0
504851,1354.3999999999999,360,15482.0
504852,202.17000000000002,53,17243.0
504853,488.18,163,15796.0
504854,486.3,250,16923.0
504855,519.58,357,15569.0
504856,90.00999999999999,49,16883.0
504857,921.63,265,17113.0
504858,347.9,182,18172.0
504859,354.33,171,18064.0
504860,313.65,168,12402.0
504861,382.68,172,14702.0
504862,350.4,154,17850.0
504863,114.17,42,13240.0
504864,232.41,93,13262.0
504865,172.33,110,17346.0
504866,211.77,89,17858.0
504867,494.40999999999997,143,13408.0
504868,739.25,335,13044.0
504869,43.8,4,13408.0
504870,582.84,125,14532.0
504871,642.75,409,12482.0
504872,772.35,1849,12482.0
504873,441.35,249,14817.0
504874,1503.45,831,12482.0
504875,753.6500000000001,435,12482.0
504876,260.95,170,14878.0
504877,316.05,127,17085.0
504878,528.52,161,15768.0
504879,2142.4,1244,12482.0
504880,145.15,83,15059.0
504881,326.16,146,17850.0
504882,566.8,316,14395.0
504883,239.1,58,18231.0
504884,957.3199999999999,480,17389.0
504885,115.2,35,17969.0
504886,315.17,280,13285.0
504887,326.16,146,17850.0
504888,148.73,102,17256.0
504889,4.9,2,17256.0
504890,595.6899999999999,275,14415.0
504891,130.07,68,12791.0
504893,704.59,223,15972.0
504894,271.8,132,15990.0
504895,495.29999999999995,214,18172.0
504896,218.46,231,17041.0
504897,1.95,1,17041.0
504898,372.41,226,16409.0
504900,396.22,172,17850.0
504901,141.56,51,16921.0
504902,734.91,274,13286.0
504903,113.39,66,16549.0
504904,506.34,320,18069.0
504905,216.2,180,16027.0
504906,430.12,190,17850.0
504907,430.12,190,17850.0
504908,391.5,52,14506.0
504909,881.48,495,15410.0
504910,618.54,282,17850.0
504911,321.15000000000003,125,17540.0
504912,187.62,110,15793.0
504913,754.5,372,14911.0
504914,150.0,600,14845.0
504915,764.38,516,14911.0
504916,2291.74,578,
504917,231.25,64,15039.0
504918,2753.11,1585,
504919,1212.13,213,
504920,1047.0,200,17474.0
504921,1392.1299999999999,312,
504922,130.2,24,14952.0
504923,139.35,19,14952.0
504924,1372.05,229,
504925,756.32,162,
504926,215.86,74,18172.0
504927,479.6,1640,12482.0
504928,2970.6000000000004,280,
504929,175.0,100,12482.0
504930,45.95,25,18172.0
504932,102.0,24,13145.0
504933,3170.85,535,
504934,324.42,160,17850.0
504935,1927.4199999999998,356,
504936,1243.42,243,
504937,228.96,216,15273.0
504938,746.01,355,15321.0
504950,115.05,47,15321.0
504974,406.8,272,13883.0
504978,180.3,92,13883.0
505000,164.78,90,16470.0
505001,304.46,144,17850.0
505002,195.1,52,16905.0
505004,1335.02,869,13093.0
505005,127.75,77,13939.0
505006,14.9,6,
505007,38.1,7,16905.0
505008,579.75,105,15538.0
505009,360.47,273,16843.0
505011,237.02,120,17850.0
505012,1108.95,430,17865.0
505013,754.5,700,13115.0
505014,481.75,227,17802.0
505015,572.9,313,14156.0
505016,1554.86,306,
505017,285.42,136,17850.0
505018,104.76,32,15451.0
505019,1021.04,592,18095.0
505020,522.2,128,17584.0
505023,689.46,512,12516.0
505024,214.04,122,15005.0
505042,411.44,208,16190.0
505044,11.6,8,12949.0
505047,59.4,20,12949.0
505051,863.2,618,12949.0
505052,360.62,158,17850.0
505056,950.78,410,14667.0
505057,317.45000000000005,170,17644.0
505058,354.06,200,17696.0
505059,190.76,130,15682.0
505060,8.3,4,
505061,590.35,195,14372.0
505062,197.0,102,13874.0
505063,30.15,6,16548.0
505064,204.74999999999997,121,17236.0
505066,800.98,762,13407.0
505067,158.8,87,14606.0
505068,412.32,174,17850.0
505069,0.0,2651,
505070,52.75,22,13679.0
505071,0.0,38,
505072,0.0,11,
505073,0.0,3,
505074,0.0,1,
505075,434.26,184,17850.0
505076,329.8,128,17850.0
505077,967.72,713,15061.0
505078,337.4,285,12780.0
505079,60.9,38,15447.0
505080,74.86,26,15447.0
505081,115.17999999999999,109,16742.0
505082,235.67000000000002,249,13995.0
505083,414.77,215,12623.0
505084,220.2,108,14926.0
505085,291.4,267,14611.0
505086,339.0,220,12931.0
505087,434.26,184,17850.0
505088,59.0,20,12931.0
505089,1076.5,990,17307.0
505090,300.92,258,18276.0
505142,603.08,268,17138.0
505143,153.9,94,16161.0
505144,406.36,172,17850.0
505146,907.44,584,13694.0
505147,703.22,382,15970.0
505148,64.35,33,13694.0
505150,4217.59,1,
505152,43.75,35,17867.0
505153,122.21,88,17908.0
505154,111.72000000000001,84,16864.0
505157,88.45,37,13856.0
505158,264.5,296,17825.0
505159,271.19,43,17742.0
505161,3.75,1,
505162,178.85,135,14812.0
505163,119.84,54,17596.0
505165,240.77,144,15885.0
505166,120.15,159,16862.0
505167,236.86,133,17841.0
505168,588.98,375,14156.0
505169,418.96,178,17850.0
505170,581.15,150,12647.0
505171,199.38,78,16774.0
505172,645.5,206,16525.0
505173,490.08000000000004,638,12983.0
505174,225.1,116,17850.0
505175,138.3,53,12835.0
505176,736.88,248,17622.0
505177,515.89,225,13042.0
505178,354.09,218,17861.0
505179,68.25,29,17185.0
505180,55.5,26,17185.0
505181,142.85,45,18134.0
505182,114.09,78,17576.0
505183,339.59000000000003,155,13999.0
505184,376.11,290,13753.0
505185,664.23,412,14648.0
505186,369.71,272,16619.0
505187,234.6,60,14440.0
505188,294.37,137,15886.0
505189,629.58,356,13485.0
505196,225.07999999999998,88,13577.0
505197,7.85,5,
505199,254.09,198,15571.0
505200,402.68,345,16839.0
505201,425.6,112,12836.0
505202,2940.16,863,
505203,707.91,177,
505204,15.0,1,17448.0
505206,701.32,240,13078.0
505209,666.91,353,14081.0
505210,3.75,1,
505211,422.75,235,18062.0
505212,299.25,103,15129.0
505213,572.06,364,15366.0
505214,2236.61,1367,
505217,0.0,327,
505218,0.0,16,
505219,0.0,3,
505220,0.0,25,
505221,0.0,2,
505222,0.0,1,
505223,0.0,2,
505224,0.0,1,
505225,0.0,1,
505227,874.84,1,12482.0
505228,569.84,937,16256.0
505229,874.84,1,12482.0
505230,372.45,133,15695.0
505232,280.72,188,17448.0
505233,180.0,70,17377.0
505234,3.37,2,
505235,1576.8,144,17949.0
505236,1000.5,387,12391.0
505237,151.20000000000002,72,12391.0
505238,314.5,37,16684.0
505239,757.95,312,17920.0
505240,148.60000000000002,36,12971.0
505287,557.04,168,16472.0
505297,300.54,236,12530.0
505313,149.1,58,13911.0
505314,1112.06,572,12681.0
505315,523.42,308,15311.0
505316,287.8,175,16231.0
505317,328.9,172,12588.0
505328,182.77,58,14527.0
505329,237.70000000000002,118,13431.0
505330,241.2,104,13089.0
505331,393.33,131,17622.0
505332,343.52,148,15719.0
505333,38.25,3,15455.0
505335,3857.2,1600,12709.0
505336,317.45,170,17644.0
505337,910.93,471,12631.0
505338,15.299999999999999,6,12631.0
505339,242.21,118,
505340,296.2,286,17448.0
505341,227.87,171,17448.0
505342,276.71,217,17448.0
505343,317.83,219,16592.0
505344,357.62,220,16086.0
505345,93.71000000000001,55,17324.0
505346,23.75,5,15890.0
505347,438.47,218,16133.0
505348,182.8,68,16225.0
505349,208.19,107,15580.0
505351,222.32,102,17884.0
505352,30.0,24,17884.0
505354,1018.66,207,
505355,0.0,5,
505356,781.07,317,15570.0
505357,302.0,160,17457.0
505358,365.76,119,14605.0
505360,253.73,39,17115.0
505361,126.58,62,14825.0
505362,183.3,116,13728.0
505363,842.45,409,17865.0
505364,252.66,84,14395.0
505365,3.35,3,
505366,336.6,244,13461.0
505367,305.33,89,13963.0
505368,401.23,253,14388.0
505372,51.0,4,17681.0
505373,39.6,72,17681.0
505374,159.2,16,17848.0
505375,4.65,1,17848.0
505376,600.42,371,16755.0
505377,2.55,1,
505378,430.0,226,15095.0
505379,371.4,84,15291.0
505380,213.0,106,17675.0
505381,581.85,323,14646.0
505385,284.86,230,13308.0
505389,10.2,12,17675.0
505392,84.56,12,18108.0
505393,45.0,3,14646.0
505394,547.12,534,14917.0
505396,3181.97,1501,16131.0
505397,679.35,367,15633.0
505398,394.0,245,13855.0
505399,37.8,12,18188.0
505409,134.4,121,12504.0
505443,301.26,144,13625.0
505445,107.76,168,13089.0
505447,540.2,292,14680.0
505448,206.46,128,17646.0
505450,3374.8,1500,13935.0
505452,576.63,357,14917.0
505453,969.69,524,12625.0
505456,343.2,128,14735.0
505461,354.9,221,17754.0
505462,1045.1,616,15622.0
505463,344.8,100,15622.0
505464,267.43,185,13698.0
505465,384.36,300,13446.0
505466,690.7,498,14000.0
505468,186.35,73,12932.0
505469,342.7,114,17083.0
505472,27.5,14,12932.0
505479,86.3,27,18231.0
505481,45.9,18,13346.0
505482,178.0,120,18218.0
505491,181.5,134,14895.0
505494,133.3,85,14064.0
505495,308.46000000000004,245,16743.0
505496,291.26,206,15651.0
505497,386.2,188,14040.0
505498,265.8,118,14209.0
505499,297.98,202,16862.0
505500,434.52,588,13199.0
505501,325.43,277,18093.0
505502,352.8,250,18272.0
505503,386.24,760,14006.0
505504,484.82,295,16279.0
505505,5876.34,1,
505506,107.66,86,16344.0
505507,246.88,153,15073.0
505508,972.54,556,14655.0
505509,1085.0,485,14156.0
505510,1862.54,346,
505511,152.69,51,13769.0
505512,8.75,3,17961.0
505513,333.71,133,14556.0
505514,438.65000000000003,247,17729.0
505515,265.15000000000003,143,14092.0
505516,503.21999999999997,97,15768.0
505517,125.03,29,15715.0
505518,157.3,24,14182.0
505519,328.66,200,13004.0
505520,317.5,50,12823.0
505521,130.6,108,17240.0
505522,371.85,228,14911.0
505523,416.62,632,15093.0
505525,887.4,856,14156.0
505530,513.0,260,12976.0
505532,17.0,2,16176.0
505533,740.52,102,18102.0
505534,1824.1,2146,18102.0
505535,6.8,8,18102.0
505536,840.0,120,18102.0
505537,529.5,110,16013.0
505538,791.99,231,16013.0
505539,0.0,13,
505540,495.0,300,16029.0
505542,476.88,298,14788.0
505547,748.0,576,12406.0
505548,396.6,215,14525.0
505549,294.74,129,17057.0
505550,322.14,300,17448.0
505551,336.45000000000005,187,16497.0
505552,19.799999999999997,12,16497.0
505553,199.19,186,17448.0
505554,213.28,52,12747.0
505555,211.15,60,12672.0
505556,37.2,3,
505557,378.87,155,13648.0
505558,457.32,379,12921.0
505559,546.96,516,17949.0
505560,63.0,150,17949.0
505561,358.40000000000003,288,17448.0
505563,179.54999999999998,53,16168.0
505564,112.34,54,14522.0
505565,295.61,97,13531.0
505566,497.25,360,15218.0
505567,335.7,193,13267.0
505568,978.21,895,13694.0
505569,150.35,55,15474.0
505570,69.93,27,17181.0
505571,368.81,181,16661.0
505572,338.65,156,14030.0
505573,276.86,306,17448.0
505574,336.83,256,13269.0
505575,82.2,18,16028.0
505576,289.94,354,13269.0
505577,325.45,233,15738.0
505578,157.14000000000001,82,15306.0
505579,364.59999999999997,270,17448.0
505580,357.49,317,17448.0
505581,104.86,14,15898.0
505585,484.4,222,17448.0
505588,158.09,64,15548.0
505615,431.96000000000004,207,15288.0
505616,325.15,187,13656.0
505633,76.95,56,14623.0
505634,320.91,150,15518.0
505635,424.2,339,14852.0
505636,386.40000000000003,208,14755.0
505637,214.45,217,15179.0
505639,179.52,208,15042.0
505640,453.6,112,15694.0
505641,128.41,127,15514.0
505643,512.26,329,15245.0
505644,122.6,24,14958.0
505657,317.44,309,13126.0
505669,281.0,146,12483.0
505675,261.39,173,16008.0
505676,167.0,76,14541.0
505677,1.95,1,
505681,131.25,91,15747.0
505682,457.37,211,14709.0
505683,4.5,3,
505684,1553.97,370,
505685,226.81,140,16538.0
505686,15.45,6,
505688,180.15,27,17351.0
505694,255.66,216,13693.0
505695,252.27,91,16585.0
505696,290.40000000000003,120,13777.0
505697,325.5,168,15755.0
505698,296.0,160,15838.0
505699,311.62,162,14451.0
505700,103.48,48,16414.0
505701,183.9,47,16868.0
505702,194.09,77,14549.0
505703,328.48,176,15600.0
505704,123.03,37,12844.0
505705,115.73,48,16068.0
505706,139.5,42,17436.0
505707,1002.95,309,14156.0
505708,162.63,53,13782.0
505709,601.57,364,13050.0
505710,645.1,330,12474.0
505711,83.26,37,13293.0
505712,536.77,212,13527.0
505713,654.32,647,18178.0
505714,304.52000000000004,110,13863.0
505715,298.32,169,13760.0
505716,360.85,539,18091.0
505717,424.79,216,17611.0
505718,167.35,19,13609.0
505719,624.4,135,17550.0
505720,190.97,76,17372.0
505721,167.25,59,15055.0
505723,513.73,151,17146.0
505724,341.09999999999997,60,17550.0
505725,403.01,156,14606.0
505729,182.45000000000002,119,12877.0
505730,483.15000000000003,246,13455.0
505731,314.2,206,16558.0
505732,657.21,364,13510.0
505733,309.13,147,13021.0
505734,413.77,150,16485.0
505735,348.0,240,15638.0
505736,289.25,340,17160.0
505737,553.74,338,13798.0
505738,327.22,222,13798.0
505739,463.8,68,15221.0
505740,391.67999999999995,288,13762.0
505741,812.53,335,16984.0
505742,324.44,98,18065.0
505743,301.40999999999997,185,13152.0
505744,2310.0,1400,15769.0
505745,2816.62,3202,16684.0
505746,525.0,492,16684.0
505747,3256.64,1768,16684.0
505748,320.5,138,14897.0
505755,646.55,313,13408.0
505756,184.91,139,14677.0
505757,228.05,123,12838.0
505762,235.88,114,17093.0
505766,50.48,40,14743.0
505769,39.15,27,17572.0
505770,140.55,53,14773.0
505771,305.75,159,14493.0
505772,35.28,108,12925.0
505773,207.6,108,15058.0
505774,350.23,143,17663.0
505775,211.67000000000002,99,14942.0
505776,73.5,30,15717.0
505777,1402.86,700,
505778,149.92000000000002,116,14820.0
505779,199.5,66,13555.0
505780,178.87,128,13117.0
505781,142.2,116,15420.0
505782,129.48000000000002,88,14999.0
505783,237.35000000000002,113,17406.0
505784,25.5,2,17406.0
505785,191.02,74,13993.0
505786,93.0,20,
505787,330.8,81,16814.0
505788,246.7,146,16099.0
505789,183.84,264,15586.0
505790,115.5,70,15990.0
505791,229.86,120,16335.0
505806,371.85,1,14911.0
505809,279.6,103,14665.0
505826,301.09000000000003,105,14021.0
505838,179.05,135,17673.0
505840,661.79,278,17049.0
505841,453.15,113,16736.0
505842,229.5,18,13555.0
505843,1007.79,309,
505844,55.8,36,13911.0
505845,172.78,90,16756.0
505846,388.1,144,16523.0
505847,197.79,101,14710.0
505848,85.8,84,13911.0
505849,163.2,192,17715.0
505851,545.37,313,12472.0
505852,276.5,331,15384.0
505853,176.4,47,17241.0
505854,493.39,231,14563.0
505855,456.87,414,14186.0
505856,7.8,4,
505858,286.81,163,15111.0
505859,57.83,15,
505860,160.13,26,
505862,118.44999999999999,16,
505863,157.18,14,
505864,27.83,4,
505865,22.68,6,
505866,154.15,23,
505867,227.74,100,13307.0
505868,108.71,15,
505869,108.97999999999999,12,
505870,309.02,38,
505871,221.27,17,
505872,210.48,21,
505873,18.42,5,
505874,143.45,16,
505875,119.22,24,
505876,60.8,7,
505877,486.62,306,12921.0
505878,80.62,14,
505879,249.18,26,
505880,87.82,9,
505881,226.12,31,
505882,173.72,93,14552.0
505883,956.9,288,12471.0
505884,906.0,572,14911.0
505885,228.25,159,16623.0
505886,251.27,365,15311.0
505887,140.75,49,17959.0
505888,1194.33,194,
505889,381.89,215,13012.0
505890,271.67,84,14527.0
505891,336.55,130,13781.0
505916,348.88,189,15867.0
505935,0.0,3,
505941,683.48,292,16858.0
505962,295.85,173,17841.0
505963,355.89,117,14401.0
505964,524.21,297,13015.0
505965,346.12,192,16242.0
505966,534.0,100,18009.0
505967,371.40999999999997,50,18009.0
505968,4.2,10,
505969,355.96,226,17231.0
505970,257.62,144,12712.0
505973,884.22,886,14465.0
505974,341.29,213,17449.0
505975,384.31,164,13037.0
505976,334.35,197,14625.0
505977,2519.52,1651,13881.0
505978,856.44,692,13881.0
505979,293.26,178,15601.0
505980,379.92,106,15845.0
505981,5416.8,2140,18102.0
505982,78.64,20,18102.0
505983,143.5,74,13199.0
505984,3707.92,1664,18102.0
505985,796.68,396,18102.0
505986,347.76,200,16186.0
505987,1480.37,625,18102.0
505988,523.08,246,13655.0
505989,239.65,69,13064.0
505990,170.1,401,17966.0
505991,339.6,292,13798.0
505992,21.0,50,17966.0
505993,241.3,94,17221.0
505994,942.46,400,17920.0
505995,458.97,283,15601.0
505996,284.66,395,17348.0
505997,641.05,317,13192.0
505998,550.3,327,15367.0
505999,465.55,333,14837.0
506000,725.15,117,16088.0
506003,2409.2200000000003,1198,16652.0
506004,175.2,16,15633.0
506018,243.35999999999999,144,15369.0
506024,365.03999999999996,216,15369.0
506025,292.21,317,16543.0
506029,683.0,416,16550.0
506047,216.47,74,16782.0
506055,133.5,69,16117.0
506066,1080.2,196,13696.0
506070,1050.85,792,17139.0
506073,55.8,24,17139.0
506080,109.33,164,17332.0
506082,1160.1,766,13178.0
506091,584.06,527,15402.0
506092,105.71000000000001,64,17185.0
506097,296.99,161,16456.0
506099,206.95,68,17991.0
506100,1814.16,824,16749.0
506103,0.0,29,
506104,0.0,5,
506105,0.0,8,
506106,0.0,1,
506107,208.28,92,16354.0
506108,521.88,228,17063.0
506109,195.45999999999998,34,
506110,39.83,3,
506111,464.8,200,12849.0
506112,813.6,240,16210.0
506113,550.3,186,16210.0
506114,812.45,333,13001.0
506115,234.75000000000003,73,12392.0
506116,110.88000000000001,72,13026.0
506117,231.93,227,16408.0
506118,136.25,113,17709.0
506119,186.66,198,16267.0
506120,301.02,324,16170.0
506121,125.46000000000001,62,17035.0
506122,429.25,283,13048.0
506123,183.99,293,16197.0
506125,221.10000000000002,50,14651.0
506127,301.3,175,16351.0
506130,112.14999999999999,53,16011.0
506131,405.06,225,14211.0
506134,265.08,132,16103.0
506135,306.05,171,15070.0
506136,112.20000000000002,84,14882.0
506137,689.47,295,13319.0
506138,310.65999999999997,182,15005.0
506139,217.48000000000002,112,18268.0
506140,462.7,300,15856.0
506141,11.7,7,
506142,1252.95,509,12744.0
506144,19.35,7,15856.0
506145,6.35,1,
506146,2323.34,599,
506149,30.4,5,12748.0
506154,192.12,68,14471.0
506162,2525.86,2003,13081.0
506163,1443.02,564,15498.0
506164,306.0,120,17941.0
506165,457.33,417,14912.0
506167,516.21,587,16138.0
506168,550.8000000000001,210,13958.0
506169,92.6,44,13958.0
506170,310.14,200,14237.0
506171,305.2,92,14110.0
506172,236.28,324,16742.0
506173,585.0,300,12939.0
506174,714.0,496,16182.0
506175,250.04,44,14978.0
506176,538.8,228,17635.0
506177,365.2,86,14770.0
506178,495.0,212,16841.0
506189,291.6,231,16779.0
506209,690.05,453,15791.0
506222,97.25,149,18135.0
506223,647.8199999999999,379,16461.0
506224,1192.27,300,
506225,412.5,290,17491.0
506226,838.69,275,13047.0
506227,333.49,110,13539.0
506228,1049.66,455,13775.0
506229,153.0,60,18273.0
506230,2222.08,1456,13694.0
506231,151.2,720,13694.0
506232,160.96,56,14177.0
506233,41.4,12,14177.0
506239,9.95,1,14177.0
506241,184.95,133,15311.0
506242,376.70000000000005,178,14194.0
506243,74.35,20,
506244,950.3100000000001,524,14194.0
506245,294.32,60,16447.0
506246,379.92,248,14194.0
506247,262.35,147,18049.0
506248,341.9,184,14724.0
506249,885.5400000000001,412,12876.0
506250,471.65999999999997,800,16327.0
506251,282.3,78,14344.0
506252,229.05,100,14399.0
506253,264.19,144,17346.0
506254,1242.63,951,12714.0
506255,319.75,191,16384.0
506256,611.9000000000001,242,14233.0
506258,306.20000000000005,354,15738.0
506259,4.2,2,
506260,277.93,94,12717.0
506261,160.75,71,17605.0
506262,460.43,293,12839.0
506263,403.42,214,14739.0
506264,183.76,120,13715.0
506265,228.4,132,14389.0
506266,252.84,152,16648.0
506267,249.7,64,12695.0
506268,171.0,60,15445.0
506269,122.95,63,15101.0
506270,428.3,232,18260.0
506271,117.0,60,13238.0
506272,80.4,36,14648.0
506273,105.85,67,16359.0
506274,93.0,20,17262.0
506275,46.5,10,17262.0
506276,592.94,258,17581.0
506277,321.3,176,17581.0
506278,339.75,111,12698.0
506279,257.41,91,13976.0
506281,587.61,199,14395.0
506282,76.5,6,17406.0
506283,644.17,377,14422.0
506285,785.16,832,16767.0
506287,256.16,116,13041.0
506288,228.29999999999998,66,14403.0
506289,686.52,428,13758.0
506290,1124.98,462,14911.0
506292,316.85,240,15641.0
506293,1898.57,739,13802.0
506294,136.05,93,17377.0
506295,1007.08,425,15125.0
506296,8.75,7,17377.0
506297,81.6,32,14275.0
506298,146.49,25,12748.0
506299,758.1800000000001,636,14849.0
506300,57.5,38,13655.0
506301,105.69999999999999,46,14249.0
506303,340.19100000000003,194,14249.0
506305,154.2,76,13070.0
506308,578.65,305,14911.0
506309,85.53999999999999,46,12758.0
506311,214.15,109,17841.0
506312,144.2,27,17886.0
506313,1638.29,361,
506314,84.77,25,12835.0
506317,673.74,426,13694.0
506344,347.34,244,17730.0
506346,197.7,44,15691.0
506347,156.87,59,14512.0
506361,819.35,361,14961.0
506377,138.79999999999998,41,14527.0
506378,399.6,152,14824.0
506380,168.73,107,17222.0
506381,372.14,389,13477.0
506383,390.6,148,13824.0
506384,1133.6,570,14680.0
506386,148.54,185,15203.0
506387,13.919999999999998,48,15203.0
506388,803.82,413,16383.0
506389,166.27,253,17356.0
506391,405.85,232,18111.0
506393,25.53,300,
506394,1068.52,473,12349.0
506395,16.0,4,17771.0
506397,317.62,102,14732.0
506399,201.5,92,13969.0
506400,190.75,119,15954.0
506403,107.75,53,16332.0
506404,171.06,148,16008.0
506407,4.95,1,
506408,440.1,110,15768.0
506410,632.35,181,12863.0
506411,372.67,202,13148.0
506412,287.3,116,16607.0
506413,396.45,243,14292.0
506415,130.65,74,17460.0
506416,319.59999999999997,64,13786.0
506428,452.84000000000003,369,15180.0
506433,458.27,237,18141.0
506434,407.43,188,13173.0
506435,1210.96,835,12377.0
506436,107.07000000000001,87,13173.0
506437,303.8,132,15606.0
506438,11.629999999999999,7,
506439,10.350000000000001,3,
506440,280.8,126,17611.0
506442,366.52,177,16520.0
506443,578.9,466,14282.0
506444,481.65000000000003,231,16718.0
506445,1413.75,291,
506446,360.7,250,12982.0
506447,440.05,172,12857.0
506448,447.5,281,17463.0
506449,7.199999999999999,2,
506450,22.45,3,
506451,334.7,446,13077.0
506452,194.6,48,15709.0
506453,1307.27,425,14031.0
506454,490.02000000000004,986,16422.0
506455,48.45,39,16827.0
506456,313.21999999999997,269,15015.0
506457,97.35,57,17406.0
506458,581.15,107,14543.0
506459,206.3,103,12915.0
506460,338.27,278,15861.0
506461,301.73,251,17021.0
506462,62.5,22,14650.0
506463,766.99,371,16258.0
506464,53.849999999999994,29,16258.0
506465,304.5,62,15291.0
506466,94.45,15,14867.0
506467,7210.32,6384,16754.0
506468,216.0,300,17949.0
506469,416.86,246,13481.0
506470,118.5,50,15605.0
506471,254.4,240,16754.0
506472,710.4399999999999,250,17230.0
506475,108.43,21,13856.0
506478,396.0,240,16748.0
506487,1354.5,851,12806.0
506494,304.47999999999996,60,14299.0
506496,333.75,330,17005.0
506555,1637.62,786,17677.0
506556,164.74,75,14994.0
506557,129.6,96,13249.0
506558,124.92999999999999,103,15013.0
506559,649.46,432,
506560,405.38,270,15819.0
506561,99.6,72,15819.0
506562,301.34,222,16150.0
506564,306.57000000000005,137,16096.0
506565,145.0,100,17677.0
506566,469.67,334,14648.0
506569,340.5,284,15818.0
506570,181.95,83,14201.0
506571,408.4,3601,
506572,455.14,152,16374.0
506573,294.3,191,15984.0
506574,112.45,43,14467.0
506575,59.4,36,15984.0
506576,1655.71,446,
506577,968.53,201,
506578,395.34999999999997,151,12708.0
506579,1388.54,798,12374.0
506580,0.0,47,
506581,2292.48,1536,14045.0
506582,759.36,1,
506600,155.9,85,16792.0
506601,73.8,1,
506603,430.0,140,12989.0
506604,456.69,235,13317.0
506606,29.55,9,13317.0
506609,172.10999999999999,85,13230.0
506615,938.79,413,15808.0
506647,25.53,1,
506665,13.649999999999999,7,
506669,146.56,386,14683.0
506673,255.32,170,17602.0
506675,272.32,160,17243.0
506676,186.1,92,16977.0
506677,77.46000000000001,130,15173.0
506678,34.0,4,16977.0
506679,175.2,16,18260.0
506680,167.64,170,14460.0
506681,410.4,288,17519.0
506682,411.46,294,15253.0
506683,206.49,106,15418.0
506684,978.68,448,13093.0
506685,136.2,60,16651.0
506686,126.57,58,17287.0
506687,612.5,450,12931.0
506688,131.83,67,17565.0
506689,205.57,91,15046.0
506690,119.0,70,15373.0
506691,142.20000000000002,84,12971.0
506692,168.55,84,17068.0
506693,127.05,76,15795.0
506694,118.05000000000001,51,15732.0
506695,127.21000000000001,41,16326.0
506696,129.79,49,16119.0
506697,334.88,132,17675.0
506698,311.32,122,14740.0
506699,206.2,94,14040.0
506700,1381.98,726,13136.0
506701,420.46000000000004,153,13078.0
506702,160.5,114,15229.0
506705,176.73,124,17228.0
506706,136.13,59,16549.0
506707,1098.27,631,14156.0
506708,306.91,127,15719.0
506709,403.27,242,15426.0
506710,611.5,302,13465.0
506711,115.4,65,17051.0
506712,231.85000000000002,89,12662.0
506713,133.79999999999998,73,12765.0
506714,75.84,35,12932.0
506715,1021.91,233,13113.0
506716,150.95,86,17555.0
506717,464.4,175,12540.0
506718,382.3,200,17091.0
506720,292.68,142,17157.0
506721,539.25,362,12507.0
506723,202.78,154,14872.0
506724,1284.15,260,
506726,381.46000000000004,180,15240.0
506727,0.0,1,
506728,0.0,2,
506729,156.3,42,13842.0
506730,694.66,434,14911.0
506731,269.34,498,14911.0
506735,374.5,127,16317.0
506737,0.0,64,
506738,0.0,16,
506740,269.34,1,14911.0
506741,958.89,1015,15311.0
506742,46.08,72,15311.0
506743,303.85,87,15039.0
506744,24.8,12,16161.0
506747,292.03000000000003,153,15183.0
506748,0.0,70,
506754,651.53,299,14110.0
506755,63.5,10,14110.0
506781,992.04,328,14895.0
506785,292.75,105,14895.0
506794,405.1,198,13143.0
506812,120.83,179,14988.0
506818,328.16,290,18245.0
506819,0.0,90,
506820,725.25,441,17504.0
506821,285.51,153,17644.0
506822,69.75,15,15215.0
506825,0.0,48,
506830,306.93,64,13542.0
506831,853.35,425,16145.0
506834,785.52,376,16450.0
506837,108.88,75,15889.0
506839,1126.0,561,12503.0
506840,1008.9499999999999,705,12725.0
506841,163.2,64,13081.0
506842,933.72,518,16938.0
506843,459.55,195,15122.0
506857,107.69,38,17757.0
506858,449.06,278,13418.0
506859,1.65,1,17961.0
506860,728.84,452,18163.0
506861,121.71000000000001,49,14962.0
506862,96.30000000000001,26,13643.0
506863,289.87,109,15391.0
506865,351.89,155,17841.0
506867,0.0,3,
506869,1463.98,262,
506870,198.03,179,15325.0
506871,978.38,168,
506872,0.0,48,
506873,337.73,261,17188.0
506876,426.85,173,16526.0
506878,129.35,13,17236.0
506880,373.18,112,13039.0
506884,29.95,1,
506887,160.10000000000002,52,15291.0
506889,76.02,46,15590.0
506891,115.2,720,14609.0
506894,508.20000000000005,156,15396.0
506895,237.73999999999998,148,15590.0
506897,243.08,120,13393.0
506898,301.9,186,16135.0
506900,920.3100000000001,375,14175.0
506901,105.35,33,13591.0
506902,233.45,201,14025.0
506904,250.0,1,
506905,415.50000000000006,66,14735.0
506906,309.56,428,15513.0
506907,396.3,228,12649.0
506909,250.92000000000002,204,18061.0
506920,468.64,240,16124.0
506947,145.28,60,17377.0
506948,130.5,56,16347.0
506949,165.6,96,14849.0
506950,167.1,102,15822.0
506951,187.4,38,14560.0
506953,132.15,49,17759.0
506954,796.6,117,17819.0
506956,317.29,200,16415.0
506957,127.82000000000001,34,18231.0
506958,213.74,89,14878.0
506959,1181.45,225,
506960,79.2,144,14560.0
506961,365.48,158,14437.0
506962,691.03,145,14936.0
506963,952.41,1415,15306.0
506964,1215.6100000000001,897,17920.0
506965,503.45,439,14936.0
506974,260.20000000000005,218,17021.0
506976,606.81,672,18041.0
506977,37.980000000000004,18,15488.0
506981,818.55,453,14680.0
506982,321.06,118,17230.0
506983,125.39999999999999,123,
506984,153.3,84,13512.0
506985,126.59,84,17324.0
506986,192.05,133,18028.0
506991,465.84000000000003,432,17307.0
506992,566.86,258,15023.0
506993,311.15,57,15291.0
506994,0.0,21,
506997,324.67,125,13468.0
507000,888.85,541,16746.0
507001,94.53,57,15868.0
507002,250.3,120,15260.0
507003,124.73,47,15260.0
507005,868.32,984,16422.0
507006,642.5699999999999,248,15097.0
507007,157.19,15,
507008,317.53,32,
507009,178.18,19,
507010,109.53,18,
507011,120.31,20,
507012,8.049999999999999,2,
507013,31.97,9,
507014,135.56,18,
507017,27.65,15,17345.0
507018,17.700000000000003,6,15097.0
507019,212.38,25,
507020,186.72,292,17345.0
507021,349.5,10,15381.0
507022,8.42,2,
507023,103.68,14,
507024,14.299999999999999,3,
507025,1521.75,285,
507026,331.54999999999995,139,14205.0
507027,364.50000000000006,50,13999.0
507028,841.17,461,15704.0
507029,804.76,412,16556.0
507032,60.199999999999996,28,14560.0
507034,256.8,144,13089.0
507035,315.82,154,17597.0
507036,147.68,106,17324.0
507037,0.0,97,
507038,472.11,273,15615.0
507039,166.89,39,12958.0
507040,15.0,4,17961.0
507041,1031.9,706,14258.0
507042,247.98000000000002,84,13713.0
507045,142.08,80,16168.0
507046,144.3,22,16168.0
507047,235.64000000000001,148,16636.0
507048,275.8,16,14370.0
507049,15.299999999999999,6,14370.0
507050,310.83,284,13400.0
507051,471.76,276,12583.0
507052,302.35,161,16844.0
507053,115.4,20,15591.0
507054,217.6,84,17002.0
507056,307.64,388,18220.0
507058,348.85,121,12567.0
507059,107.69999999999999,54,16353.0
507060,662.25,1,12422.0
507061,396.2,1,12422.0
507062,1224.36,156,12709.0
507063,528.32,208,17469.0
507064,855.38,398,14911.0
507091,307.62,202,13446.0
507113,302.3,128,15129.0
507114,307.66,82,13750.0
507115,385.62,228,13183.0
507116,1531.65,400,
507117,80.74,109,15311.0
507119,63.5,10,15311.0
507120,385.43,427,12972.0
507121,269.48,117,13772.0
507122,6564.37,4557,12678.0
507124,201.68,128,16710.0
507125,153.15,50,18009.0
507126,6.35,1,
507127,101.32999999999998,173,16742.0
507128,406.55,59,14527.0
507129,129.09,45,15860.0
507130,512.4300000000001,244,12523.0
507132,699.17,429,13576.0
507133,502.94,224,14461.0
507138,14.05,3,
507147,31.9,12,
507148,461.62,266,12388.0
507149,671.64,224,13102.0
507150,512.3,222,13175.0
507151,575.68,232,17242.0
507152,370.21000000000004,123,17739.0
507153,311.94,169,16366.0
507156,593.49,308,12682.0
507157,424.13,166,16814.0
507158,948.13,732,12621.0
507159,114.21,38,16707.0
507160,135.04000000000002,232,17199.0
507161,174.59,97,14272.0
507163,414.87,167,15027.0
507165,7.8,4,
507166,247.83,79,13024.0
507167,20.0,16,
507170,207.01999999999998,164,14745.0
507175,8.5,1,
507176,750.28,561,17069.0
507177,1257.82,280,
507178,12569.48,8396,14646.0
507179,4751.16,2692,14646.0
507180,310.15999999999997,54,15768.0
507181,681.36,696,14646.0
507183,140.68,71,12835.0
507186,398.4,196,13891.0
507187,0.0,480,
507190,0.0,50,
507193,595.18,726,16843.0
507194,533.8,338,16108.0
507196,23.400000000000002,36,16843.0
507197,20.4,24,16843.0
507199,168.29,123,16890.0
507205,350.38,94,16560.0
507206,673.86,394,13870.0
507207,271.75,147,12997.0
507208,165.85000000000002,99,13214.0
507210,2576.62,1476,14156.0
507211,47.7,6,13081.0
507212,88.0,32,17406.0
507213,264.13,107,13974.0
507216,477.8,138,16126.0
507218,240.63,178,14713.0
507223,151.97,179,17323.0
507227,898.45,575,15955.0
507228,177.94,122,16794.0
507229,178.94,107,17530.0
507231,117.30000000000001,46,15664.0
507232,354.24,336,15290.0
507233,364.32,936,14316.0
507234,207.3,110,14826.0
507235,6361.97,6846,14298.0
507236,60.0,48,14298.0
507237,69.84,60,15423.0
507238,371.11,237,15680.0
507239,12.600000000000001,6,13539.0
507240,446.22,618,15498.0
507241,312.5,190,16174.0
507242,390.0,144,13199.0
507243,314.59000000000003,205,15312.0
507244,1051.1999999999998,96,17949.0
507245,951.0,636,17949.0
507246,2121.36,1524,16754.0
507247,111.00000000000001,48,16027.0
507248,754.8000000000001,408,17949.0
507249,254.99999999999997,100,16013.0
507250,42.5,50,16013.0
507251,244.79999999999998,96,13694.0
507252,394.85,284,12681.0
507253,2085.0,1300,13694.0
507254,108.0,432,13694.0
507255,131.15,36,17225.0
507256,178.07,138,17798.0
507258,610.6,304,15382.0
507259,760.65,423,15738.0
507260,355.95,269,15738.0
507261,337.33,140,12872.0
507263,0.0,6,
507264,0.0,6,
507265,0.0,21,
507266,156.85000000000002,47,13830.0
507269,554.7,298,13408.0
507270,20.16,48,13408.0
507272,75.0,60,14195.0
507273,333.2,392,14195.0
507275,210.1,130,13890.0
507276,0.0,120,
507277,0.0,100,
507278,0.0,288,
507279,414.84999999999997,137,13013.0
507280,35.1,18,16444.0
507281,922.84,392,13089.0
507282,372.0,256,13089.0
507283,29.96,4,13089.0
507285,336.79999999999995,184,13798.0
507286,358.22,226,13798.0
507287,386.6,148,13798.0
507288,83.42,68,17609.0
507289,574.44,220,14535.0
507290,154.21,93,14814.0
507291,44.85,6,17609.0
507292,3751.54,334,
507293,0.42,1,
507294,16.080000000000002,2,
507295,267.9,188,18254.0
507296,429.47,153,15465.0
507297,305.7,198,13313.0
507299,0.0,96,
507300,0.0,9,
507304,0.0,2880,
507306,1857.0,1090,17031.0
507315,435.15999999999997,282,12490.0
507340,313.0,180,15797.0
507356,327.07,153,14755.0
507357,20.4,24,14755.0
507359,1023.74,573,17028.0
507360,561.52,360,13209.0
507362,0.0,160,
507363,0.0,192,
507364,121.8,78,17808.0
507366,290.4,240,18094.0
507367,204.4,128,16632.0
507368,111.95,66,13969.0
507369,768.03,328,17400.0
507370,175.25,59,13007.0
507371,242.4,92,13514.0
507372,553.92,156,13634.0
507373,179.0,58,13595.0
507374,576.0,196,17920.0
507375,159.4,34,13589.0
507376,591.82,339,13979.0
507377,285.83,185,13571.0
507378,100.16,48,13117.0
507379,504.42,94,14916.0
507380,240.44,106,13838.0
507381,440.34999999999997,449,16954.0
507382,380.7,188,14110.0
507383,184.02,194,14839.0
507385,176.63,131,17332.0
507386,1063.8799999999999,728,14911.0
507387,244.5,150,17137.0
507388,711.23,308,14474.0
507389,117.65,36,17969.0
507390,363.90000000000003,202,15498.0
507391,343.44,200,14044.0
507392,42.5,50,14177.0
507393,2814.41,1147,14911.0
507394,295.65,121,16466.0
507395,115.51,55,13598.0
507396,956.9300000000001,317,14911.0
507397,186.98000000000002,64,13491.0
507398,150.21,48,17913.0
507399,1438.19,729,13802.0
507400,85.59,49,14606.0
507401,228.56,227,15555.0
507402,88.48,12,15611.0
507403,194.99,92,14606.0
507404,6.5,4,14606.0
507405,266.95,77,15109.0
507407,667.45,295,14221.0
507408,487.08,182,18094.0
507409,34.7,10,18094.0
507410,22.5,18,15555.0
507411,277.48,56,14496.0
507412,178.3,72,17926.0
507413,111.94,75,17807.0
507414,799.36,672,14107.0
507416,403.39,179,14678.0
507417,823.36,550,13425.0
507418,141.35000000000002,97,17292.0
507419,409.91999999999996,306,14129.0
507420,174.17000000000002,65,12748.0
507421,255.6,192,12748.0
507422,947.6700000000001,414,13952.0
507423,36.8,14,13952.0
507424,246.59,92,12748.0
507425,360.90000000000003,174,17675.0
507426,98.15,38,12361.0
507427,153.6,129,13211.0
507428,79.6,8,17848.0
507429,190.25,59,17372.0
507430,170.4,126,17135.0
507431,347.58,236,16170.0
507432,454.11,467,16655.0
507433,306.89,253,16092.0
507434,166.53,101,16092.0
507435,320.95,151,15661.0
507436,158.6,138,15827.0
507437,80.8,12,13051.0
507438,248.26,61,17994.0
507439,0.0,96,
507440,406.32,384,18095.0
507443,0.0,40,
507445,928.55,374,14329.0
507446,151.52,166,14277.0
507447,119.35000000000001,85,16948.0
507448,1927.64,264,
507449,132.62,72,17720.0
507450,0.0,1000,
507452,337.7,46,15291.0
507453,605.65,227,15674.0
507455,674.02,351,
507458,242.93,119,15561.0
507459,187.99,92,15031.0
507461,305.86,90,14239.0
507462,304.7,166,14404.0
507463,757.2,232,14147.0
507464,1621.7999999999997,1908,18102.0
507465,1393.92,192,18102.0
507467,22.55,3,
507472,144.35999999999999,107,17003.0
507476,0.0,140,
507477,182.1,80,14941.0
507478,760.75,185,14911.0
507479,313.8,268,15298.0
507480,0.0,12,
507481,260.40000000000003,120,13013.0
507482,0.0,1200,
507483,192.15,79,12951.0
507484,97.75,49,
507485,324.0,285,17365.0
507510,373.2,166,13426.0
507521,996.9000000000001,390,12843.0
507536,301.09000000000003,95,13267.0
507560,214.70999999999998,251,14361.0
507564,176.81,57,13711.0
507584,59.699999999999996,6,13407.0
507586,436.46999999999997,245,17841.0
507589,116.2,60,14512.0
507591,320.95,145,17169.0
507593,105.0,28,12843.0
507594,334.0,200,15981.0
507595,272.75,63,16130.0
507597,481.3,344,17700.0
507600,549.1,170,12917.0
507601,0.0,20,
507604,1665.8,310,
507606,189.74,115,17550.0
507608,231.66,210,15141.0
507610,102.31,129,15141.0
507611,118.45,41,16661.0
507613,286.12,172,15005.0
507614,254.45,177,17552.0
507615,245.1,314,17552.0
507616,429.5,210,16029.0
507617,250.29000000000002,92,17482.0
507619,372.89,295,15311.0
507620,821.6,547,12813.0
507621,151.42,36,14590.0
507622,304.38,117,17579.0
507624,1192.64,622,16873.0
507634,1149.3700000000001,761,14298.0
507635,314.68,102,17612.0
507636,32.550000000000004,9,17563.0
507637,1157.15,10201,
507639,309.55,105,13319.0
507640,91.5,21,13319.0
507641,135.39,62,14588.0
507642,314.25,159,14533.0
507643,293.15,47,16614.0
507646,351.14000000000004,234,16422.0
507647,369.21000000000004,193,18275.0
507648,142.5,102,15555.0
507649,864.59,78,
507654,353.42,682,13585.0
507659,306.0,36,17077.0
507660,944.5,335,12675.0
507661,0.0,8,
507664,293.06,130,17871.0
507666,303.95,238,12839.0
507667,621.2,582,12867.0
507668,308.6,212,13450.0
507669,488.7,233,15078.0
507673,927.5500000000001,593,14911.0
507674,260.18,137,16631.0
507676,71.94,10,16631.0
507678,319.45,181,15633.0
507682,146.16,96,16323.0
507685,417.59999999999997,288,16737.0
507687,837.11,370,12582.0
507689,339.8,112,17545.0
507690,128.6,56,14825.0
507691,372.8,173,14395.0
507692,259.74,48,12600.0
507693,521.0,104,14055.0
507694,250.21,119,12935.0
507695,82.97999999999999,78,12935.0
507696,170.05,45,14915.0
507697,499.48,498,12599.0
507698,1041.51,627,14426.0
507699,120.32,92,18281.0
507700,314.79,235,16945.0
507701,96.05,60,17388.0
507703,139.65,43,17377.0
507705,266.6,188,13695.0
507706,55.35,21,17540.0
507707,1926.4,2359,17428.0
507710,1069.42,978,13206.0
507711,236.06,369,
507712,1859.72,424,
507713,246.54,94,13943.0
507715,1244.6,1120,13881.0
507726,0.0,3,
507727,0.0,5,
507728,790.38,473,13093.0
507732,163.75,71,17454.0
507735,411.51,143,17321.0
507736,381.52000000000004,238,13001.0
507737,315.81,138,17238.0
507749,100.80000000000001,48,16013.0
507750,290.81,120,16419.0
507768,295.08,128,16525.0
507791,254.0,40,17018.0
507792,187.5,50,16013.0
507793,324.51,377,12549.0
507794,562.55,923,15523.0
507800,0.0,48,
507801,0.0,19,
507813,0.0,23,
507816,0.0,23,
507818,319.90000000000003,386,12960.0
507819,141.85000000000002,57,14344.0
507821,205.72,143,14530.0
507824,0.0,2,
507826,0.0,15,
507829,0.0,3,
507831,0.0,279,
507833,0.0,38,
507837,681.41,721,15358.0
507838,698.87,445,15034.0
507839,43.65,19,13980.0
507840,107.2,87,16487.0
507841,318.40000000000003,542,13397.0
507842,272.23,256,16846.0
507843,679.98,126,15149.0
507844,88.5,30,13222.0
507845,2174.1,694,15497.0
507846,121.35000000000001,97,13296.0
507847,435.85,571,16307.0
507848,123.34,66,13103.0
507853,0.0,8,
507867,0.0,8,
507868,0.0,12,
507869,0.0,10,
507877,0.0,11,
507879,344.7,418,16805.0
507880,515.61,144,12455.0
507881,1425.27,223,
507882,0.0,1,
507883,343.87,93,15696.0
507885,0.0,37,
507886,0.0,5,
507888,352.91,179,13004.0
507889,170.8,105,15862.0
507891,59.4,36,17552.0
507914,276.65999999999997,388,14014.0
507915,306.5,274,13295.0
507916,670.8,140,15061.0
507917,190.5,30,15061.0
507918,632.5,394,15061.0
507920,310.9,158,13740.0
507921,135.6,168,14391.0
507922,88.7,69,17705.0
507923,621.93,569,17364.0
507924,516.08,380,17504.0
507926,424.76,210,12905.0
507932,0.0,45,
507940,0.0,18,
507943,121.74,178,13834.0
507944,0.0,43,
507970,0.0,48,
507975,1980.0,1200,15769.0
507996,4997.44,3775,17511.0
507997,69.6,48,14707.0
507998,606.28,381,16779.0
507999,637.2,331,12580.0
508001,0.0,3,
508002,360.5,52,17389.0
508003,241.22,158,15012.0
508012,394.83000000000004,281,15252.0
508013,0.0,71,
508014,0.0,87,
508027,0.0,25,
508029,0.0,4,
508030,0.0,195,
508031,0.0,3,
508032,0.0,1,
508036,0.0,23,
508037,146.34,42,16891.0
508038,646.85,471,14854.0
508039,192.64,166,16898.0
508040,413.55999999999995,320,17508.0
508043,162.4,50,13044.0
508045,572.96,275,14680.0
508048,552.4,309,17016.0
508049,212.0,200,12931.0
508050,1676.3300000000002,583,14062.0
508051,309.45,73,17845.0
508052,740.7,172,14685.0
508053,535.37,147,12418.0
508054,126.74,75,17845.0
508055,264.05,67,13998.0
508058,15.0,4,17845.0
508059,312.3,273,13141.0
508060,727.39,271,13052.0
508061,192.96,142,15311.0
508062,344.87,204,12494.0
508063,22.5,6,13979.0
508064,719.8,112,16993.0
508065,355.46000000000004,138,15186.0
508066,101.7,16,18231.0
508067,94.25,35,12838.0
508068,267.61,167,13756.0
508069,256.0,86,14025.0
508070,515.8000000000001,136,13632.0
508071,75.72,288,17484.0
508072,445.66,200,16814.0
508073,310.74,155,15405.0
508074,267.59,108,17897.0
508075,30.0,1,15149.0
508077,1612.7,309,
508078,336.03999999999996,1636,12482.0
508079,782.0600000000001,584,17092.0
508080,768.44,612,12482.0
508081,206.44,196,12482.0
508082,1024.8,896,12482.0
508084,501.03999999999996,1736,12482.0
508086,120.0,168,12482.0
508087,120.0,168,12482.0
508088,240.0,336,12482.0
508089,120.0,168,12482.0
508090,120.0,168,12482.0
508092,215.04,216,17180.0
508093,237.28,128,17157.0
508094,2532.82,1796,12931.0
508095,4798.8,3560,12931.0
508096,4815.8,3564,12931.0
508097,732.42,430,12683.0
508098,1466.38,974,14156.0
508099,63.419999999999995,232,15470.0
508100,336.55,221,15805.0
508101,755.42,310,12647.0
508102,300.90000000000003,104,15199.0
508103,115.08000000000001,100,14039.0
508104,712.28,256,16088.0
508105,525.24,1854,13892.0
508106,516.8,200,13220.0
508107,175.9,54,12971.0
508108,323.79,176,15064.0
508117,230.1,166,18197.0
508141,0.0,120,
508147,1236.6000000000001,1164,18092.0
508150,393.62,152,16143.0
508154,140.25,55,17281.0
508156,408.76,166,16550.0
508171,0.0,1,
508172,0.0,1,
508173,279.67,115,13888.0
508174,3.3,2,13888.0
508175,314.12,170,14714.0
508176,338.1,102,13854.0
508177,91.8,36,12549.0
508178,404.75,67,13878.0
508179,0.0,81,
508180,249.91,93,15898.0
508181,12.25,2,
508182,509.04,274,13767.0
508183,494.01,260,17838.0
508184,317.4,150,13078.0
508185,146.72,83,17068.0
508187,311.09999999999997,110,12863.0
508188,238.8,114,15597.0
508189,121.92,219,14064.0
508190,549.62,308,17920.0
508191,113.75,78,16743.0
508192,442.15999999999997,193,14047.0
508193,87.75,30,16906.0
508194,489.12,680,14648.0
508195,207.35999999999999,1152,16754.0
508196,2026.71,609,16754.0
508197,255.61,86,16906.0
508198,310.83000000000004,250,15192.0
508199,0.0,240,
508200,73.5,175,12891.0
508201,78.58,50,12835.0
508202,1835.53,537,17416.0
508203,369.75,221,16807.0
508211,301.92,252,15210.0
508212,273.41,67,13202.0
508213,157.35,33,12894.0
508214,618.23,151,15768.0
508215,426.2,112,12923.0
508217,2691.59,2313,17133.0
508218,0.0,81,
508219,402.91,191,13735.0
508220,169.7,116,18168.0
508221,168.7,72,18225.0
508222,645.35,366,12540.0
508223,204.2,76,17576.0
508224,79.58,34,12540.0
508225,185.1,76,17432.0
508226,192.89000000000001,150,17611.0
508228,2063.35,464,
508235,583.56,319,15478.0
508237,386.19,197,17965.0
508245,856.2,90,17389.0
508247,277.5,98,13761.0
508248,421.8,472,12976.0
508249,319.74,70,18172.0
508251,1612.6599999999999,1400,13157.0
508252,383.4,108,13473.0
508253,413.2,184,13576.0
508311,546.65,220,15218.0
508324,10.9,2,
508327,0.0,404,
508328,142.15,90,16161.0
508329,0.0,144,
508330,337.18,142,12880.0
508331,0.0,24,
508332,189.08,90,16115.0
508333,5106.73,5021,13694.0
508335,120.0,1200,13694.0
508336,164.6,76,16081.0
508337,109.44,288,13694.0
508339,113.15,41,13873.0
508353,275.73,163,16133.0
508356,7.9,2,13319.0
508357,127.20000000000002,24,15759.0
508359,220.75,81,16836.0
508360,236.36,77,15723.0
508361,180.74,96,14667.0
508362,48.9,4,14667.0
508363,23.7,3,
508364,0.0,144,
508366,484.73,231,12748.0
508374,216.79999999999998,24,16588.0
508378,539.04,1992,17414.0
508379,250.55,63,17113.0
508380,8.5,1,
508381,208.79999999999998,144,13089.0
508382,553.9200000000001,156,13634.0
508383,308.09999999999997,198,15311.0
508389,15.299999999999999,6,15329.0
508390,168.25,120,14296.0
508393,2.45,11,
508395,201.65,37,13807.0
508396,39.24,1,
508397,30.35,8,
508398,316.4,189,
508401,376.83,104,15972.0
508402,120.0,102,17888.0
508403,12.2,6,12748.0
508408,314.98,115,13300.0
508409,307.61,223,18245.0
508412,7.05,3,
508451,1540.13,282,
508453,148.5,22,13799.0
508457,456.91999999999996,268,12745.0
508460,120.93,32,13542.0
508461,169.95,43,17243.0
508462,36.75,14,13259.0
508463,126.75,44,13259.0
508464,470.62,251,17581.0
508465,10.08,24,17581.0
508466,92.8,76,17581.0
508467,217.55,141,13561.0
508468,108.75,133,14060.0
508469,88.24,48,17377.0
508470,611.08,281,16922.0
508471,186.12,180,13223.0
508472,788.63,593,18258.0
508473,86.16,184,18258.0
508474,217.36,191,17123.0
508475,127.11,32,17848.0
508477,172.79,77,15774.0
508479,238.34,126,15716.0
508480,148.07999999999998,36,13782.0
508481,552.88,130,14970.0
508482,1086.54,579,13564.0
508483,710.24,345,17841.0
508484,149.04,114,17582.0
508485,142.71,111,16507.0
508486,387.9,230,16456.0
508487,129.19,51,18039.0
508488,71.3,14,13564.0
508489,39.5,10,13564.0
508490,621.37,587,14301.0
508491,318.16,243,16686.0
508492,184.26,86,14264.0
508493,202.2,77,17085.0
508494,1489.46,1234,12806.0
508495,98.38,50,15373.0
508496,678.66,319,16208.0
508497,156.06,36,13957.0
508498,166.69,17,17905.0
508500,483.48,103,15272.0
508501,3681.0,2461,13798.0
508502,1209.1399999999999,638,12731.0
508503,237.78,125,14982.0
508504,1281.0,829,13451.0
508505,91.22,54,16549.0
508506,183.84,79,13230.0
508507,204.54,166,13115.0
508508,641.37,367,14112.0
508509,359.48,106,13408.0
508520,18.4,4,
508521,396.55,125,17268.0
508522,728.4,320,15673.0
508523,648.58,332,12471.0
508524,1193.5,552,17340.0
508525,1012.96,664,18102.0
508527,106.2,36,13089.0
508529,3363.57,2221,18102.0
508551,456.78999999999996,143,15039.0
508581,1071.61,732,18287.0
508592,380.58000000000004,150,13488.0
508593,925.35,547,13488.0
508594,1793.6,1128,16656.0
508610,65.4,12,14962.0
508611,172.07999999999998,89,14667.0
508612,184.96,234,12920.0
508614,308.8,141,13432.0
508615,966.57,550,14156.0
508616,143.55,65,16918.0
508620,442.05,301,17442.0
508621,200.53,177,17442.0
508622,341.0,228,14134.0
508623,107.10000000000001,18,14134.0
508624,373.1,145,16611.0
508625,213.9,145,18157.0
508626,356.45,111,16094.0
508627,115.23,67,16932.0
508628,132.9,155,15280.0
508629,214.75,109,13857.0
508631,2.9,2,13831.0
508635,381.36,249,13719.0
508636,229.75,73,14017.0
508637,220.0,1,12725.0
508638,0.0,288,
508640,966.0,520,15769.0
508641,290.4,168,15311.0
508642,30.72,18,14078.0
508643,2153.42,322,
508644,128.7,82,17928.0
508645,0.0,214,
508646,181.65,58,15023.0
508647,60.0,48,13346.0
508648,0.0,2,
508649,51.06,600,
508650,169.89,130,13605.0
508651,0.0,1,
508652,411.88,274,16400.0
508653,173.12,140,17228.0
508654,2102.16,1413,15296.0
508663,0.0,7,
508664,0.0,3,
508680,0.0,8,
508688,0.0,1,
508699,0.0,1,
508712,0.0,680,
508714,0.0,540,
508721,320.78000000000003,171,14606.0
508723,0.0,4,
508728,200.0,1,12349.0
508730,15.739999999999998,15,
508731,324.78000000000003,122,15227.0
508732,511.73,301,16147.0
508733,610.34,277,15622.0
508734,64.38,28,15622.0
508735,552.62,497,15241.0
508736,671.97,299,14304.0
508739,419.40000000000003,12,12980.0
508742,480.84999999999997,180,14548.0
508743,367.2,144,14147.0
508744,341.28000000000003,240,14739.0
508745,41.050000000000004,16,14548.0
508747,929.85,141,
508748,6250.0,12500,17940.0
508750,405.87,195,13018.0
508751,158.23,153,13018.0
508752,103.84,22,14527.0
508753,81.55,37,13018.0
508755,174.52,82,12835.0
508756,660.0,400,13629.0
508757,0.0,2300,
508758,417.90000000000003,141,16884.0
508759,597.52,385,14680.0
508760,81.6,32,14680.0
508763,186.05,94,16779.0
508765,269.8,56,15967.0
508766,348.25,35,12931.0
508780,435.58,389,15518.0
508793,40.04,24,17961.0
508794,167.4,36,18229.0
508795,153.0,36,18229.0
508796,925.1600000000001,340,15061.0
508797,166.24,62,15071.0
508798,0.0,12,
508800,348.05,143,15311.0
508801,459.71,194,15422.0
508802,6.25,5,17961.0
508807,102.0,24,14201.0
508811,459.39,169,14555.0
508821,1037.7,266,17044.0
508822,595.17,315,13501.0
508823,588.68,322,13650.0
508824,334.1,218,13162.0
508825,187.54,124,17043.0
508840,112.94,30,14744.0
508848,173.79000000000002,108,16699.0
508849,122.7,42,17757.0
508850,389.47,103,15874.0
508851,317.5,50,15981.0
508852,241.4,111,12662.0
508854,1797.96,370,
508856,382.14,226,12913.0
508857,3.4,4,
508858,186.26999999999998,77,17920.0
508861,319.71,148,15984.0
508864,1314.34,698,17589.0
508866,13.200000000000001,24,17589.0
508867,310.35,91,13541.0
508868,34.5,10,18008.0
508869,0.0,12,
508873,348.59,395,15282.0
508874,449.84,214,13097.0
508879,126.11,21,16326.0
508880,217.4,56,13097.0
508897,179.58,298,15456.0
508898,598.01,329,14225.0
508899,595.94,268,16839.0
508900,301.63,117,16835.0
508901,323.31,284,13999.0
508902,0.0,16,
508903,0.0,144,
508904,245.48000000000002,320,14325.0
508905,160.4,120,17560.0
508906,222.46,105,13152.0
508907,310.62,406,16701.0
508908,349.79999999999995,108,13831.0
508909,349.79999999999995,788,13783.0
508910,227.25,83,13491.0
508912,146.29999999999998,78,17243.0
508914,356.07,261,16570.0
508915,284.67,103,16293.0
508917,7.5,6,16699.0
508918,145.2,88,17262.0
508919,334.56,144,17930.0
508920,40.0,32,18194.0
508921,110.3,100,15912.0
508923,27.15,38,15912.0
508924,187.84,72,14035.0
508925,219.84,224,17413.0
508950,120.60000000000001,72,17382.0
508953,100.8,96,17382.0
508958,317.5,50,12823.0
508962,388.94,140,15636.0
508964,384.74,346,15738.0
508972,788.61,536,15727.0
508979,1116.08,221,
508986,693.48,456,14235.0
508992,2.95,1,
508993,233.05,159,14283.0
508994,353.14,226,17490.0
508995,395.58,276,15544.0
508996,311.65,135,13982.0
508997,197.8,100,16059.0
508998,162.07,165,14598.0
508999,150.34,128,17897.0
509000,403.3,160,14210.0
509001,162.07,165,15581.0
509002,307.90000000000003,94,14220.0
509003,0.0,4,
509004,0.0,2,
509005,0.0,2,
509006,0.0,1,
509007,0.0,1,
509008,269.84,430,15157.0
509009,0.0,1,
509010,0.0,1,
509011,299.75,5,16915.0
509012,243.65,65,17623.0
509014,342.12,152,15570.0
509017,96.4,88,13164.0
509018,4.2,10,12748.0
509019,133.35,47,13610.0
509020,60.55,5,16827.0
509021,782.8,146,14442.0
509022,386.3,64,13405.0
509023,147.86,58,17184.0
509024,87.8,40,16564.0
509025,1.65,1,
509026,258.1,82,16103.0
509027,528.5600000000001,170,12837.0
509028,393.49,176,16717.0
509029,891.1700000000001,199,14031.0
509030,463.96000000000004,319,13764.0
509031,174.03,100,17950.0
509032,109.2,24,16664.0
509033,484.68,192,15879.0
509035,402.1,192,18172.0
509037,1000.0,800,13953.0
509038,353.4,207,15410.0
509039,389.1,119,14156.0
509040,325.59000000000003,134,16351.0
509041,476.89,313,14334.0
509043,202.5,54,14952.0
509044,91.79999999999998,60,14952.0
509046,9.3,2,15777.0
509047,416.8,208,13952.0
509049,136.20000000000002,74,15401.0
509050,1088.2,571,13448.0
509051,165.33,84,15854.0
509055,434.9,304,13983.0
509061,465.00000000000006,100,16422.0
509071,339.85,191,16471.0
509075,347.6,120,
509100,428.87,254,17841.0
509115,1215.73,841,17716.0
509117,314.54,167,17797.0
509118,609.98,174,16303.0
509133,344.92,52,14527.0
509134,212.3,85,17068.0
509136,247.19,105,16497.0
509137,111.85,23,16497.0
509139,405.28999999999996,245,14291.0
509141,214.64999999999998,165,14291.0
509142,548.92,221,16985.0
509143,184.85,23,16985.0
509145,113.2,74,17346.0
509146,312.38,118,13797.0
509148,149.63,41,17372.0
509150,105.85,32,13616.0
509151,272.56,233,14606.0
509152,0.85,1,14606.0
509153,1442.32,2488,14828.0
509154,272.3,61,14911.0
509155,434.96,280,17758.0
509156,617.83,319,15025.0
509157,509.71999999999997,408,14101.0
509158,88.36,48,14850.0
509159,226.29,115,15005.0
509160,81.12,48,17740.0
509161,384.96,301,14850.0
509162,0.0,384,
509163,202.87,199,15311.0
509164,365.55,189,16177.0
509165,1109.4,526,15559.0
509166,687.9300000000001,421,15615.0
509167,295.55,189,13213.0
509168,63.5,10,16705.0
509169,50.88,48,16705.0
509170,433.12,132,16705.0
509173,495.24,296,17465.0
509175,343.4,64,15768.0
509178,306.7,146,16604.0
509184,354.47,176,16347.0
509185,9.95,1,16347.0
509186,641.74,252,13659.0
509187,943.97,861,15826.0
509188,404.44,294,12422.0
509189,337.74,260,16607.0
509191,141.57999999999998,116,15660.0
509193,271.46000000000004,136,14513.0
509194,51.0,14,14464.0
509195,282.75,195,12712.0
509196,943.95,465,14671.0
509197,445.87,145,13291.0
509198,1109.75,275,14156.0
509199,634.77,248,12668.0
509200,320.23,193,17738.0
509201,59.6,20,17738.0
509202,14.850000000000001,3,17738.0
509203,14.7,4,
509204,657.4,212,14258.0
509205,15.55,3,
509206,1312.51,250,
509207,1793.02,430,
509208,64.15,24,
509209,347.13,231,17534.0
509210,1318.63,418,12647.0
509211,216.24,204,17949.0
509212,392.97999999999996,206,12431.0
509213,360.23,151,17146.0
509214,0.0,100,
509215,0.0,100,
509216,2062.66,486,14439.0
509217,206.19,89,14311.0
509235,89.0,42,15898.0
509273,37.6,6,14744.0
509276,42.5,5,16326.0
509278,296.27,81,15393.0
509279,264.5,110,16029.0
509284,300.6,161,12583.0
509294,183.6,72,15061.0
509295,0.0,6,
509296,0.0,3,
509300,488.21000000000004,303,12355.0
509302,0.0,19,
509303,0.0,11,
509307,0.0,27,
509311,617.38,454,13089.0
509313,30.599999999999998,12,13089.0
509321,0.0,4,
509322,255.25,123,15260.0
509333,0.0,5,
509337,0.0,2,
509338,0.0,1,
509339,0.0,2,
509340,470.15,120,17675.0
509347,1541.8799999999999,303,
509348,267.83,65,17646.0
509349,35.15,8,
509350,308.0,54,18011.0
509351,574.6999999999999,102,14220.0
509352,5782.0,1600,18102.0
509354,37.6,6,14744.0
509355,151.9,82,13283.0
509356,501.17,253,13148.0
509373,158.55,470,15861.0
509374,305.28,427,14299.0
509375,15.0,1,17448.0
509378,398.18,185,12389.0
509379,188.25,23,15570.0
509381,15.9,2,15570.0
509383,371.14,84,14867.0
509384,3.9,2,
509385,659.66,378,14607.0
509386,600.05,463,14409.0
509388,545.4499999999999,273,14525.0
509389,722.5,318,13174.0
509390,114.88,41,17898.0
509392,357.0,250,16889.0
509393,151.07,72,16121.0
509394,516.7,338,13647.0
509395,302.92,82,17343.0
509396,590.58,246,13330.0
509397,277.97,78,17150.0
509398,632.95,107,12809.0
509399,169.32,54,13019.0
509400,597.8,291,16923.0
509401,326.85,39,16702.0
509402,187.12,57,16782.0
509403,463.23,221,17865.0
509404,1503.8400000000001,368,15251.0
509405,896.16,884,15251.0
509406,75.76,25,16782.0
509407,264.15,80,12974.0
509408,898.03,547,16290.0
509409,360.08,82,18208.0
509410,409.58,161,17769.0
509411,235.56,156,13089.0
509412,347.96,140,15303.0
509413,336.66,247,17920.0
509415,351.09999999999997,158,14010.0
509416,732.6,294,14505.0
509417,164.66,69,17081.0
509418,60.45,31,14505.0
509420,94.05,19,14010.0
509421,115.25,68,17785.0
509422,1209.95,508,14249.0
509423,9.3,6,14249.0
509424,166.14000000000001,351,17596.0
509425,352.71,149,13778.0
509426,25.2,16,17278.0
509427,64.63,69,13856.0
509428,114.17,72,16549.0
509429,406.1,162,16612.0
509430,363.6,281,13394.0
509431,418.38,210,15394.0
509432,311.88,144,15394.0
509433,295.85,137,12621.0
509434,302.2,134,
509435,246.5,113,15555.0
509437,6802.48,4402,12409.0
509438,629.4,377,14920.0
509439,422.4,328,17863.0
509440,849.4300000000001,588,12921.0
509441,108.88,76,16794.0
509442,406.93,218,14560.0
509443,201.6,384,14560.0
509444,464.40000000000003,528,18060.0
509445,299.81,123,16875.0
509446,338.1,78,
509447,394.32,387,12632.0
509448,91.8,48,16831.0
509450,409.7,213,13327.0
509451,279.25,119,15306.0
509452,337.44,192,17448.0
509453,1184.08,738,13381.0
509454,893.74,702,12921.0
509455,168.77,205,17448.0
509456,695.37,169,13047.0
509457,89.25,15,16974.0
509458,93.8,58,14394.0
509459,236.35,43,16233.0
509460,1195.42,737,12759.0
509461,734.72,496,15311.0
509462,103.5,58,16168.0
509463,98.84,32,13963.0
509464,419.55,273,14824.0
509465,290.6,224,13402.0
509466,141.9,122,17314.0
509467,337.85,99,13418.0
509468,243.39999999999998,62,13418.0
509469,69.17,63,14608.0
509470,115.31,61,16185.0
509471,153.65,65,17377.0
509472,10877.18,17766,18052.0
509476,560.71,505,17448.0
509515,169.85,63,15039.0
509518,28.81,11,12835.0
509529,251.25,172,14710.0
509530,0.0,45,
509531,1224.12,1560,13082.0
509532,39.8,4,13082.0
509533,1880.64,337,
509534,76.32000000000001,72,16890.0
509535,580.13,269,13615.0
509536,550.42,358,14911.0
509537,0.0,57,
509538,184.68,156,14745.0
509540,168.31,69,13102.0
509542,108.5,46,15086.0
509543,0.0,4,
509544,302.95,97,14168.0
509545,304.79999999999995,156,14847.0
509546,0.0,480,
509548,301.12,309,16700.0
509564,104.55,63,17293.0
509565,420.36,220,16229.0
509566,140.32999999999998,75,15183.0
509567,640.82,604,17448.0
509568,302.5,174,12909.0
509569,338.6,153,15518.0
509572,59.92,8,12431.0
509573,304.12,106,14092.0
509574,744.82,360,13206.0
509575,119.05,73,15173.0
509576,351.26,158,14315.0
509577,280.11,154,17338.0
509578,416.5,134,15681.0
509579,165.06,88,13468.0
509580,90.8,112,17155.0
509581,752.78,450,14909.0
509582,205.19,169,13983.0
509584,0.0,192,
509585,0.0,42,
509586,0.0,40,
509587,0.0,48,
509588,0.0,29,
509589,0.0,144,
509590,0.0,684,
509591,0.0,74,
509592,0.0,10,
509593,0.0,48,
509595,594.6600000000001,398,17409.0
509596,718.99,225,15808.0
509597,192.9,66,17409.0
509598,274.95,554,17205.0
509600,469.70000000000005,146,16075.0
509601,328.78000000000003,198,13201.0
509604,19.5,4,
509605,12.75,1,
509606,124.25,109,12773.0
509607,124.25,109,18000.0
509609,261.5,162,17412.0
509610,427.85,305,16592.0
509611,646.4300000000001,114,
509615,774.25,535,12802.0
509616,36.9,6,15027.0
509617,325.32,372,16742.0
509618,179.04999999999998,119,15027.0
509621,642.9300000000001,623,15321.0
509623,150.29999999999998,58,15321.0
509625,180.2,72,15321.0
509627,622.04,655,12360.0
509631,398.63,235,15182.0
509634,350.15999999999997,587,13324.0
509635,398.7,244,17496.0
509636,810.86,850,16525.0
509637,305.15,89,14422.0
509639,71.7,6,14867.0
509640,127.74,63,16883.0
509641,326.4,128,17230.0
509644,80.0,2,12422.0
509645,385.95,176,15498.0
509646,1.65,1,14745.0
509647,215.10000000000002,58,14527.0
509648,393.32,456,16571.0
509649,1056.0,2640,13027.0
509656,45.1,24,
509660,289.65,159,16175.0
509668,1146.7,522,14049.0
509669,15.0,1,17448.0
509686,559.85,248,16125.0
509700,361.68,484,13989.0
509707,1.7,2,17961.0
509736,0.0,10,
509737,228.45,142,12820.0
509738,984.65,467,14680.0
509739,378.26,417,13266.0
509740,36.13,21,14993.0
509741,8.5,2,15898.0
509742,16.05,3,
509743,979.05,459,17841.0
509745,117.11,93,17920.0
509746,478.93,331,17677.0
509747,35.7,6,14060.0
509748,426.24,190,15217.0
509749,310.83,141,16328.0
509750,1240.87,267,
509751,949.56,472,14744.0
509752,572.88,232,18064.0
509753,34.0,8,18064.0
509754,321.02000000000004,162,14110.0
509759,1078.81,304,14930.0
509764,290.62,107,15421.0
509765,1000.6999999999999,465,16004.0
509766,187.63,83,18181.0
509767,138.93,65,17888.0
509768,191.15,93,17406.0
509769,95.5,60,13048.0
509772,0.0,96,
509773,133.05,47,16658.0
509779,7.97,1,16658.0
509784,0.0,13,
509790,0.0,8,
509793,0.0,9,
509795,0.0,33,
509798,148.75,104,17848.0
509810,150.83,107,17862.0
509817,0.0,23,
509822,234.39000000000001,169,18025.0
509823,0.0,34,
509831,0.0,142,
509833,0.0,29,
509835,0.0,9,
509845,0.0,1,
509849,610.87,575,17694.0
509850,945.0,355,12656.0
509851,1389.26,656,14911.0
509852,125.75,29,16604.0
509854,523.62,1082,16422.0
509855,314.4,312,16422.0
509856,429.0,84,16422.0
509857,308.26,401,14272.0
509858,82.2,50,13911.0
509859,527.23,180,13044.0
509860,194.1,126,15323.0
509861,24.75,15,12748.0
509865,311.99,120,16844.0
509867,452.44,218,15750.0
509868,199.0,160,16013.0
509869,303.38,90,14952.0
509870,306.74,128,13883.0
509871,1111.81,506,14025.0
509873,3596.7,2466,17511.0
509874,170.95000000000002,71,13020.0
509891,4.25,1,17327.0
509898,193.17000000000002,109,17179.0
509903,127.49999999999999,50,15984.0
509913,136.22,100,15900.0
509914,358.65999999999997,230,17685.0
509915,36.25,25,17511.0
509916,189.38,111,14606.0
509919,97.5,50,13242.0
509920,9.9,2,14112.0
509921,203.05,19,17074.0
509922,125.49,63,16008.0
509929,213.9,85,14181.0
509930,245.07999999999998,140,16067.0
509931,323.8,532,16715.0
509932,196.18,24,
509933,184.51999999999998,19,
509934,134.82999999999998,22,
509935,122.89,28,
509936,124.45,23,
509937,322.88,242,14186.0
509938,127.52000000000001,20,
509939,245.29,27,
509940,193.2,28,
509941,191.88,15,
509942,1395.98,1362,16153.0
509943,387.7,284,14648.0
509944,295.1,27,
509945,336.75,29,
509947,300.68,36,
509948,228.81,25,
509949,109.77000000000001,22,
509951,167.6,27,
509952,202.79,33,
509953,304.74,31,
509954,39.56,7,
509955,32.26,2,
509956,370.09000000000003,130,14715.0
509957,260.65999999999997,30,
509958,222.48,100,14399.0
509959,186.3,25,
509960,439.67,55,
509961,2.98,1,
509962,345.32,35,
509965,462.38,252,15078.0
509966,31.8,4,14867.0
509967,235.78,248,16046.0
509968,17.4,12,15827.0
509970,155.65,53,15827.0
509971,206.39000000000001,41,13684.0
509972,1625.31,304,
509973,1445.29,671,14938.0
509974,877.14,698,14938.0
509975,368.88,114,13985.0
509976,302.75,237,16170.0
509977,231.62,82,14651.0
509979,101.99,1,12843.0
509980,1407.7,787,12378.0
509981,14.98,2,
509982,728.75,355,12924.0
509983,225.57,169,13880.0
509984,116.0,54,16458.0
509985,363.01,177,12681.0
509989,203.70000000000002,102,14285.0
510001,364.32,287,14649.0
510002,1021.2,216,13881.0
510004,318.3,138,13089.0
510016,337.2,156,16369.0
510018,141.7,62,16986.0
510035,202.16,76,17157.0
510037,301.66,150,16620.0
510038,523.65,363,13920.0
510040,333.52,292,14626.0
510041,2396.61,1,
510042,127.2,24,13169.0
510043,375.0,300,15389.0
510047,1168.2,643,15856.0
510048,59.4,36,17388.0
510049,425.86,310,18242.0
510050,1.68,4,
510051,308.96000000000004,204,13446.0
510053,474.77,433,13485.0
510054,718.51,375,17499.0
510055,126.24,68,15278.0
510056,112.19999999999999,108,15278.0
510057,267.37,79,12747.0
510058,118.43,59,14754.0
510059,105.5,76,15340.0
510060,91.36,62,16234.0
510062,17.4,12,15827.0
510063,593.45,259,14740.0
510064,1515.97,391,
510066,131.67,61,15311.0
510067,1894.34,918,13802.0
510069,471.84,412,16735.0
510070,376.63,91,14770.0
510071,34.8,24,16735.0
510072,192.29,131,16392.0
510078,981.7,619,14113.0
510088,158.63,118,16391.0
510091,307.95,127,13874.0
510110,109.54,24,14527.0
510114,71.95,37,15256.0
510115,0.0,24,
510116,236.3,46,14735.0
510117,90.45,27,13080.0
510118,182.7,104,17699.0
510119,412.49,160,15719.0
510134,754.35,373,13771.0
510135,136.9,46,13771.0
510136,118.64,172,15878.0
510137,189.78,88,17068.0
510138,172.0,92,16946.0
510139,162.15,181,16695.0
510140,506.0,206,18094.0
510141,115.37,34,14069.0
510142,24.97,7,
510143,297.6,264,16186.0
510144,29.75,3,16695.0
510145,595.78,272,15218.0
510146,259.82,294,18061.0
510147,227.5,66,14040.0
510148,823.51,434,16101.0
510149,359.85,219,17873.0
510150,1141.62,778,13093.0
510151,115.1,44,13173.0
510152,363.11,77,13078.0
510153,8.5,1,16947.0
510154,8.5,2,16947.0
510155,567.38,590,14739.0
510157,568.82,377,13715.0
510158,6.5,2,18181.0
510161,82.5,32,14692.0
510162,203.6,144,14876.0
510163,322.78000000000003,102,16814.0
510164,882.6,316,13694.0
510165,307.58,182,16351.0
510166,203.65,153,15013.0
510167,309.55,167,12982.0
510168,335.64,180,15633.0
510169,367.86,80,15768.0
510170,1445.3,766,13001.0
510171,870.78,726,16422.0
510172,678.87,587,18145.0
510173,1004.37,562,18257.0
510174,743.87,391,13357.0
510175,22.5,6,
510176,305.2,82,12609.0
510177,35.879999999999995,55,16691.0
510178,0.0,23,
510180,564.47,259,17238.0
510181,530.4499999999999,598,15785.0
510182,487.92,916,15985.0
510183,15.95,1,
510184,89.88,84,15607.0
510186,113.2,60,16218.0
510188,416.78000000000003,273,12854.0
510189,280.76,134,13101.0
510190,121.38,66,17969.0
510191,438.53,203,16451.0
510192,298.46,190,17841.0
510193,3.42,18,17841.0
510194,226.74,156,15015.0
510195,103.85,54,13230.0
510196,127.31,81,17189.0
510197,520.98,216,17231.0
510199,196.25,68,14738.0
510204,2837.04,2584,16754.0
510218,200.7,58,13824.0
510221,194.0,88,15400.0
510222,310.62,218,13798.0
510225,1449.75,251,14543.0
510227,351.84000000000003,192,14408.0
510228,1564.0,295,
510230,733.03,853,17311.0
510232,791.05,431,15674.0
510239,610.1,310,13929.0
510240,211.9,113,17463.0
510241,450.34000000000003,248,15254.0
510243,76.5,6,13929.0
510245,59.699999999999996,6,13929.0
510246,356.8,304,13599.0
510249,79.6,8,13599.0
510250,152.64000000000001,144,15061.0
510258,113.84,20,12835.0
510262,361.58000000000004,326,14006.0
510271,165.59,87,15862.0
510272,15.9,2,12835.0
510291,751.65,287,13338.0
510292,169.38,58,13602.0
510296,328.75,209,13004.0
510299,100.35,33,13723.0
510319,41.400000000000006,60,17741.0
510320,183.53,67,17822.0
510321,5.95,1,
510322,387.7,159,14530.0
510323,320.95,139,18177.0
510324,140.14,140,12619.0
510325,422.78,276,14395.0
510326,333.8,250,15738.0
510327,8.95,1,14395.0
510328,79.9,2,
510329,891.39,801,17822.0
510330,378.61,129,16190.0
510331,1458.71,1266,13081.0
510332,237.94,142,13728.0
510334,184.15,59,17241.0
510338,311.75,204,13875.0
510348,45.6,120,12643.0
510350,135.95,55,17583.0
510351,3.4,4,17238.0
510352,167.43,158,17965.0
510353,217.73,33,16035.0
510354,393.72,302,12499.0
510355,23.75,5,
510356,15.95,1,
510357,146.4,96,17389.0
510358,53.86,88,18044.0
510359,0.0,60,
510360,158.47,140,14104.0
510361,4.6,2,
510363,417.11,123,14031.0
510364,655.76,357,17364.0
510365,0.0,60,
510366,0.0,96,
510408,10.86,9,
510409,24.8,4,
510410,1523.64,303,
510411,186.95000000000002,176,17243.0
510412,968.6,524,17920.0
510413,222.83,184,15580.0
510414,451.14,142,15555.0
510416,384.75,114,13113.0
510417,405.64,219,14546.0
510419,115.33,99,16206.0
510420,83.23,19,15860.0
510421,1071.3,498,13408.0
510422,1033.69,811,16873.0
510423,79.9,2,18151.0
510424,250.44,105,17085.0
510425,69.30000000000001,14,15611.0
510426,159.4,209,16011.0
510427,291.11,121,16934.0
510428,385.19,249,17617.0
510429,267.32,168,17618.0
510430,134.3,66,15443.0
510431,1440.81,573,15513.0
510432,17.0,2,15513.0
510433,120.14,58,15571.0
510434,30.5,16,
510435,257.45,111,14454.0
510436,180.64999999999998,67,12943.0
510438,213.29,273,15916.0
510439,607.21,369,14572.0
510440,13.44,32,17808.0
510441,46.46,29,17961.0
510442,507.40999999999997,374,14194.0
510443,173.39,72,14606.0
510444,153.35999999999999,150,15420.0
510445,411.94,374,18069.0
510446,371.85,159,13503.0
510447,263.0,92,17165.0
510449,112.24,80,15938.0
510450,743.35,502,14857.0
510451,147.4,92,12525.0
510452,307.0,164,12989.0
510453,301.5,116,12701.0
510454,655.0,214,15039.0
510482,7.15,3,
510483,310.2,336,16960.0
510484,155.21,126,17287.0
510485,158.82,65,13544.0
510486,92.01,31,14202.0
510487,11.17,6,
510488,495.19,291,18226.0
510490,313.6,160,15711.0
510491,2.1,1,
510492,64.8,48,16668.0
510493,2.55,1,13544.0
510495,7.250000000000001,3,
510496,29.95,1,
510497,639.39,253,18223.0
510498,1303.78,1037,14227.0
510505,272.62,446,14227.0
510507,223.23,59,16884.0
510516,270.05,118,14680.0
510517,155.0,40,16518.0
510518,166.63,41,15135.0
510519,2463.8199999999997,497,
510534,191.45,81,16347.0
510537,310.0,200,16746.0
510538,5.1,2,
510539,2001.84,1416,15980.0
510541,125.80000000000001,60,15980.0
510542,3.95,1,
510543,515.09,477,15858.0
510544,753.47,380,13869.0
510545,152.15,41,15670.0
510546,241.9,62,13110.0
510547,3.75,1,
510548,141.48,80,18038.0
510549,470.8,240,13719.0
510550,5.6000000000000005,2,
510552,0.65,1,
510554,319.20000000000005,96,13777.0
510556,200.85000000000002,79,14740.0
510572,145.34,86,17848.0
510586,305.86,110,15623.0
510587,489.23,115,17745.0
510589,262.18,136,13472.0
510590,140.36,28,15715.0
510591,14.98,2,15715.0
510592,17.700000000000003,6,15715.0
510593,335.42,122,17377.0
510623,2131.62,2077,17511.0
510624,0.0,5,
510625,266.25,112,15246.0
510626,336.3,242,14961.0
510635,291.4,176,18231.0
510636,442.15,305,15887.0
510637,2404.58,503,
510639,171.9,62,17241.0
510640,269.0,88,15714.0
510641,0.0,72,
510642,0.0,156,
510643,300.25,247,14110.0
510644,165.65,22,14527.0
510645,315.0,92,16565.0
510646,80.65,35,17321.0
510647,28.23,9,18231.0
510648,92.1,66,16401.0
510649,973.4,1588,14298.0
510650,50.2,32,14298.0
510651,150.8,177,12437.0
510652,243.35999999999999,144,16467.0
510653,258.63,134,13916.0
510655,30.0,24,13047.0
510656,93.6,40,15305.0
510657,556.8499999999999,400,15311.0
510658,10.100000000000001,4,
510659,225.26,114,16549.0
510660,204.4,101,12677.0
510661,181.68,94,17742.0
510662,574.65,201,17096.0
510663,1664.8899999999999,1581,13694.0
510665,330.0,200,15838.0
510666,10.8,4,
510667,504.0,1200,15389.0
510668,34.0,2,12681.0
510669,109.44,576,14033.0
510670,144.9,43,17845.0
510671,103.95,18,16896.0
510672,197.15,133,14282.0
510673,17.75,5,17961.0
510674,32.3,8,
510675,609.62,430,17841.0
510678,1352.24,1008,15812.0
510679,356.8,122,17730.0
510680,126.60000000000001,132,14739.0
510681,301.74,398,14136.0
510682,652.17,347,13131.0
510683,447.02,240,12682.0
510684,90.0,56,13131.0
510685,302.3,342,16722.0
510697,86.38000000000001,14,14624.0
510724,179.75,141,17356.0
510725,1740.8,1830,14646.0
510726,351.9,217,14859.0
510727,2831.82,1878,14646.0
510728,307.72,180,13798.0
510729,103.56,48,17460.0
510731,344.4,66,14970.0
510733,1626.21,784,15502.0
510734,173.48000000000002,86,17157.0
510735,433.38,296,14606.0
510737,752.44,508,16279.0
510738,178.53,110,15727.0
510740,52.08,124,15768.0
510741,217.54,186,12838.0
510742,682.5600000000001,768,13694.0
510743,589.06,326,14911.0
510744,300.34999999999997,199,14911.0
510745,291.25,226,16955.0
510753,891.03,496,15950.0
510757,489.26,372,12874.0
510759,10.440000000000001,2,
510761,63.6,21,17216.0
510762,307.65,154,14085.0
510763,103.5,26,13787.0
510767,280.60999999999996,43,13901.0
510769,59.8,20,13901.0
510770,30.0,24,13901.0
510771,5.95,1,
510772,2822.61,631,
510773,117.44,26,16430.0
510774,19.049999999999997,3,
510775,1130.3999999999999,328,14156.0
510776,124.82,134,12877.0
510777,948.72,744,13031.0
510778,6.45,1,
510779,190.5,30,12823.0
510780,190.5,30,12823.0
510781,139.01,110,16892.0
510782,339.59999999999997,154,12583.0
510783,674.33,489,14426.0
510784,195.3,130,16202.0
510785,110.0,28,16202.0
510786,382.41,107,14492.0
510788,121.11,52,12835.0
510790,4.2,2,12835.0
510792,383.67,243,15867.0
510795,164.32999999999998,28,12748.0
510796,244.01999999999998,161,14713.0
510797,506.19,431,17683.0
510798,490.38,213,17675.0
510799,4.95,1,12748.0
510801,301.94,182,17290.0
510802,8.95,1,17290.0
510805,261.25,58,16798.0
510806,1657.38,979,17107.0
510814,117.15,98,13230.0
510819,723.55,399,18214.0
510824,15.0,1,12643.0
510838,260.85,59,17438.0
510839,232.55,33,16130.0
510852,0.0,10,
510860,12.75,1,12675.0
510866,159.1,48,
510868,0.0,8,
510879,0.0,207,
510888,0.0,4,
510898,0.0,1,
510901,125.3,122,15731.0
510903,0.0,1,
510908,0.0,39,
510910,0.0,39,
510912,0.0,3,
510915,0.0,21,
510916,0.0,14,
510921,0.0,18,
510932,97.5,50,14486.0
510936,620.6,435,12701.0
510942,300.47,153,13715.0
510962,537.91,348,15547.0
510963,2.5,2,15547.0
510964,182.64000000000001,168,14436.0
510965,2036.6999999999998,609,16754.0
510966,244.88,162,12523.0
510968,92.3,26,16470.0
510969,73.6,63,16470.0
510983,3043.36,760,
510984,337.88,177,13995.0
510985,398.40000000000003,240,14902.0
510986,399.54999999999995,231,16779.0
510987,318.49,198,13443.0
510988,326.88,480,13694.0
510989,113.89999999999999,134,13694.0
510990,61.199999999999996,72,13694.0
510991,0.0,30,
510992,319.0,210,17696.0
510993,314.65999999999997,246,18206.0
510994,1675.52,640,16705.0
510995,340.57,115,15101.0
510996,280.8,432,13694.0
510997,375.79,148,13564.0
510998,304.25,63,17147.0
510999,229.3,18,
511000,113.47,8,
511001,48.26,4,
511002,128.95,17,
511003,148.5,22,17677.0
511004,179.1,16,
511005,508.81,56,
511006,462.48,68,
511007,409.59,41,
511008,72.89,5,
511009,347.53,30,
511010,61.519999999999996,11,
511011,325.1,42,
511012,245.38,28,
511013,310.51,205,16133.0
511016,0.0,372,
511017,39.75,5,17888.0
511018,2221.56,422,
511019,312.5,394,15544.0
511020,131.70000000000002,87,15311.0
511021,1247.07,204,
511023,117.33,59,17235.0
511025,307.28000000000003,116,17377.0
511026,630.78,147,14441.0
511027,513.26,208,13593.0
511029,311.65999999999997,138,14687.0
511030,145.35,61,15046.0
511032,102.0,24,14984.0
511033,468.95,301,16271.0
511034,290.5,78,14984.0
511035,708.55,290,16242.0
511037,155.15,57,16059.0
511038,1319.53,1202,14766.0
511039,1078.05,530,17589.0
511040,262.0,88,14878.0
511041,372.03000000000003,306,12932.0
511042,179.6,80,18234.0
511044,85.8,40,16356.0
511045,85.72999999999999,79,13491.0
511046,413.85,115,16335.0
511047,151.27,33,14573.0
511048,12.5,10,16356.0
511050,311.84,283,16782.0
511051,1651.72,807,12911.0
511052,887.73,364,17841.0
511053,295.4,359,16701.0
511055,646.4399999999999,313,14415.0
511056,187.2,97,16444.0
511057,557.3000000000001,220,15796.0
511058,224.4,133,18149.0
511059,274.34000000000003,87,16466.0
511060,330.93,299,15030.0
511061,152.0,32,18112.0
511062,904.3,282,16652.0
511063,313.31,163,15988.0
511064,422.84000000000003,68,13668.0
511065,240.96,174,17954.0
511066,347.49,237,13109.0
511067,291.2,150,15956.0
511068,415.31,415,14208.0
511069,225.78,184,17915.0
511070,366.04,382,16340.0
511071,125.35,95,14653.0
511072,289.44,98,14709.0
511073,303.4,87,13614.0
511074,137.59,51,18137.0
511075,323.8,220,13767.0
511076,13.919999999999998,48,13767.0
511077,143.87,113,15822.0
511078,291.75,138,16497.0
511079,36.9,6,16497.0
511080,200.35999999999999,108,15976.0
511081,286.71,250,14128.0
511082,209.48,158,13056.0
511083,1081.33,703,12709.0
511084,368.83,186,16200.0
511085,8.4,8,18137.0
511086,101.74000000000001,13,15373.0
511087,452.0,251,17682.0
511089,407.24,311,15005.0
511090,184.35,96,14247.0
511091,198.36,56,14734.0
511092,326.85,63,12836.0
511093,741.52,535,17920.0
511094,299.58,138,14667.0
511095,1100.51,447,14249.0
511096,573.86,393,12682.0
511097,335.18,195,16255.0
511098,32.4,24,14249.0
511099,242.06,336,17009.0
511100,1558.65,737,17416.0
511101,443.3,228,14221.0
511102,170.8,40,17416.0
511103,90.0,72,17416.0
511104,162.8,156,17602.0
511105,1286.18,1070,13815.0
511106,380.86,310,17071.0
511107,292.8,504,16422.0
511109,5368.86,2930,16684.0
511110,387.94,176,15078.0
511111,123.86,80,17994.0
511112,351.24,924,16422.0
511113,664.24,541,14309.0
511114,211.92000000000002,254,13082.0
511115,309.55,134,13078.0
511117,507.65,55,12471.0
511118,376.45,183,12471.0
511119,238.14000000000001,483,15366.0
511121,125.4,18,12471.0
511122,1154.68,292,
511123,436.29,278,17673.0
511124,1299.85,215,
511125,64.05,23,15958.0
511126,131.39999999999998,12,17673.0
511127,0.0,11,
511128,0.0,5,
511129,0.0,1,
511130,0.0,6,
511132,173.98,262,17987.0
511133,139.54999999999998,89,17227.0
511134,161.75,134,17897.0
511135,511.04,248,12853.0
511136,244.1,69,17897.0
511137,189.0,49,14167.0
511159,299.49,195,15622.0
511160,291.33,93,15059.0
511161,15.299999999999999,6,15622.0
511164,3610.5,2490,14028.0
511166,147.89999999999998,126,14895.0
511174,458.25,277,15249.0
511176,3610.5,2490,14028.0
511177,328.17,111,17505.0
511179,37.3,14,17505.0
511185,118.3,87,16883.0
511204,269.25,117,15471.0
511209,203.51,149,16719.0
511217,328.3,188,12986.0
511218,19.799999999999997,12,12986.0
511229,268.1,281,12358.0
511233,680.9,539,15640.0
511236,110.45,25,18203.0
511239,305.53,225,13313.0
511242,633.76,124,15640.0
511247,322.63,171,14421.0
511251,196.1,120,14515.0
511259,195.77,40,16382.0
511262,361.05,221,16655.0
511265,409.74,146,15640.0
511266,286.45,111,14534.0
511267,384.05,132,13623.0
511268,6.75,1,
511269,824.95,363,16984.0
511270,775.9,477,14159.0
511271,455.57,153,13699.0
511273,29.49,49,14159.0
511274,152.1,54,13468.0
511276,163.42,26,17515.0
511277,3175.5,2190,14028.0
511278,90.96,112,14786.0
511279,308.22,266,17412.0
511280,678.75,489,16232.0
511281,451.56,440,18100.0
511282,1470.53,258,
511283,476.36,219,16317.0
511284,238.69,149,14467.0
511285,248.79999999999998,98,15260.0
511286,57.8,44,15260.0
511287,514.5,280,14514.0
511288,51.0,4,15260.0
511289,252.22,122,17611.0
511290,587.87,379,12937.0
511291,119.04,72,15872.0
511292,142.45,64,15164.0
511294,92.30000000000001,174,12829.0
511295,280.87,167,15551.0
511296,13.52,8,17040.0
511297,168.4,88,17101.0
511298,368.51,163,15260.0
511299,7.95,1,18037.0
511300,387.22,166,16788.0
511301,148.07,71,14871.0
511302,118.0,40,17031.0
511303,140.49,46,15720.0
511304,273.49,136,17402.0
511305,158.4,288,17512.0
511306,602.43,243,17588.0
511307,482.59,309,13983.0
511308,301.18,99,14498.0
511309,179.54,62,13052.0
511310,112.86,72,17784.0
511313,321.6,85,13064.0
511314,156.3,80,14606.0
511315,181.5,20,15681.0
511316,1511.76,1256,17133.0
511321,139.5,69,12748.0
511322,443.7,444,13975.0
511323,143.55,50,13997.0
511324,31.0,20,15714.0
511325,977.86,704,13771.0
511326,252.3,134,14825.0
511327,88.28,38,15615.0
511328,1258.2,707,13178.0
511329,484.79,375,12928.0
511330,299.52,624,18102.0
511331,597.0,84,14543.0
511332,192.89999999999998,100,12931.0
511334,119.9,22,17677.0
511335,6007.68,1452,18102.0
511346,227.77,131,17238.0
511356,248.62,160,16098.0
511357,122.35,71,17849.0
511362,617.35,161,15039.0
511375,891.8100000000001,1307,16843.0
511401,343.45,135,14209.0
511411,194.35,62,14535.0
511432,165.3,102,16713.0
511433,490.64,283,17706.0
511434,176.93,368,17201.0
511435,4588.62,4910,18102.0
511437,207.4,119,17190.0
511438,203.97,145,14211.0
511439,780.0,400,12939.0
511440,97.5,50,12939.0
511441,326.52,108,15380.0
511442,324.55,398,17190.0
511445,609.89,284,14194.0
511446,215.76,40,17920.0
511447,13.919999999999998,48,14194.0
511448,24.4,4,14194.0
511449,156.49,131,15854.0
511450,201.0,132,16048.0
511451,120.05,62,17543.0
511452,1095.71,207,
511453,0.0,13,
511455,0.0,31,
511460,460.95,261,12647.0
511461,456.05,195,12647.0
511462,290.0,1,12647.0
511463,571.35,293,12647.0
511465,10200.0,4000,18008.0
511466,311.0,150,13871.0
511467,117.2,21,17808.0
511468,160.04,111,13141.0
511469,308.69,115,16086.0
511471,300.55,153,17449.0
511473,491.69,284,12840.0
511474,338.32,255,16791.0
511475,105.8,23,18103.0
511476,729.73,231,15311.0
511478,183.5,106,14671.0
511479,211.2,96,12409.0
511480,701.88,308,14134.0
511481,565.77,389,15353.0
511483,878.14,147,15768.0
511484,124.77,140,17801.0
511487,254.03,85,18247.0
511488,965.04,480,12843.0
511497,1603.71,1054,13089.0
511498,137.16,36,17440.0
511499,60.0,48,13089.0
511500,324.64,146,14210.0
511501,406.04,147,15532.0
511503,364.32000000000005,288,12932.0
511504,176.1,74,17597.0
511505,25.5,2,13468.0
511506,206.69,28,
511507,277.52,31,
511508,539.95,75,
511509,609.41,106,
511510,0.0,25,
511512,188.3,146,18145.0
511513,61.44,96,15311.0
511514,1242.8899999999999,292,15523.0
511515,107.21,141,17962.0
511517,91.11,105,17962.0
511520,849.45,1,14308.0
511522,1746.54,663,16072.0
511523,297.57,1,14308.0
511525,849.45,1,
511527,0.0,6,
511528,0.0,125,
511529,0.0,287,
511530,0.0,8,
511531,0.0,4,
511532,0.0,3,
511533,0.0,8,
511534,0.0,2,
511535,0.0,1,
511536,0.0,1,
511537,0.0,2,
511538,0.0,1,
511539,0.0,1,
511540,0.0,1,
511541,0.0,1,
511542,0.0,6,
511543,149.73000000000002,46,18214.0
511544,2422.7799999999997,399,
511545,1273.07,641,15179.0
511546,177.78,198,13296.0
511547,89.2,81,12599.0
511548,412.28000000000003,370,14388.0
511549,206.20000000000002,53,12483.0
511550,302.93,303,17713.0
511551,356.7,156,15173.0
511552,207.35999999999999,1152,16754.0
511553,254.4,240,16754.0
511554,42.5,50,14616.0
511555,164.18,76,17417.0
511556,3330.52,1516,17511.0
511557,375.67999999999995,288,15290.0
511558,1708.86,876,13802.0
511559,427.2,246,16592.0
511564,121.48,23,18231.0
511573,10.2,12,17808.0
511585,307.9,142,13502.0
511602,389.3,100,17115.0
511610,538.8,370,14260.0
511611,111.15,40,15352.0
511612,435.1,302,14680.0
511613,87.65,19,15527.0
511614,330.0,200,17511.0
511615,352.93,256,17282.0
511616,414.27,124,15527.0
511618,109.82,73,
511619,2.55,1,15527.0
511620,178.5,30,18252.0
511621,1590.1100000000001,723,12758.0
511631,224.7,116,13571.0
511632,275.84000000000003,140,17552.0
511633,39.75,5,17888.0
511634,8141.139999999999,6874,17381.0
511635,337.91,215,13317.0
511636,330.0,200,16029.0
511637,474.07,394,15298.0
511638,591.42,730,17346.0
511639,149.46,96,16453.0
511640,1352.96,888,13881.0
511641,303.35,153,
511643,548.28,1110,14135.0
511650,475.5,108,14230.0
511651,544.49,177,15570.0
511652,303.65,157,14615.0
511654,161.94,62,17971.0
511655,212.23,140,14104.0
511656,1349.8700000000001,338,
511668,319.6,304,18272.0
511669,293.96,205,14099.0
511670,550.86,450,16656.0
511672,970.2,368,17865.0
511675,51.8,6,14180.0
511677,316.08000000000004,408,13199.0
511678,2090.88,704,18008.0
511679,66.0,24,16199.0
511680,446.54,422,12424.0
511681,206.60000000000002,52,16225.0
511682,543.8,200,17526.0
511683,96.53999999999999,122,13856.0
511684,340.34,214,16186.0
511685,360.0,336,12634.0
511687,318.55,289,14466.0
511689,0.84,2,
511690,749.96,590,17677.0
511691,369.71000000000004,65,16525.0
511698,55.379999999999995,84,16707.0
511699,25.95,1,
511700,283.44,74,13709.0
511701,313.38,110,16206.0
511702,303.38,174,13446.0
511703,534.4300000000001,221,12727.0
511704,193.1,106,18219.0
511705,293.86,74,13417.0
511706,20.4,24,13417.0
511708,228.96,216,17388.0
511709,159.6,124,13878.0
511710,109.22,75,17350.0
511734,414.53,195,17158.0
511745,207.57,69,15183.0
511760,39.95,1,
511761,298.55,77,17663.0
511762,299.33,227,17204.0
511763,187.57,81,13065.0
511771,15.0,1,17032.0
511772,302.3,156,17491.0
511774,15.0,1,17032.0
511775,163.1,38,13842.0
511777,421.4,68,12863.0
511778,2199.39,1122,17716.0
511779,112.1,58,17068.0
511780,249.78,146,12662.0
511781,42.0,100,12891.0
511782,78.60000000000001,60,16862.0
511783,398.18,176,16713.0
511785,444.32,216,15601.0
511786,155.19,45,17869.0
511787,529.07,201,15757.0
511789,390.48,243,14606.0
511790,261.42,122,18168.0
511791,971.26,542,14025.0
511792,15.95,1,
511794,241.38,1,
511796,310.65000000000003,79,15734.0
511797,601.52,256,14918.0
511798,51.0,4,14918.0
511799,507.01,379,15615.0
511801,316.13,164,13999.0
511802,126.35000000000001,41,16359.0
511803,834.25,271,13658.0
511805,255.39,137,13059.0
511808,139.93,40,17377.0
511810,180.64000000000001,217,15311.0
511816,734.0799999999999,389,17581.0
511817,2.3200000000000003,3,
511818,52.199999999999996,12,17581.0
511825,155.51999999999998,217,12726.0
511828,307.25,69,13092.0
511830,138.7,138,17858.0
511832,305.4,708,14316.0
511836,9.0,12,14316.0
511839,6.45,1,15696.0
511840,408.0,232,15207.0
511841,236.16,312,13450.0
511843,311.26,82,14110.0
511844,187.15,31,16679.0
511845,30.0,24,16168.0
511846,90.7,30,16168.0
511847,46.5,10,13438.0
511848,292.85,309,17180.0
511849,54.65,7,15684.0
511850,165.74,166,16742.0
511851,321.26,86,13542.0
511852,237.47,112,16549.0
511853,2608.04,3634,14298.0
511854,771.3,662,14298.0
511855,851.93,467,12681.0
511856,364.47,274,15755.0
511858,1633.81,413,
511859,216.0,300,17949.0
511860,381.6,360,17949.0
511861,245.73000000000002,95,14618.0
511862,300.89,205,16145.0
511863,355.89,253,15102.0
511864,196.06,190,15910.0
511865,312.78,150,17457.0
511866,52.45,11,12835.0
511867,337.65,188,15254.0
511886,2021.28,1293,16191.0
511889,384.25,145,13013.0
511896,212.35,83,16161.0
511900,46.16,88,16161.0
511902,59.84,23,12748.0
511905,223.19,75,16895.0
511925,254.4,240,16684.0
511926,310.79999999999995,120,15079.0
511927,24.95,7,
511928,208.56,192,15141.0
511929,101.35,41,17996.0
511930,90.75,45,15898.0
511931,172.65,125,17691.0
511932,161.55,129,17996.0
511933,101.1,62,18001.0
511934,757.26,258,16209.0
511935,366.54,132,17146.0
511936,131.24,34,18144.0
511937,438.28000000000003,274,13767.0
511938,322.25,85,16163.0
511939,310.77,191,13767.0
511940,332.5,52,17243.0
511941,26.650000000000002,7,17243.0
511942,223.91,105,16499.0
511943,216.39999999999998,526,17902.0
511944,81.05,27,14228.0
511945,126.03,63,13794.0
511946,330.0,200,15769.0
511947,15.44,2,17246.0
511949,306.75,165,14320.0
511950,484.58000000000004,130,18172.0
511951,1.65,1,
511952,1.65,1,
511954,319.38,296,16170.0
511955,104.25999999999999,108,16547.0
511957,172.05,109,16497.0
511958,254.82,334,18258.0
511959,539.26,433,15521.0
511960,172.6,382,14727.0
511961,1575.26,980,13337.0
511962,894.0,398,12429.0
511963,513.36,352,12429.0
511964,22.55,14,14727.0
511967,29.0,8,17867.0
511968,832.0,416,13093.0
511969,308.3,131,13304.0
511970,172.51,83,18022.0
511971,9.8,14,
511972,1570.96,446,
511975,0.0,36,
511976,354.01,120,17191.0
511977,0.0,36,
511979,0.0,32,
511988,302.09,1,
511989,351.66,126,17749.0
511990,182.43,107,13601.0
511991,1708.56,504,12557.0
511992,306.6,252,17738.0
511993,800.0,260,14911.0
511994,320.0,1000,13848.0
511995,411.99999999999994,216,13798.0
511997,648.05,1,
511998,2.4899999999999998,3,17961.0
512001,139.76999999999998,67,17963.0
512002,1000.63,1,14255.0
512004,1364.68,598,14911.0
512011,590.0,1,
512024,851.6,1,
512029,851.6,1,
512040,306.75,109,13050.0
512042,0.0,2,
512044,355.2,1,
512045,706.78,523,15856.0
512046,153.0,48,17091.0
512047,477.32,650,13745.0
512048,526.59,189,14031.0
512049,196.95,101,16292.0
512050,338.68,156,15513.0
512051,302.2,132,17534.0
512053,181.34,58,17377.0
512055,154.65,85,16883.0
512056,800.86,456,13001.0
512057,173.4,96,13777.0
512058,45.0,36,13777.0
512059,252.9,116,14451.0
512060,148.44,52,16021.0
512062,463.95000000000005,187,14465.0
512063,77.68,56,12474.0
512064,841.02,349,16290.0
512065,15.0,12,17351.0
512066,317.76,136,13750.0
512067,181.05,40,15751.0
512068,240.5,144,13561.0
512069,301.64,96,17157.0
512070,300.6,162,16037.0
512071,646.82,294,13736.0
512072,124.7,40,13619.0
512073,291.56,276,16945.0
512074,126.5,79,16768.0
512075,70.32,84,16945.0
512076,118.17999999999999,141,13545.0
512077,908.38,803,14849.0
512078,612.0,144,13941.0
512079,395.33,115,13941.0
512080,86.28,108,14849.0
512081,66.6,28,14849.0
512082,99.48,45,16444.0
512083,381.2,196,12623.0
512084,353.35,227,15738.0
512086,82.75,25,16158.0
512087,9.95,1,17330.0
512088,106.09,37,16771.0
512089,129.14,35,14573.0
512090,454.4,558,15561.0
512091,336.83000000000004,125,12747.0
512092,306.3,187,17920.0
512093,270.29999999999995,162,16954.0
512095,404.21999999999997,331,13394.0
512096,112.55,41,17969.0
512097,534.14,242,12631.0
512098,205.74,177,17790.0
512101,267.0,92,12971.0
512102,360.73,189,14224.0
512103,398.55,131,15712.0
512104,310.8,136,16132.0
512106,187.5,50,17923.0
512107,607.91,199,13078.0
512108,206.8,26,14538.0
512109,421.27,249,16710.0
512110,139.0,73,15255.0
512111,779.6,376,13162.0
512112,611.08,323,17841.0
512113,550.72,146,16709.0
512114,33.81999999999999,50,16709.0
512115,170.14000000000001,56,13202.0
512116,364.68,194,17231.0
512117,6.09,29,14573.0
512118,89.05,19,17231.0
512119,208.61,229,13190.0
512120,271.05,87,14581.0
512121,144.13,65,16647.0
512122,309.34000000000003,121,15633.0
512123,536.83,203,15808.0
512124,282.71999999999997,178,
512125,872.6,518,17677.0
512126,733.74,410,16558.0
512127,214.35,283,13013.0
512128,254.7,133,12594.0
512130,255.6,110,14114.0
512131,225.4,44,16622.0
512132,308.26,334,13799.0
512168,1649.63,329,
512169,305.28000000000003,288,13383.0
512170,640.0,2000,16308.0
512171,505.56,396,12731.0
512172,330.0,120,13559.0
512173,70.2,108,15607.0
512174,270.0,194,16625.0
512175,104.15,27,12897.0
512176,60.18,26,13491.0
512177,2024.06,1670,15150.0
512227,41.6,64,14882.0
512229,190.48000000000002,67,18020.0
512237,192.65,93,16607.0
512244,762.0,120,17809.0
512245,200.34,230,15901.0
512247,963.01,557,13093.0
512250,338.72,126,16814.0
512259,415.81,297,17059.0
512260,140.31,69,15016.0
512261,260.56,101,15885.0
512262,356.83,438,16007.0
512268,241.62,502,17368.0
512269,314.4,112,13089.0
512270,71.4,12,15361.0
512271,906.25,453,15817.0
512273,95.44,54,13659.0
512276,697.84,420,12637.0
512277,157.1,84,16458.0
512279,134.41,45,17454.0
512280,473.97,224,14911.0
512281,307.48,133,14040.0
512282,2623.72,1016,14911.0
512283,4.55,3,
512284,1.45,1,
512285,700.1,944,13069.0
512286,417.59,211,15967.0
512287,218.19,77,17913.0
512288,256.35,162,17293.0
512289,1287.78,262,
512290,113.3,13,15549.0
512291,4.95,1,
512292,147.54999999999998,77,16500.0
512294,60.48,288,13069.0
512295,952.22,600,15311.0
512301,252.45,77,12843.0
512302,38.54,24,
512303,161.4,12,14853.0
512304,114.69,82,15905.0
512305,49.370000000000005,17,17848.0
512306,1575.98,1744,15093.0
512307,170.4,49,17922.0
512309,673.62,283,14911.0
512312,530.76,236,14841.0
512316,111.19999999999999,24,16197.0
512318,572.2,354,18178.0
512319,344.32,280,14139.0
512320,39.5,10,12843.0
512321,648.24,1152,16422.0
512327,168.95,33,13963.0
512329,385.02,286,15789.0
512330,55.8,60,15789.0
512331,132.62,68,12835.0
512332,647.41,626,15358.0
512335,1002.26,861,13107.0
512357,220.11,212,16205.0
512369,426.24,144,16209.0
512381,403.09,223,16940.0
512386,1796.48,1253,12472.0
512397,1323.1200000000001,888,15039.0
512398,375.06,142,15600.0
512399,1.7,2,
512400,656.5699999999999,467,13297.0
512401,680.74,237,13555.0
512402,205.23999999999998,115,17571.0
512403,114.44999999999999,36,15816.0
512405,552.07,206,15044.0
512406,618.76,634,17020.0
512407,327.6,114,13863.0
512409,359.07,416,16307.0
512411,7896.14,6102,14156.0
512412,22.5,18,15044.0
512414,29.7,18,15816.0
512415,128.13,49,18009.0
512416,1148.4,552,17139.0
512417,63.5,10,17139.0
512418,15.299999999999999,6,17139.0
512419,984.31,139,15768.0
512420,188.0,56,15898.0
512421,217.0,239,16779.0
512422,179.84,148,13477.0
512423,1.65,1,
512425,150.73000000000002,123,14723.0
512426,541.14,228,13168.0
512430,207.89,1,
512432,508.13,673,15625.0
512433,134.44,155,15926.0
512434,979.6,272,12709.0
512435,1620.79,438,
512436,436.26,336,15750.0
512437,1728.92,408,
512439,410.94,323,17364.0
512441,113.02,100,17757.0
512443,0.0,850,
512444,0.0,72,
512445,0.0,22,
512446,0.0,72,
512450,0.0,5,
512453,8.45,13,
512454,93.5,9,16266.0
512455,1133.25,557,12957.0
512456,118.88,40,12957.0
512457,528.0,160,14045.0
512458,1680.34,1554,14634.0
512459,353.11,137,15329.0
512460,515.16,408,13089.0
512461,449.85,128,13338.0
512462,409.82,258,17017.0
512464,47.7,6,17438.0
512468,116.1,36,18042.0
512494,1342.7199999999998,928,15061.0
512499,629.9,342,15061.0
512504,162.0,196,15061.0
512507,418.4,232,15061.0
512510,525.5999999999999,48,15061.0
512511,30.24,84,15061.0
512512,305.28000000000003,288,15061.0
512513,101.76,96,15061.0
512514,212.85,171,14606.0
512516,398.62,83,14978.0
512517,498.9,170,13552.0
512518,351.0,36,14543.0
512519,7.49,1,15040.0
512520,140.79999999999998,40,13854.0
512522,601.94,575,16550.0
512523,318.15,123,13769.0
512525,680.8,512,17448.0
512527,718.9,489,17448.0
512528,250.06,136,17952.0
512532,1253.86,1042,16253.0
512533,110.05,45,17952.0
512534,140.63,79,16393.0
512535,149.38,112,17604.0
512536,227.51999999999998,253,15203.0
512537,524.22,402,13798.0
512538,787.17,766,12613.0
512539,414.44,219,13567.0
512540,623.64,380,12540.0
512541,386.6,232,13183.0
512542,130.23,51,14527.0
512544,829.2,1023,16327.0
512545,1468.12,1444,14258.0
512546,1.55,1,
512547,183.5,66,13478.0
512548,319.44,219,16229.0
512549,89.47,79,13117.0
512550,302.7,130,18058.0
512551,127.28,38,13586.0
512552,133.07,57,18044.0
512553,313.02,255,17841.0
512554,268.8,190,15005.0
512555,70.8,72,16401.0
512556,160.08,144,16197.0
512557,108.0,20,14374.0
512558,167.45,36,14911.0
512559,615.23,79,14031.0
512560,202.04,127,17931.0
512561,14.489999999999998,21,
512562,45.0,36,13346.0
512563,305.3,109,13916.0
512564,340.95,170,14375.0
512565,149.57,27,15432.0
512566,50.400000000000006,24,13346.0
512567,896.8000000000001,442,14619.0
512568,1061.38,450,18194.0
512569,202.98000000000002,132,17990.0
512570,10.0,1,14075.0
512571,105.15,21,12843.0
512572,1.25,1,
512585,334.64,110,15867.0
512586,178.73,115,14021.0
512587,186.06,68,14198.0
512588,20.4,24,15625.0
512589,2012.1,468,
512590,253.55,113,13571.0
512591,881.4,744,17160.0
512593,750.36,356,15381.0
512594,146.81,101,16538.0
512598,114.85,34,17401.0
512599,21.45,13,16538.0
512601,20.6,11,13112.0
512602,385.56,235,16492.0
512604,533.84,380,14852.0
512605,8.5,2,14978.0
512606,617.27,495,13919.0
512607,906.67,733,16134.0
512608,1106.52,732,13488.0
512609,272.0,34,14045.0
512610,183.60000000000002,24,15759.0
512611,453.0,170,17675.0
512612,395.1,248,17675.0
512613,299.47,61,17098.0
512614,127.35,169,18039.0
512624,474.92,316,12921.0
512627,254.55,97,12746.0
512644,493.9,152,13102.0
512649,1.25,1,
512651,343.59999999999997,224,17692.0
512656,34.0,4,14045.0
512657,196.19,69,12835.0
512658,15.0,1,14085.0
512659,334.38,316,17884.0
512664,157.07,109,15719.0
512683,246.35,77,13921.0
512684,84.15,9,17965.0
512685,322.39,224,13971.0
512694,197.41,121,14710.0
512695,301.35,85,15606.0
512696,594.1,273,14911.0
512697,104.28,76,14911.0
512698,85.13,55,14911.0
512703,110.64999999999999,61,14606.0
512704,0.0,5,
512705,13.5,6,
512706,13.5,6,
512708,671.59,275,16515.0
512709,236.9,164,16115.0
512710,666.84,492,14057.0
512711,3.32,2,
512712,232.05,110,13608.0
512713,323.69,181,17419.0
512721,738.6,340,13694.0
512722,136.57999999999998,75,14508.0
512723,346.25,49,12417.0
512724,398.84000000000003,343,16743.0
512725,155.23,68,14508.0
512732,145.43,29,14590.0
512733,1445.72,327,
512734,353.52,100,16839.0
512735,118.35,127,15013.0
512736,309.85,128,16554.0
512737,0.0,100,
512738,0.0,100,
512739,448.78000000000003,236,13037.0
512740,108.38,14,16326.0
512741,287.77,121,14667.0
512742,631.45,438,16746.0
512743,301.04,260,17799.0
512744,1212.4,880,12681.0
512745,600.84,196,13319.0
512746,72.07,126,17799.0
512748,955.06,1,
512750,125.65,123,16925.0
512751,159.17000000000002,98,17953.0
512753,163.20000000000002,108,16661.0
512754,3248.86,1,
512755,359.98,468,13115.0
512759,4620.86,1,
512760,306.12,140,14422.0
512764,372.19,313,15484.0
512765,293.79,95,15718.0
512766,231.58,210,13077.0
512767,111.80000000000001,15,17610.0
512771,25111.09,1,
512772,284.76,137,17764.0
512776,772.48,274,15023.0
512779,42.5,4,15023.0
512780,345.0,56,13668.0
512781,518.55,274,17341.0
512782,71.37,114,17341.0
512783,198.9,90,13969.0
512784,143.56,71,13230.0
512786,6.9,6,13277.0
512787,307.25,107,14492.0
512788,151.63,101,13427.0
512791,3.4,4,
512795,320.0,148,17612.0
512797,924.55,266,14895.0
512798,1040.1,186,17389.0
512799,546.7,234,16126.0
512800,249.48000000000002,254,15402.0
512802,67.7,50,15483.0
512803,27.369999999999997,13,15483.0
512804,241.38,1,16943.0
512806,37.769999999999996,148,15483.0
512807,4175.02,2598,14646.0
512808,228.6,154,16155.0
512818,111.46000000000001,35,13293.0
512827,486.9,296,15981.0
512847,323.69,95,18170.0
512886,150.7,122,15641.0
512888,208.35,81,17068.0
512889,492.05,278,16797.0
512890,134.37,31,12872.0
512891,252.54999999999998,55,15984.0
512892,346.69,165,12802.0
512893,1192.6000000000001,412,13225.0
512894,382.91,284,13426.0
512895,224.7,133,15031.0
512896,128.82,108,17346.0
512897,4.14,4,
512899,472.59000000000003,261,14329.0
512900,359.35,129,14919.0
512901,264.55,105,16161.0
512902,670.88,642,12412.0
512903,314.06,247,16156.0
512904,306.24,248,12982.0
512905,137.7,56,14825.0
512906,121.8,84,17349.0
512907,136.5,325,12932.0
512909,119.79,60,16883.0
512910,279.35,155,13705.0
512911,992.8,285,
512912,374.95,127,16094.0
512914,175.5,90,15538.0
512915,299.86,148,14840.0
512916,255.9,111,13327.0
512917,53.10000000000001,18,14962.0
512919,415.13,67,18044.0
512920,144.75,32,17883.0
512921,10.85,7,17883.0
512922,115.60000000000001,42,13676.0
512923,86.45,17,12843.0
512924,935.4,640,14156.0
512925,147.4,70,15716.0
512926,382.5,150,15538.0
512927,191.6,34,16326.0
512929,197.10999999999999,127,16710.0
512930,805.74,430,12621.0
512931,9.5,10,15581.0
512932,134.36,24,16486.0
512933,222.72,72,17157.0
512934,377.28,268,13408.0
512935,399.29,216,18128.0
512936,368.2,276,14607.0
512937,392.7,151,13634.0
512938,1286.25,331,14145.0
512939,343.96,170,17618.0
512940,250.3,194,13089.0
512941,311.56,232,15247.0
512942,166.55,61,16756.0
512943,294.62,78,17623.0
512944,220.60000000000002,48,16390.0
512945,405.15000000000003,73,16119.0
512946,696.53,325,17625.0
512947,107.71,68,13719.0
512948,89.73,21,13230.0
512949,255.37,401,15555.0
512950,678.82,358,17593.0
512951,463.43,219,16739.0
512952,282.68,135,16456.0
512953,53.1,18,16390.0
512954,1786.71,1602,15786.0
512955,1956.84,2028,12469.0
512956,339.88,287,14338.0
513014,168.97,47,16125.0
513015,427.90999999999997,435,15819.0
513016,500.88,176,15039.0
513017,118.55000000000001,17,15845.0
513018,354.0,188,14593.0
513019,394.39,239,14593.0
513020,720.5,318,13707.0
513021,233.12,94,16815.0
513022,347.29,85,16623.0
513023,297.83,192,12748.0
513024,257.04,152,15126.0
513037,79.30000000000001,26,12971.0
513047,231.93,99,17841.0
513048,284.75,155,16391.0
513049,219.60999999999999,179,13911.0
513050,749.96,661,14493.0
513051,449.58,351,18245.0
513052,170.06,26,16992.0
513053,543.32,334,16062.0
513054,417.75,201,13993.0
513055,17.700000000000003,6,18245.0
513056,1523.16,791,13334.0
513057,176.34,68,16315.0
513058,272.68,118,16503.0
513065,110.64,83,15850.0
513072,112.66,61,17137.0
513080,360.29999999999995,232,13982.0
513095,628.87,277,15122.0
513096,236.04,133,15747.0
513097,75.35,13,15122.0
513099,2913.41,813,
513101,662.2,180,16860.0
513102,0.0,9,
513103,0.0,2,
513105,0.0,1,
513106,0.0,4,
513108,339.84,221,14204.0
513109,75.28,45,17192.0
513110,111.15,61,16011.0
513111,321.8,106,13421.0
513112,564.0,288,17338.0
513114,367.8,120,17646.0
513115,762.08,579,13141.0
513116,160.98,150,13141.0
513117,281.18,168,14211.0
513118,19.9,2,14211.0
513119,41.5,47,17888.0
513120,265.37,113,13192.0
513121,15.299999999999999,6,13192.0
513122,130.0,1,12634.0
513123,489.8,100,12359.0
513124,275.7,134,15081.0
513147,98.7,53,12774.0
513161,454.5,193,13510.0
513162,13.919999999999998,48,13510.0
513163,172.32,81,16883.0
513164,81.12,48,16467.0
513165,118.80000000000001,24,15361.0
513166,164.6,220,16948.0
513167,302.0,145,14911.0
513168,192.7,103,16458.0
513169,351.43,117,16365.0
513170,344.4,216,16174.0
513171,377.74,234,13097.0
513172,421.55,150,12785.0
513176,372.84000000000003,164,16631.0
513182,616.6,438,18214.0
513183,375.71999999999997,104,13760.0
513184,175.0,95,16748.0
513186,320.2,126,16227.0
513187,442.2,156,15129.0
513188,571.4,319,12724.0
513189,319.95000000000005,285,16105.0
513190,1255.06,499,16894.0
513191,169.55,79,15809.0
513192,34.9,2,16894.0
513194,564.8,264,14680.0
513195,116.18,148,14874.0
513196,493.53000000000003,220,13539.0
513197,148.85,63,15827.0
513199,1134.66,362,
513200,1183.89,284,
513201,396.91,270,14793.0
513202,136.95,71,14682.0
513203,806.01,277,14911.0
513204,264.9,88,13431.0
513205,327.3,208,17519.0
513206,540.25,233,16680.0
513207,312.35,77,15199.0
513208,321.24,200,13611.0
513209,330.0,200,15769.0
513210,334.25,127,16325.0
513211,543.36,64,16029.0
513212,495.0,300,16029.0
513213,307.24,232,17422.0
513231,357.15999999999997,766,17596.0
513248,426.47,177,12792.0
513251,150.75,113,14624.0
513259,307.5,262,15785.0
513260,375.33,291,12810.0
513261,4.95,1,
513262,343.2,144,17380.0
513263,216.60999999999999,219,14725.0
513264,765.0,300,17310.0
513265,50.2,19,14725.0
513266,462.2,235,15002.0
513267,98.4,72,17382.0
513268,102.55,35,15920.0
513269,379.4,94,18226.0
513270,989.3,266,14911.0
513271,320.0,1000,13942.0
513272,500.34000000000003,914,16422.0
513273,429.0,84,16422.0
513274,436.28,280,13715.0
513275,367.48,163,12379.0
513276,366.8,58,14543.0
513277,363.3,318,16825.0
513278,169.12,136,13249.0
513279,1633.67,1166,16180.0
513280,110.95,38,14509.0
513281,383.85,241,16180.0
513283,408.48,744,17414.0
513284,136.56,116,15173.0
513285,309.91999999999996,40,12747.0
513286,317.25,391,13324.0
513287,321.8,116,16525.0
513292,382.75,305,14621.0
513303,16.05,9,
513304,3.8,2,
513305,1222.91,787,15248.0
513306,35.16,36,12748.0
513307,331.8,214,15738.0
513308,1173.1399999999999,324,
513309,339.55,155,14623.0
513310,441.5,240,12431.0
513311,65.15,104,
513312,97.84,88,14798.0
513313,159.93,147,15141.0
513314,7.5,2,
513315,150.55,41,15991.0
513316,241.8,93,14911.0
513318,111.5,73,17304.0
513319,6.300000000000001,3,15913.0
513323,127.85,140,18041.0
513324,195.07,470,17345.0
513325,29.25,15,17345.0
513326,121.08,106,16918.0
513327,17.11,10,17961.0
513328,1479.91,327,
513329,66.72,16,14634.0
513330,385.0,258,17092.0
513331,4453.799999999999,1488,18102.0
513332,234.56,342,14790.0
513333,92.67,40,
513334,610.26,325,12437.0
513335,1294.8700000000001,526,17686.0
513336,1544.87,1247,12705.0
513337,232.88,132,13662.0
513338,1502.98,750,13093.0
513339,195.8,62,13662.0
513340,181.56,84,13104.0
513341,372.5,250,14282.0
513342,313.2,240,15251.0
513343,308.03000000000003,116,17127.0
513344,845.0,500,14566.0
513345,320.25,190,16683.0
513347,11.9,2,
513349,267.84000000000003,273,14606.0
513356,387.81,58,
513359,49.41,6,
513362,310.35,46,
513364,408.98,72,
513368,517.72,103,
513369,453.96,97,
513371,176.34,36,
513372,657.39,248,14911.0
513374,559.03,93,
513381,398.45,49,
513383,248.17,37,
513387,323.59000000000003,59,
513393,294.5,108,16168.0
513395,216.39,38,
513396,33.65,6,
513397,137.49,19,
513398,327.37,27,
513399,354.4,56,
513400,294.22,40,
513401,304.62,33,
513402,309.75,95,17582.0
513403,326.13,36,
513405,1685.6499999999999,939,
513409,469.38,362,17696.0
513410,510.51,526,15051.0
513413,472.53000000000003,257,13778.0
513415,31.8,4,14492.0
513416,120.44999999999999,16,13089.0
513417,28.2,20,17696.0
513419,162.41,33,14732.0
513420,19.8,20,17696.0
513422,165.55,82,14527.0
513425,346.95,219,13057.0
513426,212.54999999999998,72,17142.0
513428,277.85,128,13050.0
513431,355.7,222,13771.0
513432,127.60000000000001,32,15717.0
513434,92.75,61,14562.0
513435,7.95,1,
513436,234.1,160,13203.0
513437,124.04,50,15858.0
513438,556.16,282,12779.0
513439,272.27,2401,
513440,258.5,149,14583.0
513441,0.0,1,
513450,1549.66,84,
513452,463.0,149,15125.0
513454,97.5,14,15125.0
513455,63.5,10,15125.0
513456,240.1,86,13199.0
513457,25.200000000000003,12,17389.0
513458,431.39,88,15768.0
513460,317.5,50,15981.0
513461,414.17999999999995,152,15043.0
513468,236.07,213,12741.0
513469,582.17,317,17099.0
513472,0.0,120,
513487,294.17,141,13208.0
513490,12.75,1,
513491,551.5,280,15240.0
513492,199.6,156,16883.0
513493,19.95,1,16883.0
513494,998.09,493,16992.0
513495,88.45,16,16161.0
513496,278.2,116,14401.0
513497,0.0,2,
513498,837.3100000000001,334,14911.0
513499,0.0,1,
513509,463.28,224,
513539,471.51,281,15674.0
513540,1176.2,764,15629.0
513541,134.94,39,12835.0
513542,310.4,201,16779.0
513543,665.25,355,14648.0
513544,17.700000000000003,6,14648.0
513545,307.45,135,14326.0
513551,189.8,48,17377.0
513553,321.55,241,16841.0
513554,445.61,491,13324.0
513555,379.07,173,13291.0
513556,341.1,202,13999.0
513557,130.05,27,16497.0
513558,322.11,111,17138.0
513559,139.83,52,17804.0
513560,510.15,239,13564.0
513561,14.850000000000001,3,13564.0
513562,14.33,25,17965.0
513563,298.40000000000003,252,12986.0
513564,300.13,1,17050.0
513565,72.45,1,16422.0
513566,358.47,1,17364.0
513567,97.84,88,14798.0
513568,684.12,569,12921.0
513569,162.05,89,16961.0
513570,136.35,99,18168.0
513571,0.0,4,
513572,95.62,110,13856.0
513573,394.8,96,15824.0
513574,4852.7,1594,
513575,333.6,176,12928.0
513576,181.6,43,16539.0
513577,124.39999999999999,56,13468.0
513578,67.38,10,15779.0
513579,15.9,10,
513580,5.0,4,
513581,199.38,122,15660.0
513582,4.9,3,
513583,0.0,93,
513584,148.4,20,17243.0
513585,323.19,51,14538.0
513586,34.92,45,15580.0
513589,863.9100000000001,200,14970.0
513591,39.8,4,14970.0
513592,116.88,48,14275.0
513593,620.5899999999999,187,15569.0
513594,283.87,126,16782.0
513596,991.08,1340,16258.0
513597,387.82,138,16858.0
513598,145.57,43,13542.0
513599,61.739999999999995,24,16777.0
513600,290.46,106,18214.0
513601,253.8,90,15260.0
513602,321.23,127,14058.0
513604,128.43,124,13861.0
513605,297.19,156,13230.0
513606,634.16,192,15144.0
513607,1903.16,1098,13802.0
513608,294.02,195,15547.0
513609,137.7,80,14606.0
513611,128.52,108,18260.0
513612,220.65,39,14199.0
513613,198.77999999999997,86,15102.0
513614,212.63,100,17618.0
513615,724.06,515,15998.0
513616,360.36,153,16059.0
513617,201.25,119,16950.0
513618,318.37,703,13585.0
513619,102.25,43,16453.0
513620,362.08,169,14532.0
513621,571.36,704,13414.0
513622,456.94,397,16563.0
513623,86.54,34,14867.0
513624,288.05,107,14492.0
513625,914.48,420,14505.0
513626,583.57,467,17364.0
513627,549.88,301,17194.0
513628,174.8,24,14505.0
513629,170.95,74,17561.0
513630,147.45,43,17372.0
513631,180.85000000000002,78,12951.0
513632,454.66,178,15264.0
513633,369.3,128,16529.0
513634,101.4,49,17812.0
513635,353.02,210,16701.0
513636,121.05,35,17905.0
513637,720.3,406,17640.0
513638,188.57999999999998,118,16168.0
513639,337.95,141,17001.0
513640,63.879999999999995,40,17001.0
513641,229.53,137,16838.0
513642,206.76,252,14676.0
513643,9.149999999999999,7,13057.0
513644,319.6,72,17096.0
513646,305.70000000000005,84,16746.0
513647,13330.38,8954,14646.0
513648,348.06,182,14341.0
513649,1540.0,208,14646.0
513650,455.18,292,17091.0
513651,666.4,168,14045.0
513652,185.46,102,14437.0
513653,7500.32,6584,16754.0
513655,1470.04,409,
513656,138.44,260,13911.0
513657,259.68,112,16733.0
513658,436.28000000000003,152,17389.0
513659,547.73,394,14769.0
513660,264.24,296,17863.0
513661,116.92,42,14947.0
513662,72.3,10,16138.0
513663,308.38,166,12935.0
513664,166.35,77,16040.0
513665,369.68,283,17437.0
513666,142.17000000000002,73,14534.0
513667,1221.15,1158,15523.0
513669,306.95,73,15694.0
513670,7.49,1,15581.0
513674,975.33,617,16012.0
513708,102.86,60,15953.0
513709,324.0,96,12980.0
513712,108.75,219,13129.0
513713,156.43,96,17578.0
513714,200.91,80,17841.0
513732,998.27,603,15791.0
513744,730.9,303,14295.0
513747,305.07,308,16571.0
513750,438.24,250,17019.0
513751,355.44,189,13123.0
513752,161.82999999999998,83,17068.0
513761,275.3,213,17448.0
513762,2151.27,1786,12451.0
513763,1230.33,582,12784.0
513764,1257.91,319,
513766,119.70000000000002,77,15882.0
513767,1740.24,1236,16754.0
513768,767.05,425,17667.0
513769,179.28,135,12701.0
513770,595.39,367,17669.0
513772,307.92,165,17259.0
513773,244.6,33,13831.0
513774,142.31,19,12346.0
513775,464.62,361,17448.0
513776,2814.0,2584,16754.0
513777,265.5,76,15489.0
513778,164.7,76,17326.0
513779,262.85,211,14282.0
513781,344.5,126,13798.0
513782,121.3,42,14915.0
513783,1345.62,446,18008.0
513784,170.0,1,12741.0
513785,223.95,137,16168.0
513786,148.47,86,18041.0
513787,99.9,52,14651.0
513788,350.56,146,13152.0
513789,708.1,414,12485.0
513790,450.95000000000005,557,13069.0
513791,199.93,55,18036.0
513792,304.68,108,14020.0
513793,211.09,101,17576.0
513794,314.7,38,13859.0
513795,301.8,282,12527.0
513796,219.35,137,12799.0
513797,225.73000000000002,131,16499.0
513799,119.8,28,14182.0
513800,603.46,322,14025.0
513801,314.99,159,13577.0
513802,308.1,158,14110.0
513803,155.51999999999998,864,16754.0
513804,175.0,140,16754.0
513805,96.39999999999999,30,16197.0
513806,0.0,42,
513807,0.0,4,
513808,0.0,1,
513809,322.24,193,12682.0
513810,142.8,50,14156.0
513811,357.84,140,14735.0
513812,330.0,200,14477.0
513813,759.13,299,13023.0
513814,353.98,222,15544.0
513815,237.6,79,12647.0
513816,467.76,164,16835.0
513817,118.8,72,14835.0
513818,84.93,67,14735.0
513819,201.60000000000002,96,13223.0
513820,260.6,98,12567.0
513821,0.0,120,
513822,158.52,100,13939.0
513823,0.0,499,
513825,0.0,144,
513827,755.02,570,13715.0
513830,1420.6000000000001,800,13089.0
513847,38.400000000000006,32,13089.0
513853,15.0,12,13089.0
513854,508.91,169,17377.0
513855,485.99,241,15078.0
513856,39.0,20,15078.0
513857,942.4,624,13089.0
513858,351.18,106,13299.0
513859,29.700000000000003,6,13089.0
513862,103.19999999999999,34,13059.0
513876,751.5,336,12471.0
513878,325.49,119,16103.0
513879,17.700000000000003,6,12471.0
513902,301.0,194,17342.0
513907,1167.01,243,
513915,108.06,317,17884.0
513919,2145.0,1300,15769.0
513922,38.5,25,17884.0
513926,241.45,99,14774.0
513934,139.85,4,14224.0
513936,200.91000000000003,79,16923.0
513937,156.0,112,14006.0
513938,510.24,360,13089.0
513939,677.55,217,13562.0
513940,161.1,75,12788.0
513941,316.48,192,12529.0
513942,1544.6599999999999,377,
513943,905.92,428,14040.0
513945,532.8,304,13001.0
513946,0.0,5,
513948,306.95,271,14389.0
513949,143.27,39,17191.0
513950,277.40000000000003,184,15425.0
513951,8.9,2,
513952,1516.02,985,14049.0
513953,1548.14,760,14426.0
513956,754.84,481,15808.0
513958,97.5,50,16680.0
513959,112.34,74,13620.0
513960,836.75,289,15430.0
513961,205.65,158,15005.0
513963,3499.8,2402,13694.0
513964,1765.95,815,12380.0
513965,686.4,188,12380.0
513967,145.0,1,12380.0
513968,144.55,65,18225.0
513969,0.0,1,
513970,166.6,120,17332.0
513971,81.66,14,12695.0
513972,460.8,182,15532.0
513973,924.0,2280,13027.0
513974,395.2,276,16176.0
513975,499.88,433,13451.0
513984,74.7,6,14180.0
513987,2326.7400000000002,1618,12415.0
513990,838.74,278,16754.0
513991,342.61,118,14092.0
513992,1044.21,290,16754.0
513993,318.0,300,17949.0
513995,471.87,272,13813.0
513996,172.55,71,15842.0
513998,371.85,173,16556.0
514002,159.6,168,17155.0
514004,620.65,242,14156.0
514005,379.89,199,13446.0
514008,306.78,294,16170.0
514009,309.53,193,15755.0
514013,217.32,198,13214.0
514015,404.45000000000005,131,13752.0
514016,389.78000000000003,142,15251.0
514018,75.3,22,13739.0
514019,313.95,137,14422.0
514021,302.4,120,17508.0
514022,594.17,281,15039.0
514023,673.08,276,14530.0
514026,331.57,343,17676.0
514036,679.08,494,15615.0
514047,277.57,275,16686.0
514058,154.07999999999998,60,17578.0
514059,624.12,446,17389.0
514061,322.8,88,13078.0
514063,330.5,158,12708.0
514064,446.49,195,14398.0
514082,3921.74,2938,16684.0
514085,311.4,204,17666.0
514087,1421.4,2424,16684.0
514091,330.0,200,16684.0
514092,156.5,158,14205.0
514096,409.98,158,17531.0
514097,1799.07,414,
514098,423.95,161,13097.0
514103,0.0,3,
514104,0.0,6,
514105,492.62,139,16814.0
514106,241.2,104,18053.0
514107,134.71,63,14606.0
514108,354.75,260,13756.0
514114,527.6,200,14555.0
514116,228.2,220,16592.0
514117,185.0,150,16592.0
514119,416.6,176,14217.0
514121,0.0,2,
514123,0.0,2,
514126,284.19,231,17602.0
514127,100.65,43,15447.0
514128,10.54,4,
514129,159.47,104,16098.0
514130,102.0,40,15486.0
514131,282.65,242,13269.0
514132,27.839999999999996,96,13269.0
514134,148.04000000000002,71,14584.0
514136,184.4,88,16071.0
514137,102.0,40,17923.0
514138,513.65,234,14911.0
514140,358.15,111,17748.0
514141,248.48,153,15581.0
514152,678.2,350,13814.0
514155,178.2,66,14825.0
514157,85.13,1,14911.0
514158,3.3,2,
514160,114.12,756,14609.0
514161,377.35,273,13875.0
514163,615.21,360,16283.0
514164,303.14,104,13872.0
514165,806.0600000000001,564,12714.0
514166,27.84,20,14754.0
514184,335.4,88,13319.0
514188,15.299999999999999,6,13319.0
514198,1307.32,366,
514203,659.3,462,17931.0
514204,204.0,80,15039.0
514208,310.41,188,13649.0
514209,192.3,126,18215.0
514210,287.98,114,18231.0
514211,224.04,38,13589.0
514212,135.9,62,14882.0
514217,288.15,192,17029.0
514218,914.33,545,14911.0
514219,341.8,158,12575.0
514220,869.6800000000001,400,17146.0
514221,1950.98,762,12653.0
514222,268.28,140,13021.0
514224,96.55,12,15852.0
514225,502.39,257,14299.0
514226,611.66,475,12468.0
514231,39.15,27,17572.0
514235,40.2,24,17382.0
514244,411.64,224,17083.0
514254,140.15,111,13984.0
514271,304.2,114,15081.0
514272,308.45,119,17239.0
514274,141.25,82,16883.0
514275,15.0,12,
514276,88.0,32,14113.0
514277,324.74,82,16190.0
514278,81.75,21,15888.0
514279,234.32,106,14451.0
514280,2654.01,2352,13081.0
514281,328.29,185,15628.0
514288,309.84999999999997,170,17176.0
514289,545.55,163,13735.0
514293,221.3,93,18109.0
514295,312.85,154,17651.0
514296,47.25,27,13650.0
514297,313.34,246,15179.0
514298,95.45,7,13302.0
514299,150.12,35,14590.0
514300,109.73,67,15851.0
514302,184.24,69,14527.0
514304,190.5,30,12823.0
514305,827.6,248,17675.0
514306,404.31,77,16926.0
514307,4.95,1,
514308,450.2,112,14952.0
514310,222.39999999999998,145,12765.0
514311,461.95,250,14755.0
514312,375.3,152,12662.0
514313,429.41,183,14709.0
514314,146.57999999999998,135,14139.0
514316,322.8,128,16654.0
514317,116.28,64,16809.0
514318,219.42,223,16743.0
514319,374.75,143,12576.0
514321,223.79,169,15013.0
514322,379.2,240,14135.0
514323,164.7,34,13659.0
514324,144.29,76,16011.0
514325,79.95,1,15361.0
514328,254.69,152,17913.0
514329,81.2,4,13503.0
514330,831.1,656,14849.0
514331,332.5,62,14051.0
514333,39.8,4,14849.0
514334,210.45000000000002,59,13292.0
514335,284.28000000000003,220,13439.0
514336,263.76,282,17187.0
514337,102.7,74,16359.0
514338,1299.66,262,
514339,346.86,270,15062.0
514342,336.6,196,13408.0
514343,81.05,225,17227.0
514344,352.06,206,14540.0
514345,135.42000000000002,76,13963.0
514346,513.18,298,14134.0
514347,155.73,140,13557.0
514348,300.84000000000003,234,18217.0
514349,93.8,52,18061.0
514350,310.42,237,13317.0
514351,283.05,125,17080.0
514352,15.23,5,17848.0
514355,1683.5,726,17589.0
514356,313.28,276,17635.0
514357,29.95,1,
514358,282.74,354,15625.0
514359,104.65,24,16907.0
514360,301.65999999999997,240,13004.0
514362,1305.32,714,14154.0
514364,104.35,48,17851.0
514365,189.51000000000002,33,13468.0
514366,189.67000000000002,79,13969.0
514367,267.54,285,15015.0
514369,2464.63,814,12477.0
514370,101.8,80,14693.0
514371,245.73,362,12422.0
514372,1.65,1,
514373,325.6,222,18065.0
514374,340.84000000000003,269,13394.0
514375,292.18,158,16701.0
514376,288.0,202,18230.0
514377,308.09000000000003,129,17734.0
514378,102.0,8,15885.0
514379,521.53,231,15218.0
514380,99.53999999999999,102,
514383,123.45,19,17236.0
514386,29.849999999999998,3,18053.0
514387,2216.39,1470,12633.0
514389,788.4,72,17949.0
514391,527.04,424,12921.0
514393,11.7,6,16571.0
514394,39.0,20,12921.0
514395,348.1,170,15498.0
514396,242.46,130,14699.0
514397,176.04,212,16779.0
514461,261.94,117,17841.0
514462,189.66,182,14963.0
514463,1077.13,337,17428.0
514464,15.0,12,17428.0
514465,556.84,200,13113.0
514466,254.9,228,14606.0
514467,411.83,261,15034.0
514468,213.85,193,16401.0
514469,6.35,1,12748.0
514470,306.63,187,17644.0
514471,177.0,83,12748.0
514479,157.17,107,13246.0
514480,700.67,401,16409.0
514481,438.51,261,14210.0
514483,846.22,370,17850.0
514484,36.0,2,12422.0
514486,40.0,1,12422.0
514487,108.55,26,18002.0
514488,11.9,6,17988.0
514490,101.88,12,12409.0
514491,2.75,5,17988.0
514492,533.74,274,17850.0
514493,648.78,316,17850.0
514494,13.85,7,
514495,136.0,16,14366.0
514496,108.75,161,17021.0
514497,174.18,71,16782.0
514498,310.83,218,16782.0
514499,270.59000000000003,148,14896.0
514500,104.86,14,13542.0
514502,531.65,199,12843.0
514503,321.23,124,15443.0
514504,39.0,7,13782.0
514505,236.62,128,17201.0
514506,148.62,53,13125.0
514507,642.41,368,14415.0
514508,854.88,411,13093.0
514509,3439.02,1722,15369.0
514510,270.0,84,14647.0
514511,409.46,337,16032.0
514512,132.63,55,14247.0
514513,347.7,38,13029.0
514514,351.39,179,15976.0
514515,724.56,708,14828.0
514516,293.11,133,17406.0
514517,664.8,144,13089.0
514518,423.24,230,17850.0
514519,270.12,194,17850.0
514520,568.11,281,17850.0
514521,1172.6399999999999,256,13694.0
514523,288.02,168,17850.0
514524,561.2,294,14655.0
514525,990.0,600,13629.0
514527,50.400000000000006,17,17960.0
514529,534.72,506,12681.0
514530,631.38,304,17850.0
514531,587.24,294,17850.0
514532,1570.3,345,
514533,276.25,55,16974.0
514534,395.12,206,17850.0
514537,310.40000000000003,56,15291.0
514540,414.19,223,17850.0
514542,450.0,300,18179.0
514544,200.62,118,17238.0
514545,574.12,286,17850.0
514551,141.25,101,17376.0
514552,182.0,122,16161.0
514553,186.18,96,14710.0
514554,148.32,54,15885.0
514555,407.22,216,17850.0
514556,565.0,290,17850.0
514558,289.58,168,17850.0
514559,469.81,242,17850.0
514563,844.53,329,15039.0
514564,19.5,10,
514565,293.0,182,17850.0
514566,12.75,1,
514567,280.16,156,15627.0
514573,14.25,4,17961.0
514583,466.20000000000005,252,17949.0
514597,181.94,82,13041.0
514599,18.3,10,12755.0
514600,553.78,280,17850.0
514601,378.18,196,17850.0
514613,329.3,174,18172.0
514630,182.63,94,16458.0
514639,622.0,384,14680.0
514643,1113.7,524,12469.0
514660,716.48,334,15678.0
514661,536.17,203,14701.0
514662,0.85,1,14701.0
514663,223.28,119,
514664,409.0,169,17774.0
514665,460.64,160,16110.0
514666,140.7,181,16493.0
514667,103.75999999999999,12,15969.0
514668,141.29999999999998,40,17867.0
514669,23.4,12,17080.0
514670,78.0,8,15611.0
514671,366.75,181,16177.0
514672,369.09000000000003,265,17464.0
514673,306.75,119,17491.0
514675,210.59,177,13069.0
514676,105.25,79,14606.0
514677,498.96000000000004,280,12953.0
514678,20.16,48,15768.0
514679,1892.87,727,16705.0
514680,95.53,52,16444.0
514681,71.15,11,16158.0
514682,579.35,202,12693.0
514685,555.94,294,15076.0
514686,95.46000000000001,30,17742.0
514688,139.06,202,16668.0
514690,187.67000000000002,86,17068.0
514691,271.25,109,17469.0
514692,145.5,51,12500.0
514693,194.76999999999998,123,17287.0
514694,118.35000000000001,53,17757.0
514695,639.9,270,13798.0
514696,13.919999999999998,48,14900.0
514697,359.47999999999996,396,18258.0
514698,0.0,35,
514699,0.0,6,
514700,0.0,5,
514702,0.0,6,
514703,90.0,72,17307.0
514704,0.0,23,
514705,213.01999999999998,110,16558.0
514706,0.0,1,
514707,0.0,1,
514708,0.0,1,
514709,0.0,3,
514710,0.0,1,
514711,0.0,2,
514712,0.0,1,
514714,611.7,490,14918.0
514715,210.9,88,17218.0
514716,501.33,313,15253.0
514719,309.36,504,13450.0
514720,524.3,149,14911.0
514721,1547.01,811,15311.0
514722,475.15,225,17589.0
514723,267.65000000000003,126,14818.0
514724,302.93,155,16503.0
514725,153.95,89,16497.0
514726,172.54999999999998,49,14898.0
514727,426.0,192,17679.0
514728,2162.18,450,
514729,3274.4,2064,15061.0
514730,107.63999999999999,234,14609.0
514731,545.9,326,15061.0
514732,283.61,283,15061.0
514734,478.15999999999997,240,14679.0
514736,492.62,275,16746.0
514744,342.44,148,14228.0
514759,422.1,338,16570.0
514774,423.90000000000003,232,14911.0
514785,147.0,60,13082.0
514797,892.5,538,16422.0
514800,194.8,54,15650.0
514801,227.4,140,16576.0
514802,127.76,58,13963.0
514803,119.69999999999999,6,17901.0
514805,30.0,8,17901.0
514806,146.42,106,16393.0
514807,160.25,39,12835.0
514808,591.6600000000001,164,12403.0
514809,816.6,292,12678.0
514810,294.88,48,12431.0
514811,293.61,249,15738.0
514812,210.9,108,17377.0
514813,17.85,3,17377.0
514814,219.9,92,12402.0
514823,829.25,234,12730.0
514824,308.96000000000004,142,17651.0
514825,278.25,171,16153.0
514826,126.05,65,14452.0
514827,315.81,145,15841.0
514828,545.96,290,15245.0
514829,306.7,202,14745.0
514830,303.8,84,12825.0
514831,17.0,4,14745.0
514834,439.32,792,15061.0
514835,1402.93,343,
514836,201.4,170,14186.0
514837,12.7,20,
514838,135.46,54,14239.0
514839,499.90000000000003,130,16126.0
514840,53.1,18,14876.0
514841,832.9,279,12749.0
514842,218.36,104,13491.0
514843,313.63,187,17730.0
514844,395.62,278,15125.0
514845,247.5,150,18171.0
514847,4.95,1,
514849,58.5,54,17707.0
514850,750.76,559,17145.0
514851,252.8,104,17145.0
514852,348.56,202,16229.0
514856,112.46,136,13909.0
514857,107.8,4,15879.0
514858,81.36,24,14279.0
514859,367.2,144,13798.0
514860,138.24,192,13199.0
514861,362.2,184,13327.0
514862,211.20000000000002,266,16859.0
514863,17.700000000000003,6,16859.0
514864,410.56,307,12632.0
514865,430.58,266,15137.0
514866,1230.2,702,14016.0
514867,554.8,263,12583.0
514869,1.25,1,14748.0
514870,1125.0,300,16029.0
514871,529.0,220,16029.0
514872,427.38,305,16186.0
514874,175.2,16,14154.0
514875,211.2,128,17381.0
514876,2869.52,1864,17511.0
514877,427.0,228,13798.0
514911,302.86,31,
514912,377.59,68,
514913,283.43,34,
514914,263.53999999999996,54,
514916,231.26,26,
514918,147.79,24,
514921,371.69,59,
514923,222.77,41,
514926,329.84999999999997,51,
514928,357.89,43,
514931,506.46,43,
514935,259.3,25,
514936,334.71,29,
514938,313.41,248,16700.0
514940,117.42,29,16883.0
514941,0.0,1,
514943,138.35,102,14715.0
514945,0.0,2,
514946,0.0,11,
514949,496.45,317,12759.0
514950,1227.65,238,
514951,162.24,96,16443.0
514954,61.84,16,15504.0
514962,1554.45,1006,14156.0
514964,478.01,176,15044.0
514966,164.82,62,14770.0
514967,146.1,38,17110.0
514969,398.21000000000004,275,17611.0
514970,518.78,140,15133.0
514971,495.36,240,16209.0
514972,1169.02,708,16873.0
514973,456.94,254,17213.0
514974,209.9,76,14467.0
514975,102.0,8,14199.0
514976,173.7,62,16197.0
514978,362.74,320,14101.0
514979,771.65,183,14911.0
514981,27.900000000000002,6,14530.0
514982,100.30000000000001,18,16934.0
514983,31.85,5,17129.0
514984,210.57,79,17841.0
514985,113.24,62,15494.0
514988,5.72,5,
514989,244.85,305,17706.0
514990,23.6,8,17706.0
514993,611.67,250,13593.0
514994,0.0,64,
514995,0.0,2,
514996,243.35999999999999,144,16422.0
514998,192.88,82,13534.0
514999,278.57,162,16607.0
515003,306.58000000000004,82,16649.0
515004,266.47,145,13288.0
515005,285.31,115,13901.0
515006,529.5699999999999,247,13093.0
515007,85.0,100,
515008,113.64999999999999,69,15056.0
515009,629.8,182,14175.0
515010,341.40000000000003,90,14498.0
515012,1745.41,1062,15581.0
515013,1991.06,411,
515015,334.53,315,16954.0
515016,273.96,151,13677.0
515017,136.5,59,13969.0
515018,607.62,292,14639.0
515019,243.60000000000002,52,12712.0
515020,333.47,530,12399.0
515021,164.70000000000002,190,18276.0
515022,92.75999999999999,72,13117.0
515023,300.65,29,16133.0
515024,511.38,119,12975.0
515025,304.97,213,15127.0
515026,303.35,55,17623.0
515027,330.53,235,17519.0
515028,300.56,112,13102.0
515029,467.13,374,13201.0
515030,160.8,48,16119.0
515036,156.3,267,17368.0
515063,0.0,26,
515066,0.0,170,
515073,0.0,176,
515088,66.8,42,17988.0
515091,110.3,54,16544.0
515093,326.3,192,16057.0
515094,543.48,252,17389.0
515096,300.45,83,16539.0
515097,132.55,157,14882.0
515098,76.75,35,13835.0
515099,239.1,126,13468.0
515100,89.5,17,14527.0
515102,116.2,29,
515104,123.54,16,
515107,309.46000000000004,184,14621.0
515108,9.95,7,
515109,87.99000000000001,47,16918.0
515110,328.2,222,13408.0
515111,204.24,26,16266.0
515112,29.700000000000003,6,13408.0
515113,71.0,76,16266.0
515114,655.41,113,13668.0
515115,415.48,170,16383.0
515116,444.03000000000003,291,13001.0
515117,508.02000000000004,156,15513.0
515118,288.1,72,12782.0
515119,279.18,243,15518.0
515121,259.75,117,15005.0
515122,322.09999999999997,128,12863.0
515123,715.02,792,12592.0
515124,147.18,68,16008.0
515126,637.4,482,16650.0
515127,622.5400000000001,310,14695.0
515128,715.02,1,12592.0
515141,134.9,72,14692.0
515146,715.02,792,12592.0
515148,14.899999999999999,2,
515149,716.08,460,12963.0
515150,231.33999999999997,630,18279.0
515152,104.1,14,15681.0
515154,306.3,138,13078.0
515156,313.25,84,16466.0
515157,129.2,109,13571.0
515159,0.0,4,
515161,345.1,206,12841.0
515162,0.0,75,
515165,897.97,523,13564.0
515166,107.17,96,17920.0
515167,16.75,9,13564.0
515168,9.9,2,13564.0
515173,16.35,5,
515174,516.41,241,15101.0
515175,306.22,130,13777.0
515176,99.9,30,13399.0
515177,220.16,92,13997.0
515178,12.75,1,13997.0
515179,494.49,402,16032.0
515180,376.6,143,16713.0
515181,210.08,106,17231.0
515182,360.56,197,14702.0
515183,146.32999999999998,170,16549.0
515184,329.8,240,12839.0
515185,252.72,248,15141.0
515187,17995.88,7172,14156.0
515189,10.2,2,
515192,1895.3799999999999,1024,18225.0
515193,0.0,10,
515253,679.3000000000001,417,18260.0
515254,2243.06,598,
515255,226.01999999999998,198,17228.0
515257,234.55,75,17241.0
515259,520.52,240,13576.0
515260,2.5,2,12748.0
515261,253.19,109,16814.0
515265,205.74,54,14911.0
515277,319.32,44,13113.0
515278,109.50999999999999,70,18036.0
515279,354.6,132,17492.0
515280,702.9,872,12621.0
515281,2970.7500000000005,85,13734.0
515282,0.0,67,
515285,2.95,1,
515286,350.0,416,15129.0
515287,1580.59,445,
515288,362.93,223,17865.0
515290,248.18,170,13485.0
515293,0.0,10,
515294,0.0,10,
515295,14.850000000000001,3,14580.0
515296,3025.4500000000003,123,13734.0
515298,0.0,3,
515301,515.12,118,14031.0
515303,99.58000000000001,22,15283.0
515304,17.599999999999998,2,
515305,1197.15,686,14911.0
515310,542.7,281,15856.0
515311,0.0,87,
515312,205.0,58,17243.0
515313,160.92000000000002,68,15164.0
515314,292.54,226,16889.0
515315,204.00000000000003,600,12891.0
515316,231.54,169,16693.0
515317,116.85,90,17790.0
515318,66.0,24,16199.0
515319,277.6,97,17085.0
515320,181.58,78,15965.0
515321,102.0,24,13145.0
515322,49.95,4,15965.0
515323,559.88,136,16985.0
515324,73.19,27,13595.0
515326,323.0,360,15555.0
515327,155.98,67,13230.0
515328,157.97,155,14805.0
515329,972.24,498,17802.0
515330,229.64000000000001,122,16049.0
515331,23.6,8,13047.0
515332,599.98,132,13047.0
515333,151.17,63,14516.0
515334,1598.75,2213,15523.0
515335,223.58,99,14606.0
515336,134.13,127,17289.0
515337,142.38,66,15796.0
515338,375.76,200,15544.0
515339,124.23,67,
515340,51.49,28,
515341,825.0,500,16182.0
515342,559.2,16,12980.0
515343,89.04,18,17847.0
515344,384.14,216,14911.0
515345,191.73,123,14672.0
515346,10.0,1,14608.0
515347,664.58,350,12472.0
515348,1583.82,1072,13802.0
515349,590.0,2,15513.0
515350,584.4499999999999,287,13895.0
515351,180.48000000000002,16,15101.0
515352,211.0,60,17314.0
515353,1792.09,412,
515354,243.35999999999999,144,15369.0
515355,121.67999999999999,72,15369.0
515358,13.200000000000001,24,16650.0
515367,53.400000000000006,52,16650.0
515386,161.13,53,13779.0
515403,295.0,1,
515404,555.02,173,17838.0
515405,196.84999999999997,35,14608.0
515406,431.21,286,14159.0
515409,426.26,554,16701.0
515411,360.9,178,14667.0
515412,270.92,114,18238.0
515415,77.97000000000001,73,18135.0
515416,326.3,140,16168.0
515417,655.25,138,14911.0
515418,196.23,94,17841.0
515419,139.8,4,17841.0
515420,938.9399999999999,1011,17365.0
515421,202.1,88,17241.0
515423,642.8100000000001,225,17143.0
515424,78.55,13,16883.0
515425,355.1,186,17651.0
515426,80.15,58,17651.0
515427,358.8,180,13044.0
515428,21.0,50,12891.0
515431,311.98,418,14248.0
515437,155.15,81,17068.0
515439,1539.11,447,
515455,1135.88,775,15673.0
515457,105.0,50,15369.0
515458,599.55,345,17677.0
515465,273.15,201,14882.0
515466,35.400000000000006,12,14882.0
515469,201.6,192,14882.0
515470,157.27,43,17969.0
515471,122.76,49,17757.0
515473,0.0,23,
515474,223.06,89,17950.0
515475,1189.94,638,16320.0
515476,633.02,547,
515477,200.70000000000002,26,16915.0
515479,1307.75,283,
515480,1111.14,529,17340.0
515481,256.6,155,16271.0
515484,304.98,249,17994.0
515485,362.88,504,17949.0
515486,495.0,300,16029.0
515487,990.0,200,16029.0
515502,1275.0,500,16013.0
515503,131.39999999999998,12,14543.0
515504,114.5,150,16013.0
515506,510.14,246,15039.0
515507,29.5,10,15039.0
515508,320.95,67,14870.0
515509,66.6,12,14870.0
515510,507.74,671,15563.0
515511,110.95,29,14590.0
515530,838.9,437,14680.0
515533,244.58,146,15719.0
515541,110.44,24,14069.0
515568,105.5,30,16234.0
515569,412.4,199,14461.0
515571,132.29,102,17854.0
515572,0.95,1,17854.0
515575,134.95,49,17931.0
515578,126.35,24,16926.0
515588,846.77,476,14156.0
515589,25.0,20,
515590,178.48000000000002,72,16469.0
515591,261.76,193,13428.0
515592,639.08,158,12664.0
515593,412.17,300,16435.0
515594,15.0,12,13428.0
515595,1113.56,842,13089.0
515597,270.69000000000005,159,17408.0
515598,642.14,210,14895.0
515599,209.02,102,17773.0
515600,49.7,10,14895.0
515601,29.700000000000003,6,14895.0
515602,295.0,1,14895.0
515603,291.45000000000005,159,17873.0
515604,157.14,138,17873.0
515605,168.0,114,14878.0
515606,343.59999999999997,144,17675.0
515607,197.33,83,14512.0
515608,4.25,1,
515609,1578.93,359,
515610,491.4,124,13209.0
515611,43.68,14,
515612,13.45,11,14610.0
515614,317.5,50,12823.0
515616,356.4,136,18172.0
515617,35.400000000000006,12,18172.0
515619,459.03,180,14911.0
515621,1723.18,1862,14258.0
515622,81.36,24,14258.0
515624,1189.94,638,16320.0
515625,328.22,130,13267.0
515626,19.799999999999997,12,13267.0
515627,346.3,258,17096.0
515628,54.269999999999996,27,
515629,314.01,158,16550.0
515635,343.61,145,17714.0
515663,309.08000000000004,132,16525.0
515674,357.2,186,13013.0
515677,319.14,92,14025.0
515681,43.2,8,15527.0
515682,247.15,147,15527.0
515684,313.02,185,13050.0
515685,255.82999999999998,225,16499.0
515687,151.9,49,14896.0
515688,355.63,179,
515690,1184.66,566,
515697,415.61,413,14653.0
515702,22.45,15,18217.0
515703,172.17000000000002,70,14656.0
515704,395.53000000000003,222,14640.0
515705,236.52,118,16327.0
515706,433.12,280,15061.0
515707,270.9,102,16168.0
515708,44.550000000000004,9,16168.0
515723,79.9,19,14527.0
515724,92.2,34,18123.0
515733,190.45000000000002,113,17034.0
515742,1706.23,971,15332.0
515743,245.76,184,13824.0
515744,3.75,1,
515745,311.88,215,13971.0
515749,151.95,109,17235.0
515757,0.0,500,
515758,1930.8,1524,13461.0
515759,1495.51,261,
515760,405.62,264,13012.0
515761,241.59,142,17377.0
515762,15.0,1,14606.0
515763,250.94,130,14606.0
515764,742.86,194,14285.0
515765,176.4,63,15311.0
515766,111.02,32,15272.0
515768,222.28,102,18096.0
515769,636.0,600,16422.0
515770,314.55,127,16103.0
515771,80.17,19,13610.0
515773,321.05,129,16161.0
515774,55.65,7,14543.0
515775,6.8999999999999995,4,
515776,300.97,119,17739.0
515780,64.45,21,
515781,227.65,85,13059.0
515782,10.95,1,16172.0
515783,280.5,102,12989.0
515792,27.9,14,
515795,1188.88,888,14844.0
515801,334.56,221,17965.0
515804,2.55,1,
515809,1161.47,255,
515810,0.0,480,
515811,407.68,141,15259.0
515812,39.8,4,15259.0
515813,520.7,274,13715.0
515814,1220.32,1398,17145.0
515815,79.48,16,14007.0
515816,160.07999999999998,100,15224.0
515817,660.0,240,13559.0
515819,0.0,4,
515825,432.0,64,13694.0
515826,432.0,384,13694.0
515827,557.65,70,16054.0
515828,124.46000000000001,150,15910.0
515830,311.37,390,15530.0
515831,17.349999999999998,19,
515832,13.100000000000001,4,12748.0
515842,145.55,75,16883.0
515845,15.0,1,14606.0
515855,15.0,1,17448.0
515861,354.2,74,13999.0
515879,353.74,370,16779.0
515880,737.03,528,14107.0
515881,370.0,176,14755.0
515883,17.0,50,12891.0
515884,517.77,277,16435.0
515885,167.62,270,17559.0
515887,572.35,506,14817.0
515888,752.84,440,16279.0
515896,236.55,93,13497.0
515897,312.13,149,14421.0
515898,125.87,43,17726.0
515899,197.95000000000002,93,15827.0
515902,307.1,156,13649.0
515903,9.9,2,15827.0
515904,92.25,16,12789.0
515905,93.49,84,17783.0
515906,113.55,71,12748.0
515907,553.09,376,13564.0
515908,264.26,90,13772.0
515909,794.22,330,14156.0
515910,1562.8,2628,14298.0
515911,108.89999999999999,66,14298.0
515912,561.69,283,15249.0
515913,49.5,30,14298.0
515914,279.25,230,13255.0
515915,104.4,49,12788.0
515916,345.93,215,15542.0
515917,542.03,83,17897.0
515922,261.48,79,14667.0
515923,369.78,350,13450.0
515924,104.25000000000001,15,14543.0
515926,29.849999999999998,3,14543.0
515927,443.3,232,14420.0
515928,231.45000000000002,68,12523.0
515929,150.5,306,14084.0
515930,2284.92,636,18102.0
515931,717.95,411,14961.0
515932,3761.6400000000003,3888,18102.0
515933,486.72,624,18102.0
515934,128.31,44,16251.0
515935,208.9,93,14060.0
515936,2284.92,636,18102.0
515937,128.54,96,17968.0
515938,443.39,205,18223.0
515939,657.71,127,
515940,1636.8000000000002,1384,18102.0
515941,96.56,132,17757.0
515943,20.4,24,17757.0
515944,22863.36,4992,18102.0
515945,398.53999999999996,260,12682.0
515946,64.7,12,14180.0
515947,272.09000000000003,221,18226.0
515948,509.0,286,12490.0
515949,170.15,77,16161.0
515951,241.71,489,17861.0
515952,73.13,31,16435.0
515953,100.0,39,18021.0
515954,183.42,157,15908.0
515955,346.7,204,14514.0
515956,666.6,410,13291.0
515957,165.6,64,17921.0
515958,360.65,115,13230.0
515969,1.65,1,14621.0
515971,894.96,264,14156.0
515984,43.8,4,16133.0
515986,321.1,98,16503.0
515987,11.66,4,
515988,5.0,2,
515989,2.95,1,
515995,356.96999999999997,287,14648.0
515996,202.8,72,14735.0
515998,98.66,66,15602.0
516000,214.92,206,17720.0
516001,329.64,368,14852.0
516002,19.799999999999997,12,14852.0
516003,50.72,80,14852.0
516004,137.36,82,13296.0
516005,150.66,70,16497.0
516006,55.199999999999996,40,13117.0
516007,377.45,135,12986.0
516010,78.0,40,14486.0
516011,172.6,59,14911.0
516012,186.3,94,17001.0
516015,606.36,236,16019.0
516016,0.0,2,
516018,382.97999999999996,633,17930.0
516019,801.98,734,17694.0
516020,309.5,170,16746.0
516021,0.0,180,
516022,91.6,20,18102.0
516023,0.0,12,
516025,0.0,5,
516026,0.0,4,
516027,316.7,162,16175.0
516028,0.0,1,
516029,0.0,1,
516030,141.36,112,15759.0
516031,0.0,1,
516032,0.0,1,
516033,313.7,186,15981.0
516034,0.0,2560,
516035,0.0,2560,
516036,0.0,2560,
516037,0.0,2560,
516038,0.0,2560,
516039,0.0,2560,
516040,107.07,81,15615.0
516041,14.4,3,
516042,0.0,2560,
516043,0.0,113,
516053,0.0,2,
516058,550.5,158,14430.0
516059,34.9,14,14430.0
516060,281.6,116,16143.0
516061,65.4,36,16570.0
516079,104.91999999999999,104,14739.0
516097,186.9,78,16946.0
516105,353.58,264,16170.0
516106,177.04,212,17683.0
516107,293.52,156,17611.0
516108,15.12,36,14083.0
516109,216.18,69,16774.0
516110,199.3,192,13211.0
516111,169.14,114,13728.0
516112,1970.27,1040,13958.0
516113,30.54,14,13958.0
516114,97.80000000000001,28,12982.0
516115,191.7,107,14615.0
516116,871.7,562,15452.0
516117,702.45,361,14766.0
516119,662.39,493,14156.0
516120,336.24,175,12415.0
516129,307.98,234,15985.0
516130,43.25,13,13959.0
516131,2903.71,2567,12709.0
516132,368.7,403,16767.0
516133,1259.05,749,17716.0
516134,27.6,10,
516135,14.850000000000001,3,13998.0
516136,89.85,23,17402.0
516137,226.05,23,17680.0
516138,478.08,335,16670.0
516139,305.28000000000003,288,18231.0
516140,102.0,20,12977.0
516141,324.48,480,16128.0
516142,122.95,50,12977.0
516145,316.5,210,13074.0
516146,1393.82,253,
516147,121.06,22,17243.0
516148,116.41,129,18021.0
516150,234.16,66,13542.0
516151,88.57,47,15938.0
516152,424.56,464,16344.0
516153,2819.16,1834,13798.0
516154,119.86,44,17541.0
516155,127.56,43,12748.0
516156,309.4,66,14205.0
516157,221.59,95,17261.0
516158,361.7,318,16950.0
516160,567.85,264,
516161,147.15,48,14563.0
516162,337.21,265,14553.0
516163,141.6,80,14553.0
516164,969.35,149,15151.0
516165,277.96999999999997,251,13566.0
516166,301.25,183,15095.0
516167,59.0,20,17339.0
516168,441.29,275,15547.0
516169,487.2,336,15218.0
516170,202.44000000000003,156,15189.0
516171,284.4,316,16496.0
516172,168.6,168,16496.0
516173,37.5,30,13288.0
516174,187.95,82,15633.0
516175,138.24,192,13199.0
516176,368.8,212,17863.0
516177,529.56,780,16656.0
516178,173.66,103,14674.0
516179,336.48,120,17157.0
516181,339.85,115,15291.0
516182,428.8,134,13078.0
516183,524.1700000000001,421,15306.0
516184,142.84,86,14343.0
516185,367.0,202,14546.0
516186,400.74,192,18097.0
516187,154.65,80,16089.0
516188,178.89000000000001,85,14599.0
516189,1511.37,1173,12625.0
516190,360.22,419,15732.0
516191,166.20000000000002,36,12971.0
516192,531.38,226,15078.0
516193,317.15,204,12696.0
516194,4692.92,4031,13881.0
516195,124.8,96,12709.0
516196,617.05,197,14758.0
516197,941.91,207,
516199,1.7,2,
516201,294.95,41,14543.0
516224,596.34,208,15039.0
516257,159.14,106,13705.0
516260,137.4,52,16861.0
516261,69.6,48,16467.0
516262,316.63,107,15279.0
516263,379.35,150,17841.0
516264,419.89,86,13734.0
516265,188.39000000000001,69,16782.0
516266,245.48999999999998,95,15967.0
516267,977.58,206,
516268,169.5,50,17262.0
516269,1518.96,2008,17404.0
516270,3678.86,2330,14646.0
516271,153.29999999999998,14,14299.0
516272,255.44,108,14307.0
516273,200.42000000000002,24,14978.0
516275,221.82999999999998,115,15788.0
516287,1178.5900000000001,917,13081.0
516292,942.86,685,13425.0
516302,539.0,236,14062.0
516303,140.89000000000001,60,14606.0
516304,358.38,156,14025.0
516305,256.22,90,14667.0
516306,1105.5,590,13178.0
516307,549.38,318,12431.0
516308,90.0,6,12431.0
516309,1199.3600000000001,764,14426.0
516310,107.09,57,18036.0
516311,324.14,316,16172.0
516312,458.8,234,17850.0
516313,428.38,270,14047.0
516314,307.66,222,12826.0
516315,372.12,236,13408.0
516316,147.31,55,17460.0
516319,199.0,20,17929.0
516321,137.59999999999997,40,15661.0
516322,490.82,231,17320.0
516323,372.34999999999997,69,14441.0
516324,97.5,66,17395.0
516325,384.3,279,17651.0
516326,175.44,98,17515.0
516327,721.79,345,17589.0
516328,372.96000000000004,156,17090.0
516329,187.8,30,17090.0
516330,51.5,14,12748.0
516331,316.96,244,17470.0
516332,236.1,78,17324.0
516333,394.09999999999997,193,17188.0
516335,152.45,231,12864.0
516337,333.07,133,14626.0
516338,299.52,420,13418.0
516339,274.1,78,14110.0
516340,309.48,195,14825.0
516341,303.90000000000003,66,15854.0
516342,107.36,52,17994.0
516343,540.29,245,14922.0
516344,168.5,86,13874.0
516345,314.34000000000003,118,16631.0
516346,322.42,138,13769.0
516347,106.5,13,12843.0
516348,295.18,82,12975.0
516349,300.26,171,13995.0
516350,259.69,131,14493.0
516351,540.07,305,15394.0
516367,382.32,248,12921.0
516369,311.4,108,13831.0
516371,486.40000000000003,264,15002.0
516378,3078.21,1707,14855.0
516379,35.4,36,14855.0
516430,3970.13,2319,17511.0
516431,303.5,162,14905.0
516432,617.5,358,12755.0
516433,130.64,79,12748.0
516434,142.81,57,18096.0
516435,21.25,5,
516436,314.1,122,16422.0
516437,360.09000000000003,165,13481.0
516438,59.199999999999996,14,13481.0
516439,135.0,108,13509.0
516446,138.3,50,13719.0
516447,446.94,406,16129.0
516449,128.1,58,16359.0
516450,225.57999999999998,150,17091.0
516451,205.15,95,15617.0
516452,675.88,464,13154.0
516453,451.9,271,12480.0
516454,750.0,312,14292.0
516455,116.85,47,16168.0
516456,15.299999999999999,6,14292.0
516457,192.6,84,17552.0
516458,17.0,4,17552.0
516461,300.31,99,14797.0
516463,174.64,156,15984.0
516464,788.4,285,14911.0
516465,357.16,148,13767.0
516466,231.65,93,17578.0
516467,17.45,3,
516468,17.1,5,17578.0
516469,22.9,8,17578.0
516470,1597.18,384,
516471,415.13,199,16150.0
516475,517.74,203,14040.0
516476,1119.34,228,17584.0
516477,499.22,232,14535.0
516478,151.82,72,17576.0
516479,364.0,52,14061.0
516480,231.79999999999998,124,16400.0
516481,333.79,182,16945.0
516482,301.56,118,13976.0
516483,61.199999999999996,72,17080.0
516484,334.28,170,14422.0
516485,824.49,669,12720.0
516486,108.0,6,12720.0
516487,224.28,132,17865.0
516488,1153.14,614,17865.0
516489,765.0,530,13952.0
516490,42.22,10,13913.0
516493,176.27999999999997,108,18061.0
516494,944.69,593,13048.0
516534,23.05,7,
516535,134.7,32,16883.0
516536,669.12,1504,16422.0
516537,209.85000000000002,295,13795.0
516538,1230.75,736,16180.0
516541,291.09999999999997,210,15290.0
516548,1751.6,377,
516551,297.43,345,17696.0
516561,360.0,288,12989.0
516564,112.75,53,14692.0
516566,184.55,186,12417.0
516567,431.72,178,16529.0
516568,274.12,219,12474.0
516569,1143.26,581,13093.0
516570,21.4,10,
516572,2.95,1,
516573,9.6,4,
516579,106.02,126,16416.0
516583,222.75,143,16416.0
516586,326.6,119,13102.0
516588,160.75,49,17663.0
516590,277.89,169,15005.0
516591,276.34000000000003,169,12872.0
516592,18.55,5,17961.0
516593,297.3,114,17469.0
516595,105.8,43,17757.0
516601,965.6800000000001,352,16029.0
516607,135.29,105,13444.0
516608,30.799999999999997,25,17961.0
516609,575.3100000000001,326,17338.0
516610,1748.57,772,13615.0
516611,368.72,484,18226.0
516613,420.8,150,13426.0
516615,1180.34,456,14031.0
516616,475.54,657,13266.0
516617,135.6,64,16458.0
516618,163.16,139,12835.0
516621,41.7,6,
516622,2.5,2,
516623,310.84,133,15043.0
516624,15.649999999999999,5,
516625,1356.13,207,
516626,315.02,214,13402.0
516627,175.8,132,14465.0
516628,438.2,260,13089.0
516629,832.28,292,16736.0
516630,156.0,80,12990.0
516631,78.0,40,13399.0
516632,529.84,171,18074.0
516633,167.52,72,13487.0
516634,226.75,71,16168.0
516635,180.75,105,14858.0
516648,2.5,2,13564.0
516663,51.0,12,17090.0
516670,0.0,192,
516671,0.0,15,
516686,315.0,168,16975.0
516696,733.14,343,13564.0
516697,174.85,27,
516698,372.07,44,
516699,2.98,1,
516700,406.67,39,
516705,239.67000000000002,27,
516706,263.09999999999997,42,
516707,390.75,40,
516708,294.26,44,
516709,225.94,44,
516710,176.1,94,13269.0
516711,483.92,176,13527.0
516713,224.7,28,
516714,425.15,52,
516715,309.14,86,13740.0
516716,319.40000000000003,200,13213.0
516717,33.96,2,
516718,127.7,35,14527.0
516719,314.42,34,
516720,321.25,35,
516721,268.52,43,
516725,310.49,125,16814.0
516726,338.15000000000003,155,17643.0
516727,120.14999999999999,67,16161.0
516728,402.15999999999997,476,12724.0
516729,104.73,196,14064.0
516730,165.53,89,17068.0
516731,270.6,132,16555.0
516732,416.95,165,16555.0
516733,479.70000000000005,774,16555.0
516734,462.54,570,16555.0
516735,77.8,29,12421.0
516736,395.56,143,14461.0
516737,79.9,2,16165.0
516738,102.0,12,15611.0
516739,448.22,178,17700.0
516740,327.59999999999997,40,15694.0
516741,125.92999999999999,115,17918.0
516742,318.0,600,12908.0
516743,244.79999999999998,96,14735.0
516744,301.73,251,14236.0
516746,119.5,40,17177.0
516747,172.73000000000002,43,14732.0
516748,1222.22,272,
516749,361.93,214,14099.0
516750,220.73,87,13468.0
516751,3.75,1,13788.0
516752,560.74,313,13031.0
516753,745.42,285,18026.0
516757,68.8,21,14646.0
516758,159.02,109,14861.0
516760,73.06,78,12877.0
516761,456.24,144,13777.0
516767,232.57999999999998,64,13433.0
516768,606.25,463,16588.0
516769,1108.65,425,13371.0
516770,106.79,51,16549.0
516772,8.4,4,
516773,827.65,628,17092.0
516774,152.15,78,13969.0
516775,3787.06,2823,15061.0
516776,141.15,42,14166.0
516777,136.23,67,14702.0
516778,330.31,291,17602.0
516779,139.05,126,17021.0
516780,20.4,8,14615.0
516781,8328.31,2916,18102.0
516782,7.63,5,
516783,299.02,271,12595.0
516785,617.5,358,12755.0
516786,1155.0,700,15769.0
516787,207.33,185,12820.0
516788,799.8599999999999,686,16843.0
516789,283.18,82,15623.0
516790,140.07,46,17963.0
516814,147.06,77,14606.0
516837,301.0,355,16722.0
516839,566.95,251,12647.0
516840,1151.28,576,17949.0
516841,191.86,70,13534.0
516842,296.66,206,16092.0
516843,220.83,304,15867.0
516847,4.75,5,
516851,305.72,172,15674.0
516856,19.2,16,
516857,57.3,30,14344.0
516868,447.4,116,13089.0
516869,147.44,101,17908.0
516870,333.67,489,14085.0
516871,150.46,108,16918.0
516872,399.22,158,13874.0
516873,567.75,77,13113.0
516874,282.13,235,16203.0
516875,632.81,671,13665.0
516876,347.3,224,12935.0
516877,474.9,313,17364.0
516878,60.3,18,17364.0
516879,107.97,142,16699.0
516880,296.43,139,15862.0
516884,1472.3600000000001,699,15311.0
516885,1212.0,668,12615.0
516886,169.46,86,16125.0
516887,367.52,276,15808.0
516888,96.0,48,
516889,10.0,1,
516890,322.42,160,13900.0
516891,785.33,643,14312.0
516892,1581.09,418,
516893,214.60999999999999,27,
516895,10.2,4,
516896,220.13,212,18132.0
516899,8.77,8,
516900,27.39,11,
516901,303.5,164,15738.0
516902,688.66,316,15521.0
516903,115.30000000000001,74,12971.0
516904,302.8,668,18244.0
516905,132.28,76,12523.0
516906,303.0,106,16539.0
516907,198.15,98,15527.0
516908,183.68,28,16326.0
516909,95.0,1,12748.0
516910,298.4,230,15046.0
516911,5.8,4,14156.0
516913,471.35999999999996,94,13875.0
516914,197.57,130,17112.0
516915,684.73,596,13093.0
516916,335.40000000000003,516,13082.0
516917,102.3,47,17343.0
516918,267.23,125,16075.0
516919,503.2,304,17096.0
516920,344.78,230,14092.0
516921,342.83,161,12866.0
516922,979.46,856,15727.0
516923,451.47,350,16032.0
516924,328.2,229,16400.0
516925,1079.56,996,15946.0
516926,69.6,48,15946.0
516927,204.04000000000002,154,12841.0
516928,153.24,84,15431.0
516929,171.82,77,13761.0
516930,120.3,58,13761.0
516931,158.45,97,15426.0
516932,379.26,390,18064.0
516933,115.68,120,17969.0
516935,320.38,130,12410.0
516936,279.73,123,13239.0
516937,169.4,138,16155.0
516938,424.66,240,15601.0
516939,133.09,75,13250.0
516940,219.82000000000002,111,17858.0
516941,109.9,72,15898.0
516942,120.39999999999999,128,13201.0
516943,99.41,57,12889.0
516944,720.29,375,15260.0
516945,599.87,220,15704.0
516946,330.90000000000003,102,13767.0
516948,30.0,24,14551.0
516949,513.6,173,16556.0
516950,211.4,139,13276.0
516951,784.85,490,17677.0
516953,49.2,17,12788.0
516954,831.25,502,13137.0
516955,17.0,2,16894.0
516956,470.7,499,13148.0
516957,25.29,20,13148.0
516959,682.41,467,13451.0
516960,1389.12,850,12949.0
516961,110.0,60,15378.0
516962,1231.74,628,12476.0
516963,870.42,650,13001.0
516964,1434.7,702,16210.0
516966,12.7,2,
516967,622.0,413,12813.0
516968,361.35,173,15080.0
516969,54.699999999999996,26,17494.0
516970,109.2,120,18231.0
516973,505.26,186,15093.0
516975,305.32,292,14000.0
516976,359.04,240,16133.0
516977,347.21,36,
516978,209.87,28,
516985,76.08,14,
516990,351.0,61,
516991,356.57,37,
516993,410.22,95,15493.0
517001,1003.0799999999999,788,16422.0
517009,626.35,1,
517017,320.98,246,13004.0
517033,166.05,117,15550.0
517037,320.05,150,16746.0
517042,613.11,685,13069.0
517043,574.48,332,15615.0
517044,170.63,97,14911.0
517046,363.96000000000004,437,18245.0
517047,661.02,468,13715.0
517048,147.6,181,12709.0
517049,96.60000000000001,132,14283.0
517050,102.30000000000001,24,18231.0
517051,90.42,282,14435.0
517052,249.69,46,12977.0
517053,504.87,457,14115.0
517055,157.4,62,16558.0
517057,198.8,152,14745.0
517059,100.86,65,17224.0
517060,462.54,570,16553.0
517061,270.6,132,16553.0
517062,416.95,165,16553.0
517065,306.35,169,17692.0
517066,479.70000000000005,774,16553.0
517069,191.85,121,15015.0
517070,656.38,336,14257.0
517074,120.34,28,
517076,1715.95,336,
517077,313.1,90,16103.0
517078,201.45,66,16254.0
517093,620.24,520,16351.0
517094,1043.46,252,
517095,386.68,256,16208.0
517096,303.34000000000003,180,17612.0
517097,15.8,4,17612.0
517104,146.85999999999999,121,14606.0
517106,598.01,626,12867.0
517109,369.83,255,17442.0
517110,318.93,151,15079.0
517111,306.67,231,14854.0
517112,174.51,216,17918.0
517113,15.0,12,13433.0
517114,73.09,65,17293.0
517116,1021.52,245,18172.0
517117,78.67999999999999,30,13491.0
517118,36.9,4,17442.0
517119,10.0,1,
517120,436.02,370,15142.0
517121,231.8,116,15129.0
517122,330.0,200,13162.0
517123,334.8,72,18229.0
517124,1071.82,505,12801.0
517125,236.44,148,13466.0
517126,30.0,16,13466.0
517127,79.5,42,14735.0
517128,58.5,30,14384.0
517129,107.24000000000001,62,13855.0
517130,180.15,85,16059.0
517131,11.77,25,
517132,469.48,265,13115.0
517133,502.86,304,15039.0
517134,262.86,366,15051.0
517137,178.2,60,17380.0
517141,27.75,13,16161.0
517144,1328.65,245,18026.0
517153,375.05,181,18257.0
517154,1095.06,631,13722.0
517155,411.26,146,12853.0
517156,301.88,150,17157.0
517159,127.39999999999999,60,13722.0
517161,17.700000000000003,6,12853.0
517192,399.0,300,16013.0
517193,314.92,116,13078.0
517197,40.8,48,16219.0
517209,95.95,21,17918.0
517212,433.37,293,16128.0
517213,106.56,288,15873.0
517214,27.36,144,15873.0
517215,41.76,144,15873.0
517216,96.8,6,16266.0
517217,140.54,84,16393.0
517218,977.21,749,13384.0
517221,353.18,276,17465.0
517222,464.3,284,17504.0
517223,9.55,3,
517224,359.38,76,13161.0
517225,610.08,456,15614.0
517226,540.0,72,16013.0
517228,12.75,1,17408.0
517229,24.75,5,15284.0
517230,347.81,243,15298.0
517232,559.4200000000001,263,14911.0
517233,418.75,319,14334.0
517235,178.28,100,12804.0
517236,175.78,175,12547.0
517237,129.84,65,15062.0
517238,362.84000000000003,186,17841.0
517239,196.81,69,15373.0
517240,9.9,2,15306.0
517241,138.48999999999998,97,
517242,1992.0,2128,18102.0
517243,145.6,14,15827.0
517246,328.92,64,16835.0
517247,168.29999999999998,66,17281.0
517248,21.3,8,
517249,303.95,271,15222.0
517250,3297.6000000000004,720,18102.0
517251,538.56,258,13305.0
517252,206.95,112,12637.0
517253,3947.58,978,18102.0
517254,262.89,152,15532.0
517259,323.85,279,13435.0
517260,5.9,2,
517265,385.88,346,16170.0
517266,244.65,99,16612.0
517267,423.19,113,13552.0
517268,686.9,646,14258.0
517269,129.32,128,17470.0
517270,1443.2,504,12731.0
517271,102.02,86,17122.0
517272,54.0,24,13552.0
517273,369.62,438,15331.0
517274,32.699999999999996,18,15331.0
517275,960.41,491,15228.0
517285,309.88,317,15544.0
517291,405.42,234,15754.0
517298,1164.15,757,14961.0
517299,499.14,222,16584.0
517300,311.3,160,17419.0
517301,374.05,185,13656.0
517307,563.75,208,15182.0
517312,95.0,20,15182.0
517313,306.55,145,13126.0
517314,256.95,31,14463.0
517315,360.0,288,15372.0
517316,282.90000000000003,176,17377.0
517317,588.55,257,15596.0
517318,247.25,61,17714.0
517319,417.59,318,13982.0
517321,429.45,233,14680.0
517322,299.7,222,16099.0
517323,134.60999999999999,26,15768.0
517324,360.72,108,15658.0
517325,138.24,576,15873.0
517326,390.5,211,17682.0
517327,10.4,2,
517328,449.90000000000003,250,13408.0
517329,432.34,290,17059.0
517330,375.32,425,17314.0
517331,370.54,200,17667.0
517332,45.0,12,
517333,535.25,230,12656.0
517334,93.89,23,14527.0
517336,486.33,358,13590.0
517337,249.8,132,16177.0
517338,211.25000000000003,75,15311.0
517339,205.8,78,16085.0
517340,252.56,122,16255.0
517342,8.25,5,12748.0
517348,544.47,325,18207.0
517351,881.23,602,12484.0
517352,289.7,218,13796.0
517353,20.0,1,12806.0
517354,878.98,344,15555.0
517355,52.45,17,13963.0
517357,306.16,116,16206.0
517358,260.3,154,16278.0
517360,558.9,344,14739.0
517361,224.45000000000002,99,12951.0
517362,90.41,52,17266.0
517365,173.54,41,14590.0
517366,151.20000000000002,72,14306.0
517372,393.71999999999997,235,15353.0
517377,350.4,32,15061.0
517381,486.15,272,14461.0
517382,223.74,128,14898.0
517384,731.85,340,16984.0
517385,196.25,123,16937.0
517386,483.88,392,16186.0
517391,2496.6,228,17949.0
517392,173.5,146,16510.0
517393,3485.5,1012,13340.0
517394,603.25,241,18264.0
517395,94.8,58,14833.0
517397,510.76,172,15251.0
517398,306.20000000000005,122,15122.0
517399,531.1,392,16153.0
517400,637.86,678,15358.0
517401,1045.0,215,
517402,1871.56,361,
517403,156.75,63,14606.0
517404,3417.12,1296,12939.0
517409,344.63,187,16875.0
517422,173.36,56,14901.0
517454,2559.35,376,
517457,120.75,22,16883.0
517460,361.16,178,14110.0
517467,627.62,254,18075.0
517471,371.27,271,16170.0
517474,441.81,204,12609.0
517478,213.6,112,14451.0
517479,248.47,137,15981.0
517481,100.0,1,12737.0
517482,317.16,155,17651.0
517483,3610.5,1,12737.0
517485,110.0,1,12678.0
517486,400.2,220,17168.0
517487,575.6800000000001,295,16779.0
517491,720.9200000000001,455,16045.0
517492,247.89999999999998,166,16045.0
517507,384.20000000000005,56,15093.0
517509,984.1999999999999,352,12917.0
517510,50.8,8,15637.0
517511,304.0,151,16168.0
517512,194.1,100,12408.0
517513,789.44,241,15023.0
517514,242.0,321,13584.0
517515,326.98,98,13531.0
517516,14.98,2,13531.0
517517,304.2,226,13999.0
517518,303.32,188,13013.0
517520,111.09,70,17235.0
517521,1166.46,377,13680.0
517522,6.25,5,
517527,392.85,251,14388.0
517528,144.9,104,13101.0
517529,541.61,83,16992.0
517530,334.08,162,16094.0
517531,5.65,3,
517532,421.90000000000003,160,17675.0
517533,0.0,19,
517534,0.0,23,
517535,0.0,387,
517537,45.0,36,13346.0
517538,4.65,1,
517539,259.9,132,12525.0
517540,315.8,374,17930.0
517541,281.42,113,16933.0
517542,235.07,100,15021.0
517543,40.24,32,17961.0
517545,110.23,97,17920.0
517546,6.449999999999999,3,
517547,490.47,297,14235.0
517548,15.0,4,14235.0
517549,354.24,177,16782.0
517550,323.86,172,12836.0
517551,46.8,24,12836.0
517552,239.34,161,13969.0
517553,149.89,79,16032.0
517554,76.5,6,14543.0
517555,326.86,208,15998.0
517557,141.54,144,14713.0
517558,456.29,178,17921.0
517561,14.850000000000001,3,13239.0
517566,109.0,20,17929.0
517567,470.3,130,16210.0
517568,487.0,308,12989.0
517569,3.75,3,14861.0
517573,312.5,185,14211.0
517575,376.15000000000003,209,14221.0
517576,23.6,8,14221.0
517577,49.8,20,
517578,672.93,807,14346.0
517579,129.75,37,16905.0
517580,28.25,6,
517620,293.28,126,17213.0
517622,304.85,171,16145.0
517623,470.78,334,15629.0
517625,137.88,87,16391.0
517626,282.46,233,16428.0
517627,135.55,112,16428.0
517628,754.4300000000001,711,17160.0
517629,528.24,412,14291.0
517630,367.58000000000004,158,
517631,55.0,1,12415.0
517632,184.69,101,17109.0
517633,356.53999999999996,28,
517634,250.73,40,
517635,245.67000000000002,28,
517636,440.65,64,
517638,332.88,112,18220.0
517639,406.2,44,15694.0
517640,330.0,200,15769.0
517641,115.08,14,15615.0
517642,51.150000000000006,9,15615.0
517643,337.92,352,14828.0
517644,271.02,214,17735.0
517645,776.02,166,14911.0
517646,1633.86,522,18102.0
517648,15.0,1,14606.0
517649,386.09999999999997,401,16156.0
517650,637.44,71,13015.0
517651,198.32,160,16156.0
517652,15.0,1,17448.0
517653,326.90000000000003,230,13329.0
517663,5.2,2,
517664,97.83,61,15459.0
517665,887.68,768,13694.0
517666,327.5,230,13329.0
517667,109.85,31,16954.0
517668,292.5,150,12928.0
517669,89.64999999999999,43,17861.0
517670,11.55,7,
517671,168.98,70,13041.0
517673,508.1,134,12733.0
517704,301.72,108,14031.0
517707,4.15,3,12843.0
517708,153.3,30,17243.0
517709,50.0,1,12748.0
517710,551.8,246,15039.0
517711,89.30000000000001,14,15039.0
517712,778.71,370,13564.0
517713,95.0,1,12748.0
517714,1014.11,612,13869.0
517717,15.299999999999999,18,15039.0
517718,7.5,6,13564.0
517719,202.18,57,17931.0
517720,218.45,143,15747.0
517721,341.2,139,14396.0
517722,348.77,273,14667.0
517723,117.53,112,14878.0
517724,206.91,68,15547.0
517725,157.3,49,15751.0
517726,194.15,79,15716.0
517727,8.7,6,15751.0
517728,218.04,165,13598.0
517729,226.35999999999999,283,14455.0
517731,21984.0,4800,18102.0
517732,370.51,111,17618.0
517734,160.52,85,14404.0
517737,190.35,137,13766.0
517738,438.65000000000003,289,16611.0
517739,350.6,160,13474.0
517740,490.73,360,12862.0
517741,112.19999999999999,38,13617.0
517742,406.26,316,15666.0
517743,225.2,115,17984.0
517744,910.17,616,15640.0
517745,320.65999999999997,98,12747.0
517746,326.64,72,17049.0
517747,556.72,172,17049.0
517748,323.72999999999996,243,13983.0
517749,549.05,195,15200.0
517750,713.75,375,17589.0
517751,194.9,145,15325.0
517752,189.09,75,18277.0
517753,148.05,35,18277.0
517754,1424.0,500,18102.0
517755,541.46,362,13647.0
517756,340.96000000000004,300,14844.0
517757,19.9,2,13647.0
517758,244.95,125,13136.0
517759,107.5,42,13136.0
517760,201.25,95,17068.0
517761,475.65,167,13888.0
517762,36.9,15,12748.0
517764,1554.6,300,15077.0
517766,305.08,25,14427.0
517793,153.20000000000002,48,13888.0
517814,1870.17,125,
517815,331.1,290,14152.0
517816,79.18,38,13963.0
517817,5737.32,2076,18087.0
517819,85.0,10,12527.0
517820,215.42999999999998,121,12621.0
517822,297.06,266,17422.0
517823,251.38,127,12395.0
517824,359.76,180,15990.0
517825,405.0,228,14644.0
517843,83.7,44,13856.0
517844,392.4,52,13113.0
517845,240.0,64,12931.0
517847,496.98,460,13089.0
517848,476.25,75,17809.0
517849,99.6,48,13089.0
517851,133.9,46,13292.0
517852,149.0,80,16458.0
517853,411.96,244,16843.0
517854,290.93,35,
517855,2.15,1,
517856,264.2,30,
517857,350.27,38,
517858,178.95,24,13090.0
517859,911.47,535,13357.0
517860,829.35,416,12857.0
517861,187.17000000000002,122,13090.0
517862,628.7099999999999,566,14667.0
517863,392.8,220,16227.0
517864,480.29,225,14194.0
517865,247.95,214,16655.0
517866,328.43,105,12907.0
517867,660.12,256,13089.0
517868,311.03999999999996,288,17666.0
517869,87.47,30,17848.0
517870,305.11,273,16945.0
517871,489.78000000000003,224,16814.0
517872,345.6,220,16060.0
517874,325.70000000000005,62,15199.0
517875,6.9,4,
517882,286.61,104,14469.0
517883,154.55,38,14819.0
517889,10.2,12,17442.0
517891,307.1,72,16256.0
517893,986.2099999999999,884,15061.0
517896,238.72,42,14734.0
517900,105.05000000000001,41,16784.0
517901,46.8,24,15754.0
517904,125.0,5,12484.0
517905,750.0,600,17553.0
517906,235.5,108,15081.0
517909,728.9200000000001,185,18260.0
517910,180.0,96,17454.0
517911,222.85000000000002,77,17540.0
517914,1733.5,1122,17511.0
517930,590.0,2,15727.0
517931,755.7,389,16161.0
517933,502.55,337,15218.0
517934,800.0,1,12748.0
517946,473.06,300,17673.0
517947,216.3,90,16440.0
517948,121.74000000000001,84,18219.0
517950,9.9,2,
517951,732.61,380,12621.0
517952,398.96000000000004,250,13047.0
517953,2780.3199999999997,4544,16754.0
517955,29.9,2,13047.0
517957,294.22,154,14606.0
517958,101.71000000000001,46,13679.0
517960,481.74,162,14841.0
517962,321.42,150,12910.0
517963,500.57000000000005,211,14001.0
517964,218.32,161,17298.0
517965,175.08,124,14699.0
517967,222.64,129,18048.0
517969,131.01,103,13984.0
517970,563.1,690,17665.0
517971,149.54999999999998,105,15727.0
517972,246.0,94,17092.0
517973,321.78,158,16880.0
517974,1503.55,669,14911.0
517975,577.6800000000001,472,16767.0
517976,116.1,46,14871.0
517977,901.42,648,16938.0
517978,993.75,837,16316.0
517979,54.599999999999994,36,14569.0
517980,395.64,238,14219.0
517981,1188.27,231,
517982,313.39,301,16133.0
517983,158.05,47,14253.0
517984,16.89,3,
517985,145.6,90,17238.0
517986,1404.77,279,
517987,16.08,2,
517988,29.55,5,
517989,1193.74,233,
517990,681.78,97,
517991,14.34,1,
517992,145.63,58,17757.0
517994,169.3,70,15822.0
517995,89.95,33,12748.0
518003,315.98,483,12998.0
518004,352.11,239,15363.0
518005,35.7,6,16417.0
518006,410.71000000000004,141,15798.0
518007,220.75,98,12437.0
518008,379.74,202,14225.0
518009,253.81,95,13468.0
518010,314.25,183,14489.0
518011,246.3,212,17412.0
518012,254.0,40,15981.0
518013,146.02,62,14182.0
518014,87.53,83,16742.0
518015,248.15,171,15095.0
518016,353.41,234,15615.0
518052,334.88,1,12748.0
518055,116.1,36,16883.0
518056,365.56,285,15750.0
518058,103.80000000000001,32,15717.0
518059,100.5,12,15858.0
518060,90.0,72,16359.0
518061,105.67,55,15311.0
518062,737.4,351,15757.0
518063,1161.18,1406,14298.0
518064,467.19,280,17841.0
518065,650.64,398,14298.0
518067,1258.86,766,15817.0
518069,258.9,102,13659.0
518071,312.3,178,18178.0
518072,91.15,29,17243.0
518073,10.95,1,15076.0
518076,309.21,379,15456.0
518077,889.02,258,13658.0
518079,613.8,276,15369.0
518080,308.81,285,15628.0
518081,1108.8,533,12524.0
518086,379.42,406,16722.0
518115,583.5,300,12748.0
518133,791.4,350,13319.0
518134,215.28,207,15064.0
518135,131.07999999999998,60,16233.0
518136,301.81,139,17644.0
518138,1418.91,277,
518139,359.88,265,12765.0
518140,468.65,335,15387.0
518141,176.47,141,14401.0
518142,1782.45,459,
518143,288.86,41,
518144,340.59,40,
518145,66.6,32,16668.0
518146,468.78000000000003,219,13044.0
518147,203.35,155,17235.0
518148,263.73,206,16334.0
518150,132.37,124,13571.0
518151,182.16000000000003,72,15587.0
518152,122.39999999999999,144,13084.0
518153,1160.0,800,17353.0
518154,512.73,275,14256.0
518155,38.7,6,14256.0
518156,235.70000000000002,132,13155.0
518157,905.48,828,13798.0
518158,290.7,126,14129.0
518159,634.35,626,13239.0
518165,331.53,47,
518176,110.69999999999999,10,14560.0
518184,20.4,24,17268.0
518200,759.35,390,17581.0
518201,591.87,391,17156.0
518202,132.6,88,13089.0
518203,244.98000000000002,174,13089.0
518204,312.38,214,17389.0
518205,1210.8,736,13093.0
518206,2675.14,1744,13802.0
518215,590.78,1383,18079.0
518216,75.12,168,15403.0
518217,191.28,282,17696.0
518218,376.5,234,16174.0
518219,526.54,666,16105.0
518220,1022.6899999999999,696,14049.0
518221,227.16000000000003,252,18258.0
518222,272.48,96,14217.0
518224,287.1,134,15400.0
518225,921.76,322,
518226,120.55000000000001,35,13778.0
518227,586.01,342,15271.0
518228,636.9200000000001,462,13031.0
518229,321.52,940,17381.0
518230,785.6700000000001,497,14395.0
518231,541.2,196,12471.0
518232,761.66,474,18226.0
518233,308.70000000000005,50,17146.0
518234,0.0,6000,
518235,0.0,5000,
518236,0.0,5000,
518237,0.0,5000,
518238,0.0,5000,
518239,0.0,5000,
518240,0.0,5000,
518241,0.0,9600,
518242,524.4,72,15043.0
518243,199.45000000000002,211,14521.0
518246,7.8,6,
518247,362.74,300,18226.0
518248,278.76,190,17576.0
518249,275.45,123,13135.0
518250,1339.6,292,14045.0
518251,214.68,132,16168.0
518252,379.19,360,16743.0
518253,158.63,172,14064.0
518259,138.29,68,14043.0
518260,17.080000000000002,3,17049.0
518261,184.8,56,17921.0
518266,252.29999999999998,134,13140.0
518268,381.86,190,15260.0
518269,305.91,255,16395.0
518270,359.6,217,16549.0
518271,689.09,336,12633.0
518272,189.29999999999998,182,18154.0
518273,539.14,264,16197.0
518274,147.57,112,
518275,446.75,141,14209.0
518276,364.7,286,16103.0
518278,300.55,213,16103.0
518279,3.9,2,
518280,519.6899999999999,281,14329.0
518281,445.98,190,14918.0
518282,37.18,11,
518283,0.0,6,
518285,108.60000000000001,30,17975.0
518286,292.96,133,12712.0
518296,575.2,16,15908.0
518314,544.01,589,13920.0
518315,343.63,211,13102.0
518330,136.15,73,17790.0
518331,1496.6399999999999,1344,15980.0
518332,520.54,442,15980.0
518333,952.1,356,15808.0
518334,500.0,400,13953.0
518335,631.92,367,15856.0
518336,10.08,24,17389.0
518337,765.94,646,14849.0
518338,35.7,6,14849.0
518339,426.05,199,14040.0
518344,180.07999999999998,124,14139.0
518346,468.03,689,13929.0
518348,321.74,78,17646.0
518349,114.60000000000001,28,12971.0
518350,307.16,158,17001.0
518351,194.75,63,17377.0
518353,2.95,1,
518354,314.15999999999997,336,13199.0
518355,148.72,88,15488.0
518356,12.45,2,
518357,15.95,4,
518358,341.33,393,16571.0
518359,180.95,20,
518360,1494.36,1044,15061.0
518361,8.5,1,14156.0
518366,20.45,11,
518367,10.6,3,
518368,8.5,1,
518369,35.55,25,
518370,198.55,85,14562.0
518371,114.63,33,13782.0
518373,60.839999999999996,180,13026.0
518375,491.36,258,13488.0
518376,66.65,15,13488.0
518377,1145.4,116,12980.0
518378,169.12,136,13249.0
518379,29.7,18,13488.0
518380,136.65,65,17068.0
518381,105.82,160,15580.0
518382,311.38,156,14709.0
518383,95.44,44,17709.0
518384,93.3,26,16196.0
518385,757.31,633,16525.0
518386,825.56,402,14161.0
518387,186.18,132,13857.0
518388,141.3,42,15774.0
518389,151.5,198,15280.0
518391,121.91,48,16939.0
518392,854.67,413,14299.0
518393,161.51,91,17085.0
518394,196.56,90,14606.0
518395,751.6,492,14156.0
518396,804.74,625,13408.0
518397,282.27,169,16444.0
518398,138.12,55,15046.0
518399,135.96,84,17491.0
518400,351.95,171,17050.0
518401,395.84000000000003,116,13059.0
518402,195.88,48,14370.0
518403,628.53,477,17132.0
518404,248.05,163,16115.0
518405,974.9,522,17139.0
518406,398.37,304,17802.0
518407,303.03,229,13627.0
518408,226.70000000000002,51,17858.0
518409,52.8,32,14455.0
518410,307.23,281,14837.0
518411,420.22,163,14575.0
518412,185.55,115,17135.0
518413,411.96,444,14101.0
518414,194.60000000000002,153,17393.0
518415,127.07,81,15262.0
518416,11.8,4,
518417,152.2,72,13653.0
518418,845.17,380,12567.0
518419,260.57,139,17457.0
518420,382.93,303,17732.0
518421,305.96000000000004,195,17930.0
518422,431.28,295,16839.0
518423,206.85,985,13783.0
518426,343.53999999999996,476,16170.0
518427,869.28,600,16282.0
518428,380.61,284,12458.0
518430,0.0,20,
518431,699.18,404,13823.0
518432,555.78,270,14625.0
518433,36.77,31,13980.0
518447,201.8,60,17663.0
518451,1080.5,713,16180.0
518477,154.16,138,15013.0
518480,347.64,178,16470.0
518481,335.63,164,17841.0
518482,547.96,252,13488.0
518484,17.53,21,17841.0
518485,357.6,144,15595.0
518486,344.22,378,13989.0
518487,0.0,10,
518488,0.0,10,
518489,0.0,10,
518490,0.0,10,
518491,0.0,10,
518492,0.0,10,
518493,0.0,10,
518494,0.0,10,
518495,0.0,10,
518496,0.0,10,
518497,447.09999999999997,191,14911.0
518500,152.8,119,17137.0
518501,1115.58,983,15311.0
518502,30.599999999999998,36,13307.0
518504,12.5,10,14861.0
518505,11880.84,87167,14277.0
518506,300.2,64,13092.0
518507,423.90999999999997,367,13196.0
518508,505.90999999999997,371,12412.0
518509,189.57,108,14498.0
518510,317.95,277,14631.0
518511,344.4,132,
518512,111.35,55,17790.0
518519,525.35,148,17482.0
518530,121.59,60,14794.0
518531,14.850000000000001,3,15283.0
518532,244.52,292,17838.0
518533,82.94,24,14527.0
518535,16.65,10,17988.0
518536,11.28,8,
518543,360.47,422,17314.0
518545,1436.48,736,18102.0
518546,699.35,203,18102.0
518547,526.0799999999999,384,18102.0
518548,583.8000000000001,164,18102.0
518549,498.0,300,18102.0
518550,532.0,400,18102.0
518551,714.0,600,18102.0
518552,635.04,108,18102.0
518553,759.84,484,16279.0
518554,448.52,412,17212.0
518555,352.15000000000003,194,14022.0
518556,418.65000000000003,372,15805.0
518557,142.16,134,15805.0
518558,119.2,64,15805.0
518559,302.5,142,13050.0
518560,266.93,199,12745.0
518561,462.21,263,17023.0
518562,303.6,108,13476.0
518564,170.8,150,14053.0
518570,1646.81,364,
518578,330.6,192,17063.0
518579,1759.33,319,
518602,77.35,13,16565.0
518613,584.23,422,16713.0
518614,311.13,167,13799.0
518616,509.71,250,15039.0
518623,660.0,400,15032.0
518649,949.62,378,13501.0
518650,325.44,106,13045.0
518652,189.05,57,14722.0
518653,266.29,89,16221.0
518654,49.5,25,17888.0
518655,432.67,361,17754.0
518656,141.6,90,13296.0
518658,139.95000000000002,25,13839.0
518659,18.240000000000002,48,17754.0
518660,2036.08,415,
518661,202.54999999999998,44,16926.0
518662,1124.29,305,
518663,385.95,230,14044.0
518664,914.23,196,
518665,353.88,372,14478.0
518666,15.0,1,14606.0
518667,15.0,1,14606.0
518670,30.599999999999998,12,14144.0
518671,118.14,96,13880.0
518672,182.38,65,17191.0
518673,16483.0,11904,14646.0
518674,590.0,2,14646.0
518675,122.4,16,14646.0
518676,53.74,25,
518677,5.45,3,
518679,392.53999999999996,174,13421.0
518681,586.36,364,17799.0
518683,651.46,704,14913.0
518684,314.56,118,12662.0
518685,334.56,392,13881.0
518686,179.97,83,13717.0
518687,385.03000000000003,216,15837.0
518688,136.35000000000002,37,13594.0
518708,189.6,80,14693.0
518714,147.11,52,12600.0
518729,360.66,274,15985.0
518730,570.84,253,13097.0
518732,202.0,128,16632.0
518733,66.0,24,13097.0
518734,282.3,104,12771.0
518735,3814.1600000000003,556,18102.0
518737,2063.88,540,18102.0
518740,135.42000000000002,40,13643.0
518748,341.37,123,14700.0
518749,985.1,646,17677.0
518751,447.26,378,18145.0
518752,873.35,411,17716.0
518753,157.70000000000002,94,14822.0
518754,122.7,54,17615.0
518755,280.55,73,16985.0
518756,295.0,1,16985.0
518757,786.76,324,17675.0
518759,294.01,199,15005.0
518760,53.55,22,
518761,8.45,3,
518762,437.68,298,13446.0
518764,556.5,318,13089.0
518765,59.849999999999994,27,16519.0
518766,616.0,299,15944.0
518767,305.55,159,17469.0
518768,187.9,151,14409.0
518769,195.26,66,14736.0
518771,178.79,82,14736.0
518773,9.9,2,
518774,1744.86,397,
518775,1340.05,239,
518776,301.65000000000003,49,15110.0
518777,800.0,1,12748.0
518778,4.25,1,
518779,141.0,60,14606.0
518781,1883.65,1,
518783,330.29,87,16033.0
518786,101.69,31,15652.0
518787,964.12,556,13089.0
518788,62.7,42,13089.0
518789,847.04,762,15142.0
518790,301.39,178,17612.0
518791,515.03,421,16477.0
518792,2403.84,3140,13694.0
518793,91.4,52,14437.0
518794,228.96000000000004,216,13694.0
518795,325.35,185,14276.0
518796,308.52,304,16232.0
518797,15.0,12,14276.0
518798,328.18,182,16650.0
518817,233.91,29,
518818,206.17,32,
518819,233.73,30,
518820,408.08,40,
518821,241.03,34,
518847,1190.67,608,13668.0
518848,303.12,217,15298.0
518850,166.51999999999998,82,14224.0
518851,153.89,128,15581.0
518852,143.2,54,17377.0
518857,292.87,209,15719.0
518858,15.9,2,12748.0
518863,342.75,334,17046.0
518864,13.919999999999998,48,17046.0
518865,655.8000000000001,321,17866.0
518866,424.6,220,13901.0
518867,19.799999999999997,12,13901.0
518868,236.54999999999998,57,13150.0
518871,36.9,6,13150.0
518875,92.07,46,14692.0
518880,350.6,90,17623.0
518881,539.09,808,13069.0
518882,0.0,1,
518883,0.0,1,
518884,0.0,1,
518885,0.0,1,
518886,0.0,1,
518894,114.0,62,12835.0
518895,263.6,320,15129.0
518896,806.4,408,14156.0
518897,53.25000000000001,15,14344.0
518898,98.45,33,12841.0
518900,2480.48,1906,15061.0
518901,255.74,44,17243.0
518902,587.52,373,14461.0
518907,117.16,43,17757.0
518908,0.0,239,
518909,0.0,157,
518910,390.94,218,15984.0
518911,0.0,123,
518912,0.0,28,
518913,0.0,3,
518914,0.0,80,
518915,0.0,159,
518916,0.0,19,
518917,0.0,37,
518918,0.0,10,
518919,24.049999999999997,5,12748.0
518920,0.0,60,
518921,0.0,17,
518922,0.0,7,
518923,0.0,17,
518924,0.0,6,
518925,0.0,6,
518926,0.0,6,
518927,0.0,4,
518928,0.0,4,
518929,0.0,4,
518930,0.0,3,
518931,0.0,3,
518932,0.0,2,
518933,0.0,2,
518934,0.0,2,
518935,0.0,4,
518936,0.0,1,
518937,0.0,1,
518938,0.0,1,
518939,0.0,6,
518940,0.0,1,
518941,0.0,1,
518942,150.0,1,12748.0
518943,0.0,1,
518944,328.05,165,12937.0
518945,427.24,199,15365.0
518946,120.6,76,15365.0
518947,107.8,12,15365.0
518948,933.45,480,15874.0
518949,17.0,4,15874.0
518950,2063.62,1114,15296.0
518951,107.1,42,15296.0
518957,2.5,2,
518958,54.0,13,
518959,737.6,464,13078.0
518960,102.0,24,13078.0
518963,493.36,224,15078.0
518967,326.4,128,14548.0
518970,66.0,24,16199.0
518972,271.2,80,17402.0
518975,6.6,4,15581.0
518977,70.13,109,15581.0
518980,338.65,111,14630.0
518981,1600.6399999999999,330,
518982,295.0,1,18227.0
518983,217.77,215,13214.0
518985,445.49,258,17550.0
518987,0.0,3,
518989,150.95,109,12959.0
518990,11.3,3,
518991,0.42,1,
519000,9.9,2,13319.0
519001,222.77,181,18168.0
519004,117.09,169,12542.0
519005,411.6,280,16549.0
519006,147.65,99,13230.0
519007,125.94,65,14702.0
519008,215.25,130,13969.0
519009,329.89,118,13291.0
519010,113.81,95,17323.0
519011,314.6,270,16592.0
519012,24.9,6,16592.0
519013,379.53000000000003,225,13037.0
519014,151.64,91,16558.0
519015,161.64,25,
519024,173.9,25,
519025,176.84,70,14239.0
519026,0.0,3,
519027,1098.46,276,
519028,267.0,360,17512.0
519029,472.68,411,15203.0
519030,166.78,64,13534.0
519031,273.74,22,
519033,3.8000000000000003,2,
519037,567.65,399,17091.0
519057,412.3,521,12960.0
519087,188.49,71,16168.0
519095,0.0,5,
519098,293.76,408,17949.0
519112,0.0,25,
519115,167.28,106,17639.0
519116,565.78,143,
519120,13.5,10,17639.0
519121,289.51,254,14550.0
519122,371.66,163,17913.0
519123,0.55,1,
519124,1497.6,624,17949.0
519125,346.15,284,15255.0
519135,309.84000000000003,280,14872.0
519164,280.13,183,16190.0
519165,754.7900000000001,217,17865.0
519166,405.58000000000004,350,12676.0
519167,118.44999999999999,73,12676.0
519169,40.0,1,12676.0
519170,168.53,22,17515.0
519171,115.4,18,12484.0
519172,1053.74,396,14031.0
519173,185.65,75,18225.0
519174,487.87,218,
519175,361.29,85,17146.0
519176,233.4,312,14153.0
519177,1705.09,1229,17589.0
519178,6.8,8,17589.0
519179,122.45,49,17238.0
519180,1302.26,268,
519181,165.02,266,16600.0
519182,136.97,117,13561.0
519183,10.9,2,
519184,1191.93,3393,13316.0
519186,75.60000000000001,48,15938.0
519187,194.3,34,
519188,129.56,22,14693.0
519190,20.150000000000002,9,
519192,874.7199999999999,758,14525.0
519193,5849.65,1664,
519194,613.33,323,16345.0
519195,6314.0,1548,
519196,5676.8099999999995,1360,
519197,158.85000000000002,35,17127.0
519198,345.65,155,16104.0
519199,126.25,45,16290.0
519200,192.8,136,16153.0
519201,1536.0,3840,13027.0
519202,90.3,40,16782.0
519203,235.35,198,15898.0
519204,147.55,64,16326.0
519205,155.8,203,17300.0
519207,95.0,1,12748.0
519208,1650.0,1000,15769.0
519209,305.28000000000003,288,15893.0
519210,385.31,179,16631.0
519211,69.94999999999999,17,18236.0
519212,117.83000000000001,25,18236.0
519213,175.64,64,17377.0
519214,524.45,151,16043.0
519215,390.38,194,16841.0
519216,628.8000000000001,474,15641.0
519217,967.94,674,16873.0
519218,181.89000000000001,63,17248.0
519219,44.10000000000001,54,16225.0
519222,680.0,400,15838.0
519223,495.0,300,13629.0
519224,127.91,52,17071.0
519226,7.95,1,16883.0
519227,481.87,903,15789.0
519228,283.8,282,12583.0
519229,746.99,532,15311.0
519230,142.0,48,16756.0
519231,122.8,66,17372.0
519232,299.7,238,17692.0
519233,101.6,48,16468.0
519234,585.86,408,17618.0
519235,105.3,54,17256.0
519236,385.44,156,14051.0
519237,575.09,324,13715.0
519238,108.60000000000001,44,13405.0
519239,424.44,401,14996.0
519240,17.85,3,14996.0
519241,464.28,323,14415.0
519242,990.48,1456,16553.0
519243,471.15000000000003,149,12805.0
519244,174.23999999999998,336,16553.0
519245,290.86,178,14097.0
519246,884.0600000000001,486,
519247,387.6,212,16101.0
519248,290.7,126,13089.0
519249,792.66,272,
519251,1124.8,482,17107.0
519252,218.44,108,17841.0
519253,324.86,174,14210.0
519254,309.9,146,16422.0
519255,139.58,26,14183.0
519256,14.11,15,17841.0
519257,459.76,201,17340.0
519258,388.46000000000004,338,16701.0
519260,217.92000000000002,145,17299.0
519261,257.57,127,16125.0
519262,406.71999999999997,324,16186.0
519263,509.2,446,12530.0
519264,120.66,78,13512.0
519266,311.52,132,16103.0
519267,1019.9999999999999,400,16013.0
519268,533.0,296,13093.0
519269,0.0,1,
519270,0.0,10,
519271,0.0,1,
519272,0.0,2,
519273,0.0,1,
519274,0.0,1,
519275,429.5,210,16029.0
519276,296.65,117,13090.0
519279,202.7,96,13468.0
519338,366.73,293,15755.0
519339,144.53,19,17849.0
519341,1287.09,695,15050.0
519342,280.0,1,12687.0
519343,1858.91,1402,12687.0
519344,226.86,284,15785.0
519357,188.4,116,13063.0
519358,1556.3799999999999,303,
519360,0.0,177,
519363,0.0,204,
519364,0.0,29,
519366,0.0,13,
519368,0.0,7,
519369,240.0,1200,15008.0
519371,160.33,68,14606.0
519372,332.2,134,17157.0
519373,0.0,1520,
519380,353.3,237,12921.0
519381,315.6,152,12921.0
519382,291.15999999999997,74,16278.0
519384,161.9,94,18109.0
519385,368.98,179,16168.0
519386,922.84,174,
519388,680.36,73,
519389,141.67999999999998,28,
519390,3237.6000000000004,426,
519391,305.21999999999997,170,13050.0
519392,310.5,223,16625.0
519393,182.58,98,13728.0
519394,165.48000000000002,188,14011.0
519395,317.01,287,14379.0
519396,694.34,686,15039.0
519398,466.32000000000005,240,17838.0
519399,257.39,123,13001.0
519401,908.39,887,13564.0
519402,456.15000000000003,101,15854.0
519403,338.18,212,17700.0
519404,5897.68,4144,14646.0
519405,419.42,258,13798.0
519406,215.92,216,15245.0
519407,792.48,484,15498.0
519408,413.3,214,15125.0
519409,515.65,329,13945.0
519410,305.2,92,14541.0
519411,376.34,260,14531.0
519419,176.0,88,12431.0
519428,750.96,552,16656.0
519434,500.40000000000003,288,18092.0
519458,145.48,388,17381.0
519460,92.6,84,14560.0
519462,3434.61,2075,17511.0
519464,336.92,332,13278.0
519465,271.8,129,13313.0
519468,2777.12,1184,18102.0
519469,210.8,152,17430.0
519470,1789.6,640,18102.0
519471,154.05,147,17307.0
519473,1574.61,340,
519474,252.0,600,14045.0
519475,612.54,386,16019.0
519476,310.15,403,14749.0
519477,802.13,471,13001.0
519483,304.47,247,13503.0
519484,179.16,130,16221.0
519485,209.41,77,17753.0
519486,761.4300000000001,399,16276.0
519488,1383.53,385,16019.0
519489,3.75,3,17753.0
519490,309.49,284,17713.0
519494,213.89000000000001,229,15402.0
519497,276.75,119,14047.0
519498,29.979999999999997,26,14047.0
519499,47.1,16,14590.0
519500,104.65,59,16255.0
519501,509.95,483,12613.0
519502,387.0,102,17513.0
519507,319.66,270,15144.0
519508,187.51999999999998,164,15072.0
519509,1056.74,662,16258.0
519512,170.56,176,17293.0
519513,30.0,24,16258.0
519514,12513.68,8286,14156.0
519515,493.56000000000006,300,13183.0
519516,736.05,943,13324.0
519517,883.4200000000001,792,14944.0
519518,152.62,102,15416.0
519519,46.849999999999994,5,15416.0
519520,101.75,29,15061.0
519529,306.6,193,13320.0
519533,266.40000000000003,144,15268.0
519539,147.9,34,15268.0
519550,455.36,261,14911.0
519557,330.02,148,15421.0
519558,383.71999999999997,266,14057.0
519559,296.36,676,17627.0
519560,1982.1399999999999,414,
519564,1634.64,1476,15310.0
519568,611.7,90,17262.0
519569,135.14,43,16891.0
519570,452.6,182,13593.0
519571,326.4,128,18172.0
519572,35.400000000000006,12,18172.0
519573,420.5,138,18065.0
519574,27.6,18,18065.0
519575,464.02000000000004,254,18215.0
519576,939.4399999999999,764,13381.0
519577,158.93,97,14037.0
519578,251.04000000000002,108,17792.0
519580,307.06,180,16675.0
519582,80.7,34,16638.0
519583,46.75,9,16638.0
519584,159.5,106,13719.0
519585,250.0,132,18241.0
519586,864.9100000000001,681,15764.0
519587,399.18,334,13082.0
519589,5.1,2,15885.0
519590,513.46,187,14680.0
519591,153.91,47,15972.0
519592,613.3299999999999,314,12474.0
519593,18.0,1,12474.0
519594,361.05,102,16769.0
519595,393.25,163,17492.0
519596,467.16,237,13668.0
519597,21.45,11,
519598,2.44,6,
519599,244.75,99,17075.0
519600,325.18,149,15353.0
519601,349.65000000000003,207,17873.0
519602,473.22,342,18226.0
519604,486.9,220,15144.0
519605,63.5,10,15144.0
519606,1666.92,1090,16180.0
519607,1036.36,356,14505.0
519608,0.0,106,
519609,344.61,286,17585.0
519610,1415.17,1137,15494.0
519611,391.76,238,16984.0
519612,430.41,111,15154.0
519613,659.03,133,15154.0
519614,434.19,236,14911.0
519615,652.8,776,16843.0
519616,109.44,288,13892.0
519617,436.08000000000004,160,14540.0
519618,559.88,428,14852.0
519619,894.51,185,
519620,450.0,120,14952.0
519621,186.3,114,14852.0
519622,790.98,440,12949.0
519627,158.78,90,14198.0
519640,6785.24,6456,16684.0
519647,308.5,122,15247.0
519656,671.25,272,12647.0
519657,307.46,138,14110.0
519658,282.97,131,16225.0
519659,176.3,138,13427.0
519660,299.41,159,17159.0
519663,135.25,21,
519664,188.14,21,
519665,341.02,39,
519666,316.6,348,12976.0
519667,255.76,28,
519668,1.28,1,
519669,76.5,78,12976.0
519670,190.04,36,
519671,11.02,1,
519672,282.28999999999996,34,
519673,697.1999999999999,464,17666.0
519674,422.44,1204,14533.0
519676,111.11,49,17745.0
519678,149.76,128,17676.0
519680,195.51,77,15506.0
519681,20.85,7,17961.0
519682,730.53,235,16529.0
519684,52.05,11,17599.0
519686,92.0,45,18283.0
519687,984.22,700,14112.0
519688,165.3,80,17068.0
519689,157.79999999999998,174,14283.0
519690,54.8,8,14112.0
519691,217.05,139,17841.0
519692,585.25,406,17222.0
519693,423.15999999999997,300,14667.0
519694,712.98,292,13089.0
519695,43.68,24,13089.0
519696,224.6,172,13089.0
519697,70.80000000000001,48,13089.0
519698,314.65,80,14911.0
519699,15.8,4,14911.0
519700,120.05000000000001,39,14722.0
519706,314.4,312,15903.0
519707,56.0,20,16286.0
519708,282.70000000000005,230,12870.0
519709,550.8,216,16684.0
519710,612.0,240,16684.0
519711,148.95,51,12851.0
519712,156.85999999999999,51,16919.0
519713,867.0,900,14156.0
519714,2047.28,1364,17829.0
519715,301.6,144,13971.0
519716,367.15999999999997,275,13360.0
519717,549.0,140,13089.0
519718,387.36,490,13479.0
519719,11.0,2,
519720,8.899999999999999,2,17961.0
519721,129.54,70,14606.0
519722,1838.32,1067,12435.0
519723,160.77,115,13842.0
519724,345.0,116,17049.0
519725,321.59999999999997,192,18191.0
519726,193.65,107,16299.0
519727,219.48999999999998,201,14064.0
519728,318.36,220,16743.0
519729,273.85,165,16032.0
519730,290.27,191,16549.0
519731,260.22,52,13542.0
519732,98.0,41,17884.0
519733,385.7,212,12519.0
519734,300.87,205,12826.0
519735,152.4,508,12433.0
519738,978.11,309,
519739,259.3,104,17699.0
519740,210.6,52,13965.0
519741,331.62,157,14156.0
519759,303.15,93,16503.0
519765,477.26,258,17853.0
519766,40.8,48,16890.0
519783,223.85999999999999,264,16562.0
519784,333.20000000000005,184,17739.0
519785,833.48,494,18286.0
519786,119.11999999999999,122,13117.0
519787,126.05000000000001,54,16294.0
519788,245.0,96,16525.0
519789,303.0,178,13327.0
519790,310.2,188,14739.0
519791,111.00000000000001,40,13649.0
519792,1043.15,689,12865.0
519793,1851.02,4262,18251.0
519794,361.86,213,16700.0
519800,3101.89,3115,18251.0
519804,143.48,128,16332.0
519805,132.6,192,15124.0
519806,177.45,114,18041.0
519808,192.0,192,16422.0
519810,180.0,101,14646.0
519811,722.8199999999999,400,13520.0
519812,495.0,300,14566.0
519813,244.79999999999998,96,13089.0
519814,286.38,245,14911.0
519815,301.53,99,14020.0
519816,711.18,555,15322.0
519817,2560.4,1375,14243.0
519818,664.84,236,16029.0
519819,60.65,78,18106.0
519820,648.64,535,15856.0
519821,467.47,225,15248.0
519822,359.38,99,18106.0
519823,137.8,80,16396.0
519824,136.32,78,16234.0
519825,219.0,108,16466.0
519826,235.95,27,17526.0
519827,112.57000000000001,102,15702.0
519828,155.95,31,16365.0
519829,609.83,405,14911.0
519830,17.85,3,14911.0
519831,243.2,112,13911.0
519832,217.64999999999998,231,16401.0
519833,88.80000000000001,48,17675.0
519834,522.0,328,17675.0
519836,8.5,1,16401.0
519864,175.62,121,16401.0
519865,128.6,14,15768.0
519867,127.5,84,17757.0
519868,1298.31,343,
519870,10.0,4,
519871,340.48,242,15855.0
519875,113.08,44,17243.0
519876,307.7,212,13004.0
519877,908.8,586,14016.0
519878,548.56,320,13767.0
519879,108.91,72,14078.0
519880,137.45,71,15055.0
519881,895.4,540,16275.0
519882,264.16,89,16725.0
519883,312.75,149,16004.0
519884,70.19999999999999,60,16004.0
519885,321.65000000000003,153,17471.0
519886,88.35,53,17639.0
519887,1032.29,508,18260.0
519888,408.99,147,16814.0
519889,111.67999999999999,44,14878.0
519890,364.86,195,15443.0
519891,436.23,333,14869.0
519892,545.41,347,15311.0
519894,208.51,153,12877.0
519895,315.71000000000004,193,15394.0
519896,315.41,97,13317.0
519897,9.9,2,13317.0
519898,321.71,129,17578.0
519899,148.42000000000002,110,12450.0
519900,214.1,98,13693.0
519901,252.74,242,17664.0
519902,1165.14,470,13225.0
519903,170.0,20,15311.0
519904,590.65,243,16126.0
519905,1117.74,608,14855.0
519906,19.5,10,14855.0
519907,281.19,110,15059.0
519908,663.38,473,15665.0
519909,533.64,339,16456.0
519910,1193.1200000000001,920,13157.0
519911,46.8,24,13157.0
519912,166.0,120,17689.0
519913,1650.24,1088,17133.0
519914,405.4,258,12471.0
519915,66.4,22,12471.0
519916,441.40000000000003,186,14221.0
519917,394.95,451,15555.0
519918,380.13,454,17597.0
519919,382.81,117,14767.0
519920,359.22,182,17389.0
519921,45.599999999999994,48,17389.0
519922,15.6,8,14560.0
519923,209.4,252,14560.0
519924,93.4,52,15661.0
519925,472.93,295,15186.0
519926,126.4,40,16085.0
519927,303.76,480,17095.0
519928,660.0,400,16182.0
519929,392.55,175,17589.0
519930,325.4,221,12866.0
519931,279.5,138,15547.0
519932,245.21,194,17231.0
519933,512.52,292,16409.0
519934,168.81,222,16770.0
519935,35.25,25,17231.0
519936,721.7099999999999,561,17508.0
519937,495.56,204,18097.0
519938,584.0,264,15260.0
519939,760.1,400,14565.0
519941,7.56,36,16332.0
519943,494.37,195,13993.0
519944,192.05,79,16168.0
519945,17.0,2,16168.0
519946,570.92,482,14156.0
519947,148.27,139,14156.0
519948,42.4,8,14156.0
519971,150.0,96,17865.0
519978,398.26,190,17865.0
519993,682.07,323,14249.0
519994,56.449999999999996,15,14249.0
520004,284.4,120,15245.0
520018,536.41,395,18140.0
520019,330.79,201,15683.0
520020,123.5,50,14187.0
520021,1720.24,1162,12678.0
520022,0.0,42,
520023,303.31,189,13999.0
520024,0.0,31,
520027,377.12,668,14321.0
520037,128.35,50,14527.0
520039,379.93,147,18223.0
520040,409.25,315,16172.0
520041,2484.16,1933,13081.0
520042,160.6,68,14735.0
520043,149.91,88,14606.0
520044,384.85,349,16170.0
520046,257.04,209,15005.0
520047,180.33,118,15325.0
520050,374.85,208,13611.0
520052,303.78000000000003,180,12997.0
520054,334.0,192,16208.0
520055,431.58,186,18225.0
520056,67.08,36,18225.0
520058,616.64,440,13408.0
520059,171.32999999999998,112,15003.0
520061,1236.23,355,
520062,577.17,297,14395.0
520063,2815.29,1589,13798.0
520064,219.23999999999998,112,13464.0
520065,195.57999999999998,58,13464.0
520066,568.5,230,15043.0
520069,449.4,200,13078.0
520071,657.1,694,14298.0
520072,371.16,204,14298.0
520073,552.78,554,13870.0
520074,578.8199999999999,314,16713.0
520075,436.32,260,15194.0
520076,866.8,544,12472.0
520077,704.0,448,17553.0
520078,139.8,4,13452.0
520079,320.0,1000,13848.0
520080,151.31,79,13123.0
520081,241.3,314,15222.0
520082,2023.64,1011,17511.0
520084,405.15,215,12915.0
520085,341.39000000000004,145,13418.0
520091,300.01,179,15628.0
520092,694.6,140,13767.0
520093,51.0,60,13415.0
520098,303.25,243,16133.0
520121,401.2,140,16314.0
520132,316.76,282,17160.0
520142,204.15,153,15452.0
520165,403.2,960,13027.0
520166,552.57,405,17774.0
520168,495.68,412,16422.0
520169,695.55,321,17649.0
520170,161.28,84,14342.0
520171,1387.1999999999998,824,12931.0
520172,304.8,128,14399.0
520173,2982.82,1916,12931.0
520174,93.73,39,18109.0
520175,191.51999999999998,504,17873.0
520176,676.5799999999999,470,15615.0
520178,347.53999999999996,454,15625.0
520179,690.32,367,16550.0
520181,294.0,277,12765.0
520182,576.43,241,16422.0
520183,394.92,1020,16422.0
520184,469.5,198,16422.0
520185,183.3,94,16153.0
520186,190.59,101,13567.0
520187,327.92,580,17388.0
520188,84.51,34,13567.0
520189,310.86,171,14911.0
520190,324.86,279,15680.0
520191,186.0,90,17742.0
520192,658.62,414,14766.0
520193,872.9,209,
520194,633.25,135,13361.0
520195,14.0,3,17961.0
520196,295.25,108,16161.0
520197,365.08,164,13576.0
520198,302.90000000000003,158,17706.0
520200,81.12,48,17336.0
520203,15.0,3,12720.0
520204,458.2,65,16985.0
520206,25.200000000000003,12,16985.0
520207,226.68,153,15666.0
520210,130.39999999999998,34,17292.0
520211,102.65,47,18124.0
520212,268.69,107,16033.0
520213,613.9,469,17602.0
520214,3963.76,2068,14895.0
520215,276.43,175,18071.0
520216,32.7,10,18071.0
520217,319.22,462,13162.0
520218,378.58,342,17720.0
520220,289.63,139,12621.0
520221,560.05,300,16456.0
520222,1311.9,578,17416.0
520223,17.700000000000003,6,17416.0
520225,289.71,177,13799.0
520226,126.00000000000001,48,14344.0
520228,1038.26,610,15093.0
520229,0.0,5,
520230,302.56,92,14401.0
520231,137.7,38,15953.0
520246,751.55,275,12721.0
520291,484.34999999999997,551,13654.0
520312,1092.72,372,17044.0
520316,102.0,40,12971.0
520317,389.64,120,14229.0
520318,123.72,125,17604.0
520319,192.5,78,16175.0
520320,311.96000000000004,392,16701.0
520322,414.32,214,13648.0
520323,17.700000000000003,6,13648.0
520324,312.79,169,14334.0
520327,164.23,49,15570.0
520334,610.74,334,16200.0
520336,1230.3600000000001,231,16019.0
520337,908.16,596,15950.0
520339,460.45,163,16779.0
520340,368.93,213,15039.0
520342,408.0,48,13090.0
520343,362.88,504,17949.0
520344,903.1600000000001,457,13680.0
520345,95.7,30,16199.0
520346,420.96000000000004,240,14408.0
520347,420.3,290,17146.0
520349,458.66999999999996,194,12682.0
520350,486.31,106,16570.0
520351,380.09999999999997,179,12720.0
520352,176.94000000000003,46,17243.0
520353,221.95,217,17746.0
520354,167.4,108,17746.0
520356,7.95,1,17961.0
520357,135.3,38,16654.0
520359,439.78,234,16103.0
520361,223.28,122,13548.0
520362,228.23,144,17841.0
520363,1070.49,307,
520364,201.07,176,18077.0
520365,5.95,1,
520366,7.2,6,
520367,158.28,205,12599.0
520370,354.24,1152,12875.0
520372,190.5,110,13534.0
520376,110.65,59,14787.0
520377,394.25,183,14755.0
520378,15.0,4,14755.0
520379,10.2,4,
520380,428.09,389,16950.0
520381,270.48,170,14260.0
520382,15.0,4,14260.0
520383,375.55,149,18144.0
520384,303.7,182,17470.0
520387,215.89999999999998,122,13777.0
520388,510.06,486,15812.0
520390,477.63,327,18196.0
520392,750.9,354,16456.0
520395,38.95,12,
520396,192.14999999999998,126,17963.0
520397,37.45,5,
520398,340.63,153,13713.0
520400,14.98,2,
520401,178.13,100,16448.0
520404,1702.3,482,14258.0
520405,765.02,374,17338.0
520406,3846.98,1414,16652.0
520407,201.5,238,14215.0
520408,0.0,36,
520409,334.09,53,
520410,586.19,388,16271.0
520411,345.8,40,
520412,149.71,23,
520414,209.18,28,
520416,308.04,102,13024.0
520417,323.05,36,
520418,196.29,27,
520419,312.5,214,14210.0
520420,25.200000000000003,12,14210.0
520421,196.5,162,18061.0
520423,19.799999999999997,12,13648.0
520424,326.58,182,14026.0
520425,222.95000000000002,113,14236.0
520426,354.85,147,14268.0
520427,288.61,361,17005.0
520428,1051.88,1092,18093.0
520484,868.14,362,14930.0
520485,10.0,1,14866.0
520493,75.60000000000001,36,16652.0
520494,699.8,279,12621.0
520495,118.75,44,17068.0
520496,675.46,208,16235.0
520497,350.75,108,18171.0
520498,0.0,6,
520499,0.0,6,
520500,1705.55,422,
520502,404.66,222,14085.0
520503,1300.0,1600,18102.0
520504,2901.0,684,18102.0
520505,448.2,238,17663.0
520506,426.93,198,14911.0
520507,321.43999999999994,208,17696.0
520508,784.5200000000001,430,13802.0
520509,123.08,65,12835.0
520510,225.35,165,16369.0
520511,1573.5,410,15497.0
520512,483.49,639,12802.0
520513,210.47000000000003,75,13065.0
520514,227.58,74,16159.0
520515,359.39,364,14075.0
520516,485.15,260,16242.0
520517,805.88,620,14101.0
520518,50.400000000000006,16,17709.0
520519,146.6,116,13277.0
520520,180.92,85,12800.0
520521,46.45,37,16375.0
520522,529.2,254,14482.0
520523,4.2,2,14482.0
520524,57.55,37,16375.0
520525,358.49,267,16807.0
520526,498.90000000000003,270,13889.0
520527,129.85,19,16288.0
520528,364.3,184,14221.0
520529,25.0,1,12471.0
520530,164.78,51,17886.0
520532,239.94,67,12836.0
520533,16.75,4,
520534,233.21,69,17714.0
520535,459.08000000000004,194,13047.0
520536,527.4399999999999,320,12779.0
520537,314.74,99,17576.0
520538,305.2,168,17730.0
520539,934.23,876,14544.0
520540,249.9,130,16011.0
520544,1.65,1,
520554,434.45,119,16523.0
520555,611.02,292,16468.0
520558,326.4,128,15079.0
520559,120.9,58,13491.0
520560,17.700000000000003,6,15079.0
520561,671.38,446,14769.0
520562,9.0,12,
520564,146.65,94,17402.0
520565,177.61,169,13877.0
520566,284.5,164,16094.0
520567,135.79,44,16782.0
520568,1022.6600000000001,187,14031.0
520569,248.45,91,13884.0
520570,325.73,174,16549.0
520571,1347.86,314,
520572,385.3,114,14001.0
520574,0.0,3,
520575,60.599999999999994,20,12963.0
520577,14.850000000000001,3,17649.0
520578,0.0,4,
520579,0.0,3,
520580,0.0,1,
520581,0.0,1,
520582,327.53000000000003,127,17732.0
520584,494.88,355,12839.0
520585,303.0,60,14110.0
520600,204.82,154,17048.0
520601,306.9,252,17692.0
520602,357.11,185,14499.0
520612,310.6,50,16421.0
520614,138.7,53,15623.0
520626,230.27,335,17869.0
520654,453.06,379,15358.0
520663,2561.2799999999997,1248,14062.0
520664,135.39,177,16197.0
520665,523.58,543,13206.0
520666,381.77,200,13478.0
520669,450.15999999999997,278,16870.0
520670,638.2,1,
520671,231.42000000000002,56,15311.0
520672,211.82999999999998,156,17270.0
520673,132.34,59,17894.0
520674,67.5,37,17961.0
520675,657.6800000000001,280,15808.0
520676,309.02000000000004,122,12747.0
520677,261.82,38,17351.0
520678,243.36,155,15271.0
520679,332.4,130,16539.0
520680,1868.56,942,15480.0
520681,2197.45,57,
520682,184.23000000000002,91,14949.0
520683,11.7,10,17961.0
520685,1760.49,382,
520686,14.98,2,17351.0
520689,18.35,7,
520693,301.53000000000003,159,13995.0
520694,382.14,146,15784.0
520695,118.00000000000001,20,15430.0
520696,303.66,134,14770.0
520697,866.34,408,16923.0
520698,645.77,169,15465.0
520699,175.5,90,13242.0
520700,339.88,271,15976.0
520701,261.65000000000003,156,15058.0
520702,171.62,99,15936.0
520703,359.65999999999997,364,15074.0
520704,311.40000000000003,210,13102.0
520705,307.95,341,13203.0
520706,167.16,140,15166.0
520707,1963.53,1477,17584.0
520708,279.3,186,18172.0
520709,190.0,42,14693.0
520710,304.95,177,14388.0
520711,165.0,100,14607.0
520712,310.2,84,13059.0
520713,1121.22,513,15722.0
520714,519.2,338,14422.0
520715,441.12,198,16510.0
520716,19.95,1,15722.0
520717,941.8,708,13093.0
520718,263.14,52,13540.0
520719,117.31,41,17792.0
520720,138.38,92,13069.0
520721,423.2,235,13922.0
520722,196.33999999999997,134,18149.0
520723,71.6,20,12889.0
520724,199.9,87,17841.0
520726,219.18,166,17442.0
520727,361.84,314,16755.0
520728,577.64,596,18226.0
520729,104.16,62,15555.0
520730,609.24,396,13093.0
520731,27.69,7,15555.0
520732,171.15,33,17384.0
520733,581.01,295,15955.0
520734,36.480000000000004,96,16975.0
520736,2837.8799999999997,1068,18102.0
520737,298.8,82,12423.0
520738,386.74,410,14837.0
520740,241.2,120,14885.0
520742,20.16,48,14299.0
520744,823.8,559,13178.0
520745,301.77,224,14032.0
520746,837.07,423,14911.0
520750,1868.56,1,15480.0
520754,1334.78,800,15981.0
520771,8251.69,1936,
520815,132.31,82,15910.0
520818,15.0,1,
520819,592.43,353,13089.0
520820,31.200000000000003,48,13089.0
520821,147.09,170,12804.0
520822,80.4,72,13199.0
520823,102.0,40,13199.0
520824,2502.35,614,
520825,280.7,131,14433.0
520826,434.12,342,17685.0
520833,1373.61,592,
520847,312.14,101,16791.0
520848,360.8,241,12623.0
520849,301.65,105,13863.0
520850,307.18,252,16656.0
520854,25.2,60,14634.0
520855,74.72,36,14527.0
520856,228.63,146,16458.0
520857,282.05,181,17126.0
520858,139.23,185,13963.0
520859,148.6,102,17377.0
520860,794.08,373,12540.0
520861,161.35,50,13714.0
520865,216.05,173,13468.0
520870,294.84,176,15298.0
520871,686.37,405,13715.0
520872,1136.84,606,12380.0
520873,404.35,145,14233.0
520874,874.89,109,14543.0
520875,682.8199999999999,436,16098.0
520876,99.0,78,12651.0
520877,264.29,121,17346.0
520878,937.93,183,
520879,1339.6,292,14045.0
520880,459.03000000000003,183,16670.0
520881,15.0,12,16670.0
520882,111.9,42,12843.0
520883,310.6,165,14911.0
520884,179.88,124,16919.0
520885,408.75,169,14040.0
520886,15.9,2,14040.0
520887,10.3,6,
520889,3.37,2,
520890,3.37,2,
520891,3.37,2,
520892,152.01999999999998,73,12573.0
520893,154.99,235,16819.0
520894,283.85,205,16549.0
520895,27.6,18,16819.0
520896,189.05,73,16658.0
520899,446.98,294,12645.0
520900,433.37,187,15078.0
520901,48.6,24,15078.0
520902,204.4,15,14025.0
520903,373.75,210,16607.0
520904,114.35,77,16607.0
520905,0.0,4,
520906,3271.98,1662,17511.0
520947,757.95,280,12761.0
520948,5827.84,4812,14646.0
520949,390.35,73,15498.0
520950,528.94,297,13815.0
520952,123.6,84,14901.0
520953,84.00000000000001,48,12841.0
520954,92.4,16,16290.0
520955,309.82,138,15810.0
520960,270.79,130,14606.0
520966,590.65,232,14265.0
520968,871.88,592,14299.0
520972,382.99,158,12391.0
520973,493.25,171,14175.0
520974,139.8,24,15611.0
520987,639.01,278,12838.0
520989,1362.9,586,13089.0
520990,113.88,108,15311.0
520992,942.54,165,
520998,316.78999999999996,50,
520999,186.15,104,17215.0
521001,176.9,78,17926.0
521002,302.75,65,15199.0
521003,54.08,32,13989.0
521004,97.5,50,13399.0
521006,343.42,222,18258.0
521010,144.67,99,15574.0
521012,15.600000000000001,24,17888.0
521014,285.76,264,17611.0
521019,309.8,140,16292.0
521024,368.24,556,
521025,15.0,1,
521026,224.39999999999998,192,15290.0
521027,138.45,25,17753.0
521028,2.5,2,
521030,198.4,44,14167.0
521031,1335.47,301,
521032,232.0,160,18144.0
521033,152.64000000000001,144,12898.0
521034,401.12,112,15803.0
521035,714.06,409,16258.0
521036,547.09,279,12949.0
521037,99.0,1,12678.0
521038,1055.75,363,12589.0
521040,103.0,101,12471.0
521043,330.06,174,13472.0
521044,347.38,282,13916.0
521057,235.44,232,17735.0
521071,202.1,62,16168.0
521079,22.4,4,
521097,1055.75,1,12589.0
521111,162.0,9,12589.0
521112,5023.92,3720,14646.0
521114,283.05,103,15039.0
521115,783.84,342,14911.0
521116,360.59999999999997,588,17695.0
521117,330.46,130,14562.0
521118,311.0,194,14092.0
521119,195.35,112,17068.0
521120,300.78000000000003,194,16145.0
521121,47.25,7,17867.0
521122,340.65,243,15677.0
521123,6.75,1,17867.0
521124,1231.15,173,16993.0
521125,115.5,60,16919.0
521126,130.0,193,12414.0
521127,30.599999999999998,12,16915.0
521128,322.68,160,13004.0
521129,391.25,271,16746.0
521130,231.85,158,15856.0
521132,196.27,92,14796.0
521148,433.73,277,16065.0
521149,449.68,334,14326.0
521150,743.62,284,13564.0
521151,35.400000000000006,12,13564.0
521152,229.65,60,17243.0
521153,15.0,12,16607.0
521154,130.0,1,12414.0
521156,25.5,2,13564.0
521157,130.0,1,12414.0
521159,364.25,191,16779.0
521160,406.92,404,15738.0
521161,130.2,53,12788.0
521162,861.3,564,12598.0
521163,291.13,167,18182.0
521165,140.99,85,14283.0
521166,255.12,144,17238.0
521167,226.28,104,15227.0
521168,477.85,199,16161.0
521169,811.38,198,
521170,515.4,132,15043.0
521172,1389.31,892,12451.0
521173,245.3,126,15191.0
521174,93.78,106,12451.0
521175,34.849999999999994,3,15901.0
521176,288.38,234,16351.0
521177,35.7,6,15564.0
521178,146.6,82,12831.0
521179,89.46,86,12831.0
521180,362.85,213,12937.0
521181,330.0,200,13629.0
521182,2578.14,3106,14298.0
521183,330.0,200,15769.0
521184,660.0,400,15769.0
521185,303.89000000000004,219,16133.0
521186,104.10000000000001,50,14908.0
521187,56.7,10,15779.0
521188,127.70000000000002,32,16225.0
521189,308.43,262,13077.0
521192,33.0,12,15094.0
521193,312.42,162,13414.0
521194,75.9,50,13992.0
521195,214.44,319,15424.0
521196,145.1,82,15081.0
521197,71.95,7,14180.0
521199,115.45,79,16872.0
521200,630.48,304,17675.0
521202,2072.72,577,
521203,127.0,20,12431.0
521204,400.65,385,14667.0
521205,133.15,163,17324.0
521206,381.0,60,12823.0
521207,108.58000000000001,146,13856.0
521208,465.78000000000003,478,14739.0
521209,262.6,92,16239.0
521210,76.32000000000001,72,16027.0
521211,259.20000000000005,336,17512.0
521212,104.0,83,
521213,342.09,243,16325.0
521214,607.74,367,12683.0
521215,147.96,84,14058.0
521216,13.85,2,
521217,671.96,360,15260.0
521219,1565.52,748,13089.0
521220,189.65,95,12808.0
521221,249.60000000000002,168,16353.0
521222,273.4,82,17287.0
521223,189.3,53,17454.0
521225,1260.0,695,15640.0
521226,234.06,299,16719.0
521227,39.95,1,14086.0
521229,47.949999999999996,9,
521230,47.949999999999996,9,
521244,1723.08,800,15061.0
521250,958.8799999999999,640,15061.0
521254,405.59999999999997,240,15061.0
521268,136.5,70,15378.0
521269,804.5999999999999,420,13408.0
521284,433.85,59,16985.0
521287,582.64,438,16100.0
521293,53.1,18,13346.0
521294,320.78,150,16177.0
521305,9.4,8,
521307,463.7,167,16823.0
521312,195.0,100,12939.0
521313,1980.0,1200,12939.0
521314,788.4,72,17949.0
521315,5293.92,13008,15838.0
521316,479.4,236,16029.0
521317,488.06,355,17854.0
521318,1515.02,2726,16754.0
521319,404.3,586,14009.0
521324,123.75,46,18109.0
521325,1161.6,768,17677.0
521326,23.400000000000002,36,16947.0
521327,200.4,112,17677.0
521328,318.65,95,15092.0
521329,493.86,362,16525.0
521339,3752.4,2248,15769.0
521340,54.2,6,16235.0
521341,290.69,76,12440.0
521342,634.35,373,17669.0
521343,577.0799999999999,295,12681.0
521344,638.09,355,16735.0
521345,136.31,97,16289.0
521347,0.0,70,
521349,317.41,135,13037.0
521350,532.9,200,13078.0
521351,5.85,3,17961.0
521352,676.22,334,17428.0
521353,168.23,76,18036.0
521354,114.0,61,12361.0
521355,6.64,4,
521356,184.8,56,16331.0
521357,2349.24,593,
521358,17.4,12,16422.0
521360,148.71,57,14163.0
521361,1240.8,302,17858.0
521362,130.0,13,17858.0
521363,655.0,548,15255.0
521364,311.88,308,16843.0
521365,1094.0900000000001,523,14911.0
521366,222.36,93,16782.0
521367,306.36,201,14753.0
521368,254.0,40,15981.0
521369,233.52,187,16085.0
521370,78.9,78,17707.0
521371,120.0,32,13250.0
521372,127.05000000000001,44,13809.0
521373,170.3,155,12437.0
521374,156.5,65,14606.0
521375,619.14,354,12647.0
521376,618.04,392,13798.0
521377,186.0,72,13824.0
521378,203.56,77,16434.0
521379,138.15,44,17757.0
521380,219.7,130,15461.0
521381,427.32,320,13506.0
521383,222.47,100,15751.0
521384,510.96,592,16422.0
521385,340.6,166,14709.0
521386,177.8,93,17085.0
521387,475.58000000000004,192,14426.0
521388,195.0,100,15887.0
521389,525.83,241,13032.0
521390,678.47,358,16327.0
521391,376.92,192,13434.0
521392,530.57,359,16170.0
521393,1071.91,574,14194.0
521394,158.02,152,14318.0
521395,135.17000000000002,41,13617.0
521396,80.23,37,13785.0
521397,270.84,165,16549.0
521398,394.47,200,14415.0
521399,230.4,1440,14609.0
521400,1188.0,240,14145.0
521401,468.0,195,12524.0
521402,239.3,130,12744.0
521403,2382.92,1022,12744.0
521404,162.6,92,12744.0
521405,231.76000000000002,60,13785.0
521406,979.0,411,13093.0
521407,39.79,18,12748.0
521426,434.02,286,12490.0
521430,2204.76,3052,17404.0
521441,114.4,81,15543.0
521450,750.9,367,14442.0
521452,247.65,87,15712.0
521467,230.51,115,13842.0
521469,356.3,178,16255.0
521470,654.45,263,16246.0
521471,1238.85,685,14680.0
521473,349.75,169,15719.0
521475,214.5,110,13070.0
521476,75.0,28,14527.0
521477,546.51,185,12986.0
521478,349.06,221,17841.0
521479,1095.95,690,12758.0
521480,168.6,108,12779.0
521482,589.12,320,15809.0
521483,1157.32,801,13093.0
521484,370.09000000000003,382,17585.0
521486,1836.85,608,
521488,2267.6,393,
521489,0.0,12,
521490,0.0,2,
521493,418.39,172,14248.0
521494,457.3,324,13426.0
521495,304.14,118,13050.0
521496,781.22,511,12510.0
521507,140.87,45,13032.0
521515,395.59,223,13736.0
521518,39.3,34,13032.0
521521,5.8,4,13032.0
521527,5.8,4,13736.0
521532,197.25,83,15122.0
521533,22.5,18,13032.0
521539,152.95000000000002,44,17975.0
521541,347.49,197,14915.0
521544,1410.46,540,16705.0
521546,374.5,282,13769.0
521547,90.65,23,13133.0
521548,14.850000000000001,3,13769.0
521549,559.3,129,14156.0
521550,0.0,16,
521553,174.6,68,12963.0
521554,202.65,59,15489.0
521555,938.26,250,
521556,9.899999999999999,6,
521557,552.67,334,13983.0
521558,420.95,269,16314.0
521559,129.87,129,16600.0
521560,621.6,112,14952.0
521561,125.66000000000001,58,13137.0
521562,256.5,78,14952.0
521563,428.7,353,12921.0
521564,127.2,24,15885.0
521565,184.44000000000003,164,15189.0
521566,3960.1,2642,13694.0
521567,1226.8,1160,13694.0
521568,2403.1,1362,17511.0
521569,268.31,179,12437.0
521570,461.63,173,15039.0
521571,408.53,228,13787.0
521572,411.12,144,16029.0
521574,252.0,120,13082.0
521575,575.1,292,12859.0
521577,796.86,534,13001.0
521584,377.47,163,16556.0
521588,111.0,108,16832.0
521593,213.69,277,15289.0
521617,1166.99,667,16336.0
521642,812.13,641,14911.0
521645,920.6999999999999,514,15311.0
521646,1725.6499999999999,516,
521647,93.95,67,14606.0
521648,7.95,1,14606.0
521649,353.65,130,14968.0
521650,385.59999999999997,380,14060.0
521651,180.87,123,12576.0
521652,355.51,381,17692.0
521653,171.38,109,13571.0
521654,104.6,30,17965.0
521656,232.23,205,16221.0
521658,195.15,71,14395.0
521660,122.56,34,14818.0
521661,256.99,150,12605.0
521662,261.55,80,16952.0
521663,564.47,438,15367.0
521664,189.85,83,17611.0
521665,744.37,395,15674.0
521666,203.34000000000003,162,16660.0
521668,540.52,344,12819.0
521682,165.0,100,17031.0
521683,68.0,200,12891.0
521684,119.04,168,17212.0
521685,145.47,53,15741.0
521686,519.1,390,12921.0
521687,135.85,19,13092.0
521689,1620.0,432,14646.0
521691,1365.1599999999999,294,
521692,1374.46,567,14911.0
521693,701.7,316,13333.0
521695,258.6,180,13683.0
521696,192.58,118,13468.0
521697,104.05000000000001,33,15271.0
521698,135.4,44,13076.0
521699,312.24,344,13450.0
521700,430.27,338,14740.0
521722,368.7,386,12594.0
521737,148.65,95,15141.0
521742,519.45,458,12777.0
521758,68.39999999999999,30,15488.0
521765,600.2,205,12471.0
521766,20.28,36,12471.0
521767,604.53,316,15752.0
521768,441.71999999999997,164,16839.0
521769,25.0,1,12761.0
521770,539.6999999999999,224,16150.0
521771,941.8,602,13931.0
521774,0.0,9,
521775,210.68,124,13728.0
521781,198.7,537,14135.0
521782,0.0,6,
521784,76.32000000000001,72,16027.0
521785,108.16,64,16771.0
521786,325.72,244,15793.0
521787,134.7,76,18075.0
521788,229.73,219,13005.0
521790,281.02,157,12575.0
521791,276.94,193,14667.0
521792,97.94,68,17220.0
521793,256.42,121,15339.0
521794,185.65,91,17068.0
521795,1426.24,284,
521796,127.33,82,17220.0
521797,286.74,188,15627.0
521798,587.55,317,15615.0
521799,316.0,188,14282.0
521800,498.4,218,18226.0
521808,259.15,303,18041.0
521809,15.0,1,14911.0
521810,192.35,101,16768.0
521811,402.37,153,16713.0
521812,15.0,1,16271.0
521813,946.1800000000001,634,13384.0
521815,429.51,235,13327.0
521816,483.94,166,15555.0
521817,352.53000000000003,200,16134.0
521819,138.32,102,13717.0
521820,209.24,138,17732.0
521821,745.9,474,15523.0
521822,1948.74,924,12714.0
521829,737.3,354,17242.0
521839,731.33,540,12635.0
521857,283.9,70,15606.0
521866,750.82,236,14918.0
521868,380.40000000000003,56,12980.0
521869,316.43,200,17612.0
521871,276.95,68,16972.0
521886,168.03,1,
521888,1895.0,1100,12770.0
521889,96.9,48,14455.0
521890,85.5,42,15488.0
521891,345.40000000000003,116,15129.0
521892,17.700000000000003,6,15129.0
521893,316.51,285,13305.0
521896,400.35,152,12682.0
521897,240.57,491,14064.0
521898,192.28,44,17243.0
521899,288.0,122,12647.0
521900,261.0,203,16743.0
521901,359.28,219,14688.0
521907,212.4,48,17377.0
521908,264.0,91,15972.0
521909,70.80000000000001,24,18008.0
521910,319.94,241,13046.0
521911,270.0,3,15972.0
521912,382.84,223,15005.0
521913,155.91,107,17663.0
521914,326.65,170,12460.0
521915,314.4,80,15766.0
521916,258.95,141,16809.0
521917,311.52,104,13408.0
521920,206.15,17,16926.0
521921,1095.37,578,12681.0
521922,642.52,390,12631.0
521923,42.45,3,
521924,134.0,48,16886.0
521925,202.14000000000001,353,13069.0
521926,0.0,25,
521927,186.82,102,16638.0
521928,725.7,286,17456.0
521929,0.0,60,
521931,137.02,72,14606.0
521932,1509.98,333,
521933,0.0,15,
521935,306.89,279,15755.0
521936,318.14,124,14492.0
521938,199.85,127,18255.0
521941,445.05,1,
521942,0.0,150,
521944,202.83,77,17742.0
521945,447.05,265,16095.0
521946,715.24,317,16563.0
521947,53.81999999999999,34,15938.0
521948,107.47999999999999,98,12748.0
521949,1438.75,787,15150.0
521950,223.8,68,15150.0
521951,8.5,1,12748.0
521952,259.31,143,12683.0
521953,129.75,129,17762.0
521954,282.59,133,17180.0
521955,186.56,134,16032.0
521958,251.32,132,12708.0
521968,120.44,172,14444.0
521969,298.1,116,17473.0
521970,270.15,210,17282.0
521972,310.05,225,13875.0
521973,483.49,279,17366.0
521974,311.71,309,15861.0
521975,445.15,301,13969.0
521977,13.919999999999998,48,17884.0
521978,347.8,198,12760.0
521979,369.51,365,13477.0
521980,20.4,24,13477.0
521982,979.1999999999999,1152,17369.0
521983,301.42,234,13304.0
521984,305.40999999999997,154,14708.0
521985,303.35,195,14623.0
521986,309.3,210,14205.0
521987,361.6,116,17646.0
521988,459.05,219,15218.0
521989,534.7,224,12921.0
521999,221.65,83,14445.0
522016,361.48,372,15291.0
522017,402.9,398,13798.0
522024,210.01,198,17228.0
522025,1172.1399999999999,774,15372.0
522026,129.3,70,16648.0
522027,373.75,164,14625.0
522028,0.0,96,
522029,675.17,384,12474.0
522030,168.42000000000002,70,15580.0
522039,324.7,152,13579.0
522040,184.3,114,15311.0
522041,876.54,266,16858.0
522042,302.74,191,13557.0
522043,1284.34,423,
522045,293.95,81,16040.0
522046,350.14,300,13246.0
522047,1479.93,701,14431.0
522048,436.1,499,13330.0
522049,124.75,61,16928.0
522050,171.68,269,17705.0
522051,363.14,186,13319.0
522052,80.70000000000002,36,13319.0
522053,313.45,109,13999.0
522054,492.75,247,15078.0
522055,39.0,20,15078.0
522056,58.5,30,15078.0
522057,147.09,56,
522058,296.4,156,14129.0
522059,777.55,408,15856.0
522060,10.0,1,12802.0
522061,490.05,242,18260.0
522062,3.75,1,15856.0
522065,184.69,46,
522066,305.47,117,17865.0
522068,206.20000000000002,114,16549.0
522069,11.8,4,18260.0
522070,387.43,126,17377.0
522071,145.75,65,13782.0
522072,215.22,118,14635.0
522073,137.82,92,16787.0
522074,206.94,83,12872.0
522075,646.66,414,17640.0
522076,172.9,143,16815.0
522077,191.89000000000001,129,16686.0
522078,165.66,178,16206.0
522079,321.37,169,15422.0
522080,364.95,195,14525.0
522081,222.51,111,16872.0
522082,601.32,354,16608.0
522083,203.8,158,16218.0
522084,320.75,139,15992.0
522085,218.10999999999999,129,15953.0
522086,644.15,527,16042.0
522087,728.91,450,16008.0
522088,563.9,730,14156.0
522089,344.33,189,16387.0
522090,240.49,96,16799.0
522091,221.5,136,14595.0
522092,277.4,101,15006.0
522093,464.21,292,15406.0
522094,0.95,1,15406.0
522095,496.14,382,15824.0
522096,239.5,110,14693.0
522097,214.62,172,14898.0
522098,1387.5,1024,16320.0
522100,375.5,146,16713.0
522101,183.70000000000002,38,14264.0
522102,435.84000000000003,224,13148.0
522103,214.39,72,15716.0
522104,153.93,67,15714.0
522105,345.90999999999997,223,13634.0
522106,505.91,220,13634.0
522107,196.47,84,16208.0
522108,110.69999999999999,12,17383.0
522109,990.2,544,17728.0
522110,239.85,61,13455.0
522111,349.28,166,14243.0
522112,146.37,95,18168.0
522113,204.34,179,17021.0
522114,24.099999999999998,4,12748.0
522115,274.44,139,15796.0
522116,250.19,85,17921.0
522117,169.15,102,15800.0
522118,349.96000000000004,132,13767.0
522119,450.0,360,12989.0
522120,360.0,288,12989.0
522121,588.28,837,14911.0
522122,415.40000000000003,170,17416.0
522123,39.0,20,17416.0
522124,3845.04,4620,17308.0
522125,208.75,102,16558.0
522126,29.45,11,16558.0
522127,397.92,208,16029.0
522128,14.98,2,16558.0
522129,254.99999999999997,100,16013.0
522130,97.11,53,13963.0
522131,487.5,550,16013.0
522132,4847.5199999999995,6080,18251.0
522133,765.0,300,16013.0
522134,85.0,100,16013.0
522135,431.3,254,16860.0
522136,418.58,56,
522137,464.45000000000005,185,17147.0
522138,284.27,50,
522139,1398.0,40,14156.0
522140,129.55,22,
522141,239.82999999999998,32,
522142,131.94,17,
522143,265.83,50,
522144,352.9,40,
522145,676.8000000000001,228,14735.0
522146,12.5,6,
522148,344.85,193,13613.0
522150,50.5,14,13613.0
522152,476.84,420,17512.0
522156,133.54,50,14569.0
522160,116.76,108,12924.0
522166,1118.28,914,17504.0
522169,1000.0799999999999,205,
522170,416.05,235,17644.0
522171,0.0,2,
522172,345.84000000000003,210,13004.0
522200,211.7,72,
522206,32.24,20,17898.0
522207,17.0,4,13613.0
522213,334.34,242,14209.0
522228,21.4,6,
522237,194.64000000000001,240,17307.0
522248,164.35000000000002,72,13593.0
522250,993.49,467,17426.0
522251,242.16,33,
522252,229.17,25,
522253,569.89,385,17426.0
522259,157.38,198,17426.0
522266,17.6,6,
522271,183.8,108,14399.0
522272,98.7,18,17426.0
522273,490.61,206,16470.0
522274,748.8000000000001,1920,15061.0
522275,136.0,400,15061.0
522276,23.04,44,15061.0
522277,161.2,104,16458.0
522278,587.1800000000001,452,16133.0
522279,12.7,6,
522281,422.84,204,16374.0
522282,385.90000000000003,252,13920.0
522283,163.06,92,13479.0
522284,243.94,150,17841.0
522285,80.75,19,15401.0
522286,281.25,163,14467.0
522287,2.1,1,
522288,124.5,77,13129.0
522289,1633.1200000000001,673,16684.0
522290,159.01,25,
522291,343.25,284,16625.0
522292,68.88,61,12835.0
522293,301.76,180,14615.0
522298,1181.89,913,14913.0
522299,356.03,147,16550.0
522301,484.81,642,12530.0
522302,148.1,132,15271.0
522309,634.28,527,15521.0
522310,717.57,134,
522315,1004.88,171,
522322,15.0,1,
522323,356.69,160,13869.0
522324,1.25,1,
522325,157.96,66,12693.0
522327,687.24,501,18069.0
522328,592.38,486,17132.0
522330,141.75,53,17218.0
522331,245.51999999999998,241,15639.0
522332,315.75,185,15600.0
522333,417.2,221,12483.0
522334,303.24,204,13089.0
522335,523.8399999999999,298,12583.0
522336,105.6,68,12450.0
522337,1244.7,560,13440.0
522338,415.85,204,13537.0
522339,672.85,213,12621.0
522340,163.2,64,17616.0
522341,72.85,23,15107.0
522359,371.34000000000003,178,13798.0
522384,561.4,327,15673.0
522385,119.32000000000001,40,16919.0
522410,858.0,514,13555.0
522413,197.22,110,18075.0
522414,534.65,164,14441.0
522415,857.8,511,16746.0
522416,306.0,36,17324.0
522417,103.06,24,14527.0
522418,196.33,61,13152.0
522419,193.9,112,17615.0
522421,177.41,156,12778.0
522422,385.2,552,13324.0
522423,402.90000000000003,254,13880.0
522424,765.29,237,12476.0
522425,18.0,1,12476.0
522426,150.32,168,17861.0
522427,180.36,132,13199.0
522428,164.59,60,16444.0
522429,1236.03,771,15311.0
522430,210.96,112,13468.0
522431,293.94,162,17534.0
522432,258.21999999999997,137,15965.0
522433,90.9,82,15901.0
522434,195.6,144,14112.0
522435,144.48,84,14606.0
522436,39.0,20,13242.0
522437,219.99,150,17346.0
522439,328.37,195,15240.0
522440,9.9,1,15901.0
522442,483.15,121,13324.0
522443,282.85,207,15998.0
522444,262.82,257,17801.0
522445,328.93,139,15955.0
522446,124.75,41,13312.0
522447,78.15,37,14363.0
522449,143.10000000000002,18,17149.0
522450,45.8,28,16690.0
522451,306.76,389,15194.0
522452,307.25,177,16206.0
522453,15.299999999999999,6,16206.0
522454,447.75,297,12682.0
522455,316.42,198,17422.0
522456,71.4,12,13207.0
522457,682.78,418,18136.0
522458,248.71,152,12933.0
522459,8.850000000000001,3,12933.0
522460,656.4,152,13324.0
522461,423.26,303,14381.0
522462,397.56,324,13141.0
522463,21.95,16,14710.0
522464,1504.24,313,
522465,164.4,112,16155.0
522466,388.0,244,16748.0
522467,497.34000000000003,340,12539.0
522468,309.91,201,14231.0
522469,130.68,84,17460.0
522470,318.15,124,13854.0
522471,185.39999999999998,128,13534.0
522472,16.650000000000002,9,16656.0
522474,40.8,48,16656.0
522476,426.53000000000003,275,15966.0
522477,303.78000000000003,601,16701.0
522478,122.39999999999999,48,14370.0
522497,18.0,1,12682.0
522501,827.88,252,15039.0
522502,712.64,364,14530.0
522503,0.0,5,
522504,0.0,1,
522505,0.0,1,
522506,0.0,2,
522507,0.0,1,
522508,0.0,1,
522509,0.0,1,
522511,167.14999999999998,101,15311.0
522513,5099.44,3968,14156.0
522514,15.0,12,17382.0
522515,192.05,67,13041.0
522526,379.95,177,16143.0
522529,0.0,1000,
522532,0.0,1000,
522534,0.0,1000,
522537,0.0,1000,
522539,0.0,1000,
522542,170.06,63,16406.0
522553,1809.35,1095,12481.0
522570,168.69000000000003,102,12768.0
522579,145.06,56,17905.0
522582,4422.25,2917,14646.0
522583,110.65,21,15906.0
522584,178.95,64,15527.0
522585,389.19,317,13784.0
522586,118.95,77,17403.0
522588,136.69,41,15885.0
522589,177.29000000000002,245,14825.0
522590,166.07999999999998,112,15661.0
522591,1017.47,676,16940.0
522592,315.06,240,12408.0
522593,0.0,93,
522594,250.62,89,16005.0
522595,214.5,110,12990.0
522596,292.15999999999997,118,14040.0
522597,150.4,80,12402.0
522598,283.65,223,13126.0
522599,128.8,32,16522.0
522600,974.4,672,16422.0
522601,319.5,330,16422.0
522602,203.4,60,16422.0
522603,55.980000000000004,36,15685.0
522604,571.12,396,15629.0
522605,22.799999999999997,24,15629.0
522606,1260.51,601,16019.0
522608,74.79,29,13117.0
522609,3.75,1,
522610,306.65000000000003,129,16080.0
522611,358.67,107,12422.0
522612,305.65000000000003,179,16979.0
522614,530.31,293,14375.0
522615,157.8,300,17560.0
522617,61.44,96,15372.0
522618,153.12,168,16589.0
522619,351.19,334,16395.0
522620,983.47,177,
522621,258.41,169,16477.0
522622,1197.6399999999999,933,17589.0
522623,522.86,350,15301.0
522624,1866.98,754,12709.0
522625,168.65,173,17392.0
522626,2576.88,770,15513.0
522627,211.73,199,15660.0
522628,60.48,288,15291.0
522629,279.42,71,15272.0
522630,554.12,324,14828.0
522631,1014.1800000000001,382,14156.0
522634,20.85,7,
522635,55.68,60,13089.0
522636,625.6800000000001,360,16656.0
522637,60.0,48,13089.0
522638,309.0,96,13089.0
522639,30.0,24,13089.0
522640,437.4,468,13089.0
522641,594.07,312,12782.0
522642,299.6,99,13374.0
522644,217.7,119,15723.0
522650,572.77,529,13424.0
522651,973.69,619,12433.0
522662,1282.8,152,13089.0
522663,267.95,77,13113.0
522699,121.65,50,18219.0
522703,968.25,341,14911.0
522708,190.99,210,18001.0
522710,40.32,96,18001.0
522711,171.8,169,17348.0
522712,75.0,53,12437.0
522719,192.07,35,13202.0
522720,848.79,333,16912.0
522721,0.0,2,
522723,625.57,306,14701.0
522725,495.45,364,17491.0
522726,0.0,1,
522727,0.0,1,
522728,0.0,1,
522729,0.0,1,
522730,0.0,1,
522731,0.0,1,
522733,354.4,80,17588.0
522738,5.0,4,16218.0
522739,331.62,182,14963.0
522740,160.53,92,13243.0
522742,137.12,106,18044.0
522744,100.34,38,13243.0
522745,0.0,12,
522748,122.77,40,13243.0
522750,678.8,1072,16646.0
522751,88.5,30,13589.0
522754,0.0,48,
522760,289.48,228,15962.0
522761,375.1,202,13587.0
522763,17.700000000000003,6,13587.0
522766,381.88100000000003,177,15182.0
522767,18.6,4,15182.0
522768,297.32,157,14099.0
522769,230.02,115,17799.0
522770,177.8,29,12600.0
522773,1259.48,946,12369.0
522789,323.09000000000003,247,14221.0
522791,0.0,36,
522792,3485.31,1153,17706.0
522794,186.60000000000002,88,13515.0
522796,10468.8,1,
522797,113.53999999999999,138,18041.0
522798,2769.9,1,
522799,364.51000000000005,201,14355.0
522801,56.72,29,13573.0
522802,140.19,151,17608.0
522803,284.05,145,16499.0
522805,382.2,196,15341.0
522806,32.800000000000004,13,15748.0
522807,432.65000000000003,198,15748.0
522808,641.2,290,12921.0
522809,417.58,258,12921.0
522810,734.5,233,13722.0
522811,160.2,60,13722.0
522812,346.78,182,17576.0
522813,339.82,154,15664.0
522814,981.0,562,12921.0
522815,114.15,54,13969.0
522816,893.0,498,17594.0
522817,403.36,343,13208.0
522819,215.03,82,15535.0
522820,407.6,304,15841.0
522821,388.3,206,14734.0
522822,455.45000000000005,111,18229.0
522823,213.0,60,13398.0
522824,797.14,470,14110.0
522825,1620.66,1127,13093.0
522826,617.98,306,13564.0
522828,13.05,5,16756.0
522829,0.0,16,
522831,0.0,1,
522833,20.4,24,16670.0
522835,302.33,223,15362.0
522839,212.25,117,16146.0
522847,304.31,157,14035.0
522855,17.4,12,13384.0
522856,4.95,1,
522858,1280.21,255,
522863,829.2,406,12931.0
522879,160.5,102,13777.0
522885,773.6899999999999,199,13952.0
522891,157.2,108,16371.0
522894,31.92,84,13952.0
522901,474.42,322,14107.0
522902,468.5,240,12554.0
522903,196.24,64,13443.0
522904,156.37,52,17765.0
522906,164.45,50,17241.0
522907,300.69,178,15514.0
522908,190.62,107,17233.0
522909,387.6,184,18075.0
522910,236.66,60,12748.0
522911,525.18,400,14748.0
522912,252.17000000000002,184,17289.0
522913,370.94,244,15026.0
522914,1478.53,878,17139.0
522916,280.91,1,
522917,964.21,651,12425.0
522918,397.82,217,12662.0
522929,574.5,740,15117.0
522930,373.87,293,13173.0
522931,229.2,96,17743.0
522932,26.400000000000002,48,17949.0
522933,82.9,2,
522934,1512.0,720,17949.0
522935,252.0,120,
522936,306.0,120,17949.0
522938,5.2,2,
522939,121.85,45,15757.0
522940,730.8,504,15876.0
522941,356.7,90,13552.0
522942,69.0,28,13552.0
522943,980.25,688,12543.0
522944,319.19,177,15867.0
522947,47.21,61,
522948,170.85,41,17243.0
522949,287.8,134,13998.0
522950,308.56,58,13542.0
522952,290.44,168,14553.0
522953,2060.2599999999998,1218,14646.0
522954,428.45,95,18089.0
522955,123.9,68,16233.0
522956,270.14,216,13015.0
522957,405.68,168,17188.0
522958,293.75,173,16549.0
522959,111.56,52,14878.0
522960,169.62,91,16983.0
522961,106.45,35,13554.0
522962,161.0,80,13701.0
522963,822.9300000000001,687,16053.0
522964,332.20000000000005,96,15288.0
522965,578.52,382,17730.0
522966,547.84,502,16007.0
522967,522.72,353,18257.0
522968,433.29,295,13137.0
522969,179.16,156,14247.0
522970,112.08,34,13617.0
522971,113.58,66,16395.0
522972,412.08,246,13408.0
522973,311.25,143,16434.0
522974,509.34,206,17582.0
522975,204.89,146,16524.0
522976,251.39999999999998,68,13067.0
522977,122.27,105,15483.0
522978,627.57,248,17085.0
522979,147.11,53,15519.0
522980,3.75,1,
522981,1201.32,616,18094.0
522982,694.73,685,12867.0
522983,253.69,101,17913.0
522984,188.82,214,17027.0
522985,287.7,270,14776.0
522986,684.35,392,13883.0
522987,1643.03,1103,17625.0
522988,807.02,292,15215.0
522989,182.55,179,17051.0
522990,319.62,282,13465.0
522991,444.97,285,13709.0
522992,47.400000000000006,12,13709.0
522993,417.6,328,18064.0
522994,388.5,230,18064.0
522995,334.71,267,14606.0
522996,40.8,48,14513.0
522997,184.5,116,16770.0
522998,108.05,47,
522999,370.65,271,17255.0
523000,309.3,178,13842.0
523001,328.08,100,15291.0
523002,582.47,292,16655.0
523003,557.48,434,16264.0
523004,419.06,313,13451.0
523005,310.75,123,12748.0
523006,161.49,74,15870.0
523007,206.25,61,15870.0
523008,363.9,210,17675.0
523009,872.48,480,13881.0
523010,3000.7200000000003,1976,13881.0
523011,3013.02,2300,13881.0
523012,265.44,381,17163.0
523013,488.32,380,15599.0
523014,1854.95,264,
523015,502.45,323,15462.0
523016,309.75,125,13889.0
523017,1047.6100000000001,496,12524.0
523018,126.0,60,12524.0
523019,227.01,181,17811.0
523020,135.18,74,13702.0
523021,571.58,393,18225.0
523022,180.82999999999998,99,12437.0
523023,1331.18,716,17716.0
523033,1119.6599999999999,894,14212.0
523059,664.82,382,14156.0
523062,887.8,446,14156.0
523065,238.2,102,16919.0
523082,570.14,226,14911.0
523097,232.85,83,17055.0
523106,330.0,200,12850.0
523108,12.75,1,16919.0
523114,122.39999999999999,144,17268.0
523115,658.83,273,12388.0
523116,272.75,77,16125.0
523117,533.0500000000001,147,16316.0
523118,571.02,261,17338.0
523120,508.91999999999996,448,15803.0
523121,99.72,132,12993.0
523122,308.7,136,12993.0
523123,368.8,20,14794.0
523124,1439.04,2232,18251.0
523125,375.81,343,14291.0
523126,206.24,139,14291.0
523127,136.4,84,17259.0
523128,476.76,228,18097.0
523129,304.53000000000003,236,17841.0
523130,118.22,56,17259.0
523131,312.42,206,18242.0
523132,257.69,119,17167.0
523133,129.0,72,16168.0
523134,537.64,208,16210.0
523135,1377.12,784,13316.0
523136,61.2,8,14735.0
523137,156.19,92,17785.0
523141,515.0,300,14482.0
523144,581.59,285,13431.0
523145,137.4,76,13431.0
523146,483.14,291,12455.0
523148,5.4,2,
523149,233.32999999999998,192,17585.0
523150,1259.62,287,
523152,172.5,90,16986.0
523154,11.8,4,
523155,111.63,49,14668.0
523156,595.06,494,13599.0
523157,381.40000000000003,148,13599.0
523160,68.44,1,
523161,1559.33,1028,14146.0
523162,120.05,51,14146.0
523163,284.8,100,12417.0
523164,362.28,178,18172.0
523165,412.68,338,17834.0
523166,3707.4,2004,17940.0
523167,78.60000000000001,54,18172.0
523168,108.60000000000001,49,17949.0
523170,392.68,196,18220.0
523172,122.10000000000001,90,14114.0
523173,229.46,1,
523175,1180.03,242,
523176,229.46,1,17284.0
523179,775.2,536,12910.0
523180,106.72,160,12910.0
523181,224.58,1,
523182,68.44,1,14906.0
523185,66.98,1,
523186,222.0,81,12643.0
523188,759.58,366,15722.0
523189,413.28,1,
523192,218.85,132,15167.0
523193,0.0,3,
523194,1013.58,682,13375.0
523195,1676.3600000000001,1106,13802.0
523196,165.65,61,17726.0
523197,274.8,104,15473.0
523198,581.45,271,14227.0
523199,485.44,246,16133.0
523200,3231.27,3281,14676.0
523201,266.64,149,16156.0
523202,407.88,199,16156.0
523203,388.68,268,14152.0
523204,81.0,84,17226.0
523205,670.78,186,16586.0
523206,349.5,210,13689.0
523207,396.46,322,14852.0
523208,1602.72,1512,17381.0
523211,456.64,349,16465.0
523213,672.59,364,16945.0
523215,188.18,117,12841.0
523229,377.15999999999997,644,17381.0
523277,312.08000000000004,240,16145.0
523282,331.13,276,17287.0
523283,294.54,218,13799.0
523285,881.6,608,12931.0
523286,235.77,148,14716.0
523289,862.0,496,18287.0
523290,30.599999999999998,12,18287.0
523291,424.38,168,14534.0
523297,885.0,500,15838.0
523298,370.40999999999997,243,17480.0
523300,114.97,90,12748.0
523301,174.25,187,16493.0
523302,741.3199999999999,506,14911.0
523304,138.35,152,14688.0
523305,268.27,189,12751.0
523306,25.200000000000003,12,14911.0
523307,1001.47,1002,17017.0
523308,1234.02,768,14156.0
523309,19.5,10,14156.0
523310,132.36,152,15311.0
523311,5242.84,1312,
523312,109.47,91,15041.0
523313,1735.4099999999999,1077,14936.0
523314,110.28,48,14224.0
523315,1980.0,1200,15032.0
523316,300.45000000000005,103,17406.0
523319,222.78,93,16511.0
523320,476.31,167,14169.0
523321,547.94,438,17046.0
523322,388.05,181,15329.0
523323,135.6,120,18041.0
523324,462.04,338,17438.0
523326,817.1,469,13183.0
523327,192.02,88,14761.0
523328,591.42,234,17865.0
523329,139.2,96,17865.0
523330,107.0,28,16998.0
523331,247.60000000000002,56,15728.0
523332,6572.43,4324,16705.0
523333,211.35,205,16954.0
523334,466.33000000000004,379,14126.0
523335,342.94,226,12928.0
523336,19.5,10,12928.0
523337,114.33,47,16033.0
523338,2487.2,720,14866.0
523339,299.98,290,13410.0
523340,504.51,315,12474.0
523341,162.09,56,13468.0
523342,619.6800000000001,432,18093.0
523343,1238.55,334,
523344,813.91,613,13031.0
523345,364.40999999999997,317,12802.0
523346,1318.83,290,
523347,195.90000000000003,50,17127.0
523348,585.9,286,17850.0
523349,57.96,36,17850.0
523350,330.92,126,16558.0
523351,415.25,205,17850.0
523353,27.54,18,17850.0
523354,856.01,537,17161.0
523355,37.04,31,17961.0
523356,1251.2,672,14911.0
523357,414.6,212,17850.0
523358,18.84,12,17850.0
523359,885.0,300,14933.0
523360,691.0600000000001,302,17850.0
523361,729.64,720,13214.0
523362,550.2,280,17850.0
523363,27.54,18,17850.0
523364,427.56,238,17850.0
523365,17.4,12,17850.0
523366,90.0,192,14560.0
523367,643.46,538,18092.0
523368,0.0,250,
523369,696.26,423,14113.0
523370,283.0,116,17926.0
523371,585.9,286,17850.0
523372,37.68,24,17850.0
523373,110.55000000000001,33,16199.0
523374,323.57,195,17850.0
523375,18.84,12,17850.0
523376,395.40000000000003,212,17850.0
523377,27.54,18,17850.0
523391,636.0,192,16013.0
523409,25.8,8,13440.0
523410,442.56,250,17850.0
523411,318.01,185,17850.0
523412,55.08,36,17850.0
523413,37.68,24,17850.0
523414,24.75,5,13557.0
523415,17.4,12,17850.0
523416,312.93,315,14611.0
523417,69.15,29,13474.0
523418,244.99,177,17850.0
523419,8.7,6,17850.0
523420,496.74,238,17850.0
523421,34.8,24,17850.0
523422,343.51,217,17850.0
523423,36.239999999999995,24,17850.0
523424,458.82,330,14739.0
523425,344.32,291,16700.0
523426,112.80000000000001,60,16700.0
523428,295.0,100,14933.0
523429,295.0,100,14933.0
523430,295.0,100,14933.0
523431,231.07999999999998,272,17819.0
523432,228.53,410,16723.0
523448,1011.86,688,12578.0
523456,26.55,11,12835.0
523461,565.5600000000001,280,17850.0
523462,37.68,24,17850.0
523465,378.90000000000003,206,17850.0
523468,538.6800000000001,268,17850.0
523469,17.4,12,17850.0
523470,55.08,36,17850.0
523471,255.65,60,14182.0
523493,217.32,93,15719.0
523494,250.94,200,13769.0
523508,968.27,258,
523509,0.0,70,
523510,175.9,128,17840.0
523511,538.6800000000001,268,17850.0
523512,55.08,36,17850.0
523513,397.26,184,17850.0
523514,57.96,36,17850.0
523515,396.05,157,15039.0
523516,1089.6,540,13089.0
523522,0.0,13,
523524,395.69,336,14570.0
523526,0.0,14,
523531,0.0,30,
523532,0.0,1,
523535,118.35,54,17068.0
523536,643.86,378,17002.0
523537,647.1800000000001,352,13196.0
523538,1109.92,832,16341.0
523539,548.87,273,16329.0
523540,414.6,212,17850.0
523541,901.42,368,15057.0
523542,311.72,225,17713.0
523549,21.4,10,
523550,207.24,86,15847.0
523551,780.06,146,14439.0
523552,227.97,37,
523553,222.43,31,
523554,373.86,198,15681.0
523555,90.6,36,15681.0
523556,349.72999999999996,47,
523557,34.0,1,
523558,317.76,44,
523559,362.89,39,
523560,299.68,35,
523561,258.52,34,
523562,156.07,18,
523563,537.36,284,14894.0
523564,122.99000000000001,49,13610.0
523565,202.5,30,15061.0
523566,100.80000000000001,48,15061.0
523567,63.0,30,15061.0
523568,75.60000000000001,36,15061.0
523569,151.20000000000002,72,15061.0
523570,239.28,236,13857.0
523571,16.3,6,
523572,420.97,135,13576.0
523573,269.73,183,14372.0
523575,127.66,1,
523576,2803.2,256,13205.0
523577,75.0,60,13288.0
523579,472.82,288,13756.0
523580,1088.6399999999999,1512,17949.0
523581,1101.6,432,17949.0
523582,1576.8,144,17949.0
523583,594.6999999999999,342,12681.0
523585,308.7,52,15107.0
523586,339.48,244,14648.0
523587,263.79,171,16638.0
523588,373.62,230,14837.0
523589,143.05,31,15761.0
523590,208.37,101,17663.0
523591,1130.98,730,13635.0
523592,1027.04,604,14060.0
523593,15.299999999999999,6,14060.0
523594,10.0,1,12802.0
523595,304.64,164,15366.0
523611,133.08,108,17373.0
523612,1192.92,786,13001.0
523613,405.08000000000004,176,12727.0
523614,352.8,168,16857.0
523615,1182.8600000000001,835,13107.0
523623,320.7,166,13590.0
523624,146.68,64,17377.0
523626,916.84,631,17735.0
523633,272.65,108,14701.0
523634,220.46,110,13519.0
523635,53.6,12,14701.0
523636,492.25,153,12916.0
523637,167.84,107,14606.0
523638,658.61,273,13097.0
523639,107.10000000000001,18,13097.0
523640,181.03,109,16515.0
523641,348.56,262,18226.0
523644,254.95,133,17841.0
523645,341.24,230,12838.0
523646,164.49,77,16383.0
523647,476.51,417,14507.0
523648,401.20000000000005,166,16830.0
523649,722.5600000000001,375,13264.0
523650,165.88,65,18107.0
523651,163.2,192,14715.0
523652,889.44,438,15140.0
523653,183.78000000000003,70,16856.0
523654,408.36,292,16325.0
523655,2268.64,1034,17504.0
523656,684.15,666,18193.0
523658,704.17,303,15023.0
523659,443.71999999999997,462,18096.0
523660,837.43,549,15476.0
523661,876.01,563,14857.0
523662,113.47,70,16921.0
523663,15.9,2,14857.0
523664,232.35999999999999,124,15005.0
523684,183.71,185,16647.0
523688,100.2,32,16992.0
523690,250.8,120,17873.0
523695,30.0,24,12928.0
523696,1141.78,259,
523709,2095.5,1050,12731.0
523710,667.65,387,17696.0
523711,183.6,66,16298.0
523713,2344.7,2276,16546.0
523718,510.3,309,13985.0
523719,635.34,292,
523720,199.60999999999999,61,12844.0
523721,45.0,1,12748.0
523722,151.69,84,16261.0
523726,2.95,1,12748.0
523727,316.39,129,13705.0
523728,1071.66,698,14952.0
523729,690.0,360,14952.0
523730,619.0,450,13178.0
523731,308.84000000000003,272,17519.0
523732,324.9,174,15628.0
523733,108.15,17,16775.0
523734,0.0,200,
523735,0.0,100,
523736,0.0,96,
523738,0.0,100,
523739,0.0,150,
523740,0.0,50,
523741,0.0,50,
523742,0.0,200,
523743,0.0,200,
523744,210.5,145,14992.0
523745,123.3,61,13969.0
523746,1.25,1,
523747,3.75,1,
523748,632.31,477,14628.0
523749,212.1,46,17134.0
523750,306.08,204,16497.0
523751,238.0,98,16497.0
523752,26.0,12,17884.0
523753,197.74,93,17848.0
523754,5.9,2,17848.0
523755,164.32,112,13291.0
523756,180.36,44,15426.0
523757,10.2,2,15426.0
523758,168.15,57,17021.0
523759,115.19,127,
523760,209.9,66,13851.0
523761,405.04,252,17001.0
523762,156.8,78,13851.0
523763,389.81,523,16531.0
523764,505.0,200,15394.0
523766,1397.08,774,14875.0
523767,402.8,208,18172.0
523768,2573.64,1676,14134.0
523769,506.6,276,17567.0
523770,560.2,152,14967.0
523771,15.0,12,14967.0
523773,156.97,73,17811.0
523774,174.0,120,14967.0
523775,113.95000000000002,37,15945.0
523776,15.6,8,15898.0
523786,571.1999999999999,672,16692.0
523792,220.81,204,14994.0
523805,61.349999999999994,20,14527.0
523821,410.8,184,15658.0
523835,708.28,542,16140.0
523836,205.67,101,17372.0
523837,428.79,377,15601.0
523838,540.5,315,14934.0
523839,340.20000000000005,156,14001.0
523840,45.0,12,14001.0
523841,439.83,337,14934.0
523845,301.79999999999995,116,16675.0
523855,449.12,213,15551.0
523864,668.64,372,15034.0
523865,605.68,528,16186.0
523866,210.9,26,18008.0
523867,785.63,415,13174.0
523868,794.59,217,15044.0
523870,188.9,62,17757.0
523871,201.1,76,16168.0
523872,84.15,1,15044.0
523874,263.4,76,17396.0
523875,157.75,92,17682.0
523877,98.88,1,15044.0
523878,71.61,1,15044.0
523879,108.35,13,15311.0
523881,1343.44,1,
523882,159.54,1,
523884,6.8,2,
523886,359.71,1,
523887,1016.05,571,12429.0
523888,30.599999999999998,12,12429.0
523889,770.34,418,14226.0
523890,312.22,224,16354.0
523891,4.2,2,
523892,363.3,102,13317.0
523893,837.26,618,13381.0
523896,1.25,1,
523902,319.92,72,16699.0
523906,4.25,1,
523907,55.1,13,
523908,117.58,64,16952.0
523909,417.14,194,14092.0
523910,8.5,1,
523911,1375.47,367,
523912,28.709999999999997,21,
523921,14662.58,9962,14646.0
523922,972.11,604,13141.0
523923,319.85,127,13513.0
523924,1541.7,480,14031.0
523929,8880.42,4590,14646.0
523930,3.9,2,
523931,114.95,79,17243.0
523932,363.38,284,12871.0
523933,124.6,44,15805.0
523934,190.5,110,16168.0
523935,160.71,79,13089.0
523936,119.34,126,16168.0
523937,313.35,203,15201.0
523938,342.29999999999995,162,13089.0
523939,51.0,4,13089.0
523940,96.0,36,13089.0
523941,198.95,49,17377.0
523942,268.23,37,14532.0
523943,140.05,115,14161.0
523944,141.41,301,15581.0
523945,236.26,178,16401.0
523946,989.63,350,16833.0
523947,343.35,731,17596.0
523948,10.100000000000001,4,13784.0
523949,611.67,413,15805.0
523950,183.97,99,17062.0
523951,311.77,158,14094.0
523953,310.32,93,17769.0
523954,414.51,239,17123.0
523955,714.4000000000001,352,13767.0
523956,354.12,200,15738.0
523957,45.5,34,15738.0
523958,416.08,171,14626.0
523959,150.32,89,14606.0
523960,595.89,451,16340.0
523961,295.73,123,14269.0
523962,271.36,148,13980.0
523963,201.95,65,17858.0
523964,717.3,348,16709.0
523965,659.68,224,13777.0
523966,237.85000000000002,68,14911.0
523967,415.04,245,16008.0
523969,222.25,70,14454.0
523970,118.7,106,17299.0
523971,537.3,239,15967.0
523972,29.4,9,15967.0
523973,422.45,225,17063.0
523976,427.03999999999996,948,16422.0
523977,451.55,190,13993.0
523979,232.50000000000003,50,16422.0
523981,10.14,6,16422.0
523982,388.26,486,16422.0
523984,238.79999999999998,24,15093.0
523985,75.60000000000001,36,15093.0
523986,388.2,372,14195.0
523989,2154.15,1378,14105.0
523990,204.85000000000002,253,14688.0
523992,20.65,13,
523993,544.33,286,16161.0
523994,848.5,435,16549.0
523995,121.94999999999999,77,16593.0
523996,944.04,438,14292.0
523997,156.0,80,14292.0
523998,221.37,59,13118.0
523999,110.03999999999999,93,14806.0
524000,204.89,227,16794.0
524001,445.55,366,13269.0
524002,350.85,201,13281.0
524003,233.52,133,14649.0
524004,510.1,160,15532.0
524006,26.6,13,
524007,324.55,167,16167.0
524008,348.77000000000004,171,13267.0
524009,232.18,114,13267.0
524010,678.6,724,12449.0
524011,660.0,400,16182.0
524012,866.96,470,14295.0
524013,408.0,96,15291.0
524014,678.27,637,16592.0
524015,180.0,48,13881.0
524016,275.40000000000003,36,13881.0
524017,335.7,134,15469.0
524018,831.44,374,14911.0
524019,375.5,179,13662.0
524020,43.45,13,13662.0
524021,323.06,259,13015.0
524022,749.65,354,13015.0
524023,536.28,696,17919.0
524024,361.75,145,13729.0
524025,1179.6399999999999,516,13798.0
524026,487.0,400,13798.0
524027,282.24,672,17949.0
524028,340.15,122,16895.0
524038,757.3100000000001,464,13018.0
524063,208.63,1,
524077,607.19,421,16105.0
524079,668.3,137,15694.0
524087,1675.24,336,
524091,495.98,254,17672.0
524092,992.73,539,15502.0
524093,355.45,276,15312.0
524094,995.5,557,17677.0
524095,232.50000000000003,50,17677.0
524096,934.8,1176,13694.0
524097,868.5,270,13694.0
524098,2190.94,1270,17204.0
524099,1219.35,707,13448.0
524100,255.01999999999998,106,16330.0
524101,6.85,5,16330.0
524102,752.73,272,17315.0
524103,59.4,36,16668.0
524104,44.099999999999994,14,16668.0
524105,220.56,119,17081.0
524106,562.5,150,18194.0
524107,317.11,137,15616.0
524108,1295.25,629,16636.0
524109,758.9,224,12471.0
524110,131.4,102,12471.0
524111,532.48,380,12471.0
524112,1297.97,1148,15358.0
524113,366.89,182,13897.0
524115,692.7,306,16705.0
524116,100.05000000000001,43,18109.0
524117,316.62,294,17738.0
524118,1464.6,787,15123.0
524119,162.72,48,16827.0
524120,36.239999999999995,24,17850.0
524121,396.05,161,17552.0
524122,16.65,3,
524125,2245.93,1731,15382.0
524128,357.6,174,13013.0
524134,415.94,417,15197.0
524139,1687.17,677,14911.0
524140,222.16,373,12348.0
524141,266.05,182,16264.0
524142,307.9,162,16503.0
524143,292.15,176,16503.0
524144,380.4,104,17402.0
524145,329.6,80,14229.0
524146,243.57,125,16211.0
524147,3787.88,2020,14911.0
524148,84.72,46,14646.0
524149,15.0,1,14646.0
524150,515.6999999999999,78,13929.0
524152,360.45,249,15270.0
524153,1760.71,427,
524155,3787.88,2020,14911.0
524156,445.05,1,14328.0
524159,10468.8,1,14063.0
524160,185.18,89,17757.0
524162,2769.9,1,14063.0
524163,128.04,144,17524.0
524164,581.28,470,15051.0
524167,359.71,1,13448.0
524170,5.0,1,
524171,208.63,1,13290.0
524172,266.1,128,17524.0
524174,11880.84,87167,13687.0
524175,1343.44,1,14802.0
524176,159.54,1,14802.0
524179,429.75,159,17320.0
524180,118.85999999999999,74,17280.0
524181,33167.8,8820,17450.0
524182,6069.6,1440,17450.0
524183,99.5,10,17848.0
524184,602.84,231,14030.0
524185,3138.04,2189,13139.0
524186,360.45,249,15270.0
524187,344.7,186,14147.0
524188,105.0,60,14147.0
524189,12.7,2,13468.0
524190,212.17,127,16362.0
524191,302.88,227,13073.0
524192,294.87,49,
524193,203.76999999999998,23,
524194,248.96,38,
524195,235.06,20,
524196,328.65,33,
524197,331.23,45,
524198,365.18,40,
524199,349.26,75,
524200,8.42,2,
524201,422.76,390,17863.0
524202,322.01,85,14228.0
524203,881.1,362,14944.0
524204,34.0,4,14944.0
524205,900.08,480,14911.0
524206,190.05,95,13534.0
524207,482.15,189,12648.0
524208,210.9,102,13534.0
524210,352.2,276,14634.0
524211,406.61,203,14423.0
524212,1064.7,378,15614.0
524213,144.60000000000002,84,15614.0
524214,411.77,301,17348.0
524215,1051.11,641,13883.0
524218,602.38,493,12759.0
524224,194.5,54,14243.0
524258,406.8,192,14625.0
524262,15.9,2,14625.0
524263,360.45,249,15270.0
524264,366.16,241,
524266,159.0,20,13538.0
524267,805.68,590,17364.0
524268,311.43,75,17975.0
524269,342.36,278,13103.0
524270,717.57,579,16269.0
524271,280.6,136,14341.0
524272,65.85,23,14341.0
524273,288.55,109,13970.0
524274,7.6499999999999995,9,13317.0
524280,106.53,171,13963.0
524281,35.400000000000006,12,14688.0
524284,471.31,333,16779.0
524285,373.08000000000004,218,14480.0
524286,309.89,138,16919.0
524287,23.85,3,16919.0
524288,603.9799999999999,143,17450.0
524289,555.85,197,15347.0
524290,458.25,354,14461.0
524291,465.65,235,15311.0
524292,215.55,49,18231.0
524293,69.69999999999999,6,14461.0
524294,313.7,190,13386.0
524295,83.85000000000001,33,17572.0
524296,308.4,60,13397.0
524298,567.6,186,14897.0
524299,1532.1,678,14911.0
524300,547.06,304,16554.0
524301,100.5,102,14597.0
524302,620.8100000000001,342,14257.0
524303,232.85,53,17706.0
524304,101.25,39,17706.0
524305,380.62,205,14988.0
524306,230.17000000000002,120,17007.0
524307,1159.01,798,17092.0
524308,629.36,255,16198.0
524310,408.32,271,17624.0
524311,424.72,186,17841.0
524312,332.4,80,17416.0
524313,50.400000000000006,24,17416.0
524314,33.099999999999994,5,15871.0
524315,3.75,1,
524316,372.65,407,14298.0
524317,1085.72,892,14298.0
524318,328.44,132,14298.0
524319,358.02000000000004,146,14740.0
524320,238.57,255,18049.0
524321,50.4,120,17092.0
524322,142.76,100,16710.0
524323,707.63,279,12476.0
524324,394.29,164,17886.0
524326,326.75,121,16992.0
524327,1643.11,431,
524328,23.65,5,
524329,330.88,136,15636.0
524330,521.1,140,13110.0
524332,346.45,231,14489.0
524333,26.95,21,
524334,164.45000000000002,101,13754.0
524335,280.44,96,13870.0
524336,23.4,12,13870.0
524337,453.23,304,14410.0
524338,200.88,50,12975.0
524339,17.700000000000003,6,12975.0
524340,148.08,264,16650.0
524341,52.199999999999996,36,17085.0
524342,31.25,13,
524345,359.27,249,13927.0
524346,17.3,8,12782.0
524348,493.28000000000003,318,18215.0
524349,2.1,1,14825.0
524351,435.28000000000003,183,13554.0
524353,2.1,1,15694.0
524354,501.28000000000003,220,17048.0
524355,299.4,210,14909.0
524357,34.68,10,
524358,136.65,57,16237.0
524363,282.96,160,16875.0
524365,29.1,18,16875.0
524366,4.5,4,
524368,1846.54,379,
524369,336.2,72,13239.0
524370,269.75,139,13922.0
524375,68.0,8,13881.0
524377,12.600000000000001,6,14748.0
524379,319.75,135,17612.0
524380,132.24,56,12964.0
524384,6.72,16,16341.0
524387,673.51,359,12840.0
524388,955.51,484,15321.0
524389,305.81,203,16600.0
524402,178.60000000000002,80,17696.0
524405,426.59000000000003,233,17091.0
524406,377.0,118,18172.0
524407,374.40000000000003,192,14210.0
524408,115.60000000000001,37,12483.0
524409,633.3199999999999,539,12975.0
524411,512.02,234,15093.0
524412,362.9,163,14911.0
524413,312.93,197,13639.0
524415,250.95,101,16177.0
524416,310.3,178,16148.0
524417,19.799999999999997,12,16177.0
524418,324.45,149,12946.0
524419,711.18,622,14299.0
524420,665.33,247,16293.0
524421,542.73,311,13804.0
524422,193.85,73,16293.0
524423,512.58,212,13797.0
524424,76.95,19,
524437,5134.26,3492,17511.0
524438,147.75,61,18044.0
524441,368.56,180,14275.0
524446,1681.74,1147,14049.0
524482,613.2,91,15734.0
524483,398.96,168,17083.0
524484,1078.57,583,14422.0
524485,391.95,163,16783.0
524486,367.15,173,17029.0
524487,105.68,72,17068.0
524488,20.16,48,14513.0
524489,937.54,478,12540.0
524490,297.88,150,14451.0
524491,323.0,178,14327.0
524493,104.51,193,17227.0
524502,175.2,16,14156.0
524503,538.8,248,16029.0
524504,211.79999999999998,132,14843.0
524505,155.0,62,16654.0
524506,300.24,196,17470.0
524507,201.0,82,14891.0
524508,343.44,189,13770.0
524509,176.1,151,17257.0
524511,13.68,36,17257.0
524512,402.48,120,17382.0
524513,288.69,251,13246.0
524516,39.0,12,14049.0
524517,613.0500000000001,131,14543.0
524518,174.0,120,16218.0
524519,264.0,88,13319.0
524520,70.2,28,13319.0
524521,672.0600000000001,178,17739.0
524522,483.15,252,14911.0
524523,345.9,180,14829.0
524524,944.2,435,14514.0
524525,252.86,166,14449.0
524526,824.86,699,14667.0
524529,155.09,93,15912.0
524530,318.45,155,17096.0
524532,306.0,120,18087.0
524533,309.0,52,16210.0
524534,458.8,490,14510.0
524536,72.0,100,13105.0
524537,142.11,78,14606.0
524538,326.35,135,16369.0
524539,483.15,1,14911.0
524540,365.68,269,13048.0
524543,15.299999999999999,6,14510.0
524544,338.97,229,18075.0
524545,164.57,173,12841.0
524546,106.05,15,16928.0
524548,567.0,391,15298.0
524549,165.0,100,14477.0
524552,305.38,210,17442.0
524553,317.58,189,13050.0
524554,216.74999999999997,85,17281.0
524556,105.0,40,16658.0
524558,1488.75,302,
524559,111.1,42,17515.0
524561,17.700000000000003,6,15985.0
524562,122.7,48,13491.0
524563,398.6,234,15985.0
524564,262.4,192,15301.0
524565,149.75,33,13257.0
524566,243.68,248,15129.0
524567,110.65,19,16489.0
524568,286.87,299,16287.0
524569,251.7,106,18172.0
524571,80.4,24,15638.0
524572,0.0,372,
524573,328.4,78,15638.0
524574,111.9,34,16773.0
524577,406.69,232,16202.0
524578,0.0,30,
524579,0.0,67,
524580,0.0,13,
524581,0.0,5,
524582,0.0,3,
524583,0.0,48,
524584,0.0,2,
524585,0.0,2,
524586,0.0,3,
524587,0.0,5,
524588,0.0,2,
524589,0.0,2,
524590,0.0,1,
524591,0.0,1,
524592,0.0,1,
524594,237.85,1,14911.0
524595,205.41000000000003,113,16490.0
524596,469.05,293,15144.0
524599,268.49,149,
524600,125.6,82,17771.0
524601,162.0,216,12661.0
524602,1107.6,400,12857.0
524603,205.20000000000002,52,12971.0
524604,60.0,16,
524605,0.0,210,
524606,323.0,172,13591.0
524607,107.22,98,13556.0
524608,45.15,9,14230.0
524609,459.15000000000003,129,14230.0
524610,753.4399999999999,447,12472.0
524611,614.3000000000001,267,13078.0
524612,432.15,181,16843.0
524613,807.15,369,14004.0
524614,50.4,120,16843.0
524615,14.4,4,
524616,34.0,8,14004.0
524617,296.6,86,17146.0
524618,956.6,690,14911.0
524619,201.70999999999998,125,13102.0
524620,193.25,73,13962.0
524621,1916.8799999999999,820,14258.0
524622,5.1,2,13729.0
524624,1256.26,408,17340.0
524626,59.4,36,17382.0
524627,304.56,180,16522.0
524628,171.48,116,14796.0
524640,141.53,56,16368.0
524662,69.6,48,14707.0
524690,289.2,165,13602.0
524691,1233.44,654,18178.0
524692,362.39,223,17720.0
524693,37.5,30,16928.0
524694,549.38,397,15434.0
524696,90.72,27,
524697,154.89000000000001,14,
524698,509.21,84,
524700,269.63,179,14953.0
524701,302.90000000000003,193,17667.0
524702,381.6,48,17929.0
524703,199.0,20,17929.0
524704,11.9,2,17961.0
524706,6332.63,1384,
524708,315.42,252,13394.0
524710,432.0,480,16013.0
524711,2545.85,1,
524712,396.0,144,16013.0
524714,2545.85,1,
524715,384.26,760,13966.0
524716,426.0,214,12562.0
524717,391.2,80,13854.0
524718,358.35,223,15812.0
524719,15.0,1,12806.0
524720,684.82,378,13089.0
524721,256.5,110,15311.0
524722,391.37,210,12748.0
524723,975.5,888,16214.0
524724,579.85,374,14742.0
524725,3.75,1,
524726,1505.57,1103,15736.0
524727,261.55,105,15736.0
524728,912.9000000000001,450,12748.0
524729,1149.6,592,13694.0
524730,778.49,514,16958.0
524741,455.3,641,14800.0
524746,293.22999999999996,285,16859.0
524747,1194.66,852,14156.0
524748,40.0,14,
524749,0.0,50,
524750,427.88,208,12963.0
524751,175.93,153,14699.0
524761,406.7,165,16347.0
524765,1625.3999999999999,388,
524773,160.9,173,15960.0
524786,15.100000000000001,6,
524799,30.0,24,13804.0
524827,266.59000000000003,175,12523.0
524828,1099.5,604,12705.0
524829,398.4,447,13108.0
524830,354.03000000000003,185,14110.0
524832,919.7,645,14568.0
524833,1233.61,646,17581.0
524834,610.6,358,15243.0
524835,125.04,92,15287.0
524836,22.39,19,
524837,3196.48,2460,13763.0
524838,156.1,48,16907.0
524840,103.4,39,12808.0
524841,632.68,251,12457.0
524842,322.95,223,12951.0
524843,340.84000000000003,170,16044.0
524850,183.12,96,14739.0
524851,224.85,86,12500.0
524852,123.20000000000002,40,12971.0
524854,100.75,50,13969.0
524855,282.89,175,14702.0
524856,243.12,173,14713.0
524857,149.9,50,13230.0
524858,222.25,111,14657.0
524859,93.72,39,16441.0
524861,48.150000000000006,13,13784.0
524862,202.06,105,12417.0
524863,195.60000000000002,43,12817.0
524864,1616.44,856,14564.0
524865,34.8,24,17533.0
524866,300.7,96,15199.0
524868,492.45,225,16306.0
524869,141.3,32,15081.0
524870,468.58000000000004,200,18260.0
524871,285.8,226,12935.0
524872,151.2,28,18260.0
524873,239.1,90,14425.0
524874,5715.8,3804,12931.0
524875,162.6,100,14303.0
524876,409.82,266,14225.0
524877,525.78,1813,13069.0
524878,534.76,360,12696.0
524879,727.35,441,16101.0
524890,228.5,70,18236.0
524891,17.700000000000003,6,18236.0
524909,5326.68,1884,17389.0
524920,153.85000000000002,59,14344.0
524929,165.0,100,16705.0
524931,255.0,20,17389.0
524932,646.3199999999999,528,13203.0
524933,219.0,20,17389.0
524934,245.1,146,17521.0
524936,180.38,96,13002.0
524937,868.33,447,15261.0
524938,963.36,94,
524939,234.93,143,17360.0
524942,572.69,285,12639.0
524943,0.0,12,
524944,378.45,212,15276.0
524945,262.67,216,13566.0
524951,388.9,152,12609.0
524952,204.49,51,
524953,834.4399999999999,790,15190.0
524955,237.96,114,16606.0
524956,127.66,401,
524957,821.84,498,13198.0
524958,496.06,63,
524959,259.35,40,
524960,252.64,23,
524961,122.1,44,15451.0
524963,376.11,288,17706.0
524964,232.56,84,16472.0
524965,210.14,157,17555.0
524966,358.2,214,15764.0
524967,543.3,474,16570.0
524968,50.400000000000006,24,16570.0
524969,2971.06,3006,14646.0
524970,301.44,192,14646.0
524971,612.0,144,15299.0
524972,917.16,436,13849.0
524973,372.8,230,13320.0
524974,228.6,96,15142.0
524975,152.49,123,15142.0
524976,532.4300000000001,315,16108.0
524977,7.2,2,17961.0
524978,97.05000000000001,31,12652.0
524982,363.51,232,12926.0
524983,251.1,138,18266.0
524985,107.0,166,15420.0
524987,381.39,149,14709.0
524988,34.8,16,14709.0
524989,443.09,163,12921.0
524990,107.80000000000001,28,17858.0
524991,66.0,60,12921.0
524992,297.53,199,16864.0
524994,123.6,48,17380.0
524999,1800.16,467,
525000,523.3,134,15465.0
525001,62.4,48,13380.0
525002,189.0,72,17022.0
525003,484.59000000000003,220,14047.0
525004,240.68,102,13674.0
525006,161.4,108,18270.0
525007,164.0,64,15196.0
525008,2443.98,918,12557.0
525009,238.75,124,15164.0
525010,628.1,234,16923.0
525011,2736.16,1674,14156.0
525012,751.95,389,16848.0
525013,1280.16,920,14911.0
525014,515.0500000000001,271,14911.0
525015,74.36,27,16868.0
525016,176.94,64,15860.0
525017,1914.8,1074,13014.0
525018,482.21999999999997,430,15290.0
525019,601.03,263,14254.0
525020,1014.61,815,13590.0
525021,562.53,212,17618.0
525022,655.85,48,17412.0
525023,167.92,126,13873.0
525024,347.3,108,17150.0
525025,340.64,154,13838.0
525029,64.1,30,13838.0
525030,671.84,268,15351.0
525031,74.63,40,13838.0
525032,116.32,60,13642.0
525033,41.95,19,13642.0
525035,1.65,1,13642.0
525036,492.1,230,14310.0
525037,4623.34,2595,14911.0
525038,88.6,90,14342.0
525039,15.0,1,
525040,438.46,174,15859.0
525041,266.4,114,14392.0
525042,509.04,326,14008.0
525045,507.76,299,16823.0
525047,124.19,70,
525048,114.55000000000001,27,14135.0
525049,239.01000000000002,64,12600.0
525051,196.20000000000002,84,16331.0
525052,157.4,76,16331.0
525053,47.2,48,16331.0
525054,323.52,198,17126.0
525055,278.62,118,16407.0
525056,304.18,170,15143.0
525057,558.72,246,13245.0
525058,7.95,1,16407.0
525059,1581.52,1191,15978.0
525060,262.24,107,14462.0
525061,171.15,53,16312.0
525063,258.65,63,14209.0
525064,511.55,277,13032.0
525065,212.29,66,16799.0
525066,789.23,521,16584.0
525067,105.56,56,14579.0
525068,642.98,363,15579.0
525070,229.1,101,16549.0
525071,614.06,544,12583.0
525072,74.07000000000001,51,16549.0
525073,373.86,194,12490.0
525074,715.1,201,12747.0
525075,614.56,270,16782.0
525077,592.03,328,16485.0
525079,17.700000000000003,6,13590.0
525080,549.98,228,13213.0
525081,880.7,502,17069.0
525082,241.66,343,14455.0
525083,537.35,234,14415.0
525084,299.94,170,13883.0
525085,7.9,2,15884.0
525086,176.1,92,16809.0
525087,281.76,140,13326.0
525088,593.75,225,17366.0
525089,119.47,67,13561.0
525090,306.16,260,18276.0
525091,265.33,169,16817.0
525092,422.4,238,17047.0
525093,260.45,113,17375.0
525094,81.19999999999999,24,13305.0
525095,1408.52,669,15159.0
525097,1281.82,518,17621.0
525100,510.20000000000005,253,13367.0
525102,1285.58,490,16652.0
525103,79.9,22,12877.0
525104,350.35,187,16476.0
525105,424.26,316,13441.0
525106,308.16,936,16422.0
525107,1220.16,432,15903.0
525108,628.31,479,13803.0
525109,327.45,299,13004.0
525110,256.25,71,13005.0
525112,837.78,628,12474.0
525113,2366.12,1572,13329.0
525114,461.68,494,18284.0
525129,365.32,444,16400.0
525141,300.67,321,16145.0
525145,1146.24,288,16532.0
525147,8.5,2,
525158,310.87,331,14065.0
525164,536.36,368,16571.0
525165,211.4,124,16458.0
525167,1037.28,523,12486.0
525169,373.68,165,12471.0
525170,535.8,212,12471.0
525171,192.39000000000001,75,16414.0
525172,355.42,190,15596.0
525173,540.0,432,12989.0
525194,278.25,169,16496.0
525200,445.34000000000003,232,16444.0
525202,321.12,568,13920.0
525204,471.34,366,13360.0
525205,185.04,214,14353.0
525213,588.65,560,14849.0
525214,257.33,269,14849.0
525215,517.32,444,14849.0
525216,330.07,303,16205.0
525218,310.19,201,14321.0
525219,226.04000000000002,136,14905.0
525220,391.41,255,15392.0
525221,2293.45,567,
525222,25.3,10,
525223,155.83,67,14606.0
525224,451.4,77,14911.0
525225,445.09000000000003,472,17841.0
525226,158.42000000000002,114,16332.0
525227,304.87,391,17696.0
525228,432.77,322,16556.0
525230,166.1,210,16607.0
525231,550.67,354,12849.0
525232,579.75,232,17873.0
525233,24.4,8,13144.0
525234,288.2,195,15730.0
525235,315.48,47,
525236,352.91999999999996,49,
525237,555.1600000000001,336,14916.0
525239,540.76,474,13939.0
525248,304.27,533,15789.0
525249,557.46,558,12726.0
525251,478.33000000000004,159,17931.0
525252,419.61,159,14239.0
525253,539.8,100,14236.0
525254,307.95,101,15778.0
525255,165.0,100,18017.0
525256,262.48,82,15346.0
525257,571.13,390,15819.0
525258,466.02,304,18226.0
525259,89.65,19,16061.0
525260,448.1,194,13021.0
525261,442.32,282,13035.0
525262,214.72,132,13599.0
525263,309.82,148,15738.0
525264,40.8,48,13599.0
525265,412.2,124,16168.0
525267,0.0,1,
525268,0.0,1,
525269,4.95,1,
525271,7.75,5,
525276,1371.62,292,
525277,373.65,177,15652.0
525278,590.22,334,13798.0
525279,109.80000000000001,36,14314.0
525280,110.32000000000001,112,15661.0
525281,271.65000000000003,123,14302.0
525282,37.800000000000004,18,17740.0
525283,176.5,110,14282.0
525284,1553.4,612,15061.0
525285,254.39999999999998,188,15061.0
525286,4377.5199999999995,1792,15061.0
525287,176.4,312,15061.0
525288,435.9,114,14440.0
525289,145.2,38,14169.0
525290,215.75,59,18241.0
525291,445.46,602,15241.0
525294,211.18,63,14911.0
525295,273.96000000000004,328,14911.0
525296,301.24,346,15755.0
525297,523.24,270,13715.0
525298,253.55,86,12437.0
525299,942.0,561,18188.0
525300,647.1,565,12516.0
525301,314.4,277,17095.0
525302,447.91999999999996,282,13870.0
525303,635.75,241,15955.0
525304,440.76,460,13798.0
525305,119.85,17,16060.0
525306,531.6,64,12836.0
525307,910.98,611,13408.0
525308,572.45,339,12644.0
525309,467.37,271,18145.0
525310,229.75,89,13177.0
525311,308.45000000000005,66,17975.0
525312,294.65,93,15712.0
525314,287.97,115,17726.0
525315,268.1,98,16040.0
525316,265.84,188,18244.0
525317,1710.82,975,15311.0
525329,157.74,82,17019.0
525335,2816.48,3450,14298.0
525339,445.06,1,
525355,856.06,822,16062.0
525360,597.29,211,15039.0
525362,16.35,3,16062.0
525366,392.34,267,17019.0
525391,590.0500000000001,119,13668.0
525399,10468.8,1,
525401,790.79,584,14844.0
525402,14.98,2,14844.0
525403,2769.9,1,
525404,16.35,3,14844.0
525406,301.99,353,17172.0
525407,426.94,699,15358.0
525408,315.9,264,15240.0
525410,297.84999999999997,246,16393.0
525411,188.9,84,13238.0
525412,305.65,177,13964.0
525413,250.85,89,14470.0
525416,397.44,244,16525.0
525417,35.0,1,12471.0
525418,38.160000000000004,36,15311.0
525419,208.63,1,
525420,510.49,295,16422.0
525421,845.0,196,16019.0
525422,331.73,172,16065.0
525423,10.5,25,16065.0
525424,304.7,122,14322.0
525425,314.67,191,14991.0
525426,360.0,500,12931.0
525427,450.45,231,
525428,410.58000000000004,334,17160.0
525429,210.85,82,15490.0
525430,254.13,208,14663.0
525431,528.96,203,16300.0
525433,134.70000000000002,26,14180.0
525434,193.0,190,14064.0
525435,42.35,59,14064.0
525436,380.15,241,14492.0
525437,236.47,189,14663.0
525438,2486.34,1082,13777.0
525439,946.32,560,13253.0
525440,677.0,532,13777.0
525441,598.5,246,13767.0
525442,267.1,154,14825.0
525443,304.25,288,14085.0
525444,333.24,60,14978.0
525446,413.36,416,17307.0
525447,328.77,359,16348.0
525448,1132.72,715,16938.0
525449,188.94,123,17097.0
525451,359.71,1,
525452,465.6,352,15105.0
525453,358.8,504,14776.0
525455,642.54,318,13800.0
525456,593.52,552,17758.0
525457,20.0,1,18065.0
525458,1516.91,409,
525459,377.71,245,17091.0
525464,159.54,1,
525465,1343.44,1,
525466,126.0,60,17657.0
525467,122.59,107,18041.0
525468,53.65,74,13306.0
525469,99.5,10,17848.0
525472,500.40999999999997,595,16129.0
525473,7044.79,1,
525474,383.48,211,15795.0
525475,2285.31,1,
525476,284.88,151,
525477,334.7,196,15122.0
525478,0.0,122,
525479,315.84000000000003,168,17930.0
525480,0.0,95,
525481,12.850000000000001,3,
525482,1399.36,980,15782.0
525483,691.52,640,16722.0
525484,383.65,209,14350.0
525485,228.0,168,16760.0
525493,238.05,90,17576.0
525494,594.83,226,14540.0
525495,434.9,242,15249.0
525496,273.48,276,15857.0
525497,312.68,240,15128.0
525498,2545.85,1,14156.0
525500,179.95,87,17732.0
525503,2366.4,1,
525504,393.15,123,15808.0
525520,398.96,298,15805.0
525522,0.0,30,
525523,318.05,134,15073.0
525524,855.59,650,15750.0
525526,332.71,295,15194.0
525527,16.35,3,15194.0
525528,287.68,168,13446.0
525543,8.850000000000001,3,17732.0
525564,1106.7,927,13055.0
525565,188.09,123,13468.0
525566,30.0,15,13033.0
525568,208.2,38,14744.0
525569,543.91,249,13952.0
525570,132.44,124,17894.0
525571,1299.85,1007,13707.0
525572,539.1,534,13707.0
525573,373.8,148,16029.0
525575,294.79999999999995,97,14911.0
525576,523.48,260,13012.0
525577,1173.78,757,16253.0
525578,65.3,35,13022.0
525579,463.86,382,17421.0
525581,238.05,78,17243.0
525583,1035.1,317,13093.0
525584,165.60000000000002,40,12889.0
525585,1824.0,4560,13027.0
525596,377.4,200,17706.0
525618,121.69,20,14527.0
525639,1610.76,1492,15934.0
525644,255.20000000000002,96,16239.0
525676,134.3,98,12826.0
525694,529.0,522,17429.0
525696,117.35,79,16437.0
525697,61.28,60,13818.0
525698,1901.15,795,12668.0
525700,669.28,486,16746.0
525701,454.7,410,16384.0
525702,805.2,216,13225.0
525703,38.9,74,16948.0
525704,129.95,72,14810.0
525705,463.49,462,17642.0
525706,399.68,154,17075.0
525707,132.2,74,13571.0
525708,1627.2,480,16210.0
525709,300.13,107,13554.0
525710,375.88,148,16558.0
525711,545.62,656,14085.0
525712,21.7,2,
525713,144.82999999999998,101,13861.0
525714,1018.5,600,13629.0
525715,400.0,136,16307.0
525716,1121.28,646,14329.0
525717,467.33,301,13418.0
525718,429.08,357,
525719,559.2,16,12980.0
525720,360.64,151,17045.0
525721,15.0,1,15973.0
525723,616.5,498,14828.0
525724,5.0,1,
525725,15.8,4,14322.0
525726,81.36,24,17008.0
525727,379.72,302,14657.0
525728,1669.78,1124,16873.0
525729,489.59999999999997,128,13089.0
525730,457.79999999999995,244,15074.0
525731,141.70000000000002,290,16149.0
525732,708.11,376,14156.0
525733,147.65,43,17006.0
525736,93.6,36,13556.0
525737,1.65,1,
525738,210.19,110,16011.0
525739,515.15,247,15078.0
525740,357.8,88,15973.0
525741,107.46000000000001,38,16832.0
525742,310.75,288,14339.0
525743,217.03,141,13423.0
525744,432.3,198,17525.0
525745,210.7,42,13785.0
525746,19.799999999999997,12,13785.0
525747,508.94,330,13382.0
525748,336.37,209,12471.0
525749,335.39,59,18044.0
525750,856.64,602,14682.0
525751,354.3,90,17127.0
525752,21.9,12,
525753,2510.11,816,
525754,376.56000000000006,192,15030.0
525755,1471.08,342,
525756,23.700000000000003,6,17758.0
525757,190.29999999999998,150,12841.0
525760,2990.44,2354,13694.0
525761,929.4,1100,16325.0
525762,186.15,139,16156.0
525763,105.6,64,13694.0
525764,3084.02,1753,12511.0
525765,354.6,198,13013.0
525772,209.05,398,12748.0
525773,17.0,2,12748.0
525787,699.0,456,15638.0
525800,173.55,97,17068.0
525801,68.03,79,17249.0
525803,477.08,444,14490.0
525823,351.3,105,15044.0
525824,90.0,5,12476.0
525825,425.64,464,15858.0
525826,662.4,308,14961.0
525827,501.2,268,14961.0
525828,93.55,38,16928.0
525829,285.78000000000003,74,12986.0
525830,95.88000000000001,48,12986.0
525831,17.0,2,12986.0
525832,458.45,97,14118.0
525833,19.5,1,16928.0
525834,75.0,60,13514.0
525835,183.85000000000002,67,17726.0
525836,545.4000000000001,164,14051.0
525837,382.68,265,17841.0
525838,42.2,14,13552.0
525839,448.8,240,13552.0
525840,833.53,493,12903.0
525841,17.7,6,13324.0
525854,389.75,289,13567.0
525855,318.6,139,13871.0
525856,235.96,125,13569.0
525857,244.0,481,17860.0
525858,124.08,56,14177.0
525859,0.0,4,
525860,832.3000000000001,470,13089.0
525861,407.95,41,14961.0
525862,149.6,79,14606.0
525863,1256.1599999999999,1077,17354.0
525864,63.75,5,16298.0
525865,19.64,10,
525866,58.29,41,17354.0
525867,151.4,192,14963.0
525868,40.56,24,14266.0
525869,205.3,114,14963.0
525870,655.59,456,15641.0
525871,426.45,407,17354.0
525872,303.8,144,12393.0
525873,394.37,251,16980.0
525874,251.25,107,14692.0
525875,241.83,73,17908.0
525877,1070.0,600,15838.0
525878,2027.7,1414,16191.0
525879,1233.15,629,15228.0
525881,176.96,1,
525882,1725.11,459,
525883,773.01,531,13652.0
525884,180.02,154,15600.0
525885,70.29,48,12748.0
525886,166.23,161,12748.0
525887,1.95,1,12748.0
525888,507.96999999999997,211,16906.0
525889,114.5,62,17742.0
525890,369.0,274,16588.0
525891,394.20000000000005,120,14465.0
525892,339.67,201,16411.0
525895,301.03,129,13854.0
525897,311.99,1,
525898,154.59,86,16072.0
525899,210.64000000000001,64,17965.0
525900,472.67999999999995,425,15314.0
525902,195.99,85,16166.0
525903,344.1,226,16841.0
525905,311.99,1,13776.0
525906,1177.5,350,14031.0
525909,311.99,1,13776.0
525912,177.60000000000002,96,14031.0
525913,939.1800000000001,738,16455.0
525919,424.45,350,13280.0
525920,312.0,150,16350.0
525921,462.73,409,13280.0
525926,239.9,118,15931.0
525928,1694.64,691,16072.0
525931,15.9,2,14534.0
525934,173.95,83,13623.0
525935,267.05,1,
525941,249.45999999999998,222,14358.0
525942,276.5,114,15498.0
525943,1115.8700000000001,584,18223.0
525944,512.75,272,16059.0
525945,51.0,12,15955.0
525947,557.63,161,16133.0
525948,145.44,76,15847.0
525949,491.78,228,15498.0
525950,426.3,140,16539.0
525951,224.82,80,14998.0
525952,868.38,563,14525.0
525953,131.55,62,13291.0
525959,549.33,233,16111.0
525960,113.6,44,13230.0
525961,198.68,163,
525963,307.34,244,15598.0
525964,1367.1,590,13093.0
525965,311.78000000000003,191,16717.0
525966,992.67,555,16499.0
525967,498.05,221,14243.0
525968,6082.08,7872,15838.0
525969,271.87,40,
525970,4045.0,3430,13694.0
525971,345.38,33,
525972,288.44,46,
525973,447.09000000000003,53,
525974,592.04,536,14769.0
525975,268.47,149,17920.0
525976,303.48,156,17920.0
525977,1650.0,600,16013.0
525978,543.6,312,16568.0
525979,475.0,300,13798.0
525980,233.38,65,12835.0
525981,984.1500000000001,491,13001.0
525995,327.75,154,17196.0
526002,449.48,196,12458.0
526013,0.0,4,
526028,525.59,223,16549.0
526039,564.0,240,15144.0
526042,207.01,239,17864.0
526056,184.9,114,15080.0
526084,5245.18,6390,16754.0
526085,1012.15,455,12480.0
526086,591.6,464,14885.0
526087,503.65,307,17758.0
526089,3767.62,2758,15281.0
526090,154.03,45,15615.0
526091,759.34,508,13564.0
526092,126.75,29,18144.0
526093,282.95,98,12811.0
526094,777.96,332,14866.0
526096,488.1,218,13615.0
526097,479.4,236,16029.0
526107,463.19999999999993,240,16329.0
526108,367.0,318,14904.0
526109,5056.46,1141,
526112,62.4,32,16239.0
526113,300.16999999999996,53,13113.0
526114,513.66,310,14298.0
526115,44.400000000000006,24,14298.0
526118,113.63,54,12924.0
526120,1781.7,810,13093.0
526121,365.14,466,14186.0
526122,416.81,242,14662.0
526123,1213.6799999999998,824,14646.0
526124,180.0,10,14646.0
526125,489.69,287,16128.0
526127,150.0,10,14646.0
526128,205.14000000000001,138,16128.0
526130,2.9,2,
526132,5.7,4,
526134,307.76,104,15606.0
526138,313.9,190,15622.0
526139,319.1,162,15694.0
526140,634.35,301,14665.0
526141,428.76,196,13406.0
526142,15.0,1,14911.0
526145,597.4,176,12853.0
526149,21.53,12,
526150,295.68,228,18095.0
526151,1989.29,473,
526152,195.15,289,16872.0
526153,515.5,269,14911.0
526154,282.0,40,17351.0
526155,4486.11,4347,17404.0
526156,12.29,7,
526157,3.3,2,
526158,2.55,1,17961.0
526160,474.9,188,13541.0
526161,653.22,325,15856.0
526162,437.4,193,14846.0
526163,109.73,80,15579.0
526164,1.27,2,
526165,1.25,1,
526166,407.0,290,14754.0
526167,557.84,454,14334.0
526168,876.41,552,12656.0
526169,835.86,396,16131.0
526170,556.53,552,15179.0
526171,511.88,268,16444.0
526172,378.90000000000003,62,13542.0
526174,551.33,253,12359.0
526175,105.54,51,13838.0
526176,189.9,59,13838.0
526177,344.47,93,15708.0
526178,215.86,142,12839.0
526179,263.62,152,13736.0
526180,1067.12,344,16839.0
526181,493.89,251,12862.0
526182,7.2,2,
526183,483.12,214,14127.0
526184,284.61,101,17465.0
526185,295.05,119,16579.0
526186,357.19,87,15969.0
526187,151.9,66,17372.0
526188,231.04000000000002,74,14734.0
526189,204.34,148,17555.0
526190,394.56,192,15046.0
526191,327.0,60,17152.0
526192,175.87,113,17518.0
526193,302.0,133,13537.0
526194,948.93,485,15177.0
526195,425.46000000000004,134,15645.0
526196,49.88,46,14346.0
526197,121.07,90,17757.0
526199,5.8,4,17085.0
526200,247.86,82,15266.0
526201,252.9,168,14820.0
526202,532.91,359,16008.0
526204,872.64,343,14040.0
526205,183.5,86,17239.0
526206,142.0,20,14693.0
526207,516.97,367,15547.0
526208,242.93,158,15418.0
526209,91.67999999999999,120,13083.0
526210,161.49,97,16466.0
526211,227.98000000000002,102,16593.0
526212,81.22,34,15346.0
526213,230.0,160,12422.0
526214,1198.82,408,12749.0
526215,669.9300000000001,306,17085.0
526216,571.36,420,14346.0
526217,680.4300000000001,408,14390.0
526218,40.45,5,12748.0
526219,17.700000000000003,6,15038.0
526220,134.95,50,13137.0
526221,3.3,2,17085.0
526222,683.79,644,12676.0
526223,83.85,28,14606.0
526224,103.47,92,12748.0
526225,160.0,56,14571.0
526226,819.0,476,15785.0
526227,19.8,4,15785.0
526228,227.97,299,17111.0
526229,114.3,60,16122.0
526230,808.46,394,13362.0
526231,372.4,328,16843.0
526232,30.0,8,16843.0
526233,8.5,1,17085.0
526234,133.18,76,18078.0
526235,220.44,168,15277.0
526236,139.16,92,14723.0
526237,318.6,108,15971.0
526238,433.11,241,17714.0
526239,3648.6,2172,15769.0
526240,495.2,177,12682.0
526241,90.19999999999999,52,13747.0
526242,787.79,774,14911.0
526243,97.05,61,13873.0
526244,80.16,48,16325.0
526245,910.44,840,12356.0
526246,337.90999999999997,201,12909.0
526247,319.2,256,14389.0
526248,757.05,175,13090.0
526249,0.0,13,
526250,0.0,33,
526251,0.0,5,
526252,0.0,2,
526253,0.0,2,
526254,0.0,2,
526255,0.0,1,
526256,0.0,1,
526257,0.0,1,
526258,0.0,1,
526259,0.0,1,
526260,0.0,88,
526261,0.0,1,
526262,0.0,1,
526263,318.40999999999997,189,16086.0
526264,178.32,28,15562.0
526265,612.4300000000001,221,12782.0
526267,4215.74,3040,12678.0
526268,177.03,74,14651.0
526269,589.24,344,15441.0
526271,782.6,364,13758.0
526272,577.7,350,16303.0
526273,456.81,208,16520.0
526276,1385.7,794,14756.0
526286,146.82,70,14704.0
526288,358.6,164,13919.0
526298,261.06,97,14590.0
526317,83.4,12,14590.0
526322,433.6,279,17829.0
526335,340.55,121,14824.0
526349,553.85,285,15948.0
526355,451.58,254,17419.0
526375,206.72000000000003,156,18245.0
526382,253.20000000000002,184,17307.0
526383,656.16,642,14412.0
526384,125.27,58,18135.0
526385,810.0,648,12989.0
526387,388.69,254,16005.0
526388,268.28,217,17264.0
526389,298.05,97,12797.0
526390,0.0,60,
526391,342.38,105,16919.0
526392,689.46,294,17675.0
526393,544.8000000000001,268,17675.0
526394,1004.88,602,16527.0
526395,261.32,140,15311.0
526396,117.32,60,18109.0
526397,54.129999999999995,29,17812.0
526399,188.6,104,15439.0
526400,379.78,248,14113.0
526401,494.85,329,14319.0
526402,165.46,93,12573.0
526403,1651.86,390,
526404,988.36,648,13495.0
526405,1569.1399999999999,372,
526406,144.12,96,18172.0
526407,783.9,572,14466.0
526408,25.200000000000003,12,18172.0
526409,134.6,34,15920.0
526410,464.06,314,16735.0
526411,1136.7,650,15834.0
526412,290.8,225,13959.0
526413,390.0,600,13082.0
526414,45.0,12,13082.0
526415,114.97,73,
526416,141.2,92,17068.0
526417,588.08,185,15111.0
526418,303.37,302,15898.0
526419,570.0,148,14299.0
526420,325.56,248,14852.0
526421,42.3,34,14852.0
526422,60.17,35,16330.0
526423,219.75,5,16915.0
526424,451.02,333,16477.0
526425,279.83,63,13113.0
526426,949.24,308,16036.0
526427,332.65,163,12747.0
526428,99.81,84,
526429,193.05,47,17920.0
526430,413.5,266,17635.0
526432,294.36,284,14401.0
526455,569.63,257,17004.0
526458,141.12,133,17273.0
526459,300.9,194,17692.0
526460,19.8,4,17692.0
526462,745.0,437,15024.0
526465,312.64,182,16235.0
526468,17.5,1,
526471,17.55,3,15024.0
526472,203.64000000000001,228,13199.0
526473,177.3,96,16407.0
526479,12.48,7,
526480,192.41,81,13546.0
526483,267.99,168,16231.0
526484,293.5,158,17710.0
526485,393.59999999999997,573,12649.0
526486,583.65,179,14199.0
526487,817.3,310,14135.0
526488,124.95,29,13912.0
526489,386.53000000000003,260,13971.0
526490,580.44,244,16281.0
526491,261.35,80,12655.0
526492,259.43,177,16574.0
526493,47.4,36,13021.0
526494,424.63,313,17735.0
526495,194.5,48,13921.0
526496,495.0,300,15838.0
526497,1390.54,862,17677.0
526498,641.76,596,14739.0
526499,369.78000000000003,306,17457.0
526500,327.78,175,17700.0
526501,17.700000000000003,6,17700.0
526502,101.03999999999999,40,13710.0
526503,353.09000000000003,141,15696.0
526504,535.33,423,15062.0
526505,361.44,384,14708.0
526506,462.7,267,13368.0
526507,268.05,333,16134.0
526508,312.92,296,16039.0
526509,100.2,60,17094.0
526510,725.02,280,13299.0
526512,270.8,144,14981.0
526513,598.57,243,15039.0
526514,276.1,194,14746.0
526515,201.60000000000002,96,13223.0
526520,0.0,1,
526521,0.0,1,
526553,370.90000000000003,289,17388.0
526564,722.52,332,16161.0
526575,1282.75,527,16126.0
526585,5698.8,3800,12931.0
526599,302.13,67,16133.0
526606,70.80000000000001,24,18008.0
526607,306.55,167,17708.0
526608,8.95,1,
526610,100.4,40,15208.0
526611,30.599999999999998,12,14907.0
526612,201.86,200,14907.0
526613,474.03,149,17104.0
526614,137.19,157,13590.0
526615,6.25,3,12748.0
526621,1057.68,312,13777.0
526625,426.38,288,16401.0
526626,127.02000000000001,108,13296.0
526627,357.15,237,14240.0
526628,559.72,500,16553.0
526629,113.02,32,14527.0
526631,405.8,260,15738.0
526632,4.95,1,13440.0
526633,4.95,1,13440.0
526634,4.95,1,13440.0
526635,4.95,1,13440.0
526636,4.95,1,13440.0
526637,403.43,296,14688.0
526638,1868.11,359,
526639,1696.95,461,16772.0
526640,153.9,107,12599.0
526641,123.66,174,13968.0
526642,741.88,291,12647.0
526643,18.1,6,
526644,193.85999999999999,265,15381.0
526645,283.06,193,17841.0
526646,537.99,184,12553.0
526647,711.9399999999999,702,12748.0
526649,489.84,333,17685.0
526650,305.5,175,16814.0
526651,304.3,224,16775.0
526652,322.93,171,14263.0
526654,147.09,68,16932.0
526655,136.8,78,16607.0
526656,135.7,93,16774.0
526657,348.16,197,16263.0
526658,129.0,78,12971.0
526659,276.1,147,15570.0
526660,413.73,298,13013.0
526661,24.05,9,15570.0
526662,353.56,310,16551.0
526663,465.42,240,18260.0
526664,618.12,287,13078.0
526665,1530.6200000000001,1148,17428.0
526666,79.6,8,17428.0
526668,132.8,129,12467.0
526669,650.82,343,14838.0
526672,327.29999999999995,62,17526.0
526679,248.25,124,17003.0
526707,396.17,151,13485.0
526708,74.99,84,17944.0
526709,279.8,92,15129.0
526710,1116.26,646,15151.0
526712,1396.34,949,14154.0
526713,1160.0,800,12931.0
526715,704.36,349,12629.0
526716,146.76,50,17975.0
526717,501.92,405,12605.0
526718,284.32,976,17414.0
526719,1262.48,579,17686.0
526720,256.42,106,17576.0
526721,3.75,1,
526722,319.2,96,14853.0
526723,159.4,128,16266.0
526724,170.39,165,13909.0
526725,102.69999999999999,16,16298.0
526729,2.95,1,
526733,574.64,322,16975.0
526738,1465.12,460,
526741,420.84,532,16701.0
526745,1316.2,1144,13297.0
526746,539.65,267,13985.0
526747,397.2,192,16625.0
526748,167.45,75,15122.0
526749,435.6,284,16643.0
526750,58.85,13,
526751,142.8,24,17182.0
526752,150.65,49,18239.0
526753,354.15000000000003,133,13267.0
526754,202.84,90,17604.0
526755,128.1,38,13728.0
526756,1132.53,863,12424.0
526757,990.18,826,16843.0
526758,164.42,60,14534.0
526759,579.39,427,18075.0
526760,631.9300000000001,315,12582.0
526761,11184.3,12954,14646.0
526762,153.0,36,14646.0
526763,188.4,64,13792.0
526764,341.99,135,17179.0
526768,462.52,339,13266.0
526802,131.25,33,13491.0
526804,266.96000000000004,226,16660.0
526806,2485.48,1868,13881.0
526807,285.6,48,13881.0
526808,379.2,288,13881.0
526812,165.0,100,16990.0
526838,633.51,775,15984.0
526841,608.13,239,16190.0
526842,167.14,64,17377.0
526843,756.4,1,
526845,5557.78,3868,17511.0
526846,390.2,152,13319.0
526847,260.49,142,15984.0
526848,93.1,71,16418.0
526849,50.550000000000004,9,15596.0
526850,63.66,85,16238.0
526852,83.7,54,15134.0
526853,1340.42,835,12540.0
526854,311.54,187,14399.0
526856,1108.44,1,
526857,659.48,556,16279.0
526859,522.69,387,14021.0
526860,2667.88,1,
526861,120.34,47,14606.0
526862,462.95000000000005,96,14911.0
526863,290.93,283,15203.0
526864,340.5,129,12437.0
526865,198.26,84,15356.0
526866,246.5,169,18225.0
526867,163.11,73,14204.0
526868,174.52,62,15016.0
526869,484.1,238,13418.0
526870,520.89,302,14498.0
526871,800.62,986,17814.0
526872,114.76,64,15311.0
526873,395.62,322,12921.0
526874,91.2,72,12921.0
526887,104.8,24,16725.0
526888,157.41,70,17580.0
526889,331.0,240,14667.0
526890,1287.0,780,15032.0
526891,557.6899999999999,392,13832.0
526892,620.5699999999999,470,13665.0
526893,400.5,245,12379.0
526894,1057.8,200,12471.0
526897,913.5,330,13663.0
526899,340.9,80,14911.0
526900,1599.71,1252,16120.0
526901,104.15,59,17817.0
526902,177.60000000000002,96,13770.0
526903,113.54,116,17851.0
526904,274.23,139,16130.0
526905,340.33,139,12900.0
526906,58.66,31,16120.0
526907,571.02,672,17978.0
526908,302.04,196,15242.0
526909,446.07,270,16918.0
526910,407.78999999999996,195,15351.0
526911,690.78,386,12681.0
526913,849.9,466,17409.0
526914,639.89,346,17338.0
526915,280.11,104,15652.0
526916,1516.62,356,
526919,306.24,1104,14316.0
526924,107.99000000000001,94,17180.0
526926,0.0,2,
526927,238.98000000000002,234,14060.0
526928,816.8399999999999,364,14866.0
526930,1128.06,634,17409.0
526932,465.16,54,
526933,634.2,68,13696.0
526934,26007.08,5079,18102.0
526935,824.7,494,13089.0
526936,1024.32,368,13831.0
526937,401.85,429,17422.0
526938,1783.68,1008,17409.0
526940,135.6,85,18041.0
526941,657.75,217,12374.0
526942,305.7,116,14648.0
526943,102.0,8,15304.0
526944,372.98,210,14499.0
526945,2832.48,104,18102.0
526946,423.17,235,16558.0
526965,504.49,389,12589.0
526992,204.42,62,17720.0
527017,394.33,237,14696.0
527018,202.48,99,13617.0
527021,1115.33,759,14680.0
527022,412.08,300,13194.0
527023,555.49,389,12589.0
527026,369.76,166,15252.0
527027,216.70000000000002,88,12838.0
527028,3.9,2,
527030,320.05,157,16518.0
527040,612.8100000000001,351,14929.0
527041,1533.8899999999999,3199,12798.0
527042,1334.48,580,14911.0
527043,321.9,307,18090.0
527044,421.61,227,13756.0
527045,654.8,409,15339.0
527046,19.3,4,18037.0
527047,128.6,124,15827.0
527048,77.05000000000001,17,15827.0
527049,235.5,192,13857.0
527050,376.92,344,17717.0
527051,512.88,996,13395.0
527052,634.22,360,17311.0
527053,217.43,131,14343.0
527054,264.01,158,16935.0
527055,364.24,191,16416.0
527057,300.0,240,16211.0
527058,200.0,5,12374.0
527059,29.75,5,17675.0
527060,339.95,157,17629.0
527061,141.29,56,17796.0
527062,327.68,206,15735.0
527063,164.4,95,14584.0
527064,912.1,348,16176.0
527065,157.85999999999999,147,17751.0
527067,45.0,36,15339.0
527068,1041.21,793,16991.0
527069,634.24,280,14866.0
527070,192.45,127,14975.0
527071,330.3,90,16912.0
527072,288.15,194,14296.0
527073,1062.41,689,15050.0
527074,5.9,2,17961.0
527075,0.0,1,
527076,307.75,113,15677.0
527077,907.1999999999999,394,13093.0
527078,101.31,55,15160.0
527079,0.0,43,
527080,0.0,22,
527081,0.0,1,
527084,169.20000000000002,114,14646.0
527085,465.35,317,17611.0
527086,262.05,149,17965.0
527087,316.61,331,14291.0
527088,17.700000000000003,6,14291.0
527089,19.799999999999997,12,14291.0
527091,146.75,65,15271.0
527092,479.32,216,17101.0
527093,307.7,150,17823.0
527094,167.04,66,17913.0
527095,141.55,102,17823.0
527096,791.22,374,13225.0
527097,317.1,126,17716.0
527098,19.799999999999997,12,17716.0
527099,535.6,200,15123.0
527101,1325.0,2500,14956.0
527102,416.68,240,15114.0
527103,158.75,93,15549.0
527104,1476.85,858,14911.0
527105,126.35,42,17935.0
527107,391.72,372,15626.0
527110,622.25,332,14817.0
527111,60.900000000000006,14,17935.0
527113,4733.52,2232,12454.0
527114,662.91,326,13577.0
527115,816.97,293,14911.0
527116,543.0,94,16523.0
527117,16.5,10,16523.0
527118,151.8,60,15717.0
527119,102.0,12,13829.0
527120,75.0,60,13199.0
527121,256.21,89,13468.0
527122,3.75,1,
527123,973.68,846,12694.0
527124,12695.14,2496,14088.0
527125,117.0,60,14549.0
527126,603.6,88,16652.0
527127,98.4,54,13539.0
527128,289.6,155,16465.0
527129,727.83,465,16153.0
527130,636.36,346,15296.0
527131,105.6,64,14646.0
527132,530.5,212,15296.0
527133,920.76,272,12709.0
527134,13.2,8,
527135,0.0,1,
527136,0.0,5,
527137,0.0,13,
527138,223.45,147,14560.0
527139,806.46,334,13136.0
527140,337.7,138,13722.0
527141,73.65,29,13136.0
527142,140.60000000000002,52,13722.0
527143,206.07999999999998,208,17510.0
527144,478.1,162,14001.0
527145,5231.0599999999995,3082,12409.0
527146,103.62,90,17388.0
527147,67.5,50,14168.0
527148,141.3,120,18018.0
527149,601.29,377,15817.0
527151,287.51,46,
527152,274.40000000000003,28,
527153,162.9,12,
527154,240.64,30,
527155,1673.03,444,
527156,160.65,55,17202.0
527157,226.96,25,
527164,149.3,49,17390.0
527174,3950.97,976,
527192,539.71,310,16746.0
527194,493.5,364,15095.0
527196,23.25,5,15095.0
527197,348.0,96,15181.0
527201,280.71,369,13233.0
527204,1311.6,698,13802.0
527234,134.6,51,12691.0
527236,105.0,50,15400.0
527243,253.55,177,17536.0
527244,229.05,102,15957.0
527245,200.52,66,17090.0
527246,452.75,158,15967.0
527247,263.31,140,15957.0
527248,220.32,312,14776.0
527249,319.78,154,15571.0
527250,301.58000000000004,144,12445.0
527251,432.68,210,17687.0
527252,255.52,172,15207.0
527254,562.8,124,16336.0
527255,447.06,259,12437.0
527256,653.25,435,14913.0
527257,1108.44,1,15202.0
527258,2667.88,1,15202.0
527261,1351.8000000000002,580,13767.0
527262,281.13,319,15574.0
527264,345.01,1,
527265,281.92,424,16422.0
527266,265.3,140,15005.0
527267,140.88,35,14527.0
527268,153.2,145,13059.0
527271,2225.17,1,15202.0
527273,2225.71,1,
527274,379.8,444,16656.0
527275,57.599999999999994,80,16656.0
527276,8.8,4,
527277,805.38,549,16779.0
527278,1125.08,799,13692.0
527279,819.55,345,17822.0
527280,313.47,183,16576.0
527281,310.0,210,13999.0
527282,129.97,111,17822.0
527283,321.5,186,15651.0
527284,43.35,7,12748.0
527285,138.49,51,17822.0
527286,292.83,143,12987.0
527287,90.0,72,15686.0
527288,340.0,83,12417.0
527290,306.0,72,13145.0
527291,269.8,40,
527292,339.28,44,
527293,674.9,54,
527294,59.5,10,17675.0
527295,54.75,13,
527296,427.45,132,12712.0
527297,1004.82,556,15615.0
527298,83.4,12,15615.0
527299,303.85,131,16103.0
527300,334.44,108,15380.0
527301,144.29,53,17938.0
527302,143.8,68,13538.0
527303,44.550000000000004,9,17888.0
527304,124.45,44,17316.0
527306,677.05,351,13052.0
527309,35.9,16,13052.0
527316,480.48,244,13655.0
527318,135.32,130,16253.0
527320,520.0,443,14868.0
527321,125.96,1,
527323,86.25,47,14868.0
527328,315.82,263,12748.0
527330,158.65,1,
527331,380.15,253,13140.0
527333,530.31,1,
527334,2.55,3,
527335,217.43,135,16650.0
527336,156.1,134,18151.0
527337,0.0,3,
527338,532.5,258,16810.0
527340,830.12,1,
527341,0.0,74,
527343,0.0,83,
527344,305.11,289,13069.0
527345,23.75,11,13666.0
527347,19.8,4,14341.0
527348,329.12,188,14341.0
527349,734.8199999999999,506,16232.0
527350,250.98,229,12415.0
527351,2.54,4,
527352,15.45,3,
527354,1356.0,200,18102.0
527355,567.67,357,17597.0
527356,257.0,115,16104.0
527358,369.85,153,16782.0
527359,239.36,158,14451.0
527360,749.66,972,16767.0
527361,660.4,363,15034.0
527362,364.02,150,14907.0
527363,138.75,75,14810.0
527364,312.88,84,13089.0
527365,123.95,76,16928.0
527366,389.19,256,15571.0
527367,199.75,171,14850.0
527369,317.85,245,16054.0
527370,453.33,257,14479.0
527371,532.5,245,17769.0
527372,190.57,95,15688.0
527373,116.75,44,12841.0
527374,134.6,126,16221.0
527375,679.54,536,14850.0
527376,151.53,226,14953.0
527377,248.55,109,15898.0
527378,206.7,90,15953.0
527379,523.5500000000001,239,13527.0
527380,264.49,385,14953.0
527381,591.85,191,16124.0
527382,362.4,132,15774.0
527383,306.2,437,14839.0
527384,584.58,267,14044.0
527385,204.35,66,16381.0
527386,417.38,122,16676.0
527387,219.15,71,14877.0
527388,193.13,126,17211.0
527390,268.67,156,18112.0
527391,275.34000000000003,138,13663.0
527392,630.59,910,14044.0
527393,1917.0,636,
527394,280.88,110,15772.0
527395,45.0,36,14850.0
527396,223.8,132,17373.0
527397,203.9,113,17757.0
527398,266.23,155,13820.0
527399,634.2,386,15590.0
527400,1561.26,488,14175.0
527401,422.82,158,14507.0
527402,189.95,57,17372.0
527403,537.1999999999999,386,15799.0
527404,691.78,674,14800.0
527406,12.5,10,14800.0
527407,209.59,144,17141.0
527408,411.0,96,14712.0
527409,117.4,78,17141.0
527411,142.95,37,16691.0
527412,590.4,334,15367.0
527413,846.89,328,13131.0
527414,466.3,408,15506.0
527415,111.27,41,16421.0
527416,2392.46,1696,13798.0
527417,403.85,310,16045.0
527418,2518.0,1202,16684.0
527419,31.39,6,12748.0
527420,956.72,474,16549.0
527421,133.08,88,17460.0
527423,965.85,415,14755.0
527424,286.67,263,15068.0
527426,296.1,307,17703.0
527427,254.69,256,15555.0
527428,1310.28,800,16283.0
527429,8.850000000000001,3,15555.0
527431,27.0,4,15551.0
527433,23.8,4,15551.0
527434,196.6,52,16191.0
527435,367.32,252,13941.0
527436,1795.91,1015,15786.0
527437,302.6,50,16191.0
527438,128.4,24,15694.0
527439,432.55,203,12376.0
527440,295.85,129,13516.0
527441,58.5,30,12990.0
527442,407.2,223,13748.0
527443,587.66,284,13464.0
527444,1270.87,283,
527445,312.75,165,14741.0
527446,283.45,105,18065.0
527447,224.85,106,18065.0
527448,239.35999999999999,64,14644.0
527449,400.2,68,14644.0
527450,141.67000000000002,157,13214.0
527451,199.35,73,13957.0
527452,276.59000000000003,249,15180.0
527453,579.9,674,15934.0
527454,1689.12,480,12939.0
527455,240.0,64,17396.0
527456,308.65,75,17663.0
527457,131.1,40,15958.0
527458,226.89999999999998,164,14217.0
527459,457.7,138,16069.0
527461,892.5200000000001,296,13340.0
527462,234.85000000000002,41,15261.0
527463,349.48,279,14940.0
527466,0.0,8,
527467,180.51999999999998,43,15921.0
527468,164.42000000000002,92,17377.0
527470,5.95,1,12748.0
527471,276.16,160,14395.0
527472,283.20000000000005,96,15971.0
527473,281.07,243,15900.0
527474,409.55,181,17220.0
527475,382.4,58,17621.0
527478,570.4,100,14952.0
527479,81.8,53,12665.0
527483,266.79,443,13700.0
527486,309.05,171,17167.0
527488,444.24,207,16347.0
527490,139.31,89,16856.0
527491,100.79,75,15856.0
527492,282.35,190,16395.0
527493,255.0,184,15173.0
527494,992.4499999999999,491,14156.0
527495,299.1,217,14796.0
527496,638.11,373,12699.0
527497,1.25,1,
527498,301.45,198,15719.0
527499,399.55,68,14911.0
527502,1735.92,1524,17381.0
527503,495.74,266,16133.0
527504,400.70000000000005,242,16996.0
527505,636.44,256,17841.0
527507,310.89,132,17085.0
527508,319.05,135,15674.0
527509,110.77,19,18109.0
527510,432.15999999999997,72,13854.0
527511,389.71999999999997,102,17646.0
527512,703.85,538,14130.0
527513,318.47,155,16441.0
527514,406.35,174,16017.0
527515,0.0,2,
527520,2290.46,581,
527536,441.4,264,14667.0
527548,306.0,36,13763.0
527561,194.84,104,14606.0
527568,545.22,242,17672.0
527571,110.1,14,17672.0
527595,390.85,107,16163.0
527602,316.79999999999995,192,13881.0
527614,264.8,120,13152.0
527626,1.95,1,
527654,305.45,153,13643.0
527655,186.94,123,13387.0
527656,302.68,276,16202.0
527657,335.54,172,16141.0
527658,199.08,96,13079.0
527662,0.0,1,
527664,310.3,138,15281.0
527675,158.4,88,16099.0
527678,0.0,31,
527679,0.0,13,
527684,0.0,4,
527687,0.0,1,
527688,1320.0,800,14566.0
527690,0.0,24,
527691,162.60000000000002,247,12504.0
527696,206.5,27,13554.0
527699,48.0,32,13554.0
527712,21.0,10,17026.0
527713,681.5,134,14735.0
527717,105.0,60,15459.0
527718,125.7,30,14735.0
527719,238.16,89,17143.0
527721,236.11,76,13088.0
527724,195.62,96,17023.0
527727,15.9,2,
527728,1239.23,341,
527732,441.25,135,15777.0
527740,205.25,87,14157.0
527746,47.6,8,14850.0
527747,0.0,280,
527749,118.15,27,16854.0
527751,130.89000000000001,98,17848.0
527752,12.48,7,
527753,566.29,200,14572.0
527754,898.87,641,15710.0
527759,1169.8,739,14572.0
527760,220.0,1,12454.0
527763,523.89,449,16950.0
527764,404.7,324,16859.0
527765,124.65,35,14915.0
527766,96.45,39,14915.0
527767,362.15,195,12623.0
527768,205.20000000000002,112,13929.0
527769,216.64000000000001,80,16558.0
527770,313.64,148,17655.0
527772,167.8,48,14312.0
527773,721.5600000000001,280,16045.0
527774,410.15999999999997,214,12982.0
527775,89.03999999999999,120,13199.0
527776,1269.74,807,12476.0
527777,175.5,10,12476.0
527783,198.0,11,12476.0
527789,1695.75,464,
527796,4098.96,2232,12454.0
527802,0.0,1,
527819,370.33,218,16515.0
527827,226.83,133,17676.0
527841,144.9,99,17219.0
527853,160.25,37,15885.0
527870,14583.78,8042,16684.0
527879,130.64,63,14524.0
527880,517.3,214,15039.0
527881,133.88,160,13480.0
527882,149.5,80,15886.0
527883,220.91,173,17760.0
527884,427.90999999999997,303,15886.0
527885,223.0,189,15011.0
527886,429.32000000000005,100,18277.0
527887,427.7,269,14388.0
527888,351.35,201,14891.0
527889,780.25,323,14911.0
527890,1273.21,1326,17365.0
527891,593.44,293,14524.0
527892,221.65,129,14585.0
527894,112.80000000000001,32,13002.0
527895,6.6,4,14524.0
527896,16.9,2,15581.0
527908,878.6800000000001,549,13975.0
527910,924.8000000000001,308,14156.0
527911,317.25,105,16710.0
527912,271.84000000000003,103,16919.0
527913,561.5,204,14332.0
527917,15.299999999999999,6,14648.0
527918,145.38,49,17975.0
527921,208.16,200,16119.0
527922,578.05,263,13615.0
527924,111.14999999999999,38,17967.0
527925,516.87,441,17397.0
527926,273.85,45,13134.0
527928,983.8,576,13488.0
527929,20.4,24,15207.0
527933,651.4,358,13840.0
527935,196.55,104,16719.0
527936,11.2,8,
527937,679.1500000000001,248,12594.0
527938,294.15,184,13659.0
527939,423.42,334,14301.0
527940,425.7,230,13931.0
527941,221.65,115,13931.0
527942,683.08,412,14469.0
527943,191.48,104,17137.0
527944,528.5600000000001,403,13510.0
527945,380.88,94,16096.0
527946,98.25,41,14541.0
527948,111.60000000000001,24,17396.0
527949,176.85999999999999,66,16387.0
527950,1039.71,640,16795.0
527951,1681.17,437,
527952,0.0,12,
527953,7.5,4,
527954,460.13,349,14030.0
527955,46.83,1,
527956,340.32,776,17205.0
527957,2269.86,1068,13081.0
527958,268.35,105,17576.0
527959,256.83,203,14618.0
527960,192.15,67,14618.0
527961,313.92,269,13426.0
527962,8.48,8,13426.0
527963,97.24,38,17894.0
527964,497.10999999999996,601,14790.0
527965,1405.06,656,17865.0
527966,11.9,2,17865.0
527968,306.74,182,16133.0
527969,462.9,234,13985.0
527970,331.14,234,13981.0
527971,2120.09,958,13373.0
527972,692.3,548,15608.0
527973,5.95,1,
527974,180.6,84,13502.0
527975,518.1,360,15617.0
527976,121.20000000000002,48,12971.0
527977,81.47000000000001,29,14617.0
527978,202.57999999999998,88,12523.0
527979,323.70000000000005,252,14631.0
527992,165.72,60,15081.0
528037,153.85,72,16098.0
528040,367.0,217,13557.0
528051,295.0,1,15874.0
528052,304.3,82,15377.0
528053,751.3,313,18066.0
528054,96.44,45,12748.0
528055,815.88,292,13777.0
528056,117.19999999999999,92,14692.0
528057,231.85,103,18241.0
528058,248.65,135,16201.0
528060,220.97,181,16776.0
528061,468.58000000000004,140,17732.0
528069,570.3,174,17706.0
528070,1543.2,440,14543.0
528071,159.12,264,14460.0
528072,369.4,40,14543.0
528073,539.59,169,14700.0
528074,241.78,138,16817.0
528076,380.68,76,16523.0
528077,481.83,349,13995.0
528078,64.2,36,14746.0
528079,233.85,157,15501.0
528080,79.19999999999999,48,14746.0
528081,209.04000000000002,66,12872.0
528082,549.16,565,16521.0
528083,117.59,56,16916.0
528084,191.54,117,16898.0
528085,1058.16,184,12980.0
528086,518.9200000000001,276,15602.0
528087,495.83,353,16521.0
528088,326.06,118,13703.0
528089,295.2,177,14449.0
528090,71.22,78,13292.0
528091,365.04,236,16748.0
528092,56.28,32,14449.0
528094,230.49,197,13506.0
528095,183.18,61,14656.0
528097,214.54,116,17322.0
528098,315.29,225,13740.0
528101,146.5,190,14344.0
528102,605.1800000000001,451,15572.0
528104,549.6,188,13842.0
528105,680.8100000000001,235,15291.0
528106,127.83,63,15311.0
528108,6.95,1,15311.0
528109,72.6,22,13557.0
528110,370.91,233,13001.0
528111,315.90999999999997,172,16702.0
528112,310.79999999999995,144,17457.0
528113,389.12,296,16642.0
528114,267.32,129,14911.0
528115,2.95,1,13723.0
528116,520.8,67,
528117,213.76,139,12421.0
528118,2180.0,400,18008.0
528119,1128.0,600,15061.0
528120,361.5,125,15061.0
528121,285.24,834,15061.0
528122,409.18,604,15061.0
528123,332.4,216,13104.0
528124,225.8,76,13065.0
528125,431.56,355,16903.0
528126,331.68,141,16797.0
528127,0.19,1,
528128,2.95,1,
528129,612.99,398,14062.0
528130,407.88,265,13723.0
528131,235.32,71,14878.0
528133,12.6,60,14878.0
528134,169.0,124,15647.0
528135,445.43,252,12530.0
528136,100.56,96,14624.0
528137,1291.68,936,17044.0
528138,360.0,500,12931.0
528139,331.53000000000003,166,16372.0
528140,178.3,112,16011.0
528141,1639.55,383,16019.0
528142,917.75,1119,15523.0
528145,1722.67,446,
528146,877.7,134,14612.0
528147,630.77,507,17038.0
528150,374.7,130,13824.0
528151,45.400000000000006,20,14062.0
528152,143.94,134,12387.0
528153,319.5,110,17396.0
528154,639.3,410,12643.0
528156,168.17000000000002,78,17817.0
528157,231.50000000000003,162,15189.0
528158,1736.13,735,14031.0
528159,2255.96,1865,13081.0
528160,358.95,189,16043.0
528161,350.01,245,16825.0
528162,482.58000000000004,34,14180.0
528164,35.400000000000006,12,13368.0
528165,118.45,23,13468.0
528166,627.0500000000001,253,12586.0
528167,399.7,146,18247.0
528168,10.0,1,12415.0
528169,278.76,164,13117.0
528170,123.2,36,13374.0
528172,33.9,2,14644.0
528175,278.0,143,12820.0
528176,610.01,272,12725.0
528177,278.57,247,17017.0
528178,323.7,54,17017.0
528179,421.87,215,14227.0
528180,575.9,239,16316.0
528181,181.12,114,15271.0
528184,297.62,184,15358.0
528235,306.75,125,17096.0
528239,423.40999999999997,275,16954.0
528255,114.48,81,17068.0
528257,118.35,245,14688.0
528263,178.49,84,16412.0
528271,1129.1100000000001,579,
528276,1509.8,386,16992.0
528304,913.11,754,16550.0
528305,276.99,301,17834.0
528306,316.75,173,16590.0
528307,1089.34,570,
528308,106.18,20,14527.0
528310,1155.6,132,14156.0
528311,295.20000000000005,48,17924.0
528313,609.0,246,13047.0
528314,23.25,5,13047.0
528315,21.3,6,
528316,20.85,3,14911.0
528318,356.19,111,16933.0
528319,177.69,74,17483.0
528320,521.76,324,13386.0
528321,153.98,74,14606.0
528322,351.6,216,14113.0
528323,120.0,96,15953.0
528324,130.45,21,13092.0
528325,683.16,312,15680.0
528326,136.73,70,13195.0
528327,178.5,74,16065.0
528328,489.59999999999997,192,14045.0
528329,361.56,249,13891.0
528330,320.87,173,13836.0
528331,2013.74,966,
528333,257.25,121,13534.0
528334,27.0,4,13534.0
528335,205.25,91,12400.0
528336,694.54,352,15995.0
528337,522.47,261,15255.0
528338,368.75,25,15257.0
528340,410.91,260,17673.0
528341,40.68,12,17389.0
528342,309.09000000000003,207,14148.0
528349,408.18,241,13936.0
528350,17.4,12,16422.0
528351,458.73,306,13166.0
528352,515.78,221,18243.0
528353,940.04,432,15251.0
528354,269.7,173,16310.0
528355,190.02,122,
528356,256.6,224,12877.0
528357,310.74,118,14216.0
528359,152.73,169,16167.0
528361,35.6,6,16167.0
528362,222.66000000000003,290,14000.0
528363,1379.25,241,14442.0
528364,25.5,2,14442.0
528366,300.2,103,14911.0
528367,119.81,71,13077.0
528368,162.53,89,13581.0
528369,282.6,54,15159.0
528370,31.19,8,
528372,112.76,105,17290.0
528374,205.75,105,16540.0
528375,1377.0,228,13093.0
528376,214.8,24,13093.0
528377,636.06,512,15998.0
528382,1681.58,323,
528383,321.79,144,14686.0
528384,123.42,64,14686.0
528385,104.4,39,14686.0
528386,488.6,209,14911.0
528387,17.700000000000003,6,15645.0
528388,1377.0,228,13093.0
528390,436.4,40,13093.0
528391,12.600000000000001,6,13093.0
528394,163.2,64,13291.0
528395,171.28,70,14702.0
528396,110.44999999999999,59,15637.0
528397,142.16000000000003,102,12972.0
528399,430.72,105,14156.0
528400,60.3,58,14156.0
528403,27.19,13,
528405,809.7900000000001,291,16777.0
528407,386.7,311,17863.0
528408,409.5,142,14440.0
528411,0.0,3,
528412,0.0,1,
528414,176.2,151,12960.0
528417,740.05,199,14156.0
528419,914.7,505,12615.0
528420,780.25,1,14911.0
528422,167.60999999999999,151,12615.0
528423,765.0,450,13629.0
528424,366.4,108,12899.0
528429,60.0,48,14460.0
528431,385.55,31,12973.0
528432,14.850000000000001,3,18075.0
528434,272.05,136,16161.0
528435,473.31,332,12418.0
528436,234.0,60,13107.0
528438,322.91,208,12419.0
528440,132.0,97,15900.0
528443,456.8,124,16497.0
528444,31.85,5,16497.0
528445,190.03,165,12748.0
528447,57.2,28,15805.0
528448,303.24,155,15805.0
528450,328.85,261,16226.0
528452,179.4,156,14945.0
528459,0.0,6,
528460,0.0,45,
528470,346.52,272,16392.0
528471,174.1,52,16053.0
528472,493.20000000000005,199,16053.0
528473,262.4,76,16709.0
528474,1033.6,384,14866.0
528475,176.69,83,13746.0
528477,302.75,304,18022.0
528478,816.8,264,14290.0
528493,45.0,36,13266.0
528494,19.799999999999997,12,15314.0
528504,220.48,230,16428.0
528505,751.5400000000001,234,17428.0
528507,235.25,104,17841.0
528511,199.85,35,18223.0
528521,0.0,164,
528532,3.5999999999999996,30,17841.0
528534,210.40000000000003,88,15434.0
528571,1087.76,839,12621.0
528572,0.0,2,
528573,0.0,12,
528574,526.96,213,13106.0
528575,263.8,50,13018.0
528576,183.35,86,12369.0
528577,4874.9,1005,
528578,341.86,42,
528579,2764.0,1674,12931.0
528580,764.04,409,14309.0
528581,1391.51,476,18055.0
528582,131.35,75,15311.0
528583,148.68,53,17757.0
528584,215.9,47,16775.0
528585,192.01999999999998,283,17191.0
528586,450.51,205,17191.0
528588,375.43,84,14080.0
528589,200.45,28,
528590,208.81,31,
528591,277.74,41,
528592,1311.2,5952,13316.0
528593,451.56,55,
528594,414.43,43,
528595,1353.48,681,15067.0
528596,325.68,264,13750.0
528597,163.02,112,13155.0
528598,272.08,144,15750.0
528599,203.4,68,15606.0
528600,398.52,249,12787.0
528601,392.05,101,14870.0
528603,2.55,1,
528605,639.74,263,15865.0
528607,45.0,36,12748.0
528608,396.6,158,15073.0
528609,801.66,582,16491.0
528610,500.35,280,14824.0
528611,3.95,1,
528612,190.58,68,14728.0
528613,1405.91,334,
528614,48.2,12,13059.0
528615,469.19,247,17231.0
528616,1023.5,336,15485.0
528617,429.68,360,13165.0
528618,390.85,272,13263.0
528619,328.35,115,17139.0
528620,480.93,287,17243.0
528621,586.58,360,14800.0
528622,327.72,108,17204.0
528623,111.8,52,16010.0
528624,119.28,72,17358.0
528625,114.92,138,17843.0
528627,547.28,326,16746.0
528628,112.53,46,13241.0
528629,1872.44,1431,13654.0
528630,352.80000000000007,168,17389.0
528631,442.56,364,13941.0
528632,122.0,88,16351.0
528633,171.45,80,13544.0
528634,239.61,99,16814.0
528635,299.36,180,17470.0
528636,264.1,170,16693.0
528637,354.54,222,16979.0
528638,199.03,88,16024.0
528639,33.93,19,16024.0
528640,866.99,422,13555.0
528641,224.3,68,12494.0
528642,279.37,193,13295.0
528643,552.9,426,17407.0
528644,190.07999999999998,112,14553.0
528645,370.95000000000005,111,15994.0
528646,503.4,101,14532.0
528647,254.44,148,14277.0
528648,161.7,84,16445.0
528649,338.45000000000005,101,13327.0
528657,134.94,117,14277.0
528659,285.94,158,15723.0
528667,322.44,169,17871.0
528673,180.69,58,15059.0
528676,363.98,204,14211.0
528683,166.2,92,14211.0
528693,192.97,93,12748.0
528694,209.32,164,15059.0
528705,420.61,287,13137.0
528706,371.15999999999997,448,18260.0
528708,203.55,53,15248.0
528711,194.74,90,16373.0
528725,290.85,125,17377.0
528726,62.0,40,17377.0
528727,913.64,196,15640.0
528728,120.95,23,17260.0
528729,151.86,108,13333.0
528730,404.45,304,13574.0
528731,316.86,282,16983.0
528732,184.45000000000002,67,13948.0
528733,1363.5,888,15640.0
528734,331.35,195,17435.0
528735,542.67,302,13240.0
528736,115.2,34,13073.0
528737,304.1,80,18065.0
528738,329.76,80,16422.0
528739,355.45,81,16920.0
528740,519.8100000000001,303,13977.0
528741,510.05,264,15665.0
528742,410.15,179,13118.0
528743,145.35,13,17858.0
528744,193.48000000000002,97,18110.0
528745,232.41,135,14551.0
528746,267.4,122,14243.0
528747,297.52,152,16770.0
528748,262.95,119,14551.0
528749,17.65,3,14551.0
528750,138.76,34,14183.0
528751,4.95,1,
528752,617.39,307,16677.0
528753,512.88,175,16655.0
528754,289.52,93,15796.0
528755,108.1,49,16923.0
528757,677.96,489,12720.0
528758,226.46,74,18116.0
528759,373.02,200,15337.0
528760,303.15000000000003,173,14861.0
528761,530.47,411,13898.0
528762,174.57999999999998,88,13565.0
528763,567.95,259,12926.0
528764,193.08,115,16904.0
528765,322.23,186,16726.0
528766,1084.8500000000001,487,13564.0
528767,423.45,204,14911.0
528768,94.45,35,14181.0
528769,1639.9099999999999,1067,15260.0
528770,168.73,63,15065.0
528771,410.87,303,17325.0
528772,345.71,237,15174.0
528773,0.0,1,
528775,328.03999999999996,242,16133.0
528782,475.89,313,13462.0
528783,416.7,152,13769.0
528789,390.05,143,14197.0
528798,211.03,163,12841.0
528824,585.06,286,14040.0
528838,315.98,160,16193.0
528851,239.12,260,17981.0
528852,885.97,550,14766.0
528853,681.88,366,12481.0
528865,186.55,85,17393.0
528866,449.40000000000003,192,15955.0
528868,375.14,220,15976.0
528869,173.14999999999998,79,17236.0
528870,488.28,417,17364.0
528871,233.35,97,15294.0
528872,474.15000000000003,179,15311.0
528874,292.45,142,16005.0
528875,203.92,168,13102.0
528876,1352.96,567,15370.0
528880,337.93,273,13733.0
528881,1387.95,293,14292.0
528882,348.65999999999997,112,15039.0
528883,242.12,94,14690.0
528884,90.0,5,12449.0
528886,0.0,1,
528887,0.0,1,
528888,570.1800000000001,294,13408.0
528889,526.25,161,14249.0
528890,151.93,69,16919.0
528891,75.60000000000001,36,13408.0
528892,300.6,146,13050.0
528893,124.5,71,14606.0
528894,6.4399999999999995,8,
528895,152.74,138,12748.0
528896,266.93,140,12790.0
528897,91.41,123,15646.0
528898,226.42,202,14718.0
528901,221.04,65,14534.0
528906,331.1,177,16143.0
528908,179.0,20,13319.0
528909,559.37,257,14515.0
528910,238.65,71,13319.0
528912,380.64,366,16241.0
528913,313.45,257,17432.0
528915,375.76,216,17432.0
528916,220.71,123,16782.0
528917,89.6,36,17432.0
528918,275.7,96,18016.0
528919,183.07,81,16259.0
528920,344.2,75,12417.0
528921,390.35,301,15064.0
528922,324.59999999999997,160,15747.0
528923,177.97,71,14413.0
528924,100.86,66,14353.0
528926,423.4,210,14065.0
528927,39.95,1,12748.0
528928,5.04,12,16748.0
528936,9.99,2,
528937,0.0,5,
528939,0.0,60,
528940,143.2,152,17025.0
528941,0.0,28,
528942,0.0,155,
528944,457.03000000000003,439,15142.0
528945,112.5,30,17396.0
528946,29.25,5,17867.0
528947,5.05,3,
528948,133.18,101,17070.0
528949,791.18,375,14911.0
528950,141.85,70,17767.0
528951,4227.0,1426,17450.0
528952,1468.43,366,
528953,0.0,2,
528954,2900.57,1077,14156.0
528955,93.2,20,14156.0
528956,585.5799999999999,242,17083.0
528957,426.26,236,12475.0
528959,346.9,138,12411.0
528960,303.15,213,16186.0
528961,339.35,137,14640.0
528962,389.12,240,14740.0
528963,355.14,464,15366.0
528964,148.1,58,17327.0
528965,417.24,156,16087.0
528966,331.47,231,16863.0
528967,553.66,350,14673.0
528968,1405.71,1035,14298.0
528969,204.0,24,14298.0
528970,220.0,2,14298.0
528971,1199.44,592,17044.0
528972,504.0,1200,13027.0
528973,148.25,47,14219.0
528974,533.78,313,16785.0
528985,731.36,436,13363.0
528989,584.9,166,14897.0
528990,335.35,140,14524.0
528991,214.2,92,16168.0
529000,389.18,334,15620.0
529009,251.04,158,16962.0
529010,391.98,286,17696.0
529028,339.8,175,14324.0
529031,359.11,263,15311.0
529038,25.2,60,15311.0
529039,552.9,458,16422.0
529057,365.75,121,12431.0
529063,205.83,131,14278.0
529068,1604.43,562,
529070,141.65,31,13067.0
529071,303.75,86,14608.0
529072,430.57,329,12577.0
529073,22.1,10,12577.0
529074,242.24,152,17122.0
529075,51.0,12,12971.0
529076,20.0,1,
529077,492.09999999999997,344,16372.0
529078,331.87,299,13963.0
529079,207.67,180,16034.0
529080,879.64,804,13213.0
529081,338.04,142,16531.0
529082,360.94,185,14546.0
529083,6.32,3,
529084,841.5,336,12524.0
529091,1571.74,593,12371.0
529093,1013.15,509,14911.0
529094,147.66,127,13578.0
529095,76.32000000000001,72,17829.0
529096,360.85,199,13274.0
529097,226.5,221,17135.0
529099,340.45,171,17034.0
529122,449.45000000000005,193,17623.0
529127,172.12,93,12775.0
529128,0.0,13,
529129,265.55,115,14963.0
529130,1536.04,810,16258.0
529131,67.5,10,16258.0
529132,900.36,847,13157.0
529133,1746.21,385,
529136,42.0,100,13906.0
529137,31.8,4,17396.0
529138,317.32,344,13590.0
529139,163.65,99,16757.0
529140,76.32000000000001,72,12843.0
529141,500.0,400,13953.0
529142,10.75,1,
529143,204.31,56,17975.0
529144,138.84,99,15773.0
529146,888.3599999999999,1088,17404.0
529147,14.899999999999999,2,
529148,164.25,63,18136.0
529149,191.8,142,17346.0
529150,254.7,270,16607.0
529151,10.9,2,17961.0
529152,1170.0,216,14156.0
529153,259.09,242,15536.0
529154,472.5,70,14970.0
529156,1081.31,511,16549.0
529157,498.88,295,13969.0
529158,0.95,1,13969.0
529159,111.9,70,13571.0
529160,101.86,60,14271.0
529161,834.89,671,15390.0
529162,708.78,646,15093.0
529163,63.45,11,15093.0
529164,67.5,10,15093.0
529165,324.96000000000004,108,16191.0
529166,761.7600000000001,504,16191.0
529167,325.44,96,15587.0
529168,932.49,739,17593.0
529169,164.4,101,13468.0
529173,135.0,20,13093.0
529175,135.0,20,13093.0
529178,490.47,241,16639.0
529179,897.8000000000001,276,17809.0
529180,405.0,60,17809.0
529186,470.40000000000003,299,12645.0
529190,162.15,109,14201.0
529191,718.34,382,15876.0
529192,345.1,58,13081.0
529193,602.37,289,12913.0
529194,30.24,72,15030.0
529195,320.82,138,16456.0
529196,732.94,449,12537.0
529197,955.2,324,12505.0
529198,225.3,94,14475.0
529199,780.0,1200,17381.0
529200,263.88,129,12676.0
529201,249.24,113,12563.0
529202,501.00000000000006,76,13692.0
529203,3083.12,1567,14911.0
529204,0.0,11,
529205,0.0,5,
529206,0.0,1,
529207,0.0,1,
529208,344.15,137,16208.0
529209,218.78,129,15271.0
529211,67.5,54,16692.0
529212,323.65000000000003,197,16145.0
529213,170.4,78,15198.0
529214,0.0,1,
529215,684.95,387,12591.0
529216,147.15,13,15329.0
529217,258.6,84,17513.0
529228,472.85,151,14530.0
529265,308.9,154,17473.0
529267,105.80000000000001,56,16188.0
529270,138.95,25,14527.0
529279,478.1,178,14105.0
529286,54.0,3,12474.0
529295,437.90000000000003,122,14051.0
529296,1106.64,640,15159.0
529297,200.26,108,16433.0
529298,245.17,156,16458.0
529299,135.0,20,14051.0
529300,470.1,158,18172.0
529301,284.1,54,18172.0
529302,63.6,8,18172.0
529303,227.49,131,17841.0
529304,317.76,192,12353.0
529305,176.7,48,13466.0
529306,2434.5,638,13093.0
529307,327.48,174,13880.0
529308,304.52,213,16418.0
529309,310.09,135,14496.0
529310,130.85,31,17975.0
529311,511.68,368,15807.0
529313,152.70000000000002,24,15373.0
529314,410.1,298,14744.0
529315,2310.24,1138,14911.0
529316,15.0,1,16430.0
529317,101.76,16,17436.0
529318,641.38,332,14639.0
529319,260.7,102,18062.0
529320,501.52,583,14400.0
529321,172.64,81,13617.0
529322,239.99,269,13246.0
529323,616.61,397,16713.0
529324,110.55000000000001,46,17894.0
529325,2382.35,609,
529326,167.08,79,13547.0
529327,720.6500000000001,291,13089.0
529328,191.72,101,17000.0
529329,472.81,387,14159.0
529330,245.15,45,14281.0
529331,337.5,50,15981.0
529332,566.6,280,17478.0
529333,392.5,174,17690.0
529334,62.6,25,
529335,147.65,60,17326.0
529336,238.04999999999998,219,14904.0
529337,206.53,98,16014.0
529338,152.15,47,13713.0
529339,157.33,127,16382.0
529340,767.4,408,18225.0
529341,261.45,243,17322.0
529342,721.06,374,18060.0
529344,1402.62,519,12349.0
529345,52.05,15,16628.0
529346,107.24,88,15328.0
529347,310.95,163,13648.0
529348,491.71000000000004,161,15301.0
529349,755.1,444,13362.0
529350,6325.08,2760,17450.0
529351,874.36,968,12766.0
529355,375.3,124,16634.0
529356,2736.16,1,14156.0
529357,1155.6,1,14156.0
529358,734.75,257,14847.0
529360,94.92,120,15285.0
529361,331.09,51,
529362,125.45,60,17994.0
529363,210.29,30,
529364,305.55,85,14907.0
529365,483.56,81,
529366,300.33,34,
529367,31.8,4,14907.0
529368,358.68,51,
529502,219.47,87,15167.0
529503,285.54,170,16343.0
529504,2035.0,487,
529505,371.07,218,15167.0
529507,448.7,260,16129.0
529508,106.80000000000001,72,16630.0
529509,302.68,176,13126.0
529510,766.25,299,14911.0
529511,454.1,162,16183.0
529512,520.95,143,14134.0
529513,364.4,181,14134.0
529514,195.0,156,13669.0
529515,258.15000000000003,87,13019.0
529516,344.85,145,13317.0
529517,187.6,37,16265.0
529518,534.6800000000001,208,17853.0
529520,332.55,177,13031.0
529522,115.34,118,14303.0
529524,121.35000000000001,56,16638.0
529526,327.6,114,17063.0
529528,135.0,20,13093.0
529529,77.7,30,14515.0
529531,129.15,55,15571.0
529532,375.34,190,14294.0
529537,118.2,43,16907.0
529544,304.5,402,14533.0
529546,684.92,728,14101.0
529547,334.7,230,14276.0
529553,729.38,354,16839.0
529554,485.86,138,14834.0
529557,282.93,149,14714.0
529559,447.59999999999997,194,13461.0
529567,589.8,84,18229.0
529569,70.69999999999999,8,16713.0
529573,1098.89,762,16242.0
529582,769.78,492,14481.0
529585,755.55,413,14911.0
529586,174.16,82,16780.0
529587,372.06,161,13780.0
529588,290.62,124,16905.0
529589,131.49,121,17323.0
529590,207.25,148,17974.0
529591,413.48,268,12921.0
529592,185.20000000000002,80,12921.0
529593,312.72,237,12921.0
529594,278.6,110,13476.0
529595,390.0,200,15887.0
529596,272.2,64,13767.0
529597,2328.58,1346,17675.0
529598,790.41,431,13078.0
529599,473.0,277,16635.0
529600,884.35,509,14194.0
529601,65.45,31,12651.0
529602,228.85,23,14088.0
529603,677.8199999999999,346,14035.0
529604,616.2,306,15078.0
529605,15.9,2,15078.0
529607,733.8000000000001,386,16147.0
529608,871.8000000000001,88,15221.0
529609,621.0,92,14088.0
529610,81.15,33,15170.0
529611,840.41,364,17690.0
529613,3941.9999999999995,360,17949.0
529614,1088.6399999999999,1512,17949.0
529615,639.36,888,17949.0
529616,200.75,79,14901.0
529617,571.5,78,17929.0
529618,282.5,118,13767.0
529619,121.9,42,13013.0
529620,174.0,120,18061.0
529621,602.0,378,15570.0
529622,894.4,660,13815.0
529623,486.51,473,15544.0
529624,143.7,22,17098.0
529625,59.7,54,17741.0
529626,560.08,440,15498.0
529627,866.65,489,15498.0
529628,960.0,3000,16308.0
529629,471.55,205,12422.0
529630,328.13,251,17334.0
529646,344.90000000000003,150,17934.0
529656,75.24,156,16168.0
529676,422.1,154,16858.0
529690,325.72,226,12395.0
529694,309.75,293,16836.0
529701,10.08,8,
529709,1444.58,780,15513.0
529710,162.0,40,15513.0
529712,334.62,162,17821.0
529713,0.0,23,
529714,347.77,236,18025.0
529715,111.0,60,16034.0
529716,357.1,246,13418.0
529717,17.0,13,
529718,76.06,55,
529719,320.0,1000,13848.0
529720,1421.29,944,12705.0
529721,532.1,176,13431.0
529723,181.05,103,13282.0
529727,2825.85,649,
529728,243.20000000000002,94,13021.0
529739,20.21,13,
529742,383.40000000000003,232,18231.0
529746,6312.12,1250,
529748,389.64,46,
529761,7.6899999999999995,11,
529762,174.0,120,14746.0
529763,906.49,885,14081.0
529764,107.75,45,13580.0
529766,796.39,489,14490.0
529767,0.42,2,
529768,180.08,96,13711.0
529771,393.95000000000005,149,16558.0
529774,230.83,89,14122.0
529785,207.0,60,16565.0
529786,1435.29,1027,
529787,236.93,108,13263.0
529788,296.65,57,15906.0
529789,352.27,206,12838.0
529790,18.75,3,
529791,225.73,99,17109.0
529792,12.25,2,
529793,62.7,18,16058.0
529796,697.96,454,13421.0
529797,102.33,84,17884.0
529798,339.78,126,16231.0
529799,305.05,159,16756.0
529801,455.3,402,17243.0
529802,131.0,20,17621.0
529803,1192.2,244,14213.0
529804,331.6,124,15439.0
529805,109.19,57,17376.0
529806,401.8,172,12842.0
529807,415.79,323,12608.0
529808,168.24,93,16444.0
529809,104.19999999999999,45,12601.0
529810,248.66,155,16010.0
529811,619.6999999999999,321,15569.0
529812,305.25,137,14769.0
529813,494.1,209,13888.0
529814,298.85,141,15281.0
529815,200.46,136,13561.0
529816,166.1,48,15501.0
529817,142.91,61,14878.0
529818,402.56,268,14087.0
529819,159.79999999999998,128,18149.0
529820,189.6,160,13795.0
529821,277.28,66,13677.0
529823,258.73,170,17609.0
529824,147.35,69,16724.0
529826,415.93,145,15351.0
529827,303.2,190,15194.0
529828,16.45,9,17609.0
529829,168.0,48,14437.0
529830,240.3,74,18278.0
529831,155.05,87,17950.0
529832,310.56,260,14848.0
529833,365.55,198,16791.0
529834,340.29999999999995,78,17413.0
529835,801.1,430,16008.0
529836,560.04,444,14739.0
529837,240.0,162,16784.0
529838,376.16,308,13394.0
529839,912.03,472,16003.0
529840,12.75,3,16791.0
529841,1029.29,447,14918.0
529842,270.84,96,15038.0
529843,432.92,325,16065.0
529844,472.5,70,16684.0
529845,388.35,105,14040.0
529846,380.01,203,13001.0
529847,780.74,677,13050.0
529848,596.8,256,14866.0
529849,147.31,103,14114.0
529850,534.96,242,16788.0
529864,119.7,34,16606.0
529868,120.64999999999999,24,14247.0
529874,176.7,89,16928.0
529888,419.81,265,16595.0
529899,326.44,97,15535.0
529904,316.56,126,13833.0
529915,218.35,97,15675.0
529924,611.53,509,12347.0
529934,682.63,309,14415.0
529935,531.41,259,17449.0
529936,547.98,201,17085.0
529937,357.1,35,16539.0
529938,316.97,151,13267.0
529939,180.4,82,14805.0
529940,258.2,81,17142.0
529941,106.37,41,17346.0
529942,347.22,313,15867.0
529952,125.0,64,12826.0
529958,397.15,171,12708.0
529970,332.04,164,17951.0
529978,402.81,153,13760.0
529981,156.39000000000001,160,16686.0
529982,135.0,20,16652.0
529983,67.5,10,16652.0
529984,96.25,59,18154.0
529985,1237.99,1472,14286.0
529986,372.55,133,17728.0
529987,123.18,119,18116.0
529988,462.61,387,18226.0
529989,90.61,107,12748.0
529990,1060.98,513,14505.0
529991,424.28,368,15879.0
529993,13.05,5,
529994,1048.42,594,16984.0
529995,347.2,163,16316.0
529996,65.42,56,
529997,71.55000000000001,71,15312.0
529998,1435.29,1,
530000,393.65,46,
530001,532.5,65,
530002,4.21,1,
530003,299.47999999999996,42,
530007,328.9,116,16611.0
530008,92.03,1,13050.0
530010,320.4,192,16168.0
530011,539.2,104,14961.0
530012,516.28,286,14429.0
530013,208.1,42,15110.0
530014,481.24,236,17238.0
530015,1156.95,564,15365.0
530016,105.1,38,15365.0
530018,311.0,178,17612.0
530020,209.54,60,17975.0
530029,436.98,332,16422.0
530059,182.55,83,16161.0
530060,3056.0699999999997,712,
530061,1102.42,668,13115.0
530062,791.0400000000001,816,17306.0
530064,763.55,432,14911.0
530066,175.9,63,17068.0
530067,270.22,207,16960.0
530068,143.43,77,14606.0
530070,136.01,181,16876.0
530071,502.21000000000004,329,15039.0
530072,344.05,211,16103.0
530073,162.62,58,15958.0
530078,231.23,115,13293.0
530079,131.3,38,18061.0
530080,307.56,212,14777.0
530081,309.75,121,14229.0
530082,17.85,3,14229.0
530083,531.44,418,13148.0
530084,423.22,375,14075.0
530085,359.7,134,17315.0
530086,518.4,576,16013.0
530087,2311.01,1220,16732.0
530088,152.04,124,15311.0
530089,222.02,162,16916.0
530090,74.85000000000001,13,15729.0
530091,137.5,74,13975.0
530092,224.1,115,15253.0
530093,17.700000000000003,6,16168.0
530094,209.05,63,18127.0
530103,131.32,40,17190.0
530115,213.14,102,17190.0
530116,0.0,141,
530117,0.0,3,
530120,188.7,58,13883.0
530121,0.0,3,
530122,452.0,252,12492.0
530123,603.75,220,13359.0
530124,528.63,262,13174.0
530125,0.0,96,
530129,0.0,67,
530130,322.24,235,14911.0
530136,0.95,1,
530137,289.67,210,18075.0
530138,2.54,1,
530139,1870.1100000000001,1245,14426.0
530140,3020.5299999999997,889,
530160,0.0,30,
530161,253.49,424,15456.0
530162,417.5,146,13426.0
530163,584.76,144,17739.0
530164,449.16,128,16133.0
530165,589.55,233,16612.0
530166,314.3,130,17708.0
530167,143.6,30,14794.0
530168,380.21,221,13597.0
530171,244.68,92,13767.0
530173,3.4,4,17609.0
530178,732.6,396,17949.0
530180,288.1,115,12483.0
530184,256.25,96,17377.0
530206,141.60000000000002,48,12483.0
530223,715.24,196,13090.0
530234,123.6,72,16500.0
530236,0.0,2,
530259,1553.77,645,12476.0
530263,326.6,197,16005.0
530264,542.4499999999999,526,14206.0
530265,216.0,12,12476.0
530266,109.0,52,14617.0
530268,314.74,106,17121.0
530269,400.3,178,13607.0
530270,5.6,4,
530271,89.5,10,13535.0
530272,870.3,362,12389.0
530273,72.80000000000001,36,12843.0
530274,444.27,159,13983.0
530280,288.69,122,16117.0
530281,82.05,16,14527.0
530288,787.42,455,14593.0
530295,343.54,158,14480.0
530296,721.28,464,13937.0
530297,222.12,138,14966.0
530298,137.15,79,14966.0
530299,740.8199999999999,488,14449.0
530300,313.40000000000003,172,15738.0
530301,536.46,282,15245.0
530302,280.2,164,17003.0
530303,1065.9,536,15950.0
530304,155.4,99,17003.0
530306,521.0,126,13102.0
530307,252.68,215,13251.0
530308,424.71,207,13453.0
530310,241.35,33,12413.0
530311,378.69,178,16374.0
530312,275.66,100,16016.0
530318,0.0,1,
530323,247.78,176,16255.0
530325,2860.44,3540,15523.0
530328,0.0,90,
530329,1061.3300000000002,445,16670.0
530330,357.78,62,16525.0
530331,179.95,68,16033.0
530332,2055.41,530,
530333,407.79999999999995,260,13134.0
530334,481.25,195,18170.0
530335,442.45,213,17841.0
530338,374.09999999999997,182,13798.0
530339,569.69,237,13523.0
530340,592.8,248,16709.0
530341,9.1,4,
530342,259.6,182,18041.0
530344,168.45,85,16225.0
530346,2594.14,1098,14733.0
530349,0.0,108,
530350,608.1,180,14506.0
530351,0.0,2,
530352,0.0,1,
530354,0.0,97,
530360,0.0,137,
530366,7.49,1,
530367,499.55,85,14209.0
530369,0.0,96,
530370,0.0,20,
530371,430.38,447,15727.0
530372,502.49,187,17276.0
530373,0.0,12,
530377,187.10000000000002,60,13921.0
530378,4.65,1,
530379,179.95000000000002,45,13468.0
530380,35.400000000000006,12,13468.0
530381,462.95,238,13520.0
530382,149.32,68,14363.0
530383,193.26,155,12412.0
530384,249.45000000000002,63,13310.0
530390,269.11,117,17764.0
530391,4862.16,4236,16705.0
530392,377.2,48,16705.0
530393,616.25,287,18178.0
530394,660.2,497,12681.0
530395,714.32,441,17363.0
530396,738.0,47,17858.0
530397,8.5,10,17363.0
530400,0.0,9,
530401,0.0,6,
530402,0.0,3,
530403,0.0,1,
530404,0.0,1,
530405,0.0,1,
530406,0.0,1,
530407,0.0,2,
530408,0.0,5,
530409,380.45,79,16614.0
530410,383.32,95,12855.0
530411,300.85,63,15377.0
530412,81.6,96,13215.0
530413,384.64,304,13089.0
530414,340.8,96,15854.0
530416,352.4,169,16676.0
530417,208.79999999999998,144,15458.0
530418,262.4,54,13331.0
530419,321.6,214,14912.0
530420,1000.65,513,17735.0
530421,199.05,95,13579.0
530422,2481.67,612,
530423,495.95,145,14732.0
530424,202.79999999999998,216,14912.0
530425,270.0,40,15981.0
530426,1055.53,613,14911.0
530427,159.13,63,17894.0
530428,0.0,200,
530430,369.6,176,13748.0
530431,152.3,34,15796.0
530432,761.3000000000001,203,13562.0
530433,619.5,349,12673.0
530434,3153.8,1816,17511.0
530435,305.78,150,14942.0
530436,590.47,423,14498.0
530437,364.45,414,15915.0
530464,130.95,157,16865.0
530470,81.48,132,18041.0
530484,290.6,144,16353.0
530487,424.20000000000005,196,18141.0
530488,297.6,116,13756.0
530504,249.54,222,13199.0
530508,310.25,159,16623.0
530509,474.03,316,16779.0
530510,569.81,367,15281.0
530511,102.0,24,16353.0
530512,104.65,23,15281.0
530513,1970.4,636,14646.0
530514,8661.8,4712,14646.0
530515,866.3800000000001,590,14646.0
530517,100.99000000000001,53,16996.0
530518,60.48,144,17511.0
530520,240.5,84,15336.0
530529,158.05,72,16823.0
530536,178.2,78,13045.0
530537,15.9,2,12748.0
530538,132.48000000000002,62,14606.0
530540,340.05,166,12793.0
530541,118.5,70,17420.0
530542,92.25,31,17420.0
530543,232.21,106,15005.0
530544,1250.4,780,14646.0
530545,147.6,88,14494.0
530546,90.0,24,16183.0
530548,299.53,229,13500.0
530550,196.1,109,14988.0
530552,187.85,49,14312.0
530553,574.25,16,14156.0
530556,59.400000000000006,12,15233.0
530557,237.3,115,15311.0
530559,225.44,246,13686.0
530560,204.62,21,15158.0
530561,261.3,72,14398.0
530562,587.97,344,16012.0
530563,171.63,69,14450.0
530564,220.38,250,14484.0
530565,181.54000000000002,114,12877.0
530567,198.29,146,17254.0
530568,316.95,103,13554.0
530569,253.68,204,13249.0
530570,110.51,67,16725.0
530571,693.78,516,15752.0
530572,447.55,213,14667.0
530574,61.9,20,13080.0
530575,307.85,94,16033.0
530576,1220.16,432,15903.0
530577,618.5999999999999,420,16422.0
530584,306.0,192,17235.0
530585,137.7,96,16542.0
530586,414.7,210,16178.0
530587,228.8,38,15611.0
530588,1993.34,1450,15481.0
530589,311.74,132,17126.0
530590,997.61,451,13319.0
530593,0.0,80,
530595,0.0,576,
530598,0.0,25,
530602,0.0,12,
530608,114.05000000000001,37,13034.0
530609,0.0,100,
530610,258.99,116,14156.0
530611,247.56,160,13049.0
530612,420.83,193,16712.0
530613,292.5,202,15628.0
530615,200.73,151,16712.0
530616,90.60000000000001,60,16050.0
530627,0.0,11,
530631,285.33,144,16775.0
530634,0.0,65,
530640,249.0,28,15288.0
530641,61.199999999999996,72,15288.0
530642,648.0,360,17949.0
530646,640.26,160,15270.0
530647,640.26,160,15270.0
530648,3621.66,1430,14062.0
530649,282.1,182,12839.0
530650,475.95,87,12540.0
530651,289.15,67,16590.0
530652,581.94,81,
530653,519.74,86,
530654,638.0699999999999,79,
530655,377.46,330,13987.0
530656,179.1,42,15888.0
530657,430.55,174,12933.0
530658,92.6,44,15724.0
530659,304.18,170,15073.0
530660,280.5,50,14952.0
530661,761.0600000000001,406,14911.0
530662,454.81,203,15255.0
530663,272.1,124,15255.0
530665,434.0,98,14047.0
530666,17.700000000000003,6,14047.0
530669,10.0,1,12415.0
530708,2389.62,726,14737.0
530709,246.01999999999998,90,16887.0
530714,7325.679999999999,9640,16754.0
530715,17022.239999999998,15696,15838.0
530716,177.76,170,17987.0
530717,644.4,336,16029.0
530718,882.96,104,16029.0
530719,116.42,94,18087.0
530720,283.8,124,16029.0
530721,305.28000000000003,288,16029.0
530731,311.78000000000003,156,15270.0
530733,403.98,196,15489.0
530742,359.84000000000003,285,14136.0
530750,452.15000000000003,151,16782.0
530753,2395.73,967,12949.0
530763,1174.55,695,15379.0
530778,127.85,23,17935.0
530780,226.20000000000002,44,12949.0
530785,829.18,499,17702.0
530788,76.5,6,16060.0
530792,1525.39,683,15332.0
530793,420.8,352,15910.0
530795,102.36000000000001,72,15160.0
530796,471.0,355,16391.0
530797,223.98,336,12914.0
530799,3993.6400000000003,3556,12497.0
530800,110.5,54,16515.0
530801,189.7,134,17287.0
530802,188.94,119,17362.0
530803,116.88999999999999,44,16888.0
530804,136.2,60,13258.0
530808,270.14,196,18172.0
530809,337.99,217,13772.0
530810,627.51,397,16327.0
530811,372.15,188,13137.0
530812,198.45000000000002,65,15860.0
530813,507.6,600,13881.0
530814,612.0,240,13881.0
530818,543.06,249,13772.0
530826,115.67,63,18109.0
530828,530.08,380,15601.0
530829,548.5,342,14447.0
530830,386.62,132,15580.0
530833,115.8,159,17286.0
530834,2074.42,1338,16546.0
530835,100.80000000000001,48,16546.0
530836,240.6,108,14198.0
530837,122.01,92,17286.0
530838,359.63,328,13395.0
530840,1311.22,1032,16563.0
530841,335.82,160,15298.0
530843,1068.93,313,14895.0
530844,147.55,51,16350.0
530845,366.4,198,14895.0
530846,1223.31,1606,17977.0
530847,195.53,141,16707.0
530848,204.0,80,16705.0
530849,48.85000000000001,15,13648.0
530850,3879.46,1097,
530852,0.0,20,
530854,16.5,10,13597.0
530855,61.72,26,13303.0
530859,103.74000000000001,42,16147.0
530875,14.850000000000001,3,15347.0
530885,328.07,324,14085.0
530894,69.6,48,13172.0
530897,0.0,8,
530902,296.5,148,14099.0
530903,326.35,141,13999.0
530904,653.37,1179,15027.0
530905,455.1,162,17091.0
530906,473.38,254,17965.0
530908,594.0,120,12917.0
530909,79.5,10,17049.0
530911,85.0,20,12917.0
530912,1016.45,453,17049.0
530913,155.76,92,17757.0
530914,32.7,6,15729.0
530915,306.64,136,13660.0
530916,300.45,79,12958.0
530917,640.95,231,15023.0
530921,486.40000000000003,262,18259.0
530922,676.06,1022,14676.0
530923,331.55,129,13993.0
530924,111.0,20,13993.0
530925,391.24,196,16861.0
530926,313.2,216,13206.0
530927,328.37,177,18181.0
530928,242.32,122,17576.0
530932,1352.94,494,18087.0
530936,560.87,336,14911.0
530937,490.34999999999997,193,15093.0
530938,347.40000000000003,124,17469.0
530939,25.200000000000003,12,17469.0
530940,32.1,16,17469.0
530941,165.45000000000002,103,13903.0
530945,28.85,9,
530947,784.21,395,15856.0
530948,61.45,15,
530950,157.5,50,15425.0
530951,607.43,576,15521.0
530952,368.8,27,15521.0
530953,283.81,148,18168.0
530955,341.85,169,16128.0
530956,141.0,60,12843.0
530957,1395.06,736,17340.0
530958,254.79000000000002,175,16228.0
530959,462.02000000000004,242,14687.0
530960,193.55,81,16228.0
530961,200.0,160,14060.0
530962,211.95000000000002,83,17913.0
530963,500.0,400,15389.0
530964,349.65000000000003,167,13969.0
530965,457.0,262,15792.0
530966,2292.18,1336,12433.0
530967,329.34000000000003,123,12817.0
530968,0.0,20,
530969,909.58,424,13448.0
530970,2570.77,811,12477.0
530972,442.73,317,13846.0
530973,470.46,234,14129.0
530974,271.7,130,14882.0
530975,436.6,162,14001.0
530976,388.1,80,16570.0
530977,31.6,8,16570.0
530978,154.3,74,13037.0
530980,1836.1,1106,17677.0
530981,1805.0,1000,17876.0
530982,136.0,16,17677.0
530998,683.97,319,15034.0
530999,191.0,59,14911.0
531000,188.85,109,16455.0
531002,100.85,15,14527.0
531003,195.35,68,15584.0
531004,311.28,232,16133.0
531006,361.35,149,16048.0
531010,1345.8600000000001,570,12406.0
531014,258.51,225,13278.0
531016,143.07,94,17790.0
531027,281.55,47,13118.0
531028,260.14,133,12712.0
531036,3424.08,935,
531043,282.5,74,13646.0
531051,0.0,6,
531055,282.96,291,12841.0
531064,644.9300000000001,240,16265.0
531069,2496.96,2160,17949.0
531080,43.75,5,13646.0
531112,374.98,212,12588.0
531113,342.95,57,13113.0
531114,1028.58,504,15513.0
531115,149.38,358,12748.0
531119,103.0,30,14606.0
531120,41.4,15,
531121,40.0,1,12588.0
531122,202.2,89,16607.0
531123,1376.1,378,14911.0
531124,175.3,61,16814.0
531125,174.5,56,17691.0
531126,180.3,208,15311.0
531128,17.700000000000003,6,14047.0
531129,299.5,100,13836.0
531130,1300.15,679,13615.0
531131,429.01,165,12749.0
531132,345.75,37,12749.0
531135,242.86,70,16919.0
531138,2147.82,802,13089.0
531141,57.900000000000006,18,13089.0
531145,0.0,96,
531146,0.0,25,
531149,0.0,99,
531158,0.0,17,
531162,307.95,100,17841.0
531164,0.0,12,
531166,0.0,48,
531176,355.0,124,13488.0
531187,0.0,48,
531189,492.38000000000005,271,13996.0
531190,719.1700000000001,519,12480.0
531202,1090.98,162,17389.0
531204,5321.16,2224,17389.0
531205,620.0,420,12621.0
531206,34.55,11,18018.0
531207,611.86,360,13154.0
531208,235.24,102,
531209,2.5,2,
531210,347.95,121,13263.0
531212,1.9,2,
531213,22.9,3,
531214,695.22,350,13798.0
531215,0.0,60,
531219,0.0,53,
531220,0.0,83,
531221,236.3,136,12450.0
531227,346.41,235,14825.0
531229,136.68,101,13959.0
531230,2.95,1,
531231,1439.72,1176,
531232,473.33,374,
531234,15.0,1,
531235,113.32,44,15560.0
531236,40.2,28,15560.0
531237,728.76,237,15465.0
531239,193.35,129,13008.0
531240,566.9,406,16746.0
531241,164.3,84,14534.0
531243,298.44,210,16889.0
531244,179.4,146,16640.0
531245,260.4,103,13259.0
531246,53.65,15,13259.0
531247,539.1800000000001,213,16923.0
531248,508.44,260,16444.0
531249,124.45,45,12841.0
531250,192.45000000000002,91,16787.0
531251,819.75,256,14882.0
531252,185.01,115,16206.0
531253,50.4,70,16923.0
531254,389.74,310,18077.0
531255,1160.9,410,12873.0
531256,402.35,479,18245.0
531257,63.650000000000006,9,18245.0
531258,218.89,178,16115.0
531259,372.23,137,14127.0
531260,463.53,268,18083.0
531261,333.6,242,12951.0
531262,236.2,105,17068.0
531271,782.3199999999999,594,16401.0
531279,306.90000000000003,58,17525.0
531281,172.45,127,17062.0
531302,205.32,197,16904.0
531306,332.13,241,16560.0
531328,504.53999999999996,288,13849.0
531330,88.06,40,13634.0
531332,200.4,52,17372.0
531333,299.39,106,17774.0
531334,242.73,212,16416.0
531335,152.09,54,17931.0
531336,930.7,742,17160.0
531337,111.6,23,17006.0
531338,161.43,116,16928.0
531340,322.52,187,14593.0
531341,302.65000000000003,121,17033.0
531342,363.3,144,17041.0
531343,955.89,287,15044.0
531344,258.18,154,17218.0
531345,208.8,201,12599.0
531346,387.7,84,16430.0
531347,67.07,61,17871.0
531348,216.95000000000002,102,16931.0
531349,101.14999999999999,19,15581.0
531350,1067.3999999999999,1199,12748.0
531351,339.34,80,14203.0
531352,731.97,271,13137.0
531353,386.11,272,15571.0
531354,862.87,376,17107.0
531356,175.0,61,16559.0
531357,326.37,177,12437.0
531358,750.58,366,14911.0
531359,705.15,425,13276.0
531361,178.55,47,12820.0
531362,170.01,104,13561.0
531363,137.45,23,16298.0
531364,141.25,125,14053.0
531365,357.73,186,17550.0
531366,804.95,367,14038.0
531367,331.35,184,13211.0
531368,265.66,158,16899.0
531369,192.5,58,13963.0
531370,319.23,120,16511.0
531371,919.56,843,12867.0
531372,951.82,583,12476.0
531373,353.82,263,15996.0
531374,596.7,290,13178.0
531375,303.21,171,18277.0
531376,640.0,496,16553.0
531377,579.48,788,16553.0
531378,604.8199999999999,486,13564.0
531379,378.57,259,13649.0
531380,197.79999999999998,99,13884.0
531381,3.75,1,13884.0
531382,1239.03,665,16549.0
531383,195.31,87,
531385,476.83000000000004,341,15392.0
531386,4.95,1,
531387,3110.2799999999997,815,
531388,90.0,5,12476.0
531389,321.36,100,14758.0
531390,263.38,140,12892.0
531391,503.58000000000004,202,18260.0
531392,0.0,35,
531393,0.0,103,
531394,0.0,21,
531395,2520.84,1028,12435.0
531396,0.0,39,
531397,0.0,155,
531398,0.0,12,
531399,0.0,10,
531401,0.0,7,
531402,0.0,6,
531403,0.0,10,
531404,0.0,5,
531405,0.0,203,
531406,0.0,3,
531407,0.0,8,
531408,0.0,3,
531409,0.0,2,
531410,0.0,1,
531411,6706.71,1,
531412,0.0,1,
531413,0.0,1,
531414,0.0,1,
531415,0.0,1,
531416,0.0,1,
531417,0.0,1,
531418,252.55,17,14180.0
531419,415.66,162,17377.0
531420,171.53,86,15921.0
531421,157.49,53,15039.0
531422,249.29999999999998,110,17716.0
531423,102.0,40,17716.0
531425,407.55,226,14420.0
531426,397.44,388,12778.0
531427,138.28,36,15870.0
531430,35.800000000000004,14,
531431,311.62,120,13138.0
531432,210.14000000000001,142,13773.0
531433,668.861,299,13317.0
531435,351.66,280,14688.0
531436,512.3,421,16205.0
531437,737.56,463,13377.0
531438,438.8,268,14952.0
531439,247.96,123,12748.0
531440,303.97,188,16470.0
531441,308.2,196,14927.0
531442,356.8,208,14193.0
531444,161.5,164,12748.0
531445,151.82,126,17470.0
531447,133.45000000000002,59,17258.0
531450,378.35,193,14344.0
531452,136.82,186,14530.0
531453,168.08,114,13984.0
531457,85.6,24,13967.0
531458,303.54,140,17429.0
531459,383.95000000000005,125,15227.0
531460,214.58,204,17000.0
531462,302.1,204,17692.0
531463,143.61,97,16600.0
531464,655.9200000000001,528,16553.0
531466,573.96,332,16553.0
531467,817.68,424,16553.0
531468,522.1999999999999,270,14821.0
531469,674.04,676,16553.0
531470,301.25,165,15641.0
531471,0.95,1,14821.0
531472,907.5600000000001,708,16553.0
531473,0.0,64,
531474,405.36,936,16553.0
531476,521.68,492,15311.0
531477,715.94,402,13538.0
531478,2253.22,1476,17084.0
531479,320.1,170,13485.0
531480,80.7,12,13485.0
531481,270.05,88,17975.0
531482,264.95,84,15777.0
531484,408.75,199,16383.0
531485,533.86,358,15992.0
531486,127.34,56,17043.0
531487,109.80000000000001,13,12693.0
531488,51.0,12,14460.0
531489,3331.8,963,
531490,318.9,202,15005.0
531491,528.96,112,15694.0
531492,165.20000000000002,56,15255.0
531493,455.63,408,17984.0
531494,75.0,120,16420.0
531495,381.77000000000004,223,15390.0
531496,434.78000000000003,237,13738.0
531506,1293.59,837,12472.0
531507,93.44999999999999,110,16018.0
531508,1041.98,398,14016.0
531509,340.02,150,17588.0
531510,363.40000000000003,104,15441.0
531511,105.30000000000001,30,15617.0
531512,183.89999999999998,98,17548.0
531513,527.94,215,18098.0
531515,1786.02,68,18102.0
531516,45332.97,12410,
531543,212.78,145,13691.0
531544,2807.9,4020,17381.0
531545,443.64,196,14275.0
531546,337.0,180,
531547,100.35,5,15635.0
531548,126.72,84,16387.0
531549,1.1,2,14275.0
531550,138.8,63,14114.0
531551,410.9,230,15602.0
531552,317.95,79,14626.0
531553,382.5,164,16503.0
531554,43.5,42,16381.0
531556,405.44000000000005,272,13408.0
531558,1115.46,230,14258.0
531559,102.0,12,14258.0
531560,29.09,25,12748.0
531561,4098.96,2232,12454.0
531562,307.67,325,16170.0
531564,229.5,100,17476.0
531566,304.56,258,14902.0
531567,358.40000000000003,102,14867.0
531568,819.35,332,12681.0
531570,227.4,244,12841.0
531571,314.75,149,14496.0
531572,366.0,120,16013.0
531573,330.0,200,16684.0
531574,204.0,80,12913.0
531575,366.0,120,16013.0
531577,576.0,800,16013.0
531578,712.32,672,16013.0
531579,10.9,4,14610.0
531580,356.07,237,17811.0
531581,748.73,441,14482.0
531582,193.6,100,15011.0
531584,76.32000000000001,72,14482.0
531586,677.96,708,15159.0
531641,1060.2,544,17044.0
531672,385.9,204,14467.0
531677,0.0,1,
531690,11274.24,2239,
531691,424.24,49,
531692,361.83,52,
531700,0.0,20,
531724,192.55,120,16393.0
531726,465.4,194,17274.0
531727,375.45,169,16477.0
531728,583.44,440,16223.0
531729,180.48,72,12907.0
531730,288.39,154,12849.0
531731,667.54,356,14817.0
531732,714.82,186,15394.0
531733,1729.23,684,17428.0
531734,235.7,96,15719.0
531735,49.95,1,17428.0
531736,443.1,297,14243.0
531737,141.7,38,15044.0
531738,158.32,77,16960.0
531739,162.38,66,17081.0
531740,31.5,75,15984.0
531741,1119.16,470,12682.0
531742,111.15,101,17208.0
531744,102.6,20,17467.0
531745,1915.4,966,16684.0
531746,229.4,96,14527.0
531747,229.9,116,16458.0
531748,329.6,9,14156.0
531750,280.28,143,15325.0
531752,112.2,55,
531753,193.38,235,15325.0
531754,135.7,28,16977.0
531756,171.71,108,17983.0
531758,0.0,500,
531759,226.91,110,16740.0
531760,830.8000000000001,326,13327.0
531761,93.45,27,17726.0
531762,894.3800000000001,754,17307.0
531763,969.48,589,17878.0
531764,30.0,24,17878.0
531766,341.0,94,16365.0
531767,424.13,229,17841.0
531768,148.87,116,14170.0
531769,260.61,138,16400.0
531770,273.85,104,14452.0
531771,440.02,330,17738.0
531772,266.38,148,17797.0
531773,756.76,504,15678.0
531774,1036.2,648,13715.0
531776,1379.68,970,14911.0
531777,297.0,60,14062.0
531778,180.6,41,12437.0
531779,246.44,289,12437.0
531782,338.59,224,16021.0
531785,499.45000000000005,309,17560.0
531789,306.9,147,15570.0
531791,916.0500000000001,405,14841.0
531792,1331.38,570,14899.0
531795,498.42,1,
531796,10.15,3,
531799,3119.0,1376,13093.0
531800,654.66,344,15281.0
531802,29.700000000000003,6,12748.0
531803,115.66,108,14077.0
531804,476.74,254,14535.0
531805,249.84,115,16011.0
531806,125.05,46,17757.0
531808,136.25,73,17807.0
531809,653.1,310,13851.0
531812,267.59,265,16218.0
531814,18.9,90,14344.0
531815,201.42999999999998,55,14217.0
531816,319.92,456,15027.0
531818,339.94,1500,13069.0
531819,197.64,48,17363.0
531820,231.34,70,17374.0
531824,351.9,140,12782.0
531825,831.36,623,16571.0
531826,217.39999999999998,196,13721.0
531827,432.02,208,13599.0
531829,88.0,32,13599.0
531830,59.95,1,
531831,498.0,252,17017.0
531832,50.400000000000006,24,17017.0
531833,167.4,52,12971.0
531834,221.75,101,13506.0
531835,141.12,96,14515.0
531836,167.85,43,12982.0
531837,3525.52,1520,13777.0
531838,497.0,388,13777.0
531839,1402.8000000000002,600,13777.0
531840,1196.48,352,13777.0
531842,942.8,515,17082.0
531843,3391.29,1048,
531844,397.59999999999997,208,13809.0
531848,3.75,1,
531849,308.5,178,16190.0
531851,310.18,227,14365.0
531852,338.5,84,13945.0
531853,197.31,145,12927.0
531854,113.15,35,17894.0
531855,237.6,56,17101.0
531856,19.95,1,17894.0
531857,500.41,223,17644.0
531861,2287.26,1285,17511.0
531863,172.6,95,13671.0
531864,195.0,52,16183.0
531865,201.3,135,14585.0
531866,18122.17,3976,18102.0
531867,1061.8400000000001,410,18102.0
531868,154.95,103,16034.0
531869,892.1500000000001,763,16358.0
531870,1963.1999999999998,1624,12931.0
531872,360.0,500,12931.0
531875,330.35,509,14725.0
531881,264.0,112,15197.0
531894,467.8,204,13767.0
531897,63.6,8,13767.0
531900,241.54,124,15031.0
531903,644.89,291,13632.0
531910,1003.61,484,13078.0
531915,80.28,88,15131.0
531918,57.4,4,15527.0
531922,695.3,442,17974.0
531935,518.6500000000001,143,15527.0
531945,305.54,194,12997.0
531947,504.89,185,14390.0
531950,765.0,100,12823.0
531951,183.65,73,14577.0
531957,765.0,100,12823.0
531960,978.23,694,12876.0
531963,382.5,50,12823.0
531971,1121.14,434,13464.0
531972,75.0,40,15691.0
531976,117.0,60,14191.0
531985,809.5799999999999,825,14676.0
532004,688.25,427,14177.0
532010,476.44,239,17321.0
532011,61.800000000000004,20,15890.0
532012,159.9,2,15890.0
532013,27.0,4,15890.0
532015,4.95,1,
532016,175.9,121,17756.0
532017,39.45,9,17321.0
532018,431.85,299,16008.0
532019,389.5,159,12662.0
532020,426.1,252,15311.0
532021,239.08,87,16208.0
532022,346.40999999999997,187,16679.0
532023,197.28,133,14963.0
532024,238.44,100,15953.0
532025,126.3,38,16868.0
532026,369.95,119,12422.0
532028,183.6,72,17511.0
532029,213.62,246,17511.0
532030,178.99,80,14399.0
532032,400.79999999999995,240,13941.0
532033,260.42,136,15031.0
532034,174.26,67,15001.0
532035,60.48,288,17511.0
532036,134.25,43,14615.0
532037,210.15,89,16119.0
532038,345.0,96,17515.0
532039,502.08000000000004,288,13183.0
532040,24.849999999999998,3,15001.0
532042,430.16,186,15551.0
532043,32.8,4,15551.0
532044,193.01,104,14606.0
532045,96.36,28,16827.0
532046,566.4000000000001,192,15971.0
532047,419.70000000000005,6,13096.0
532048,849.72,512,16422.0
532049,562.32,524,16422.0
532050,243.3,209,14911.0
532051,609.58,313,14911.0
532052,481.84000000000003,252,14422.0
532053,329.64,204,18220.0
532054,580.0,400,12931.0
532055,821.0600000000001,816,15529.0
532056,1445.69,463,12739.0
532057,152.41,133,15028.0
532058,339.0,184,14205.0
532059,245.76000000000002,304,15646.0
532060,269.1,114,14205.0
532061,316.2,108,17695.0
532062,240.60000000000002,132,17288.0
532063,3016.49,708,
532068,183.47,114,12855.0
532074,7.95,1,12855.0
532076,635.13,347,17338.0
532081,115.95,47,15960.0
532082,9.95,1,17961.0
532083,1400.44,724,13735.0
532084,70.80000000000001,24,13915.0
532085,1063.94,490,14031.0
532087,1169.15,595,13735.0
532088,358.25,89,12583.0
532089,246.21,141,16221.0
532090,381.09000000000003,142,17903.0
532091,321.7,187,17218.0
532092,307.55,149,18280.0
532093,275.8,176,15368.0
532094,52.4,8,13252.0
532095,265.27,132,14651.0
532096,106.77,43,15276.0
532097,5.95,1,15276.0
532099,1.95,1,15031.0
532100,365.28000000000003,192,13750.0
532101,160.91,183,17350.0
532103,323.8,100,13418.0
532104,166.6,94,13202.0
532105,309.75,141,17521.0
532106,508.63,373,16094.0
532107,722.0300000000001,371,17293.0
532108,16.95,1,12748.0
532109,1248.42,370,12666.0
532113,151.05,35,16662.0
532114,374.92,440,14030.0
532115,51.839999999999996,72,16786.0
532116,595.5,150,14440.0
532117,89.69999999999999,6,14440.0
532118,308.8,312,17930.0
532119,392.88,456,13199.0
532120,502.52,300,15138.0
532121,135.3,78,17572.0
532122,308.24,286,13590.0
532123,634.74,178,15944.0
532124,250.20000000000002,36,14882.0
532125,291.3,190,15623.0
532126,408.13,247,18226.0
532127,271.1,126,14796.0
532128,304.2,114,17688.0
532129,304.96,112,13418.0
532131,414.25,81,15215.0
532137,303.45,131,14922.0
532139,4118.57,1082,
532140,4027.5,2350,15838.0
532141,1195.0,700,15838.0
532142,8.95,1,
532143,448.55,208,16782.0
532145,115.57,44,16412.0
532146,786.7,387,15039.0
532147,341.35,164,14988.0
532148,262.36,172,15290.0
532149,285.94,222,15290.0
532150,330.41,172,16395.0
532151,851.76,248,14051.0
532152,232.93,102,16395.0
532153,334.08,243,16945.0
532158,175.32,142,16395.0
532159,317.15999999999997,218,16945.0
532162,59.2,20,16945.0
532163,2552.79,885,16210.0
532169,443.88,170,13614.0
532171,225.6,154,16824.0
532180,52.8,48,13199.0
532188,420.54,331,17423.0
532229,394.97,221,14868.0
532233,483.72999999999996,266,13719.0
532239,123.4,111,13857.0
532247,360.0,1440,17306.0
532252,2318.95,991,17416.0
532253,230.4,168,17416.0
532254,98.9,22,17416.0
532263,354.24,282,13246.0
532265,1.9,2,13857.0
532279,115.17,15,18109.0
532282,1508.35,629,14680.0
532284,88.05,15,14560.0
532285,666.72,528,17308.0
532286,264.4,28,14004.0
532287,350.4,32,15100.0
532288,332.89,125,13821.0
532289,570.26,352,14004.0
532290,502.1,168,17675.0
532291,205.8,139,16284.0
532292,226.0,116,18262.0
532293,68.81,40,16203.0
532294,107.5,42,
532295,204.25,99,13226.0
532296,3465.0,2100,13694.0
532297,1206.75,750,13979.0
532298,334.63,161,17314.0
532299,321.56,264,17954.0
532300,244.79999999999998,288,18087.0
532301,24.05,5,16827.0
532302,376.25,225,15842.0
532303,10.5,25,13979.0
532304,36.6,16,
532305,2301.96,730,12356.0
532306,504.54,298,12637.0
532307,560.93,219,15916.0
532308,385.65000000000003,93,13267.0
532309,15.9,2,13267.0
532310,34.0,4,13267.0
532311,259.17,54,17558.0
532312,591.96,612,17815.0
532313,0.0,1,
532314,0.0,1,
532315,201.27,89,17980.0
532316,741.59,312,14667.0
532317,1092.81,872,12803.0
532318,609.95,233,17581.0
532319,309.77,219,17759.0
532324,157.32,108,12924.0
532325,728.87,579,16735.0
532328,290.65000000000003,167,15750.0
532330,121.64999999999999,69,13305.0
532331,5.95,1,
532332,0.0,486,
532333,0.0,3,
532334,5.95,1,
532335,12.75,1,
532336,302.8,160,16471.0
532337,263.54,103,13263.0
532338,337.66,210,18050.0
532339,192.6,84,16401.0
532340,471.84000000000003,362,14600.0
532342,139.64999999999998,17,14680.0
532344,76.5,6,14680.0
532345,4.5,1,
532346,1311.6,544,13798.0
532347,81.65,43,16690.0
532348,376.23,169,13975.0
532349,128.07,35,15016.0
532350,513.08,365,15998.0
532351,600.05,133,14379.0
532352,7.95,1,15016.0
532354,1079.6,456,13316.0
532355,232.4,65,13468.0
532356,216.0,112,13410.0
532357,200.75,93,18057.0
532358,4176.0,2880,12931.0
532360,25.8,4,16670.0
532361,173.05,36,17861.0
532363,106.80000000000001,72,12971.0
532364,516.36,374,14713.0
532365,31.5,16,12748.0
532366,393.15000000000003,123,18085.0
532369,565.94,160,17862.0
532370,395.03000000000003,285,15814.0
532371,577.15,580,15358.0
532373,32.8,6,15358.0
532377,295.6,218,15240.0
532378,69.8,23,
532382,1215.15,583,16081.0
532384,610.0600000000001,456,12748.0
532386,200.47,107,13213.0
532391,454.11,229,16797.0
532408,23.9,8,17961.0
532412,31.0,12,
532416,176.5,96,18054.0
532418,543.6,105,14911.0
532419,3829.67,886,
532420,309.28999999999996,99,16019.0
532421,962.97,1245,15468.0
532422,303.26,258,16133.0
532423,155.65,63,12402.0
532424,301.05,167,12868.0
532425,225.35000000000002,75,13065.0
532426,162.03,61,
532427,330.83000000000004,159,18276.0
532428,250.85000000000002,52,12600.0
532429,230.68,70,13316.0
532430,143.75,77,12352.0
532431,72.5,50,12931.0
532432,529.2,217,14911.0
532433,76.32000000000001,72,18135.0
532434,171.45000000000002,139,16531.0
532435,209.92,112,17076.0
532436,115.80000000000001,49,12791.0
532437,215.22,246,18007.0
532438,182.08,118,18022.0
532440,170.3,34,14994.0
532443,690.79,535,12360.0
532445,187.3,58,17772.0
532449,1336.35,611,15476.0
532452,23.6,8,15476.0
532470,665.7,307,12647.0
532475,50.4,48,15681.0
532478,79.86,78,15681.0
532482,59.92,8,15681.0
532486,453.1,288,12474.0
532494,231.10999999999999,136,14082.0
532512,284.3,650,12971.0
532541,100.80000000000001,48,15587.0
532542,285.0,76,14735.0
532543,63.6,8,14735.0
532544,249.58,370,13309.0
532545,89.65,43,15566.0
532546,286.68,208,13931.0
532547,12.600000000000001,6,13931.0
532548,251.72,242,17210.0
532549,118.65,58,14527.0
532550,12.600000000000001,6,14194.0
532551,499.98,205,14194.0
532553,317.4,116,15385.0
532554,460.65999999999997,322,15983.0
532555,305.0,68,17311.0
532556,271.27,261,12576.0
532557,559.93,280,13032.0
532558,340.1,138,13693.0
532559,472.5,162,16199.0
532560,534.0,168,16013.0
532562,161.6,54,15021.0
532563,101.4,84,14820.0
532564,379.6,176,17685.0
532565,442.59000000000003,205,17004.0
532566,637.94,351,14911.0
532567,298.85,111,15965.0
532568,130.35,87,12734.0
532569,104.12,62,13293.0
532570,285.85,55,16241.0
532571,414.48,150,17006.0
532572,159.86,109,18116.0
532573,291.79,161,16186.0
532574,184.66,98,17803.0
532575,15.299999999999999,6,16186.0
532576,176.7,154,
532577,312.76,219,16727.0
532578,106.05,131,17984.0
532579,125.94,44,14450.0
532580,144.6,34,15311.0
532581,359.24,1034,15061.0
532582,5398.24,2152,15061.0
532584,280.32,224,15061.0
532585,1084.6200000000001,589,15061.0
532587,289.58,128,15024.0
532588,90.0,72,15061.0
532589,444.5,70,15061.0
532590,202.5,30,15061.0
532591,732.0,232,16019.0
532592,135.0,20,15061.0
532593,538.4,226,13961.0
532594,308.70000000000005,166,15498.0
532595,180.51,80,14690.0
532598,16.35,3,14597.0
532599,441.88,138,13576.0
532606,395.32,209,16010.0
532607,761.6,368,16303.0
532608,0.5,1,
532609,300.22,190,18075.0
532610,96.45,21,14915.0
532611,0.0,2,
532612,284.24,302,13601.0
532613,4008.59,732,
532614,435.85,49,
532615,287.21999999999997,42,
532616,586.66,66,
532617,748.4,101,
532618,530.11,80,
532626,549.87,307,12779.0
532629,643.71,539,15179.0
532634,317.73,291,14597.0
532635,1250.45,770,15856.0
532636,509.9,237,12635.0
532637,15.0,1,13174.0
532638,158.96,166,18025.0
532639,338.68,136,14732.0
532641,162.82,102,13723.0
532642,3869.0,1019,
532643,612.0,72,13090.0
532644,4.25,1,
532646,100.45,35,16444.0
532647,284.5,120,17243.0
532648,264.0,2400,14609.0
532649,17.9,2,16444.0
532650,311.87,45,13854.0
532651,188.67000000000002,58,15569.0
532652,84.60000000000001,24,18063.0
532653,318.04,88,14024.0
532654,237.84,264,17300.0
532655,307.43,155,15708.0
532656,330.88,504,
532657,372.0,135,14562.0
532658,163.2,64,14987.0
532659,279.44,134,16121.0
532660,395.17,131,17377.0
532661,246.75,111,13545.0
532662,367.05,213,16601.0
532663,1343.9,528,14936.0
532664,132.83,69,13684.0
532665,241.3,85,14052.0
532666,173.35,73,15356.0
532667,164.87,97,16121.0
532668,176.1,62,12841.0
532669,325.08,151,
532670,157.63,141,16687.0
532671,590.2,307,16923.0
532672,309.16,138,17495.0
532673,172.25,67,15038.0
532674,178.74,94,
532675,181.05,84,
532677,1253.3700000000001,441,15615.0
532678,344.0,228,15203.0
532679,301.11,173,16960.0
532680,611.29,475,15547.0
532681,177.25,83,17561.0
532682,171.58,107,15512.0
532692,154.5,58,14807.0
532699,207.71,108,16950.0
532711,269.1,88,17504.0
532719,481.3,190,15269.0
532723,333.82,222,13167.0
532725,690.49,410,16983.0
532738,280.94,79,13668.0
532741,511.0,164,14882.0
532745,112.45,31,16593.0
532746,588.11,325,13384.0
532747,171.4,50,12923.0
532748,252.5,38,16074.0
532749,1370.16,996,13081.0
532750,333.3,158,16416.0
532751,50.400000000000006,24,13081.0
532752,327.99,155,15058.0
532753,144.0,80,17420.0
532754,237.9,88,17288.0
532755,431.81,221,17288.0
532756,839.36,408,14769.0
532757,140.49,57,17288.0
532758,463.81,371,13758.0
532759,242.04999999999998,120,15856.0
532760,54.6,20,14224.0
532761,244.19,228,16861.0
532762,421.8,194,17858.0
532763,138.81,35,12748.0
532764,228.52,184,14684.0
532794,82.65,15,17497.0
532795,201.15,38,12591.0
532796,307.45,159,14854.0
532798,705.62,342,17544.0
532799,279.0,207,14599.0
532800,33.9,2,15283.0
532801,800.61,469,17802.0
532802,119.57000000000001,85,17255.0
532803,166.6,24,17544.0
532804,252.44,184,16719.0
532805,72.6,44,17544.0
532806,180.78,92,15452.0
532807,496.5,220,17841.0
532808,298.04,114,15532.0
532809,243.89000000000001,175,12748.0
532810,402.32,223,17545.0
532811,308.67,107,15606.0
532812,25.42,10,17545.0
532813,383.33,209,18221.0
532814,233.37,119,15189.0
532815,75.6,72,14559.0
532816,321.91,123,15726.0
532817,835.52,566,14493.0
532818,43.44,16,12748.0
532819,504.58,256,13230.0
532821,578.14,436,14382.0
532822,1122.48,504,18102.0
532823,2716.34,1608,16126.0
532824,268.5,213,16620.0
532825,66.15,45,12971.0
532826,3675.39,983,
532827,79.14,94,18044.0
532828,159.94,126,14784.0
532829,3092.4,1848,15769.0
532831,0.0,24,
532832,0.0,16,
532833,0.0,9,
532834,0.0,4,
532835,0.0,1,
532836,0.0,2,
532837,0.0,1,
532838,0.0,1,
532839,0.0,1,
532840,0.0,1,
532841,0.0,1,
532842,0.0,16,
532844,241.7,96,14585.0
532845,0.0,10,
532846,269.15000000000003,117,15311.0
532849,507.6,121,14944.0
532850,171.1,140,17811.0
532851,6.75,1,17696.0
532853,2442.0,696,12939.0
532855,0.0,22,
532856,128.6,80,14467.0
532871,246.9,88,16033.0
532892,324.81,265,15601.0
532896,164.18,72,13582.0
532901,684.4200000000001,425,15218.0
532905,274.29,103,17811.0
532935,669.25,227,16314.0
532950,329.62,164,16700.0
532951,83.0,20,16700.0
532952,70.6,37,12376.0
532953,4747.75,941,
532954,49.0,18,17139.0
532955,1140.15,352,17139.0
532956,1185.1799999999998,630,17389.0
532957,140.75,29,13262.0
532959,306.82,336,13141.0
532960,121.67999999999999,72,17389.0
532961,1452.3,696,12471.0
532962,68.0,8,12471.0
532963,344.16,169,16710.0
532964,1008.34,325,15493.0
532965,326.22,216,15466.0
532966,213.2,119,14606.0
532968,320.01,195,16350.0
532969,252.88,130,17992.0
532971,166.05,67,16935.0
532972,153.05,72,17757.0
532973,156.62,144,14104.0
532974,144.9,80,17138.0
532975,252.0,14,12471.0
532976,152.15,64,16919.0
532977,216.23,154,16385.0
532978,258.65,178,14526.0
532979,207.09,144,17346.0
532980,346.73,239,13862.0
532981,261.06,78,12991.0
532982,110.5,28,18225.0
532983,924.07,397,14911.0
532984,152.2,24,14911.0
532985,402.59999999999997,234,12733.0
532986,250.2,106,17799.0
532988,33.8,4,16350.0
532989,462.97,261,14451.0
532990,481.58,153,17106.0
532991,282.12,180,13094.0
532992,83.85,23,13491.0
532993,3751.7,2135,14156.0
532994,357.15,135,16933.0
532995,276.27,109,14395.0
532996,17.0,4,16933.0
532997,81.5,26,16686.0
532998,504.0,192,13049.0
532999,286.72,162,13900.0
533000,322.81,276,16686.0
533001,364.40000000000003,138,17633.0
533003,222.20000000000002,189,16399.0
533004,395.53,137,17231.0
533005,98.1,38,16725.0
533006,195.70000000000002,104,14157.0
533007,50.9,22,16725.0
533008,3.9,2,17968.0
533009,1228.8000000000002,888,16191.0
533010,550.45,251,13985.0
533012,398.5,196,18219.0
533013,150.6,116,14358.0
533022,134.43,54,12970.0
533025,326.61,191,15596.0
533026,271.77,153,15311.0
533027,49844.990000000005,13387,
533028,569.9,82,
533029,1089.93,415,17706.0
533038,156.75,41,14065.0
533041,132.12,90,12748.0
533047,1089.24,612,16191.0
533053,641.4,280,12836.0
533057,72.47999999999999,66,17170.0
533058,75.60000000000001,36,17740.0
533059,186.60000000000002,36,16103.0
533060,325.44,96,16087.0
533061,0.0,1,
533062,0.0,6,
533063,218.1,140,16407.0
533064,479.09,261,17364.0
533065,3108.89,836,
533066,243.35,97,15164.0
533067,911.12,706,17284.0
533069,239.93,141,16161.0
533070,475.95,129,13148.0
533071,30.0,24,13148.0
533072,35.62,18,13148.0
533073,26.25,5,17889.0
533074,2561.94,2392,14298.0
533075,616.25,425,18084.0
533076,141.6,64,14147.0
533077,142.9,30,14147.0
533078,765.9,323,12524.0
533079,235.25,93,16602.0
533080,849.0699999999999,455,14189.0
533082,143.55,42,17894.0
533083,749.8,246,13097.0
533084,171.06,112,17080.0
533085,111.89,63,17994.0
533086,96.9,22,15960.0
533087,204.0,36,18065.0
533088,11229.99,3878,12357.0
533089,44.9,2,18065.0
533091,408.25,175,14907.0
533092,360.86,438,13963.0
533093,268.84,166,16817.0
533094,548.64,144,14984.0
533095,164.39,433,12748.0
533096,666.57,372,14911.0
533097,288.8,106,16008.0
533098,403.79999999999995,104,16839.0
533101,271.0,200,12843.0
533102,192.27,120,17897.0
533103,192.9,103,17968.0
533104,417.8,214,12616.0
533105,17.700000000000003,6,16186.0
533106,710.1,480,16083.0
533110,175.2,16,15093.0
533112,177.1,105,15311.0
533113,163.11,108,17852.0
533114,419.22,324,14675.0
533115,412.54,402,14655.0
533116,0.0,14,
533118,0.0,4,
533119,0.0,4,
533120,4604.38,2350,14156.0
533121,0.0,144,
533123,247.86,130,18154.0
533127,355.15000000000003,249,13611.0
533128,242.49,75,18236.0
533130,128.3,66,15235.0
533131,48.75,5,15235.0
533132,218.63000000000002,188,15235.0
533133,410.24,832,15850.0
533134,825.94,324,16717.0
533135,39.35,5,16717.0
533136,1792.81,1645,17203.0
533137,72.37,38,17203.0
533138,439.6,274,12748.0
533139,76.03999999999999,29,17203.0
533140,404.55,247,15968.0
533141,62.79,39,17203.0
533142,151.08,180,17689.0
533143,1055.0,408,12766.0
533144,389.3,172,12567.0
533145,5163.04,942,
533146,281.7,70,18087.0
533147,197.20000000000002,80,14735.0
533148,462.08,820,13624.0
533149,185.76,107,13571.0
533152,327.78,164,15005.0
533154,1322.33,695,13458.0
533156,188.25,82,15434.0
533158,298.18,128,14550.0
533160,499.9,372,14869.0
533161,525.97,227,16347.0
533162,850.0,1,12357.0
533186,87.92,50,17122.0
533187,500.28,165,16782.0
533188,301.45,117,17629.0
533206,112.8,40,12971.0
533211,553.2,536,14101.0
533254,306.0,72,15299.0
533262,302.40000000000003,144,14306.0
533266,127.96,113,12775.0
533278,418.62,490,13439.0
533280,3924.42,3570,15523.0
533281,239.45999999999998,258,13789.0
533288,700.89,245,13564.0
533289,325.0,120,13643.0
533290,818.89,403,14911.0
533291,394.75,109,12747.0
533292,804.1,922,14744.0
533293,309.68,394,16145.0
533294,1547.52,1072,13081.0
533295,119.92,144,15161.0
533299,398.34,268,16961.0
533300,488.88,168,16722.0
533301,1267.53,710,15811.0
533302,359.1,160,14913.0
533311,221.88,119,16904.0
533313,598.64,137,13300.0
533314,307.12,208,13158.0
533315,450.14,197,12613.0
533316,876.36,312,14113.0
533318,718.44,628,14828.0
533320,214.35,481,13795.0
533325,572.02,286,13798.0
533326,293.74,218,14192.0
533328,65.70000000000002,24,17572.0
533330,418.24,250,13078.0
533333,477.5,262,16748.0
533336,1552.23,1062,12714.0
533337,316.1,116,16829.0
533338,3906.83,987,
533339,314.4,128,14206.0
533340,118.2,28,18061.0
533341,170.45000000000002,35,14947.0
533342,305.04,171,17490.0
533343,361.31,245,15194.0
533344,20.0,1,
533345,75.6,72,17615.0
533346,110.7,180,18256.0
533348,3981.99,989,
533349,60.67999999999999,16,14560.0
533350,107.42,132,14282.0
533351,303.18,438,14776.0
533352,646.0,280,14646.0
533353,369.90000000000003,122,13767.0
533354,95.4,12,13767.0
533355,7611.82,4978,14646.0
533356,55.800000000000004,16,16168.0
533357,304.55,155,16206.0
533358,643.0,128,13237.0
533359,5.9,2,12755.0
533360,495.94,75,
533361,2.95,1,12755.0
533362,694.6,1092,16422.0
533363,628.51,74,
533364,606.14,78,
533365,234.18,136,17365.0
533366,385.02,244,13004.0
533368,1109.24,448,15874.0
533369,177.5,90,16835.0
533370,755.0,3,15874.0
533372,452.68,200,15874.0
533373,479.8,212,12921.0
533374,875.81,487,14049.0
533375,188.9,199,14049.0
533376,754.7,338,15640.0
533379,111.97,97,14049.0
533380,223.22,99,17965.0
533381,524.65,543,14417.0
533396,278.7,78,13013.0
533405,43.2,20,16668.0
533409,25.200000000000003,12,13013.0
533423,765.59,495,16386.0
533444,464.28000000000003,372,12423.0
533446,75.9,26,13403.0
533447,559.95,119,17287.0
533448,457.88000000000005,208,18260.0
533449,165.57,55,14312.0
533452,767.8000000000001,244,16258.0
533457,190.4,32,17929.0
533458,231.42,121,16006.0
533459,813.5,274,15144.0
533460,725.88,334,15039.0
533461,645.88,276,14515.0
533462,252.79,245,17349.0
533463,87.6,96,13549.0
533466,883.54,466,18223.0
533468,27.0,4,14515.0
533469,195.04,118,16016.0
533471,160.0,102,15184.0
533472,765.36,624,12847.0
533473,300.24,168,18172.0
533474,214.9,105,12838.0
533475,142.8,29,18109.0
533476,371.0,106,16770.0
533477,129.05,52,18101.0
533478,156.34,330,15402.0
533479,180.0,250,17200.0
533480,11.65,3,17200.0
533481,237.98000000000002,205,14829.0
533482,174.44,120,14829.0
533483,322.25,107,15498.0
533484,1411.3600000000001,520,14299.0
533485,170.5,74,14811.0
533486,194.2,123,16059.0
533487,456.40000000000003,194,13593.0
533488,301.3,132,13875.0
533489,197.5,129,14966.0
533490,321.24,439,16224.0
533491,48.79,19,15581.0
533492,115.55000000000001,33,18044.0
533495,171.81,131,15515.0
533496,641.0600000000001,553,17768.0
533498,206.60000000000002,232,17418.0
533499,287.25,115,15428.0
533500,163.3,166,15727.0
533501,139.09,109,15862.0
533502,203.45,63,13728.0
533503,548.36,313,17449.0
533504,133.25,51,13964.0
533505,329.3,201,12890.0
533506,336.36,246,14152.0
533507,18.6,4,14152.0
533508,405.0,60,17018.0
533509,751.15,303,13198.0
533510,283.48,236,17987.0
533511,140.66,94,15882.0
533516,2318.27,1441,16684.0
533517,9.55,5,
533521,188.22,114,13512.0
533525,101.16,60,18195.0
533528,500.19100000000003,284,15750.0
533529,312.75,137,15652.0
533530,437.40999999999997,781,16634.0
533531,100.80000000000001,20,16992.0
533532,42.6,24,18172.0
533533,211.92,248,18172.0
533534,315.0,160,17239.0
533535,104.49000000000001,16,13610.0
533538,208.20000000000002,60,14681.0
533539,197.5,74,16558.0
533540,351.2,240,13870.0
533541,399.9,62,15100.0
533542,260.09999999999997,102,17310.0
533543,198.59,343,17639.0
533544,38.95,15,17639.0
533545,538.3499999999999,101,15649.0
533546,299.82,238,16823.0
533547,1006.36,778,16409.0
533548,311.16,338,12726.0
533549,134.35,75,14606.0
533550,333.13,115,17995.0
533551,190.53,102,17576.0
533553,114.15,48,15581.0
533554,352.78000000000003,295,13605.0
533555,386.4,34,12709.0
533556,516.6,192,17675.0
533557,170.70000000000002,10,16915.0
533558,285.37,167,17732.0
533560,228.7,98,18062.0
533561,655.64,291,16265.0
533562,371.1,114,18066.0
533563,130.2,68,13203.0
533565,29.849999999999998,3,17365.0
533568,346.07,282,14032.0
533569,240.48,163,14796.0
533570,377.06000000000006,256,14631.0
533571,175.8,60,16250.0
533572,448.04,244,15810.0
533573,837.62,669,15757.0
533574,117.6,34,15659.0
533575,146.01,113,17430.0
533576,695.17,313,15482.0
533577,1422.95,484,17377.0
533578,174.9,54,16905.0
533579,513.16,100,18229.0
533580,244.51,159,17238.0
533581,179.05,90,16445.0
533582,11.9,2,16445.0
533583,195.0,100,14405.0
533584,230.12,132,13102.0
533585,190.20000000000002,40,14527.0
533586,153.4,72,13117.0
533588,803.9999999999999,240,13089.0
533589,302.04,152,17411.0
533591,403.92,187,16554.0
533592,189.93,175,14446.0
533593,382.20000000000005,216,12951.0
533594,122.81,74,17776.0
533595,1070.63,660,14911.0
533596,360.0,202,14646.0
533597,467.94,189,15353.0
533598,111.5,70,17811.0
533599,200.5,50,18055.0
533624,556.12,218,12709.0
533625,662.4000000000001,192,13864.0
533644,158.69,113,15024.0
533647,264.85,75,14040.0
533658,295.13,189,14614.0
533661,458.28,511,13665.0
533670,123.2,36,17235.0
533679,312.01,83,13319.0
533691,273.31,249,17355.0
533700,558.0,360,13970.0
533711,347.0,204,13408.0
533717,933.77,383,13137.0
533730,180.34,149,17884.0
533731,307.25,85,15071.0
533733,120.4,104,16218.0
533734,660.71,291,17428.0
533735,129.04,72,15953.0
533736,108.84,39,16089.0
533737,4235.04,1048,
533738,127.0,60,16973.0
533739,304.56,120,13090.0
533740,3466.4,886,
533741,833.33,575,15034.0
533750,1050.47,913,15571.0
533754,565.03,221,17659.0
533755,246.48000000000002,130,15571.0
533756,71.64999999999999,35,14051.0
533757,1331.0400000000002,208,12980.0
533759,688.4,434,14911.0
533760,116.4,44,17460.0
533761,519.46,220,17841.0
533762,7.550000000000001,4,
533763,800.1,302,12621.0
533764,339.59999999999997,112,12921.0
533765,176.40000000000003,84,15434.0
533766,1128.0,600,15061.0
533767,1034.76,848,18225.0
533769,128.45,35,17089.0
533770,0.0,4,
533771,283.39,78,17315.0
533772,0.0,8,
533773,78.9,47,
533776,123.3,86,15107.0
533777,16.35,4,
533779,432.94,274,17419.0
533780,18.01,21,
533781,403.38,342,13996.0
533782,479.51,333,14388.0
533783,365.82,225,18160.0
533784,164.28,90,13984.0
533785,464.75,329,17421.0
533786,565.74,378,17193.0
533787,3.9,2,
533788,143.95,65,13305.0
533789,4.95,1,
533790,314.3,261,13329.0
533791,365.3,98,15422.0
533792,169.23,121,16588.0
533793,191.19,189,15841.0
533794,163.18,50,16907.0
533795,370.0,174,17735.0
533796,227.15,85,17868.0
533797,350.3,285,13329.0
533798,339.75,209,13004.0
533799,686.79,472,12759.0
533800,160.93,69,16261.0
533803,510.25,287,13969.0
533804,7.8,4,
533805,65.34,30,17532.0
533806,78.75,41,16080.0
533815,314.20000000000005,271,12399.0
533816,302.6,177,14932.0
533818,853.86,373,12629.0
533819,405.58000000000004,246,17001.0
533820,2977.73,1191,13093.0
533821,759.18,334,12562.0
533822,539.4,170,12647.0
533824,268.0,2,12739.0
533825,34.0,2,12605.0
533826,180.1,23,12419.0
533827,538.64,181,12670.0
533828,423.0,181,13317.0
533829,135.78,138,17683.0
533830,12.600000000000001,6,15182.0
533831,44.35,5,15182.0
533832,296.40000000000003,86,15182.0
533835,88.5,30,15971.0
533836,241.6,126,13141.0
533837,421.20000000000005,224,18097.0
533838,159.7,52,13662.0
533839,44.550000000000004,9,13662.0
533841,491.81,314,17269.0
533842,112.65,67,14723.0
533849,551.5,374,15805.0
533860,300.37,200,14813.0
533862,620.1600000000001,1632,15838.0
533877,867.3,483,16161.0
533879,103.34,53,12748.0
533880,454.20000000000005,132,18259.0
533885,126.52,110,12748.0
533894,0.0,9,
533895,0.0,6,
533896,786.08,354,16279.0
533898,336.35,149,15129.0
533904,286.39,168,16936.0
533906,186.9,42,17360.0
533915,149.15,68,16393.0
533920,210.44,111,17360.0
533934,114.71000000000001,70,17864.0
533947,207.22,73,17862.0
533948,116.22999999999999,58,17346.0
533949,378.48,176,12553.0
533950,76.15,33,14217.0
533951,167.8,116,16814.0
533952,1825.08,1145,12643.0
533953,1050.76,560,13756.0
533954,172.8,159,16599.0
533955,308.69,143,17756.0
533956,238.11,272,12682.0
533957,234.19,180,16885.0
533959,1040.0,508,12921.0
533960,163.6,24,17241.0
533961,123.24,65,16010.0
533962,358.28999999999996,307,16535.0
533963,9.58,10,16010.0
533964,677.25,87,
533965,792.49,88,
533966,971.15,135,
533967,346.94,158,13156.0
533968,227.43,111,13884.0
533969,237.19,103,18022.0
533971,14.75,5,12755.0
533972,943.06,480,12408.0
533973,791.01,407,15421.0
533974,177.34,144,15483.0
533975,431.4,102,15465.0
533976,12.620000000000001,6,
533977,285.55,207,15311.0
533978,740.0,350,12583.0
533979,266.8,120,17433.0
533980,126.35000000000001,53,17386.0
533981,540.04,520,18035.0
533982,540.0,120,17861.0
533983,6.3,30,18035.0
533984,306.0,120,13297.0
533986,280.76,161,18036.0
533987,170.20000000000002,52,14911.0
533988,29.7,10,18036.0
533989,643.62,366,13408.0
533990,178.95000000000002,39,14209.0
533991,30.0,24,13408.0
533996,1563.65,693,17865.0
533999,437.37,299,16228.0
534002,461.73,167,17735.0
534003,717.63,370,17589.0
534006,4742.33,915,
534008,556.36,274,12978.0
534011,622.56,558,17873.0
534020,107.01,79,15846.0
534021,212.7,87,17412.0
534028,416.52000000000004,216,13434.0
534030,605.4,421,12721.0
534032,8.4,2,
534033,459.15999999999997,251,12874.0
534034,616.02,814,16422.0
534035,885.33,619,13124.0
534036,672.0,1680,13027.0
534037,224.51,289,16346.0
534038,602.95,187,
534039,79.2,16,14616.0
534040,22.5,6,17659.0
534041,418.87,467,17648.0
534044,2.1,1,12748.0
534046,100.91000000000001,62,17493.0
534047,124.86999999999999,101,17432.0
534048,1190.3999999999999,192,13089.0
534049,836.08,496,12578.0
534050,332.61,147,17243.0
534051,353.23,119,17335.0
534052,28.0,14,12748.0
534053,116.15,58,16010.0
534054,494.40000000000003,267,16746.0
534055,553.2,264,14961.0
534056,100.2,68,15561.0
534057,302.58,206,17548.0
534058,125.30000000000001,46,14911.0
534059,229.55,70,17796.0
534060,236.0,20,14180.0
534061,1277.6200000000001,474,12967.0
534062,227.35,84,16326.0
534064,224.5,135,16768.0
534065,222.4,100,12887.0
534066,371.57,213,17920.0
534067,119.34,72,16466.0
534068,233.84,124,12728.0
534069,68.55000000000001,13,15611.0
534070,412.35,171,17540.0
534071,378.5,106,16934.0
534072,127.5,10,15885.0
534073,121.65,87,13873.0
534083,540.6,346,13668.0
534091,358.56,218,14499.0
534108,61.5,10,13275.0
534109,466.3,164,14293.0
534111,130.8,24,14293.0
534112,145.89000000000001,93,16792.0
534114,779.62,372,17769.0
534141,511.99,285,16791.0
534143,225.05,64,14911.0
534154,454.58,303,16007.0
534155,292.2,121,17618.0
534156,322.53000000000003,108,14156.0
534157,230.88,212,15860.0
534158,299.64,173,13988.0
534160,147.27,51,12858.0
534161,306.85,105,17096.0
534162,383.96999999999997,192,15155.0
534163,317.01,306,14512.0
534164,736.06,394,16241.0
534165,205.02,129,16411.0
534166,490.49,301,17702.0
534167,347.55,185,16979.0
534168,549.8100000000001,460,16367.0
534169,312.55,139,12724.0
534170,114.1,71,17275.0
534171,644.9,381,13786.0
534172,1113.3799999999999,1172,14800.0
534173,87.0,36,17680.0
534174,126.11,83,12573.0
534175,167.85,80,17322.0
534176,108.9,368,17244.0
534177,278.85,143,12872.0
534178,155.19,99,17244.0
534179,311.14,68,13484.0
534180,225.61,161,14895.0
534181,346.4,279,17244.0
534182,194.45000000000002,88,17706.0
534183,248.75,65,12705.0
534184,579.4,331,12705.0
534185,382.91,192,16726.0
534186,186.1,98,16946.0
534187,1191.23,628,16501.0
534188,716.32,407,17085.0
534189,3.75,1,12748.0
534190,330.35,145,12807.0
534191,176.9,76,17036.0
534192,85.9,74,13213.0
534193,197.5,63,15519.0
534194,271.77,170,13069.0
534195,268.2,234,17696.0
534196,234.5,90,17921.0
534197,72.2,50,16050.0
534198,163.45,93,15312.0
534200,431.95000000000005,221,15350.0
534201,342.55,430,13550.0
534202,233.0,180,14282.0
534203,175.9,68,14583.0
534204,311.1,128,15634.0
534205,170.32,153,15579.0
534208,88.5,18,18084.0
534209,2146.31,1393,14146.0
534210,470.57,254,18069.0
534211,302.25,135,13050.0
534212,4.949999999999999,3,13069.0
534213,362.09,230,16710.0
534214,347.2,118,16619.0
534215,156.53,105,16600.0
534216,390.56,239,14606.0
534217,680.8,232,13658.0
534218,233.97,106,17402.0
534219,353.48,231,13230.0
534220,222.88,196,15114.0
534221,374.92,176,16049.0
534222,842.0,328,14134.0
534223,199.3,110,13577.0
534224,303.15000000000003,57,15377.0
534225,303.45000000000005,51,15377.0
534227,529.1,213,14756.0
534228,147.45,101,18210.0
534229,94.2,55,17696.0
534230,263.22,134,16156.0
534232,641.52,520,17782.0
534233,225.2,61,14911.0
534234,222.39999999999998,80,16905.0
534235,439.33000000000004,155,13086.0
534236,154.9,90,13936.0
534237,166.2,100,13748.0
534238,515.83,581,17730.0
534239,222.75,111,17251.0
534240,396.84000000000003,324,17491.0
534242,165.0,100,17029.0
534244,472.05,115,16972.0
534257,202.85,69,14419.0
534270,37.5,18,17782.0
534279,360.48,131,13426.0
534285,309.5,124,16424.0
534289,4042.23,975,
534305,45.0,12,17491.0
534319,3717.83,933,
534321,807.85,369,15039.0
534327,241.42,135,16005.0
534346,381.5,187,18287.0
534347,389.27,212,15024.0
534361,295.09000000000003,158,16252.0
534362,469.92,298,16200.0
534364,1876.51,1104,12681.0
534366,172.8,120,16043.0
534368,352.44,320,12841.0
534371,155.85,140,15525.0
534373,0.0,60,
534374,58.0,40,17730.0
534375,663.8,178,14134.0
534376,172.2,60,16430.0
534377,96.79,24,16725.0
534378,861.41,310,14461.0
534379,368.07,235,14646.0
534380,140.62,96,17238.0
534381,30.0,2,14646.0
534382,321.57,179,14585.0
534383,360.31,100,14527.0
534384,292.65,175,18145.0
534385,323.7,126,16083.0
534387,495.74,364,12649.0
534388,209.17,118,14994.0
534389,3650.42,964,
534390,0.0,1,
534391,213.05,131,15169.0
534392,608.7,270,12633.0
534393,600.0,192,16013.0
534394,177.93,115,13571.0
534395,864.0,960,16013.0
534396,2005.68,716,15497.0
534397,665.17,416,16008.0
534398,135.0,48,13889.0
534399,313.0,116,15570.0
534400,92.75,25,12843.0
534401,420.75,307,16765.0
534402,327.21000000000004,419,14825.0
534403,737.04,419,14649.0
534404,298.81,178,14048.0
534405,238.72000000000003,82,17690.0
534406,39.95,1,14048.0
534407,172.6,78,16011.0
534409,164.96,80,16996.0
534410,1109.75,691,16812.0
534411,205.3,74,16209.0
534412,262.35,115,17757.0
534413,302.1,78,18144.0
534414,167.64,58,15590.0
534429,20.55,5,
534432,163.15,102,18283.0
534438,165.22,88,17894.0
534439,100.57000000000001,44,16221.0
534440,305.7,140,15133.0
534441,319.91,159,13643.0
534443,314.96,236,14327.0
534444,344.1,300,14478.0
534445,32.199999999999996,16,18283.0
534446,284.21,195,15602.0
534447,733.85,299,12949.0
534448,114.75,29,16373.0
534449,260.31,91,17179.0
534450,513.05,351,12393.0
534451,497.79999999999995,244,16239.0
534452,86.25,15,17995.0
534453,273.95,177,17713.0
534454,23.8,4,17655.0
534455,272.74,149,13546.0
534456,408.0,240,14282.0
534457,139.2,96,14926.0
534458,318.6,276,14057.0
534459,3891.06,939,
534460,150.0,48,15261.0
534461,100.80000000000001,48,16935.0
534462,132.65,29,13651.0
534464,186.3,100,15986.0
534465,113.35,13,16821.0
534466,628.51,389,13269.0
534467,68.4,18,13269.0
534468,1634.4,848,17044.0
534469,86.39999999999999,120,17044.0
534470,196.7,82,18006.0
534471,292.82,160,17422.0
534472,109.67,135,17126.0
534473,317.5,177,15730.0
534474,171.6,88,13199.0
534486,0.0,23,
534489,302.95,137,12880.0
534490,0.0,3,
534497,312.0,265,17811.0
534499,186.05,73,17372.0
534500,392.31,283,17290.0
534501,1755.39,554,18055.0
534504,713.85,250,14555.0
534505,887.3999999999999,348,17870.0
534506,728.3199999999999,550,12849.0
534507,531.45,259,17841.0
534508,213.08,112,17458.0
534509,33.9,2,18055.0
534510,574.15,259,17237.0
534511,547.9,168,17071.0
534512,372.53999999999996,386,14679.0
534513,224.75,65,17975.0
534515,100.0,1,17570.0
534516,129.57,93,15235.0
534517,768.9,333,16229.0
534518,203.4,83,16155.0
534521,235.87,176,17872.0
534524,31.1,8,16155.0
534526,1108.88,840,15384.0
534531,236.95000000000002,126,17227.0
534539,147.9,42,17098.0
534543,137.70000000000002,48,13602.0
534555,761.3,414,17508.0
534563,112.57,21,18203.0
534569,443.6,254,12805.0
534579,241.35,93,14606.0
534583,438.75,85,15291.0
534605,247.47,100,15311.0
534623,396.44,310,15506.0
534630,151.96,64,13569.0
534631,314.29,126,18047.0
534633,113.28,146,12573.0
534635,456.5,198,16938.0
534637,494.34999999999997,197,14987.0
534640,2646.7000000000003,1306,13089.0
534643,34.8,24,13089.0
534644,17.4,12,13089.0
534645,398.28,274,15719.0
534646,11.8,4,18047.0
534648,659.46,142,16019.0
534649,215.65,86,16775.0
534650,179.56,56,14176.0
534651,132.55,99,17974.0
534652,298.96,137,14170.0
534653,193.60000000000002,112,12897.0
534654,32.15,11,
534655,426.71,147,17165.0
534656,1059.41,570,13869.0
534657,350.99,111,14252.0
534658,127.65,71,18118.0
534659,297.29,138,12434.0
534660,348.99,286,14849.0
534661,27.75,43,17309.0
534662,441.35,229,14898.0
534664,82.5,78,14849.0
534665,420.91999999999996,132,14051.0
534667,339.44,108,14911.0
534668,323.11,188,14911.0
534669,254.03,265,12577.0
534670,73.25,39,12577.0
534671,252.11,137,17766.0
534672,120.6,29,14177.0
534673,129.26,96,12748.0
534674,47.5,18,17766.0
534676,40.8,48,12748.0
534679,609.95,255,14755.0
534680,270.1,155,17442.0
534681,443.11,392,13451.0
534683,19.799999999999997,12,16430.0
534684,124.6,116,15134.0
534685,244.44000000000003,294,15864.0
534686,359.69,171,13181.0
534687,379.52,280,13077.0
534690,306.0,120,13211.0
534691,114.39,153,12971.0
534692,51.0,60,12971.0
534693,515.7,208,14332.0
534694,154.44,144,16531.0
534696,154.48,141,12599.0
534697,609.19,301,17700.0
534699,20.4,24,14798.0
534700,48.85,7,12889.0
534701,1699.07,649,15808.0
534702,30.300000000000004,12,14972.0
534703,200.19,114,12662.0
534704,969.16,278,16003.0
534705,661.2,270,16242.0
534706,8.5,1,16242.0
534707,525.5999999999999,48,13089.0
534708,694.12,276,13078.0
534709,4624.53,1076,
534710,183.89999999999998,118,16437.0
534711,583.39,337,16001.0
534712,514.55,67,14202.0
534713,296.35,123,17576.0
534714,333.97,240,15965.0
534715,409.98,126,17598.0
534716,3013.0,1812,16684.0
534718,319.75,145,13843.0
534719,1519.28,574,14154.0
534720,188.6,72,14154.0
534721,223.6,176,15660.0
534722,308.49,199,13468.0
534723,259.35,87,17675.0
534724,304.95,107,15951.0
534726,175.2,16,14156.0
534728,447.24,152,15189.0
534730,209.49,143,16357.0
534735,3.9,2,
534737,657.73,297,15061.0
534738,587.24,326,12377.0
534739,356.1,187,16316.0
534740,159.72,166,13310.0
534741,390.0,600,12908.0
534742,326.74,414,17744.0
534743,112.05000000000001,38,17894.0
534744,411.63,298,14291.0
534745,85.0,10,14291.0
534746,443.28,180,17504.0
534747,0.0,2,
534748,0.0,16,
534749,167.66,322,14861.0
534750,9278.94,1744,
534751,826.81,100,
534752,1001.6,151,
534753,361.09000000000003,147,17990.0
534754,825.0799999999999,116,
534755,616.6,63,
534756,1097.36,147,
534758,417.59999999999997,288,12931.0
534759,163.2,64,17675.0
534760,720.0,1000,12931.0
534761,463.95000000000005,193,17377.0
534762,302.8,40,14543.0
534763,2612.89,1667,17511.0
534764,153.77,55,15173.0
534765,172.1,83,15555.0
534766,135.65,75,12868.0
534767,395.1,200,16125.0
534768,645.4000000000001,152,13767.0
534769,367.27,292,15358.0
534770,92.6,19,15358.0
534772,498.75,239,16717.0
534773,17.4,12,16717.0
534774,300.96,1584,15838.0
534775,300.65,107,17633.0
534776,325.44,96,13750.0
534777,350.4,32,15100.0
534779,63.35,23,12970.0
534780,0.95,1,12970.0
534783,2.5,2,14861.0
534786,214.49,62,15854.0
534788,387.5,127,16782.0
534793,2514.72,1328,13694.0
534794,353.69,205,15984.0
534796,5.85,3,
534797,147.19,61,16016.0
534799,305.45,151,14350.0
534800,520.1,383,17019.0
534801,747.26,468,14673.0
534802,408.0,96,12939.0
534804,347.9,255,12356.0
534805,279.44,136,18193.0
534807,262.42,211,14667.0
534808,169.99,75,14552.0
534809,164.05,139,14692.0
534810,1387.2,208,14045.0
534811,260.40000000000003,121,16931.0
534812,228.07,317,14458.0
534813,534.1,198,17069.0
534814,133.46,74,16794.0
534816,413.64,188,16839.0
534818,121.1,51,18116.0
534820,294.62,219,14988.0
534821,141.9,68,17069.0
534822,600.66,431,12970.0
534829,202.46,141,
534830,670.9,172,17315.0
534832,307.87,167,15279.0
534834,5.9,2,
534835,10.75,5,12970.0
534836,370.97,143,15984.0
534839,239.31,166,15889.0
534840,134.9,50,18109.0
534841,525.67,206,15572.0
534842,112.8,64,15262.0
534843,132.5,30,16292.0
534844,248.54999999999998,155,16409.0
534846,515.87,213,13823.0
534847,919.62,946,14646.0
534848,206.18,91,13623.0
534851,579.89,389,14409.0
534853,10.65,5,
534854,233.36,105,16065.0
534855,1.25,1,
534856,229.20000000000002,114,14868.0
534857,123.75,43,13663.0
534858,4.25,1,16065.0
534859,6203.01,1743,
534860,239.9,118,15271.0
534861,151.49,164,18076.0
534862,433.36,202,15194.0
534864,619.57,307,13495.0
534865,149.93,92,15356.0
534866,114.14999999999999,20,16085.0
534869,880.8,430,13952.0
534870,297.07,192,17601.0
534871,5.1,2,
534872,5.1,2,
534873,295.79999999999995,252,14060.0
534875,74.0,40,14060.0
534876,106.72,110,16699.0
534877,568.28,297,15471.0
534879,193.04999999999998,19,16489.0
534882,111.60000000000001,62,13686.0
534884,731.1,506,16422.0
534885,152.41,58,15509.0
534886,421.54,160,
534887,246.99,115,16903.0
534888,154.36,76,13854.0
534889,108.30000000000001,54,15030.0
534890,321.26,227,16204.0
534894,216.04,92,13554.0
534900,395.45,95,17402.0
534902,163.47,104,17349.0
534914,12.600000000000001,6,15476.0
534934,1089.5,434,12913.0
534935,121.10000000000001,68,17920.0
534943,126.30000000000001,90,16128.0
534944,151.6,60,14623.0
534946,320.05,271,17998.0
534948,335.26,156,15269.0
534956,111.4,84,13277.0
534959,309.18,234,13162.0
534980,66.8,40,13992.0
535014,388.20000000000005,162,14257.0
535016,437.35,229,14013.0
535017,282.71999999999997,120,13102.0
535018,888.47,605,17017.0
535019,154.8,96,17017.0
535037,985.2,466,13654.0
535039,20.21,39,
535040,335.02000000000004,156,14127.0
535041,145.01,124,15902.0
535066,185.20000000000002,54,12933.0
535077,148.05,31,14820.0
535078,334.75,325,16401.0
535079,77.8,76,15661.0
535080,695.8000000000001,332,13767.0
535081,211.8,76,16233.0
535082,256.55,115,16988.0
535083,121.49999999999999,10,14961.0
535084,266.86,206,14796.0
535085,593.0799999999999,399,12839.0
535086,130.65,243,14560.0
535088,300.37,139,17167.0
535089,575.6,288,13089.0
535090,765.72,392,13958.0
535091,669.59,337,14304.0
535092,305.08,162,13987.0
535094,297.07,157,16086.0
535095,186.1,430,15287.0
535096,297.0,76,15728.0
535097,560.72,324,16293.0
535100,272.2,100,14540.0
535101,200.39999999999998,104,13258.0
535102,219.43,417,17996.0
535103,324.45,99,13993.0
535104,15070.22,10014,16684.0
535105,120.0,3,12360.0
535106,300.4,37,17342.0
535107,1365.79,571,14680.0
535108,310.42,210,14963.0
535113,411.15,185,14709.0
535114,67.5,10,17633.0
535124,735.9000000000001,352,13851.0
535131,1429.9,641,14733.0
535139,167.13,73,15271.0
535173,595.6,100,13113.0
535181,615.8,516,15084.0
535182,151.54000000000002,50,14450.0
535187,439.59999999999997,88,18087.0
535192,279.6,136,13767.0
535195,384.62,144,14907.0
535196,25.200000000000003,12,14907.0
535204,61.199999999999996,48,12971.0
535215,203.16,126,16354.0
535221,402.58,182,12748.0
535227,489.6,192,15291.0
535228,1275.0,500,16013.0
535229,550.75,243,14625.0
535231,500.18,298,12910.0
535235,934.65,370,16709.0
535240,137.65,225,18025.0
535241,221.47,91,16515.0
535242,218.48,152,15311.0
535243,876.0,80,13089.0
535244,40.5,49,18025.0
535245,160.8,57,14527.0
535247,439.65000000000003,203,14824.0
535248,579.2,284,13319.0
535249,102.03,63,13319.0
535250,103.22,66,15987.0
535251,722.28,400,16570.0
535252,756.3599999999999,228,17457.0
535253,209.89000000000001,78,16874.0
535254,109.07,57,14721.0
535255,178.04,108,17720.0
535257,700.9200000000001,214,15044.0
535258,306.6,122,16612.0
535259,290.02,144,17068.0
535260,232.15,106,15021.0
535261,577.62,502,13798.0
535262,444.72,312,13798.0
535263,299.89,184,14710.0
535264,198.47,111,15020.0
535265,643.89,373,13381.0
535266,359.40999999999997,247,14159.0
535267,100.79,49,14487.0
535268,200.85,238,12841.0
535269,883.81,474,14597.0
535270,587.35,359,16126.0
535271,246.9,83,15967.0
535272,246.5,194,15495.0
535273,207.32999999999998,300,17989.0
535274,973.93,599,14415.0
535275,321.8,76,16711.0
535277,72.0,100,14680.0
535278,126.66,98,14431.0
535282,265.05,149,14099.0
535283,662.77,419,14443.0
535285,314.58,196,15755.0
535288,327.3,190,17640.0
535297,155.7,66,17882.0
535306,135.86,64,17882.0
535307,39.9,2,
535308,900.5000000000001,394,13102.0
535310,104.82,66,17920.0
535311,1301.76,384,12939.0
535312,129.19,52,13280.0
535313,379.95,247,15514.0
535314,302.45,195,13573.0
535315,190.95,93,13019.0
535316,234.05,97,16954.0
535317,178.9,94,16231.0
535318,173.25,79,13573.0
535319,990.37,557,13458.0
535320,206.8,40,15681.0
535321,1938.4,612,12385.0
535322,4312.8099999999995,1094,
535324,410.46000000000004,173,14482.0
535325,198.74,78,16558.0
535326,26.400000000000002,48,16043.0
535328,6.2,8,17888.0
535329,406.8,111,14608.0
535330,238.2,132,13534.0
535331,168.5,46,14496.0
535332,184.41,153,18161.0
535334,451.28999999999996,154,15961.0
535335,15.0,1,
535336,449.81,189,13626.0
535338,265.59,463,13911.0
535341,387.3,146,13995.0
535342,462.75,284,14627.0
535343,208.75,63,16812.0
535344,192.85,68,15266.0
535345,111.17,112,15936.0
535346,211.99,180,12961.0
535348,422.78000000000003,222,15051.0
535349,542.65,389,18245.0
535350,17.4,12,18245.0
535351,482.27000000000004,440,15785.0
535352,2.1,1,
535353,11.6,8,15785.0
535354,142.77,83,17556.0
535355,76.9,26,15422.0
535356,8.27,6,
535358,18.7,6,
535359,15.120000000000001,36,
535365,121.1,34,13824.0
535366,332.85,105,14264.0
535367,584.4,220,12863.0
535368,131.2,82,17080.0
535369,266.6,134,15712.0
535370,324.94,218,13394.0
535371,349.90000000000003,124,16042.0
535372,73.80000000000001,36,16042.0
535374,335.79,123,14766.0
535375,313.3,62,13090.0
535376,309.0,100,13115.0
535377,252.10000000000002,198,15144.0
535378,23.4,12,15144.0
535379,281.05,53,15796.0
535380,294.1,76,16062.0
535381,271.03,149,14713.0
535382,282.75,93,17921.0
535384,204.77,83,14702.0
535385,391.19,274,15518.0
535386,331.2,216,17612.0
535387,543.09,361,15210.0
535388,236.1,107,12811.0
535389,662.01,338,12681.0
535390,59.15,13,
535391,749.6500000000001,283,14156.0
535392,101.95,63,17790.0
535393,594.15,281,16812.0
535394,389.7,212,15347.0
535395,315.66,306,15793.0
535396,617.05,312,12540.0
535397,302.40000000000003,144,14306.0
535398,451.3,298,18031.0
535399,312.40000000000003,168,15550.0
535400,433.76000000000005,116,15550.0
535402,22.5,6,15550.0
535403,0.0,100,
535404,0.0,100,
535405,0.0,100,
535406,0.0,100,
535407,4786.59,1392,
535408,632.23,406,14934.0
535409,556.63,201,14507.0
535411,0.0,20,
535412,159.05,133,16899.0
535413,4713.26,922,
535414,164.47,66,18118.0
535415,426.0,326,16779.0
535416,172.15,97,14312.0
535417,364.55,101,14821.0
535418,374.43,149,17377.0
535419,1172.38,455,12668.0
535421,765.0799999999999,392,13555.0
535422,582.0,240,15638.0
535423,188.46,179,17283.0
535424,99.3,78,12651.0
535425,175.55,45,17796.0
535426,322.87,129,15024.0
535427,293.96,208,15872.0
535429,321.84000000000003,177,16138.0
535430,295.20000000000005,125,12594.0
535431,452.58,191,12474.0
535433,320.0,101,12483.0
535434,406.16,193,14911.0
535437,1018.5600000000001,336,15903.0
535449,182.62,108,17516.0
535457,183.4,81,15028.0
535463,276.5,145,12538.0
535464,148.07,67,17999.0
535465,606.25,361,16254.0
535466,755.15,446,16262.0
535467,82.25,29,15081.0
535468,88.19999999999999,68,16226.0
535469,4.25,1,
535470,64.19999999999999,60,12971.0
535471,317.05,247,17952.0
535472,871.58,433,12637.0
535473,111.3,49,17952.0
535474,15.0,1,16928.0
535475,128.15,149,17817.0
535476,541.6600000000001,264,12490.0
535477,25.55,13,17888.0
535478,112.47,42,17757.0
535485,908.97,136,
535487,1103.25,133,
535488,405.66,322,12976.0
535490,431.95,257,15301.0
535493,150.8,52,15301.0
535531,720.64,476,17841.0
535534,253.5,130,17031.0
535536,141.48,132,17548.0
535565,1192.8600000000001,478,18230.0
535571,390.83,187,16904.0
535573,83.4,28,16168.0
535576,712.09,359,12865.0
535582,10.5,5,16904.0
535583,124.65,53,16010.0
535584,149.05,39,14135.0
535585,355.0,94,18226.0
535586,738.86,466,12928.0
535587,99.25,31,13891.0
535588,198.79,147,15914.0
535589,7.2,2,15914.0
535590,333.79999999999995,287,17218.0
535591,338.4,168,16825.0
535592,505.53000000000003,251,15281.0
535593,739.77,261,13362.0
535594,94.80000000000001,164,17858.0
535615,962.0200000000001,354,15856.0
535633,182.64000000000001,168,14031.0
535639,329.91,97,17243.0
535641,507.59999999999997,143,15465.0
535642,94.17000000000002,75,14618.0
535644,199.95,75,17343.0
535645,172.95,159,15860.0
535646,237.0,77,15854.0
535647,184.15,95,15058.0
535648,106.47999999999999,48,15212.0
535650,148.9,154,15580.0
535652,185.58,106,13485.0
535653,25.2,24,13485.0
535654,167.89,65,17580.0
535655,202.93,71,15059.0
535656,173.06,115,16010.0
535657,13.98,1,14527.0
535658,169.70000000000002,26,13542.0
535659,323.52,552,16422.0
535660,215.0,64,17150.0
535661,490.62,1619,13069.0
535662,662.2,363,16782.0
535664,360.0,150,13884.0
535665,441.7,194,17085.0
535666,1428.21,686,12621.0
535667,229.21,146,16784.0
535668,168.98,84,15446.0
535669,579.0,240,13758.0
535670,356.89,197,15834.0
535672,45.650000000000006,7,15834.0
535673,619.4000000000001,155,16133.0
535674,306.26,228,16133.0
535675,420.24,144,16985.0
535676,236.51,223,15037.0
535677,449.69,241,14546.0
535679,543.33,327,15625.0
535680,368.08,256,17001.0
535681,144.34,80,15850.0
535682,296.65,177,16848.0
535683,81.6,32,16848.0
535684,215.4,152,16359.0
535685,407.69,197,16983.0
535704,161.25,75,15037.0
535717,127.6,37,17045.0
535722,333.81,269,17607.0
535748,263.06,75,14508.0
535749,263.7,95,17358.0
535760,173.7,60,14454.0
535774,104.4,32,16421.0
535775,381.98,180,16033.0
535776,216.14,146,17289.0
535777,641.46,202,13735.0
535780,313.59000000000003,346,13435.0
535782,304.53000000000003,139,13118.0
535783,334.63,209,15547.0
535784,119.0,50,17804.0
535785,121.2,34,16455.0
535786,359.25,243,14878.0
535787,314.90000000000003,184,13295.0
535788,262.86,165,16595.0
535789,440.03999999999996,372,12605.0
535790,214.5,51,17368.0
535791,199.35999999999999,154,13230.0
535792,7.6,8,
535794,838.86,294,12481.0
535795,322.58,113,13634.0
535796,164.20000000000002,77,17322.0
535797,213.29000000000002,175,16287.0
535798,310.98,100,17841.0
535799,445.72,197,16720.0
535801,1166.37,540,14014.0
535802,504.89,314,14030.0
535803,1078.4,498,14410.0
535805,95.96,56,15583.0
535806,458.78000000000003,264,18260.0
535807,353.51,297,18003.0
535809,8.25,5,17368.0
535810,103.96000000000001,55,16893.0
535811,236.25,67,15532.0
535812,100.05,17,14217.0
535813,46.0,10,14030.0
535814,258.5,77,16987.0
535815,105.80000000000001,47,16356.0
535816,239.72,168,14986.0
535817,100.78,77,18116.0
535818,51.410000000000004,43,13254.0
535819,335.25,147,18061.0
535820,230.65,155,17364.0
535821,126.60000000000001,108,17707.0
535822,131.65,52,17987.0
535823,97.2,59,16928.0
535824,485.26,166,17802.0
535825,553.71,1149,13946.0
535826,180.12,56,14915.0
535827,144.1,62,16235.0
535828,355.5,122,12996.0
535830,0.0,6,
535831,949.82,598,12767.0
535832,323.3,94,17547.0
535834,1096.18,817,17722.0
535835,5217.4,1226,
535836,816.47,507,12678.0
535837,160.8,25,12600.0
535838,200.05,111,12352.0
535839,634.32,388,13408.0
535842,92.85,39,14344.0
535844,116.89,57,14119.0
535845,102.0,120,17723.0
535847,369.0,130,17865.0
535851,350.52,244,16545.0
535858,782.58,330,
535875,416.75,213,15747.0
535879,1021.08,241,12358.0
535880,68.1,16,18002.0
535881,257.06,334,15404.0
535883,247.38,244,15540.0
535902,2340.34,1036,17389.0
535907,1113.6,752,17389.0
535912,1163.88,468,16191.0
535932,373.05,207,13590.0
535937,1031.88,420,16191.0
535940,287.0,172,16005.0
535944,105.29,50,17237.0
535945,436.45,215,17671.0
535946,298.34000000000003,275,17345.0
535948,936.14,143,
535949,441.04999999999995,57,13113.0
535950,228.15,114,15989.0
535951,1091.65,144,
535952,1218.27,143,
535953,838.36,366,15039.0
535954,505.84000000000003,126,17526.0
535956,244.16,135,17756.0
535957,456.96,287,13510.0
535958,679.9000000000001,470,16161.0
535959,747.1600000000001,244,15498.0
535960,116.83,78,12523.0
535961,335.52,392,18034.0
535962,59.400000000000006,12,15498.0
535963,75.34,23,12748.0
535964,485.92,228,13136.0
535965,198.82,116,16458.0
535966,17.4,12,13136.0
535967,505.75,297,14510.0
535974,259.83,135,16413.0
535978,344.8,112,17049.0
535979,117.29,71,14099.0
535980,316.25,175,14243.0
535981,113.43,41,18109.0
535982,122.35,17,14170.0
535984,891.4,252,16131.0
535985,121.67999999999999,72,16131.0
535987,102.0,24,16131.0
535988,3321.3799999999997,2126,14646.0
535989,1359.12,744,14646.0
535990,871.2,336,14646.0
535991,308.59999999999997,140,16194.0
535992,659.1,590,14298.0
535993,1184.95,522,12870.0
535994,232.85,101,15311.0
535995,208.95,126,15026.0
535996,64.49,31,17912.0
535997,310.03,174,12935.0
535998,845.0600000000001,374,16923.0
535999,151.66,112,
536000,426.62,298,14606.0
536001,808.75,449,17814.0
536002,416.35,179,16355.0
536003,172.78,71,16049.0
536004,0.0,2,
536005,0.0,6,
536006,263.82,193,17019.0
536007,12.98,26,
536008,166.53,56,17043.0
536009,16554.88,12048,12415.0
536010,463.7,266,16592.0
536011,17.4,12,16592.0
536012,300.93,261,12351.0
536013,364.26,351,17673.0
536014,740.86,518,13798.0
536016,1251.63,569,17315.0
536017,301.03,171,15005.0
536018,67.03,38,17368.0
536019,50.0,1,14911.0
536020,457.3,102,14113.0
536021,562.19,371,14329.0
536022,424.41999999999996,230,16094.0
536024,1098.1000000000001,539,17338.0
536025,181.68,120,13881.0
536026,361.71,221,16556.0
536027,217.65,105,17090.0
536028,434.84999999999997,335,15555.0
536029,306.0,72,15649.0
536030,1108.82,367,15828.0
536031,6381.4,1427,
536032,0.0,2,
536035,725.2,296,14733.0
536036,1202.65,467,15950.0
536037,46.699999999999996,6,
536038,334.14,152,14130.0
536039,141.15,45,17223.0
536040,300.4,212,17050.0
536041,57.8,68,17468.0
536042,221.10999999999999,118,13955.0
536043,0.0,50,
536044,286.48,92,13655.0
536045,370.68,148,16525.0
536046,304.2,144,13985.0
536047,332.09999999999997,22,13029.0
536048,4.95,1,
536049,1385.3,790,15382.0
536050,171.9,114,16500.0
536051,379.88,186,15382.0
536052,310.45000000000005,143,13999.0
536053,507.85,271,15392.0
536054,410.82000000000005,118,17739.0
536055,134.4,51,17631.0
536056,4.2,2,
536057,180.0,106,16817.0
536058,902.35,365,14414.0
536059,683.6,344,13767.0
536060,96.9,92,16122.0
536061,450.95,171,13481.0
536063,108.05000000000001,23,15796.0
536064,543.42,274,14422.0
536066,816.3299999999999,198,12586.0
536067,1441.0,772,17044.0
536068,75.6,72,17090.0
536072,149.04000000000002,63,17811.0
536073,311.3,94,15199.0
536074,917.34,282,14062.0
536075,398.90000000000003,90,12734.0
536076,151.5,66,14905.0
536081,231.35,67,15329.0
536088,387.01,166,16782.0
536091,409.08,172,17754.0
536112,423.52,178,12782.0
536121,0.0,27,
536152,503.61,203,16223.0
536156,9953.6,1858,
536157,330.81,235,15240.0
536158,32.29,1,13634.0
536159,94.56,16,
536161,303.82,182,18118.0
536162,2945.38,1532,15939.0
536166,301.3,134,18075.0
536174,319.05,133,17428.0
536177,15.0,12,17428.0
536178,230.70000000000002,76,16499.0
536179,304.2,165,16393.0
536180,1276.8,532,17389.0
536182,459.55,269,18260.0
536183,2295.92,1148,13802.0
536184,161.82,103,17889.0
536185,325.53999999999996,209,17889.0
536186,8.5,2,12523.0
536187,324.06,132,16350.0
536188,326.85,125,14625.0
536189,15.0,4,17889.0
536190,275.02,46,14527.0
536191,313.28000000000003,144,13890.0
536193,408.0,48,13090.0
536196,311.1,190,14841.0
536197,483.79,226,13444.0
536199,170.71,145,18039.0
536200,301.25,149,13050.0
536204,316.98,146,15750.0
536205,869.1800000000001,335,13078.0
536206,300.53999999999996,290,13450.0
536207,133.34,84,17826.0
536208,9.120000000000001,48,14865.0
536209,555.2,127,15906.0
536211,301.49,173,13021.0
536213,218.70000000000002,70,18170.0
536214,129.04,74,16600.0
536216,311.24,102,14390.0
536217,10.9,2,14390.0
536218,244.79999999999998,96,15769.0
536219,30.599999999999998,12,15769.0
536220,7.95,1,
536223,310.6,221,13650.0
536226,347.20000000000005,164,14605.0
536233,287.15,106,15570.0
536235,158.06,71,18101.0
536238,204.7,122,14499.0
536239,1134.0,532,12471.0
536240,154.95,99,12471.0
536241,849.75,569,12471.0
536243,315.18,243,15358.0
536245,17.88,12,15358.0
536246,37.8,36,15358.0
536247,442.08000000000004,480,13199.0
536248,452.55,174,12609.0
536249,453.7,199,14092.0
536251,922.13,461,15856.0
536254,2.5,2,
536255,440.82000000000005,216,13267.0
536257,153.0,196,13010.0
536259,82.17,79,14021.0
536260,292.86,132,13901.0
536261,564.5,162,16353.0
536262,433.14,178,14085.0
536263,227.44000000000003,96,15160.0
536264,115.80000000000001,52,15434.0
536266,106.2,86,17170.0
536267,37.2,16,15960.0
536272,588.47,369,15867.0
536281,74.6,68,12971.0
536282,30.599999999999998,36,12971.0
536307,52.00000000000001,14,17888.0
536315,4.75,3,
536324,4881.15,3351,14646.0
536325,310.42,156,13611.0
536326,25.0,12,14646.0
536329,52.0,24,14646.0
536333,154.72,100,16473.0
536345,376.5,158,13767.0
536346,56.650000000000006,37,17812.0
536353,1115.32,735,17160.0
536354,180.60999999999999,111,17820.0
536355,249.01000000000002,137,14790.0
536356,115.5,70,17298.0
536357,162.0,120,17204.0
536358,960.14,280,17204.0
536359,70.80000000000001,24,17281.0
536360,297.55,51,13693.0
536361,10.95,1,17378.0
536363,1582.07,571,13093.0
536364,473.53000000000003,145,14441.0
536365,139.12,40,17850.0
536366,22.200000000000003,12,17850.0
536367,278.73,83,13047.0
536368,70.05000000000001,15,13047.0
536369,17.85,3,13047.0
536370,855.86,449,12583.0
536371,204.0,80,13748.0
536372,22.200000000000003,12,17850.0
536373,259.86,88,17850.0
536374,350.4,32,15100.0
536375,259.86,88,17850.0
536376,328.8,112,15291.0
536377,22.200000000000003,12,17850.0
536378,444.98,454,14688.0
536380,34.8,24,17809.0
536381,449.98,198,15311.0
536382,430.6,134,16098.0
536384,489.6,190,18074.0
536385,130.85,53,17420.0
536386,508.20000000000005,236,16029.0
536387,3193.92,1440,16029.0
536388,226.14,108,16250.0
536389,358.25,107,12431.0
536390,1825.74,1568,17511.0
536392,318.14,103,13705.0
536393,79.6,8,13747.0
536394,1024.68,544,13408.0
536395,507.88,260,13767.0
536396,376.36,102,17850.0
536397,279.0,60,17924.0
536398,426.56,150,13448.0
536399,22.200000000000003,12,17850.0
536400,17.4,12,13448.0
536401,354.23,124,15862.0
536402,357.0,116,15513.0
536403,192.60000000000002,97,12791.0
536404,471.3,438,16218.0
536405,326.4,128,14045.0
536406,353.14,96,17850.0
536407,22.200000000000003,12,17850.0
536408,783.11,558,14307.0
536409,232.03,169,17908.0
536412,453.46,197,17920.0
536414,0.0,56,
536415,390.79,228,12838.0
536416,225.7,110,13255.0
536420,233.45,111,16583.0
536423,303.9,78,18085.0
536425,362.45,137,13758.0
536437,842.12,1004,13694.0
536446,430.99,323,15983.0
536460,295.54,158,14849.0
536463,17.4,12,14849.0
536464,265.1,151,17968.0
536466,42.9,18,14849.0
536477,2474.7400000000002,1070,16210.0
536488,163.34,71,17897.0
536500,223.9,102,17377.0
536502,95.29,39,16552.0
536508,155.52,216,17181.0
536514,295.5,118,17951.0
536520,313.49,197,14729.0
536521,4.95,1,12748.0
536522,188.56,84,15012.0
536523,203.3,112,12868.0
536524,70.80000000000001,24,17572.0
536525,136.24,29,14078.0
536526,301.24,94,14001.0
536527,261.48,157,12662.0
536528,274.93,113,15525.0
536529,161.0,38,14237.0
536530,200.5,71,17905.0
536531,939.59,391,15485.0
536532,1919.1399999999999,1852,12433.0
536533,156.1,80,16955.0
536534,115.65,51,15350.0
536535,194.85000000000002,71,15605.0
536536,165.04999999999998,95,18144.0
536537,369.5,138,15922.0
536538,255.0,146,14594.0
536539,487.75,160,15165.0
536540,540.38,231,14911.0
536541,15.0,12,14911.0
536542,787.4,392,16456.0
536544,5521.14,1208,
536545,0.0,1,
536546,0.0,1,
536547,0.0,1,
536549,0.0,1,
536550,0.0,1,
536551,134.11,84,17346.0
536552,0.0,1,
536553,0.0,3,
536554,0.0,23,
536555,2.9699999999999998,2,
536556,101.55,71,17643.0
536557,532.43,198,17841.0
536558,99.75,5,
536559,204.95,117,17873.0
536560,799.4,256,13093.0
536561,322.40000000000003,140,12921.0
536562,308.65000000000003,99,13468.0
536563,172.54,165,17760.0
536564,51.4,12,13468.0
536565,6.7,2,
536566,116.25,93,16928.0
536567,251.40000000000003,132,16048.0
536568,5.04,12,16048.0
536569,351.75,153,16274.0
536570,304.34000000000003,86,14496.0
536571,294.62,284,14696.0
536572,442.34999999999997,301,16539.0
536573,143.12,136,17025.0
536574,17.85,3,17025.0
536575,1552.98,858,13777.0
536576,2558.42,1122,13777.0
536577,497.0,388,13777.0
536578,279.6,104,17690.0
536579,315.96000000000004,276,13777.0
536580,97.19999999999999,66,17690.0
536581,330.0,200,13777.0
536582,304.04,184,12947.0
536583,198.0,120,13777.0
536584,1132.8000000000002,384,13777.0
536585,19.9,2,17460.0
536586,344.2,44,18229.0
536587,311.81,313,14142.0
536588,277.05,103,17069.0
536590,205.86,74,13065.0
536591,198.32,93,14606.0
536592,6915.65,1478,
536593,81.75,19,16835.0
536594,79.5,34,15235.0
536595,349.15,108,13576.0
536596,38.09,9,
536597,102.78999999999999,71,18011.0
536598,160.6,76,13090.0
536599,306.4,80,15694.0
536600,251.62,56,17850.0
536601,22.200000000000003,12,17850.0
536602,163.76,64,17850.0
536603,22.200000000000003,12,17850.0
536604,184.5,114,14741.0
536605,272.65000000000003,107,13715.0
536607,303.97,93,17732.0
536608,38.1,30,12855.0
536609,244.46,88,17850.0
536610,22.200000000000003,12,17850.0
536611,259.65000000000003,153,15752.0
536612,206.76,82,17850.0
536613,208.97,197,17855.0
536614,22.200000000000003,12,17850.0
536615,286.92,108,14047.0
536616,244.08,72,17925.0
536617,1095.12,644,13941.0
536618,780.12,600,17017.0
536619,97.19999999999999,48,17017.0
536620,485.25,741,14135.0
536621,350.06,298,13108.0
536623,768.38,666,15601.0
536624,610.64,228,13418.0
536626,12.600000000000001,6,13418.0
536627,306.2,64,15658.0
536628,230.56,86,17850.0
536629,22.200000000000003,12,17850.0
536630,244.46,88,17850.0
536631,22.200000000000003,12,17850.0
536632,312.8,170,14388.0
536633,204.15,105,14901.0
536634,193.78,159,18041.0
536635,572.38,246,15955.0
536636,106.2,36,15070.0
536637,219.66,157,18041.0
536638,1056.63,619,16244.0
536639,288.5,106,15111.0
536640,45.85,11,
536641,4.25,1,12748.0
536643,223.7,74,14390.0
536663,299.40000000000003,156,16546.0
536667,362.5,214,15260.0
536670,58.0,40,15260.0
536671,136.2,132,13305.0
536672,127.2,40,14491.0
536673,339.84,504,14060.0
536674,127.08,122,15923.0
536676,207.5,54,16752.0
536681,113.92,46,17287.0
536685,380.46,108,17850.0
536688,22.200000000000003,12,17850.0
536690,331.26,92,17850.0
536693,22.200000000000003,12,17850.0
536698,326.0,144,15363.0
536707,199.65,41,12915.0
536732,354.54,274,15544.0
536733,329.65000000000003,255,15738.0
536735,211.2,128,17381.0
536736,824.88,1296,17381.0
536738,98.18,42,15827.0
536739,201.75,31,14180.0
536740,92.75,67,15827.0
536741,202.12,130,13117.0
536742,196.43,102,16916.0
536743,261.76,195,17964.0
536744,379.75,137,14466.0
536745,341.9,126,17235.0
536746,248.1,92,16510.0
536747,100.2,75,17802.0
536748,116.0,26,15107.0
536749,321.79,93,17976.0
536750,434.8,118,17850.0
536751,22.200000000000003,12,17850.0
536752,390.66,104,17850.0
536753,22.200000000000003,12,17850.0
536754,210.24,142,14449.0
536755,54.25,15,
536756,66.65,23,
536759,311.25,113,16781.0
536761,98.9,36,13491.0
536762,307.68,231,16186.0
536763,452.52,331,17685.0
536765,0.0,19,
536769,668.4,375,17581.0
536771,118.38,66,17581.0
536777,138.1,97,15732.0
536778,193.23,125,13138.0
536779,15.0,1,15823.0
536780,12.8,4,
536781,50.400000000000006,24,17460.0
536782,517.95,244,17567.0
536783,4076.48,2909,15061.0
536784,2170.9,1330,15061.0
536785,2730.96,1008,15061.0
536786,324.0,144,15061.0
536787,192.46,76,17850.0
536788,75.0,60,15061.0
536789,22.200000000000003,12,17850.0
536790,532.01,141,17850.0
536791,44.400000000000006,24,17850.0
536792,30.0,24,15061.0
536793,170.7,70,16203.0
536794,322.8,96,13767.0
536795,333.72,180,15640.0
536796,349.04,159,15574.0
536797,130.8,56,16770.0
536798,684.46,454,17838.0
536799,183.3,122,17228.0
536800,236.97,190,14829.0
536801,252.3,134,
536802,197.3,50,17412.0
536803,22.5,6,14911.0
536804,1714.25,531,14031.0
536805,406.56,384,14775.0
536806,45.12,84,12971.0
536808,247.8,64,17659.0
536809,1003.2,1824,15299.0
536810,303.96,204,15299.0
536811,527.85,69,15299.0
536813,189.8,230,15646.0
536819,308.28000000000003,190,13402.0
536821,143.45000000000002,80,17757.0
536823,50.550000000000004,13,13011.0
536824,408.0,160,13798.0
536830,2002.4,4280,16754.0
536831,569.4,260,16029.0
536832,164.8,64,16634.0
536833,438.1,208,18239.0
536834,35.400000000000006,12,14576.0
536835,295.0,1,13145.0
536836,263.3,133,18168.0
536837,308.68,174,14395.0
536838,37.2,96,14865.0
536839,623.73,879,15093.0
536840,155.35,148,12738.0
536841,393.42,174,16150.0
536842,263.62,130,17552.0
536843,34.9,14,17552.0
536844,189.3,38,14236.0
536845,127.55,45,17961.0
536846,402.0,126,14573.0
536847,215.57999999999998,222,17135.0
536848,534.0,280,13408.0
536849,397.5,106,17396.0
536851,1368.4,360,12967.0
536852,89.14,107,12686.0
536856,754.87,343,13370.0
536857,128.03,54,16883.0
536858,303.4,110,13520.0
536859,294.25,186,12841.0
536860,254.39999999999998,108,16905.0
536861,303.5,79,12427.0
536862,1334.13,150,
536863,112.27,73,17967.0
536864,636.6800000000001,66,
536865,2396.96,317,
536866,8.47,1,
536874,217.26,86,16891.0
536876,7257.08,1641,
536883,5.46,13,
536884,39.75,5,14589.0
536885,549.0,200,
536890,322.2,1548,14156.0
536920,69.3,58,
536938,1680.88,464,14680.0
536941,0.0,20,
536942,0.0,15,
536943,187.51,170,17884.0
536944,620.0,400,12557.0
536945,294.01,152,14083.0
536946,841.94,363,13013.0
536947,686.4,439,13013.0
536954,425.0,100,17809.0
536956,304.95000000000005,93,14210.0
536957,791.7,234,17809.0
536960,225.65,125,16477.0
536967,76.5,31,12600.0
536968,534.0,168,16013.0
536969,528.0,192,16013.0
536970,1314.0,120,17949.0
536971,248.16,140,12779.0
536972,230.25,35,16926.0
536973,736.28,356,17787.0
536974,336.24,132,12682.0
536975,1705.65,827,14911.0
536976,149.8,76,14723.0
536977,108.78,60,17954.0
536980,591.47,239,17819.0
536981,97.39,38,14723.0
536982,10661.69,1834,
536983,175.53,60,12712.0
536984,339.54,136,17841.0
536985,334.3,42,15373.0
536986,124.14,104,16140.0
536987,272.01,124,17198.0
536988,254.39000000000001,100,17238.0
536989,115.7,26,17238.0
536990,131.8,65,12793.0
536991,26.4,32,
536992,91.8,36,15769.0
536993,110.35000000000001,39,14396.0
536994,98.5,18,14898.0
536995,0.0,57,
536999,0.0,110,
537002,0.0,70,
537022,427.8,164,12725.0
537023,122.15,64,16725.0
537025,76.83,48,
537026,346.1,528,12395.0
537030,246.3,142,16455.0
537031,135.0,108,16455.0
537034,2355.1800000000003,1338,13081.0
537035,11.6,8,13081.0
537036,135.32999999999998,75,15545.0
537037,256.90000000000003,92,17243.0
537038,535.75,125,15465.0
537040,734.3999999999999,192,13089.0
537041,155.64000000000001,52,16033.0
537042,230.66,80,13838.0
537044,431.45,93,18055.0
537045,118.88,43,15038.0
537046,277.45,55,18109.0
537047,326.6,181,13069.0
537048,5.9,2,13069.0
537049,277.65000000000003,97,16241.0
537050,555.84,437,14800.0
537051,317.29,121,15708.0
537052,552.24,232,16839.0
537053,275.8,124,16168.0
537054,152.05,82,16931.0
537055,273.29,107,16814.0
537057,274.67,129,15351.0
537058,351.43,197,13269.0
537059,125.43,58,14813.0
537065,1526.92,611,12567.0
537067,27.45,8,14813.0
537077,179.64000000000001,163,17062.0
537081,1145.06,442,15332.0
537086,438.0,168,15332.0
537090,15.0,12,15332.0
537111,177.89,83,14810.0
537117,204.0,48,16353.0
537126,472.11,211,18118.0
537127,408.0,160,13831.0
537128,211.74,135,12841.0
537129,301.12,232,13506.0
537130,114.65,28,17796.0
537131,529.4,429,15716.0
537133,186.88,68,18156.0
537134,163.49,107,16983.0
537135,722.36,471,17059.0
537136,267.46000000000004,147,12748.0
537137,535.6,392,16327.0
537138,273.3,204,17211.0
537139,33.15,25,17026.0
537140,65.57,51,12748.0
537141,517.65,165,15570.0
537142,41.45,16,12748.0
537144,329.03000000000003,202,15880.0
537153,606.0500000000001,407,16718.0
537154,953.05,327,15808.0
537155,73.72,63,12748.0
537156,236.25,75,17858.0
537158,184.8,86,16393.0
537159,292.95,60,14527.0
537160,283.15,128,14161.0
537163,384.71999999999997,276,17863.0
537176,128.55,69,16411.0
537179,806.28,284,13767.0
537192,205.65,102,16402.0
537193,429.40000000000003,226,15023.0
537194,271.2,80,17402.0
537195,635.64,298,15311.0
537196,382.57,149,15426.0
537197,286.5,80,12647.0
537198,85.5,11,12647.0
537199,151.44,111,15894.0
537200,111.65,46,15867.0
537201,1631.3,972,12472.0
537202,257.0,106,14506.0
537204,198.43,293,15555.0
537205,165.86,116,13034.0
537206,85.55000000000001,25,15235.0
537207,188.77,40,17402.0
537208,272.07,141,15889.0
537209,192.68,83,14606.0
537210,207.74,100,15953.0
537211,355.75,145,16143.0
537212,473.39,299,12720.0
537213,8.65,7,12748.0
537214,1668.2,2048,16422.0
537215,358.55999999999995,108,12747.0
537216,569.5,240,15502.0
537217,167.2,16,15502.0
537218,320.08,196,12763.0
537219,423.52,252,14081.0
537220,3.35,1,
537221,37.35,14,17965.0
537222,129.23,56,14404.0
537223,164.70000000000002,46,13579.0
537224,1369.06,674,13174.0
537225,491.38,310,12748.0
537226,113.48,86,15987.0
537227,922.4000000000001,700,17677.0
537228,25.200000000000003,12,17677.0
537229,17.4,12,17677.0
537230,2.95,1,
537231,308.8,112,13652.0
537233,353.0,148,17428.0
537235,2567.6400000000003,1464,17381.0
537236,375.69000000000005,91,16858.0
537237,7335.45,1608,
537238,164.2,88,16161.0
537239,210.19,67,18219.0
537240,7660.48,1811,
537241,364.92,172,14293.0
537242,412.22,282,14748.0
537243,50.400000000000006,24,16638.0
537244,300.66,349,17674.0
537245,58.2,48,14748.0
537246,129.4,53,12808.0
537247,223.68,192,13094.0
537248,56.25,39,15899.0
537249,33.0,20,16955.0
537250,196.44,89,12708.0
537252,26.349999999999998,31,
537253,351.47,178,
537254,377.64,207,15898.0
537255,303.5,163,14443.0
537256,2263.8,796,16210.0
537257,142.5,58,17691.0
537258,142.25,92,17227.0
537262,585.41,256,15039.0
537265,214.07999999999998,175,15919.0
537298,153.5,54,13497.0
537301,102.66,72,15860.0
537312,311.24,254,14189.0
537313,123.15,21,15304.0
537332,322.8,120,14344.0
537334,430.73,146,16719.0
537335,98.7,32,15048.0
537346,673.37,503,15301.0
537350,419.06,350,14708.0
537351,112.08,94,16898.0
537354,133.07,85,12748.0
537359,184.10000000000002,72,14825.0
537360,76.32000000000001,72,18113.0
537361,0.0,5,
537362,390.97,529,17596.0
537365,449.95000000000005,201,15078.0
537366,308.05,106,14085.0
537367,25.200000000000003,12,15078.0
537368,377.5,135,14911.0
537369,226.45000000000002,93,17860.0
537370,379.7,168,13155.0
537371,185.97,119,15028.0
537372,198.35,73,16919.0
537374,367.95,256,17259.0
537375,358.82,223,17019.0
537376,480.68,278,16722.0
537377,270.52,116,15882.0
537378,784.15,476,14911.0
537380,100.80000000000001,48,15882.0
537381,511.56,372,14667.0
537382,370.42,192,16710.0
537384,122.7,56,15984.0
537385,125.10000000000001,37,14487.0
537386,20.85,3,14911.0
537387,222.18,84,13468.0
537388,391.5,210,17682.0
537389,149.0,60,17757.0
537390,123.24,40,16658.0
537391,554.66,257,16550.0
537392,166.15,80,17068.0
537393,2415.04,972,13089.0
537394,81.17999999999999,54,13089.0
537395,143.12,75,15356.0
537396,292.84000000000003,64,17223.0
537397,244.20000000000002,164,16817.0
537399,402.36,174,13030.0
537400,422.81,261,17191.0
537403,30.45,21,17191.0
537404,56.85,38,17191.0
537405,406.69,132,17841.0
537407,192.7,34,15502.0
537409,406.16,247,15194.0
537410,151.20000000000002,72,14409.0
537411,9.65,4,
537412,177.60000000000002,96,14409.0
537415,227.4,63,16654.0
537418,135.01,65,17884.0
537419,510.95,209,13495.0
537420,335.3,184,17519.0
537421,287.54,129,17218.0
537422,193.29999999999998,127,17812.0
537423,166.0,104,14215.0
537424,92.55000000000001,57,15602.0
537428,450.92,210,17320.0
537429,82.12,119,12748.0
537430,0.0,120,
537433,417.62,146,12913.0
537434,8223.4,1869,
537435,221.5,82,17920.0
537436,0.0,7,
537437,0.0,10,
537438,0.0,13,
537439,0.0,1,
537440,214.32,67,17869.0
537441,536.0500000000001,255,13564.0
537442,5.07,2,
537446,569.03,201,18055.0
537447,151.3,54,13963.0
537448,39.599999999999994,6,17450.0
537456,1989.2399999999998,780,17450.0
537457,1644.94,914,17511.0
537458,293.45000000000005,101,17091.0
537459,178.4,112,17470.0
537460,326.4,128,17616.0
537461,510.0,120,15649.0
537462,172.65,89,17228.0
537463,1033.52,585,12681.0
537464,618.07,234,14907.0
537465,454.6,218,17735.0
537467,118.25,51,16059.0
537468,415.46000000000004,167,12567.0
537469,102.0,24,17720.0
537470,111.25,21,15018.0
537471,17.85,3,14344.0
537472,111.54,126,12971.0
537476,957.5,550,15838.0
537484,1830.02,680,14733.0
537489,511.79999999999995,396,17017.0
537509,532.8000000000001,288,13756.0
537523,159.55,61,14176.0
537534,924.59,114,
537538,311.65,131,15353.0
537567,180.7,124,18119.0
537592,327.40000000000003,268,17491.0
537593,571.0,300,14282.0
537594,596.8,155,12647.0
537595,109.82000000000001,43,13569.0
537598,319.0,80,14135.0
537599,19.9,2,17954.0
537601,108.78,62,17287.0
537603,373.49,213,14673.0
537604,1381.92,516,13488.0
537605,166.74,52,16221.0
537606,631.65,279,15002.0
537607,156.19,74,15965.0
537608,444.42,235,15024.0
537609,617.12,236,17675.0
537612,322.3,122,13769.0
537614,322.8,137,16904.0
537615,139.0,20,15898.0
537616,15.9,2,16904.0
537617,177.26,76,16086.0
537618,2022.16,956,15061.0
537619,230.39999999999998,136,13786.0
537620,97.8,54,13880.0
537621,19.5,10,
537622,165.94,114,13173.0
537623,383.93,199,15858.0
537624,295.11,146,12748.0
537625,87.5,36,15180.0
537626,711.79,319,12347.0
537627,713.88,476,14739.0
537628,378.75,189,16293.0
537629,356.87,191,17419.0
537631,17.4,12,17419.0
537632,13541.33,1,
537633,24.9,5,
537634,231.9,62,16775.0
537635,68.1,30,16306.0
537636,172.0,32,16950.0
537637,15.7,4,
537638,6293.86,1448,
537639,0.0,30,
537640,11540.34,2201,
537641,1240.19,138,
537642,2164.51,256,
537643,2416.59,269,
537645,2448.29,254,
537646,384.3,124,17591.0
537648,402.61,271,12839.0
537649,112.6,36,13807.0
537650,289.35,124,16125.0
537653,247.33,80,17897.0
537654,135.05,46,
537655,111.15,57,15081.0
537657,9639.12,2790,18102.0
537658,395.76,120,18102.0
537659,15885.49,3689,18102.0
537664,46.8,24,15024.0
537665,139.86,101,16365.0
537666,5058.04,1144,
537667,326.4,128,17870.0
537668,48.800000000000004,20,14821.0
537669,164.25,105,16863.0
537670,514.39,151,13078.0
537671,328.45,145,13267.0
537672,328.01,182,13050.0
537673,522.7,139,12709.0
537674,319.18,250,15628.0
537675,5.04,12,
537676,258.9,214,12386.0
537678,356.91,133,16779.0
537679,24.59,24,
537680,253.24,173,13599.0
537681,304.2,175,13329.0
537682,99.6,72,13599.0
537683,365.4,240,12921.0
537685,204.87,171,18077.0
537686,225.0,148,14744.0
537688,702.1,270,17406.0
537689,301.52,288,15750.0
537690,329.36,220,13983.0
537691,310.57,163,13842.0
537692,671.21,434,14796.0
537693,173.55,121,12441.0
537694,158.25,63,14901.0
537698,468.68,452,13199.0
537700,309.0,68,18229.0
537707,303.86,176,14032.0
537738,287.08,144,17706.0
537743,151.95,65,17706.0
537751,38.8,16,17706.0
537754,157.6,53,16081.0
537755,411.44,198,16525.0
537757,314.1,86,17975.0
537758,105.72,118,16122.0
537759,203.64000000000001,108,13126.0
537760,307.82000000000005,106,15973.0
537761,19.799999999999997,12,13126.0
537762,569.4,275,16558.0
537764,145.93,62,16893.0
537765,215.88,81,14606.0
537766,651.6,288,17677.0
537767,350.4,32,15100.0
537768,39.0,20,15750.0
537769,198.09,90,15021.0
537770,295.66,176,15529.0
537771,450.92,204,15498.0
537772,287.91,157,18043.0
537773,363.02,138,16016.0
537774,281.0,196,14060.0
537775,910.14,525,17722.0
537780,127.05000000000001,51,17324.0
537781,416.61,246,17341.0
537789,623.4200000000001,214,14051.0
537791,147.39999999999998,12,16233.0
537792,147.20000000000002,67,16385.0
537793,2746.75,1655,15032.0
537794,414.43,189,16713.0
537795,312.90000000000003,92,17213.0
537796,405.16,248,18061.0
537799,142.95,55,15916.0
537800,69.78999999999999,75,12748.0
537801,403.25,43,15221.0
537802,692.94,190,13455.0
537803,89.5,10,15916.0
537804,130.64,116,12748.0
537806,372.96999999999997,105,13113.0
537808,251.09,145,15311.0
537809,118.3,26,14217.0
537810,23.85,3,15032.0
537811,268.86,74,17262.0
537813,376.30000000000007,116,18259.0
537815,300.7,158,17676.0
537816,129.75,29,16679.0
537817,168.6,76,18269.0
537818,1149.29,424,12766.0
537819,397.6,286,15298.0
537822,566.95,365,13523.0
537823,6073.71,1484,
537825,222.5,118,15005.0
537826,272.34000000000003,104,15581.0
537827,63.0,30,15332.0
537828,478.89,331,15680.0
537829,525.8,260,15498.0
537830,197.8,67,13649.0
537831,106.77000000000001,39,17894.0
537833,590.0,200,13270.0
537836,103.67999999999999,144,14866.0
537837,313.72,303,13077.0
537839,12.87,9,
537840,305.45,103,13531.0
537841,320.0,1000,13848.0
537842,158.26,74,13140.0
537843,171.15,59,15713.0
537844,190.34,94,17999.0
537845,71.4,12,17690.0
537846,201.60000000000002,130,15347.0
537847,180.4,64,14766.0
537848,180.0,144,13777.0
537849,75.0,60,13777.0
537850,318.84,316,16722.0
537851,356.4,264,13758.0
537852,2671.27,1665,17340.0
537854,154.8,120,13984.0
537855,263.25,95,15996.0
537858,24.95,15,
537859,670.55,96,14030.0
537861,120.65,47,16596.0
537862,111.53,71,12971.0
537863,5.95,1,14030.0
537864,336.94,238,16700.0
537865,237.95,125,16011.0
537866,676.1,274,17655.0
537867,307.25,75,16717.0
537868,1867.98,1730,12433.0
537871,167.09,123,12748.0
537872,0.0,1,
537873,0.0,1,
537874,0.0,1,
537875,0.0,1,
537876,0.0,2,
537877,0.0,1,
537878,0.0,1,
537879,213.3,56,14243.0
537880,365.8,172,12963.0
537881,956.5,238,15513.0
537882,141.95,45,15079.0
537883,63.0,60,14437.0
537884,525.93,111,15694.0
537885,258.75,69,12942.0
537886,209.3,110,15660.0
537887,1485.72,532,18092.0
537888,524.35,440,15358.0
537889,670.48,260,13319.0
537890,100.19999999999999,36,15358.0
537891,88.8,36,13319.0
537892,159.38,85,12481.0
537894,464.61,227,12621.0
537895,429.24,92,14299.0
537896,258.95,157,18071.0
537897,213.88,107,12683.0
537898,364.4,87,17377.0
537899,3794.3999999999996,1488,12755.0
537900,382.66,231,15983.0
537901,309.4,68,13854.0
537915,254.03,118,12797.0
537955,364.2,85,16782.0
537963,308.28000000000003,149,13369.0
537967,57.6,9,12494.0
537981,1335.2,2154,17857.0
537995,295.1,84,12712.0
538000,101.9,17,12748.0
538001,0.0,10,
538002,363.53,80,14932.0
538003,1281.5,454,12429.0
538004,0.0,144,
538005,832.8,120,13090.0
538006,163.2,64,14987.0
538007,174.4,92,14355.0
538008,849.2,557,12683.0
538009,945.55,287,14911.0
538010,226.79999999999998,40,17526.0
538011,257.22,184,14896.0
538012,224.38,48,14527.0
538013,109.75,83,17062.0
538014,656.7,150,14440.0
538015,224.07,131,13240.0
538032,174.4,58,14479.0
538035,367.14,228,16065.0
538036,0.0,34,
538037,112.6,60,17430.0
538038,0.0,8,
538039,0.0,7,
538040,325.76,217,16520.0
538041,0.0,30,
538044,21.299999999999997,16,
538045,0.0,27,
538048,181.0,52,15945.0
538049,18.4,8,12748.0
538050,15.9,2,12748.0
538051,201.45,152,18041.0
538053,1571.32,675,15856.0
538056,249.65,118,17198.0
538057,316.82,210,13102.0
538060,5.85,3,
538063,1914.2400000000002,96,18102.0
538064,111.75,78,15271.0
538065,428.6,208,13982.0
538067,165.65,66,15288.0
538068,300.91999999999996,499,17978.0
538069,414.88,239,16795.0
538070,103.7,24,16519.0
538071,7268.65,1643,
538073,16.21,16,17816.0
538076,272.36,141,15311.0
538077,686.15,394,14667.0
538078,374.25,173,16255.0
538079,394.18,190,17671.0
538080,251.0,110,17646.0
538086,378.53000000000003,203,12872.0
538087,60.0,16,17339.0
538093,739.05,344,12682.0
538094,186.03,85,13117.0
538095,174.72,67,17097.0
538096,3.7199999999999998,3,
538097,315.0,196,15192.0
538101,230.10000000000002,78,15380.0
538104,190.35,129,17950.0
538106,72.82000000000001,57,17950.0
538107,155.0,80,12826.0
538108,249.86,222,17456.0
538113,289.85,95,15811.0
538116,685.0,240,13327.0
538117,60.0,36,13327.0
538120,144.5,150,17017.0
538125,30.0,16,18225.0
538126,218.4,78,17838.0
538127,7.5,2,
538128,0.0,46,
538129,0.0,79,
538130,0.0,10,
538131,0.0,84,
538132,0.0,3,
538133,0.0,3,
538134,0.0,2,
538135,0.0,2,
538136,0.0,2,
538137,0.0,2,
538138,0.0,2,
538139,0.0,2,
538140,0.0,9,
538141,0.0,2,
538142,0.0,1,
538143,0.0,1,
538144,0.0,1,
538145,383.07,117,15211.0
538146,402.32,168,15596.0
538147,15.0,1,13090.0
538148,2215.27,225,
538149,2446.16,239,
538151,441.6,92,16163.0
538153,3091.82,353,
538154,294.01,32,
538155,179.92000000000002,67,16907.0
538156,620.35,202,15555.0
538157,119.65,57,17576.0
538160,0.0,288,
538163,257.95,116,17841.0
538165,185.82,154,14031.0
538166,113.2,43,17965.0
538167,298.95,125,14713.0
538168,310.45,162,14702.0
538169,93.45,33,13230.0
538170,317.59000000000003,133,13969.0
538171,300.64,194,17530.0
