StockCode,Description,Sales Amount
22423,REGENCY CAKESTAND 3 TIER,169912.75999999998
85123A,WHITE HANGING HEART T-LIGHT HOLDER,158305.72
84879,ASSORTED COLOUR BIRD ORNAMENT,72890.19
22086,PAPER CHAIN KIT 50'S CHRISTMAS ,58127.3
85099B,JUMBO BAG RED RETROSPOT,54368.82
47566,PARTY BUNTING,49664.12
84347,ROTATING SILVER ANGELS T-LIGHT HLDR,47954.49
15056N,EDWARDIAN PARASOL NATURAL,36251.1
21621,VINTAGE UNION JACK BUNTING,36023.71
85099F,JUMBO BAG STRAWBERRY,35887.14
21232,STRAWBERRY CERAMIC TRINKET BOX,34411.68
85099C,JUMBO  BAG BAROQUE BLACK WHITE,32055.82
15056BL,EDWARDIAN PARASOL BLACK,31999.350000000002
21931,JUMBO STORAGE BAG SUKI,31493.71
22189,CREAM HEART CARD HOLDER,31111.56
79321,CHILLI LIGHTS,31061.2
21754,HOME BUILDING BLOCK WORD,30851.27
22114,HOT WATER BOTTLE TEA AND SYMPATHY,30388.910000000003
20725,LUNCH BAG RED SPOTTY,29773.27
22411,JUMBO SHOPPER VINTAGE RED PAISLEY,29572.25
21623,VINTAGE UNION JACK MEMOBOARD,29102.69
22910,PAPER CHAIN KIT VINTAGE CHRISTMAS,28828.0
20914,SET/5 RED SPOTTY LID GLASS BOWLS,28734.12
21137,BLACK RECORD COVER FRAME,28662.34
21843,RED RETROSPOT CAKE STAND,28640.239999999998
21733,RED HANGING HEART T-LIGHT HOLDER,28242.68
22112,CHOCOLATE HOT WATER BOTTLE,27817.74
84078A,SET/4 WHITE RETRO STORAGE CUBES ,27558.210000000003
22111,SCOTTIE DOG HOT WATER BOTTLE,27481.47
21929,JUMBO BAG PINK VINTAGE PAISLEY,27121.76
22197,SMALL POPCORN HOLDER,27022.23
82484,WOOD BLACK BOARD ANT WHITE FINISH,26811.8
22386,JUMBO BAG PINK WITH WHITE SPOTS,26242.66
21928,JUMBO BAG SCANDINAVIAN PAISLEY,25878.77
71477,COLOUR GLASS. STAR T-LIGHT HOLDER,25868.47
22470,HEART OF WICKER LARGE,25673.910000000003
21731,RED TOADSTOOL LED NIGHT LIGHT,25588.559999999998
84029E,RED WOOLLY HOTTIE WHITE HEART.,25454.100000000002
37503,TEA TIME CAKE STAND IN GIFT BOX,25428.329999999998
84946,ANTIQUE SILVER TEA GLASS ETCHED,25305.09
82494L,WOODEN FRAME ANTIQUE WHITE ,25067.61
85099B,JUMBO BAG RED WHITE SPOTTY ,25043.62
22090,PAPER BUNTING RETRO SPOTS,24933.940000000002
48138,DOOR MAT UNION FLAG,24770.81
21212,PACK OF 72 RETRO SPOT CAKE CASES,24054.43
20727,LUNCH BAG  BLACK SKULL.,23936.93
21755,LOVE BUILDING BLOCK WORD,22920.530000000002
21181,PLEASE ONE PERSON METAL SIGN,21725.370000000003
22138,BAKING SET 9 PIECE RETROSPOT ,21696.74
22139,RETRO SPOT TEA SET CERAMIC 11 PC ,21301.04
22083,PAPER CHAIN KIT RETRO SPOT,21151.79
22328,ROUND SNACK BOXES SET OF 4 FRUITS ,21065.19
20728,LUNCH BAG CARS BLUE,20996.16
22188,BLACK HEART CARD HOLDER,20713.83
22383,LUNCH BAG SUKI  DESIGN ,20688.89
82486,WOOD S/3 CABINET ANT WHITE FINISH,20660.88
20679,EDWARDIAN PARASOL RED,20628.05
20726,LUNCH BAG WOODLAND,20599.95
22457,NATURAL SLATE HEART CHALKBOARD ,20431.640000000003
22326,ROUND SNACK BOXES SET OF4 WOODLAND ,20383.86
AMAZONFEE,AMAZON FEE,20248.04
22178,VICTORIAN GLASS HANGING T-LIGHT,19958.77
22379,RECYCLING BAG RETROSPOT ,19755.17
72741,GRAND CHOCOLATECANDLE,19624.88
82482,WOODEN PICTURE FRAME WHITE FINISH,19338.97
22469,HEART OF WICKER SMALL,18993.559999999998
22158,3 HEARTS HANGING DECORATION RUSTIC,18399.9
21915,RED  HARMONICA IN BOX ,18385.97
20713,JUMBO BAG OWLS,18331.829999999998
22622,BOX OF VINTAGE ALPHABET BLOCKS,18212.73
84991,60 TEATIME FAIRY CAKE CASES,18151.4
21622,VINTAGE UNION JACK CUSHION COVER,18097.85
37449,CERAMIC CAKE STAND + HANGING CAKES,17555.32
21166,COOK WITH WINE METAL SIGN ,17553.77
47590B,PINK HAPPY BIRTHDAY BUNTING,17482.81
84467,ENGLISH ROSE DESIGN QUILTED THROW,17477.66
48138,DOORMAT UNION FLAG,17324.79
21175,GIN + TONIC DIET METAL SIGN,17252.260000000002
84836,ZINC METAL HEART DECORATION,17145.1
48194,DOORMAT HEARTS,17129.61
21231,SWEETHEART CERAMIC TRINKET BOX,16882.100000000002
85066,CREAM SWEETHEART MINI CHEST,16579.45
22734,SET OF 6 RIBBONS VINTAGE CHRISTMAS,16429.78
21258,VICTORIAN SEWING BOX LARGE,16415.04
21843,RETRO SPOT CAKE STAND,16354.009999999998
22752,SET 7 BABUSHKA NESTING BOXES,16308.78
71459,HANGING JAM JAR T-LIGHT HOLDER,16231.619999999999
21977,PACK OF 60 PINK PAISLEY CAKE CASES,16187.310000000001
84406B,CREAM CUPID HEARTS COAT HANGER,16163.48
85152,HAND OVER THE CHOCOLATE   SIGN ,16047.830000000002
22866,HAND WARMER SCOTTY DOG DESIGN,15957.12
20972,PINK CREAM FELT CRAFT TRINKET BOX ,15952.53
20712,JUMBO BAG WOODLAND ANIMALS,15896.52
20685,DOOR MAT RED SPOT,15889.75
84029G,KNITTED UNION FLAG HOT WATER BOTTLE,15779.09
84997D,PINK 3 PIECE MINI DOTS CUTLERY SET,15759.53
22385,JUMBO BAG SPACEBOY DESIGN,15663.61
22865,HAND WARMER OWL DESIGN,15608.78
21481,FAWN BLUE HOT WATER BOTTLE,15481.310000000001
21314,SMALL GLASS HEART TRINKET POT,15454.87
22867,HAND WARMER BIRD DESIGN,15422.430000000002
85014B,RED/WHITE DOTS RUFFLED UMBRELLA,15400.28
84997B,RED 3 PIECE MINI DOTS CUTLERY SET,15324.35
22585,PACK OF 6 BIRDY GIFT TAGS,15299.78
22382,LUNCH BAG SPACEBOY DESIGN ,15263.68
20711,JUMBO BAG TOYS ,15168.38
35004C,SET OF 3 COLOURED  FLYING DUCKS,15139.130000000001
20971,PINK BLUE FELT CRAFT TRINKET BOX,15138.11
22061,LARGE CAKE STAND  HANGING STRAWBERY,15042.61
22077,6 RIBBONS RUSTIC CHARM,14955.419999999998
84755,COLOUR GLASS T-LIGHT HOLDER HANGING,14899.6
82483,WOOD 2 DRAWER CABINET WHITE FINISH,14890.52
47566B,TEA TIME PARTY BUNTING,14679.18
21217,RED SPOTTY ROUND CAKE TINS,14646.039999999999
15036,ASSORTED COLOURS SILK FAN,14471.710000000001
84997C,BLUE 3 PIECE MINI DOTS CUTLERY SET,14438.97
22149,FELTCRAFT 6 FLOWER FRIENDS,14426.78
84970S,HANGING HEART ZINC T-LIGHT HOLDER,14407.07
22384,LUNCH BAG PINK RETROSPOT,14391.72
22294,HEART FILIGREE DOVE  SMALL,14156.94
47590A,BLUE HAPPY BIRTHDAY BUNTING,14051.130000000001
21479,WHITE SKULL HOT WATER BOTTLE ,13978.48
35400,WOODEN BOX ADVENT CALENDAR ,13909.6
21930,JUMBO STORAGE BAG SKULLS,13882.66
21527,RED RETROSPOT TRADITIONAL TEAPOT ,13830.12
79323P,PINK CHERRY LIGHTS,13760.93
22087,PAPER BUNTING WHITE LACE,13634.54
20748,KENSINGTON COFFEE SET,13566.810000000001
22355,CHARLOTTE BAG SUKI DESIGN,13534.25
21791,VINTAGE HEADS AND TAILS CARD GAME ,13422.58
82600,NO SINGING METAL SIGN,13335.580000000002
21213,PACK OF 72 SKULL CAKE CASES,13247.16
48187,DOOR MAT NEW ENGLAND,13201.61
22444,GROW YOUR OWN PLANT IN A CAN ,13123.28
21523,DOORMAT FANCY FONT HOME SWEET HOME,12983.39
22629,SPACEBOY LUNCH BOX ,12972.679999999998
22551,PLASTERS IN TIN SPACEBOY,12818.64
22556,PLASTERS IN TIN CIRCUS PARADE ,12589.369999999999
22837,HOT WATER BOTTLE BABUSHKA ,12503.44
22297,HEART IVORY TRELLIS SMALL,12466.69
22605,WOODEN CROQUET GARDEN SET,12454.81
22507,MEMO BOARD RETROSPOT  DESIGN,12433.210000000001
72760B,VINTAGE CREAM 3 BASKET CAKE STAND,12424.16
85014A,BLACK/BLUE DOTS RUFFLED UMBRELLA,12363.970000000001
22456,NATURAL SLATE CHALKBOARD LARGE ,12324.56
22630,DOLLY GIRL LUNCH BOX,12313.66
85042,ANTIQUE LILY FAIRY LIGHTS,12234.56
79323W, WHITE CHERRY LIGHTS,12198.66
21080,SET/20 RED SPOTTY PAPER NAPKINS ,12185.39
84978,HANGING HEART JAR T-LIGHT HOLDER,12176.04
84949,SILVER HANGING T-LIGHT HOLDER,11856.72
15044A,PINK PAPER PARASOL ,11771.83
21908,CHOCOLATE THIS WAY METAL SIGN,11727.29
21485,RED SPOT HEART HOT WATER BOTTLE,11670.66
21164,HOME SWEET HOME METAL SIGN ,11656.320000000002
22624,IVORY KITCHEN SCALES,11631.460000000001
21790,VINTAGE SNAP CARDS,11553.289999999999
48185,DOOR MAT FAIRY CAKE,11532.31
20719,WOODLAND CHARLOTTE BAG,11505.47
22501,PICNIC BASKET WICKER LARGE,11466.33
84077,WORLD WAR 2 GLIDERS ASSTD DESIGNS,11383.97
82583,HOT BATHS METAL SIGN,11378.35
22492,MINI PAINT SET VINTAGE ,11300.17
85150,LADIES & GENTLEMEN METAL SIGN,11266.949999999999
71053,WHITE METAL LANTERN,11235.54
22505,MEMO BOARD COTTAGE DESIGN,11233.66
22296,HEART IVORY TRELLIS LARGE,11012.789999999999
21218,RED SPOTTY BISCUIT TIN,10963.07
21210,SET OF 72 RETRO SPOT PAPER  DOILIES,10949.4
84970L,SINGLE HEART ZINC T-LIGHT HOLDER,10947.97
84992,72 SWEETHEART FAIRY CAKE CASES,10907.43
85048,15CM CHRISTMAS GLASS BALL 20 LIGHTS,10868.59
22569,FELTCRAFT CUSHION BUTTERFLY,10761.630000000001
84050,PINK HEART SHAPE EGG FRYING PAN,10665.64
48185,DOORMAT FAIRY CAKE,10645.77
21524,DOOR MAT SPOTTY HOME SWEET HOME,10563.06
22835,HOT WATER BOTTLE I AM SO POORLY,10563.02
48111,DOOR MAT 3 SMILEY CATS,10532.27
22607,WOODEN ROUNDERS GARDEN SET ,10498.48
22236,CAKE STAND 3 TIER MAGIC GARDEN,10485.07
22171,3 HOOK PHOTO SHELF ANTIQUE WHITE,10469.85
21484,CHICK GREY HOT WATER BOTTLE,10454.18
21174,POTTERING IN THE SHED METAL SIGN,10432.949999999999
22617,BAKING SET SPACEBOY DESIGN,10393.09
22659,LUNCH BOX I LOVE LONDON,10358.97
22084,PAPER CHAIN KIT EMPIRE,10354.460000000001
22570,FELTCRAFT CUSHION RABBIT,10337.32
48194,DOOR MAT HEARTS,10298.44
22606,WOODEN SKITTLES GARDEN SET,10275.38
22113,GREY HEART HOT WATER BOTTLE,10268.19
20724,RED SPOTTY CHARLOTTE BAG,10231.44
20749,ASSORTED COLOUR MINI CASES,10152.59
22467,GUMBALL COAT RACK,10121.13
22502,PICNIC BASKET WICKER SMALL,10057.7
22557,PLASTERS IN TIN VINTAGE PAISLEY ,10035.72
22198,LARGE POPCORN HOLDER ,10013.71
22561,WOODEN SCHOOL COLOURING SET,9998.97
22554,PLASTERS IN TIN WOODLAND ANIMALS,9948.289999999999
21136,PAINTED METAL PEARS ASSORTED,9868.01
85232B,SET/3 RUSSIAN DOLL STACKING TINS,9867.140000000001
84945,MULTI COLOUR SILVER T-LIGHT HOLDER,9852.119999999999
48184,DOOR MAT ENGLISH ROSE ,9816.33
22625,RED KITCHEN SCALES,9769.03
22147,FELTCRAFT BUTTERFLY HEARTS,9737.71
48187,DOORMAT NEW ENGLAND,9716.85
21488,RED WHITE SCARF  HOT WATER BOTTLE,9700.060000000001
22635,CHILDS BREAKFAST SET DOLLY GIRL ,9681.66
22169,FAMILY ALBUM WHITE PICTURE FRAME,9585.04
85099B,RED RETROSPOT JUMBO BAG ,9563.89
22381,TOY TIDY PINK RETROSPOT  ,9529.53
22633,HAND WARMER UNION JACK,9497.410000000002
22295,HEART FILIGREE DOVE LARGE,9494.23
22699,ROSES REGENCY TEACUP AND SAUCER ,9437.52
21624,VINTAGE UNION JACK DOORSTOP,9380.99
21704,BAG 250g SWIRLY MARBLES,9304.07
21485,RETROSPOT HEART HOT WATER BOTTLE,9250.710000000001
21975,PACK OF 60 DINOSAUR CAKE CASES,9227.74
20747,PICCADILLY TEA SET,9224.92
21877,HOME SWEET HOME MUG,9151.19
22271,FELTCRAFT DOLL ROSIE,9148.95
22499,WOODEN UNION JACK BUNTING,9106.49
21098,CHRISTMAS TOILET ROLL,9095.45
21777,RECIPE BOX WITH METAL HEART,9075.51
22634,CHILDS BREAKFAST SET SPACEBOY ,9062.199999999999
22555,PLASTERS IN TIN STRONGMAN,9041.189999999999
21735,TWO DOOR CURIO CABINET,8925.699999999999
17003,BROCADE RING PURSE ,8922.8
22424,ENAMEL BREAD BIN CREAM,8909.38
22139,RETROSPOT TEA SET CERAMIC 11 PC ,8901.460000000001
22413,METAL SIGN TAKE IT OR LEAVE IT ,8841.85
84947,ANTIQUE SILVER TEA GLASS ENGRAVED,8825.77
22941,CHRISTMAS LIGHTS 10 REINDEER,8823.9
22170,PICTURE FRAME WOOD TRIPLE PORTRAIT,8823.06
21094,SET/6 RED SPOTTY PAPER PLATES,8789.859999999999
21889,WOODEN BOX OF DOMINOES,8765.28
20718,RED SPOTTY SHOPPER BAG,8763.09
22636,CHILDS BREAKFAST SET CIRCUS PARADE,8752.17
84839,SWEETHEART KEY CABINET,8747.05
21390,FILIGRIS HEART WITH BUTTERFLY,8742.34
22560,TRADITIONAL MODELLING CLAY,8698.23
21906,PHARMACIE FIRST AID TIN,8672.74
22487,WHITE WOOD GARDEN PLANT LADDER,8640.119999999999
22652,TRAVEL SEWING KIT,8625.16
22568,FELTCRAFT CUSHION OWL,8608.86
22130,PARTY CONE CHRISTMAS DECORATION ,8579.49
20685,DOORMAT RED RETROSPOT,8544.27
21186,WHITE DOVE HONEYCOMB PAPER GARLAND,8525.449999999999
79323LP,LIGHT PINK CHERRY LIGHTS,8481.19
22632,HAND WARMER RED RETROSPOT,8475.44
21524,DOORMAT SPOTTY HOME SWEET HOME,8451.76
48188,DOOR MAT WELCOME PUPPIES,8429.7
22946,WOODEN ADVENT CALENDAR CREAM,8421.1
21533,RETRO SPOT LARGE MILK JUG,8420.28
21165,BEWARE OF THE CAT METAL SIGN ,8415.65
22386,JUMBO BAG PINK POLKADOT,8405.710000000001
47567B,TEA TIME KITCHEN APRON,8400.49
21429,RED GINGHAM ROSE JEWELLERY BOX,8352.38
21380,WOODEN HAPPY BIRTHDAY GARLAND,8335.970000000001
22273,FELTCRAFT DOLL MOLLY,8299.93
21982,PACK OF 12 SUKI TISSUES ,8280.279999999999
84880,WHITE WIRE EGG HOLDER,8262.52
48111,DOORMAT 3 SMILEY CATS,8243.24
22654,DELUXE SEWING KIT ,8242.92
21523,DOOR MAT FANCY FONT HOME SWEET HOME,8238.8
48188,DOORMAT WELCOME PUPPIES,8238.49
22468,BABUSHKA LIGHTS STRING OF 10,8213.460000000001
22697,GREEN REGENCY TEACUP AND SAUCER,8203.67
22666,RECIPE BOX PANTRY YELLOW DESIGN,8201.25
22064,PINK DOUGHNUT TRINKET POT ,8190.8099999999995
85067,CREAM SWEETHEART WALL CABINET,8183.04
15056P,EDWARDIAN PARASOL PINK,8124.55
21868,POTTING SHED TEA MUG,8123.97
22940,FELTCRAFT CHRISTMAS FAIRY,8119.04
21340,CLASSIC METAL BIRDCAGE PLANT HOLDER,8098.09
20723,STRAWBERRY CHARLOTTE BAG,8092.07
21260,FIRST AID TIN,8053.45
20750,RED/WHITE DOT MINI CASES,8051.57
22366,DOORMAT AIRMAIL ,8021.5599999999995
22041,"RECORD FRAME 7"" SINGLE SIZE ",8016.900000000001
22173,METAL 4 HOOK HANGER FRENCH CHATEAU,8001.150000000001
21121,SET/10 RED SPOTTY PARTY CANDLES,7990.77
21936,RED RETROSPOT PICNIC BAG,7988.3099999999995
20828,GLITTER BUTTERFLY CLIPS,7987.9800000000005
21035,SET/2 RED SPOTTY TEA TOWELS ,7960.570000000001
21769,VINTAGE POST OFFICE CABINET,7954.87
21527,RETRO SPOT TRADITIONAL TEAPOT ,7937.910000000001
47570B,TEA TIME TABLE CLOTH,7937.64
21912,VINTAGE SNAKES & LADDERS,7887.04
22207,FRYING PAN UNION FLAG,7882.32
22275,WEEKEND BAG VINTAGE ROSE PAISLEY,7875.33
21914,BLUE HARMONICA IN BOX ,7854.54
22082,RIBBON REEL STRIPES DESIGN ,7842.89
21108,FAIRY CAKE FLANNEL ASSORTED COLOUR,7802.7699999999995
22952,60 CAKE CASES VINTAGE CHRISTMAS,7793.77
20685,DOORMAT RED SPOT,7765.42
22179,SET 10 LIGHTS NIGHT OWL,7727.55
22909,SET OF 20 VINTAGE CHRISTMAS NAPKINS,7719.65
37370,RETRO COFFEE MUGS ASSORTED,7710.05
21672,WHITE SPOT RED CERAMIC DRAWER KNOB,7703.91
21212,PACK OF 72 RETROSPOT CAKE CASES,7647.92
47556B,TEA TIME TEA TOWELS ,7646.02
22464,HANGING METAL HEART LANTERN,7643.949999999999
22528,GARDENERS KNEELING PAD,7623.41
22485,SET OF 2 WOODEN MARKET CRATES,7589.49
20685,RED SPOTTY COIR DOORMAT,7563.34
22812,PACK 3 BOXES CHRISTMAS PANNETONE,7557.379999999999
21781,MA CAMPAGNE CUTLERY BOX,7553.62
22150,3 STRIPEY MICE FELTCRAFT,7550.58
21257,VICTORIAN SEWING BOX MEDIUM,7532.76
85065,CREAM SWEETHEART TRAYS,7524.44
21888,BINGO SET,7493.3
51008,AFGHAN SLIPPER SOCK PAIR,7488.7
22649,STRAWBERRY FAIRY CAKE TEAPOT,7486.04
22584,PACK OF 6 PANNETONE GIFT BOXES,7480.83
22646,CERAMIC STRAWBERRY CAKE MONEY BANK,7467.04
22380,TOY TIDY SPACEBOY  ,7458.96
21673,WHITE SPOT BLUE CERAMIC DRAWER KNOB,7456.31
22088,PAPER BUNTING COLOURED LACE,7442.39
48184,DOORMAT ENGLISH ROSE ,7434.84
22623,BOX OF VINTAGE JIGSAW BLOCKS ,7429.27
21559,STRAWBERRY LUNCH BOX WITH CUTLERY,7423.049999999999
84987,SET OF 36 TEATIME PAPER DOILIES,7419.73
22301,COFFEE MUG CAT + BIRD DESIGN,7418.83
21216,"SET 3 RED SPOT TIN TEA,COFFEE,SUGAR",7404.09
21259,VICTORIAN SEWING BOX SMALL ,7379.780000000001
21737,SET 3 WICKER LOG BASKETS,7362.66
85064,CREAM SWEETHEART LETTER RACK,7328.96
22121,NOEL WOODEN BLOCK LETTERS ,7323.030000000001
22694,WICKER STAR ,7280.280000000001
22109,FULL ENGLISH BREAKFAST PLATE,7276.53
22357,KINGS CHOICE BISCUIT TIN,7270.78
72351B,SET/6 PINK  BUTTERFLY T-LIGHTS,7252.6900000000005
21871,SAVE THE PLANET MUG,7220.95
22727,ALARM CLOCK BAKELIKE RED ,7212.74
21937,STRAWBERRY   PICNIC BAG,7193.11
20829,GLITTER HANGING BUTTERFLY STRING,7152.490000000001
22759,SET OF 3 NOTEBOOKS IN PARCEL,7148.599999999999
21974,SET OF 36 PAISLEY FLOWER DOILIES,7110.7
48173C,DOOR MAT BLACK FLOCK ,7100.21
21169,YOU'RE CONFUSING ME METAL SIGN ,7095.92
84375,SET OF 20 KIDS COOKIE CUTTERS,7080.07
48116,DOOR MAT MULTICOLOUR STRIPE,7078.28
48129,DOORMAT TOPIARY,7061.75
21935,SUKI  SHOULDER BAG,7055.2
84378,SET OF 3 HEART COOKIE CUTTERS,7048.9800000000005
84212,"ASSORTED FLOWER COLOUR ""LEIS""",7027.27
35961,FOLKART ZINC HEART CHRISTMAS DEC,7002.82
22365,DOORMAT RESPECTABLE HOUSE,6984.21
22274,FELTCRAFT DOLL EMILY,6973.02
21890,S/6 WOODEN SKITTLES IN COTTON BAG,6951.64
84997A,GREEN 3 PIECE MINI DOTS CUTLERY SET,6948.650000000001
21770,OPEN CLOSED METAL SIGN,6883.370000000001
21122,SET/10 PINK SPOTTY PARTY CANDLES,6882.16
21669,BLUE STRIPE CERAMIC DRAWER KNOB,6879.92
85220,SMALL FAIRY CAKE FRIDGE MAGNETS,6875.0
47502,POLKADOT CUTLERY 24 PCS IN TRAY,6855.75
22627,MINT KITCHEN SCALES,6834.79
22427,ENAMEL FLOWER JUG CREAM,6816.3
21428,SET3 BOOK BOX GREEN GINGHAM FLOWER ,6812.3
22558,CLOTHES PEGS RETROSPOT PACK 24 ,6810.78
21768,WALL MOUNTED VINTAGE ORGANISER,6756.09
62018,SOMBRERO ,6739.85
22352,LUNCH BOX WITH CUTLERY RETROSPOT ,6724.5599999999995
21156,RETROSPOT CHILDRENS APRON,6718.03
47599A,PINK PARTY BAGS,6692.78
22417,PACK OF 60 SPACEBOY CAKE CASES,6686.85
22300,COFFEE MUG DOG + BALL DESIGN,6685.99
48129,DOOR MAT TOPIARY,6681.38
85014D,PINK/BROWN DOTS RUFFLED UMBRELLA,6664.45
85068,CREAM SWEETHEART SHELF + HOOKS,6647.24
85047,WHITE BEADED GARLAND STRING 20LIGHT,6645.28
C2,CARRIAGE,6625.0
21833,CAMOUFLAGE LED TORCH,6613.92
21430,SET/3 RED GINGHAM ROSE STORAGE BOX,6608.25
82582,AREA PATROLLED METAL SIGN,6567.280000000001
ADJUST,Adjustment by john on 26/01/2010 17,6563.5
79000,MOROCCAN TEA GLASS,6552.18
22698,PINK REGENCY TEACUP AND SAUCER,6548.01
22618,COOKING SET RETROSPOT,6531.719999999999
22749,FELTCRAFT PRINCESS CHARLOTTE DOLL,6513.67
22726,ALARM CLOCK BAKELIKE GREEN,6511.06
21668,RED STRIPE CERAMIC DRAWER KNOB,6476.88
21535,RED RETROSPOT SMALL MILK JUG,6475.48
22580,ADVENT CALENDAR GINGHAM SACK,6429.530000000001
22215,CAKE STAND WHITE TWO TIER LACE,6398.04
84988,SET OF 72 PINK HEART PAPER DOILIES,6387.95
21671,RED SPOT CERAMIC DRAWER KNOB,6372.09
20725,LUNCH BAG RED RETROSPOT,6365.72
22303,COFFEE MUG APPLES DESIGN,6363.38
75049L,LARGE CIRCULAR MIRROR MOBILE,6343.33
47591D,PINK FAIRY CAKE CHILD'S APRON,6339.17
10002,INFLATABLE POLITICAL GLOBE ,6333.76
22804,CANDLEHOLDER PINK HANGING HEART,6311.13
22488,NATURAL SLATE RECTANGLE CHALKBOARD,6300.539999999999
21985,PACK OF 12 HEARTS DESIGN TISSUES ,6286.05
84792,ENCHANTED BIRD COATHANGER 5 HOOK,6284.7300000000005
22553,PLASTERS IN TIN SKULLS,6273.389999999999
20754,RETRO RED SPOTTY WASHING UP GLOVES,6257.39
22619,SET OF 6 SOLDIER SKITTLES,6257.28
20914,SET/5 RED RETROSPOT LID GLASS BOWLS,6243.79
48173C,DOORMAT BLACK FLOCK ,6194.95
84380,SET OF 3 BUTTERFLY COOKIE CUTTERS,6175.47
21361,LOVE LARGE WOOD LETTERS ,6154.86
21870,I CAN ONLY PLEASE ONE PERSON MUG,6147.82
21172,PARTY METAL SIGN ,6123.139999999999
22131,FOOD CONTAINER SET 3 LOVE HEART ,6108.55
21670,BLUE SPOT CERAMIC DRAWER KNOB,6099.8
21667,GLASS CAKE COVER AND PLATE,6096.349999999999
22055,MINI CAKE STAND  HANGING STRAWBERY,6096.0
21086,SET/6 RED SPOTTY PAPER CUPS,6088.25
22083,PAPER CHAIN KIT RETROSPOT,6052.9800000000005
21892,TRADITIONAL WOODEN CATCH CUP GAME ,6029.41
22943,CHRISTMAS LIGHTS 10 VINTAGE BAUBLES,6028.35
84032A,CHARLIE+LOLA PINK HOT WATER BOTTLE,6021.99
21844,RED RETROSPOT MUG,6007.620000000001
21385,IVORY HANGING DECORATION  HEART,5998.5
21907,I'M ON HOLIDAY METAL SIGN,5995.05
22358,KINGS CHOICE TEA CADDY ,5990.030000000001
21980,PACK OF 12 RED SPOTTY TISSUES ,5981.8099999999995
22690,DOORMAT HOME SWEET HOME BLUE ,5978.63
21124,SET/10 BLUE SPOTTY PARTY CANDLES,5966.95
21984,PACK OF 12 PINK PAISLEY TISSUES ,5958.07
22348,TEA BAG PLATE RED SPOTTY ,5934.19
22283,6 EGG HOUSE PAINTED WOOD,5902.52
22089,PAPER BUNTING VINTAGE PAISLEY,5872.4800000000005
79067,CORONA MEXICAN TRAY,5870.39
84520B,PACK 20 ENGLISH ROSE PAPER NAPKINS,5870.0
79323W,WHITE CHERRY LIGHTS,5850.06
21745,GAOLERS KEYS DECORATIVE GARDEN ,5845.59
84032B,CHARLIE + LOLA RED HOT WATER BOTTLE,5788.8
22327,ROUND SNACK BOXES SET OF 4 SKULLS,5750.240000000001
22329,ROUND CONTAINER SET OF 5 RETROSPOT,5727.61
21658,GLASS  BEURRE DISH,5724.67
21955,DOORMAT UNION JACK GUNS AND ROSES,5677.72
22588,CARD HOLDER GINGHAM HEART,5667.36
35970,ZINC FOLKART SLEIGH BELLS,5665.1
20676,RED SPOTTY BOWL,5660.1900000000005
22645,CERAMIC HEART FAIRY CAKE MONEY BANK,5656.15
21114,LAVENDER SCENTED FABRIC HEART,5621.58
22221,CAKE STAND LOVEBIRD 2 TIER PINK,5618.17
21716,BOYS VINTAGE TIN SEASIDE BUCKET,5618.0199999999995
84968B,S/16 VINTAGE IVORY CUTLERY,5617.66
22656,VINTAGE BLUE KITCHEN CABINET,5605.0
22575,METAL MERRY CHRISTMAS WREATH,5599.78
22078,RIBBON REEL LACE DESIGN ,5596.05
22195,LARGE HEART MEASURING SPOONS,5580.839999999999
22834,HAND WARMER BABUSHKA DESIGN,5559.620000000001
21749,LARGE RED SPOT WINDMILL,5554.92
21981,PACK OF 12 WOODLAND TISSUES ,5548.93
21411,GINGHAM HEART  DOORSTOP RED,5531.21
21242,RED SPOTTY PLATE ,5523.2
22900, SET 2 TEA TOWELS I LOVE LONDON ,5521.08
72807C,SET/3 VANILLA SCENTED CANDLE IN BOX,5518.19
21875,KINGS CHOICE MUG,5516.69
22748,POPPY'S PLAYHOUSE KITCHEN,5515.860000000001
21715,GIRLS VINTAGE TIN SEASIDE BUCKET,5510.63
21955,DOOR MAT UNION JACK GUNS AND ROSES,5510.39
16014,SMALL CHINESE STYLE SCISSOR,5503.64
21381,MINI WOODEN HAPPY BIRTHDAY GARLAND,5503.46
22904,CALENDAR PAPER CUT DESIGN,5488.580000000001
79029,GLASS HONEYPOT WASP CATCHER,5473.82
21135,VICTORIAN  METAL POSTCARD SPRING,5450.81
22942,CHRISTMAS LIGHTS 10 SANTAS ,5439.14
21432,SET OF 3 CASES WOODLAND DESIGN,5435.91
85063,CREAM SWEETHEART MAGAZINE RACK,5426.74
84937,KASHMIR FOLKART TUMBLERS,5394.54
21033,JUMBO BAG CHARLIE AND LOLA TOYS,5388.31
20970,PINK FLORAL FELTCRAFT SHOULDER BAG,5384.87
22151,PLACE SETTING WHITE HEART,5370.48
22219,LOVEBIRD HANGING DECORATION WHITE ,5370.13
22333,RETRO SPORT PARTY BAG + STICKER SET,5370.08
21491,SET OF THREE VINTAGE GIFT WRAPS,5365.0599999999995
22218,CAKE STAND LACE WHITE,5361.41
22302,COFFEE MUG PEARS  DESIGN,5358.16
35832,WOOLLY HAT SOCK GLOVE ADVENT STRING,5341.85
22085,PAPER CHAIN KIT SKULLS ,5337.53
22745,POPPY'S PLAYHOUSE BEDROOM ,5331.87
22662,LUNCH BAG DOLLY GIRL DESIGN,5307.43
47591D,PINK FAIRY CAKE CHILDRENS APRON,5293.6
21155,RED SPOTTY PEG BAG,5282.89
20975,12 PENCILS SMALL TUBE RED SPOTTY,5278.030000000001
72756,FAIRY CAKE CANDLES,5257.43
22595,CHRISTMAS GINGHAM HEART,5243.889999999999
22508,DOORSTOP RETROSPOT HEART,5224.41
21756,BATH BUILDING BLOCK WORD,5215.900000000001
21891,TRADITIONAL WOODEN SKIPPING ROPE,5208.15
22466,FAIRY TALE COTTAGE NIGHTLIGHT,5200.73
84692,BOX OF 24 COCKTAIL PARASOLS,5187.5599999999995
22079,RIBBON REEL HEARTS DESIGN ,5184.85
22418,10 COLOUR SPACEBOY PEN,5184.469999999999
22549,PICTURE DOMINOES,5169.679999999999
22631,CIRCUS PARADE LUNCH BOX ,5166.49
22180,RETRO SPOT LAMP,5164.42
22120,WELCOME  WOODEN BLOCK LETTERS,5157.13
84568,GIRLS ALPHABET IRON ON PATCHES ,5139.58
22212,FOUR HOOK  WHITE LOVEBIRDS,5138.9400000000005
21498,RED SPOTS  WRAP ,5115.5
11001,ASSTD DESIGN RACING CAR PEN,5115.46
84884A,ANT WHITE WIRE HEART SPIRAL,5110.71
20969,RED FLORAL FELTCRAFT SHOULDER BAG,5070.67
22220,CAKE STAND LOVEBIRD 2 TIER WHITE,5046.139999999999
21976,PACK OF 60 MUSHROOM CAKE CASES,5035.9800000000005
22282,12 EGG HOUSE PAINTED WOOD,5028.13
21326,AGED GLASS SILVER T-LIGHT HOLDER,5027.41
22063,CERAMIC BOWL WITH STRAWBERRY DESIGN,5024.01
22655,VINTAGE RED KITCHEN CABINET,5015.0
22592,CARDHOLDER HOLLY WREATH METAL,5014.71
22174,PHOTO CUBE,5014.62
21587,COSY HOUR GIANT TUBE MATCHES,5007.3
22526,WHEELBARROW FOR CHILDREN ,4994.9
37450,CERAMIC CAKE BOWL + HANGING CAKES,4988.25
47568,ENGLISH ROSE DESIGN PEG BAG,4983.02
82552,WASHROOM METAL SIGN,4970.84
85049E,SCANDINAVIAN REDS RIBBONS,4950.15
72351A,SET/6 TURQUOISE BUTTERFLY T-LIGHTS,4909.84
22243,"HOOK, 5 HANGER ,MAGIC TOADSTOOL RED",4908.799999999999
22341,LOVE GARLAND PAINTED ZINC ,4897.78
82001S,VINYL RECORD FRAME SILVER,4896.66
22199,FRYING PAN RED POLKADOT ,4885.89
21115,ROSE CARAVAN DOORSTOP,4884.14
21539,RED RETROSPOT BUTTER DISH,4882.67
22632,HAND WARMER RED POLKA DOT,4876.2
22332,SKULLS PARTY BAG + STICKER SET,4873.9
22224,WHITE LOVEBIRD LANTERN,4870.14
21700,BIG DOUGHNUT FRIDGE MAGNETS,4842.87
84270,ASSTD DESIGN BUBBLE GUM RING,4824.3
22498,WOODEN REGATTA BUNTING,4823.650000000001
22242,"HOOK, 5 HANGER , MAGIC TOADSTOOL",4795.95
20682,RED SPOTTY CHILDS UMBRELLA,4791.04
22740,POLKADOT PEN,4775.469999999999
22616,PACK OF 12 LONDON TISSUES ,4771.25
22637,PIGGY BANK RETROSPOT ,4771.15
84997D,PINK 3 PIECE POLKADOT CUTLERY SET,4763.25
22377,BOTTLE BAG RETROSPOT ,4759.95
15060B,FAIRY CAKE DESIGN UMBRELLA,4747.28
85014B,RED RETROSPOT UMBRELLA,4735.75
37448,CERAMIC CAKE DESIGN SPOTTED MUG,4724.88
48197,DOOR MAT BIRD ON THE WIRE,4691.77
22945,CHRISTMAS METAL TAGS ASSORTED ,4687.7699999999995
21156,RED SPOTTY CHILDS APRON,4678.23
22665,RECIPE BOX BLUE SKETCHBOOK DESIGN,4651.650000000001
21243,PINK  SPOTTY PLATE ,4645.09
21042,RED SPOTTY APRON ,4638.110000000001
48116,DOORMAT MULTICOLOUR STRIPE,4628.76
48189,DOORMAT FRIENDSHIP ,4615.91
22060,LARGE CAKE STAND HANGING HEARTS,4600.26
21558,SKULL LUNCH BOX WITH CUTLERY ,4598.83
22776,SWEETHEART CAKESTAND 3 TIER,4590.4
21407,BROWN CHECK CAT DOORSTOP ,4580.9800000000005
21989,PACK OF 20 SKULL PAPER NAPKINS,4578.73
85174,S/4 CACTI CANDLES,4563.96
21107,CREAM SLICE FLANNEL PINK SPOT ,4550.240000000001
22429,ENAMEL MEASURING JUG CREAM,4549.21
85184D,S/4 BLUE ROUND DECOUPAGE BOXES,4546.78
22750,FELTCRAFT PRINCESS LOLA DOLL,4543.39
22620,4 TRADITIONAL SPINNING TOPS,4542.84
22364,GLASS JAR DIGESTIVE BISCUITS,4529.78
22738,RIBBON REEL SNOWY VILLAGE,4518.22
22165,"DIAMANTE HEART SHAPED WALL MIRROR, ",4516.02
21903,MAN FLU METAL SIGN,4511.26
37500,TEA TIME TEAPOT IN GIFT BOX,4509.04
85049A,TRADITIONAL CHRISTMAS RIBBONS,4508.79
85175,CACTI T-LIGHT CANDLES,4495.88
22692,DOORMAT WELCOME TO OUR HOME,4485.78
22663,JUMBO BAG DOLLY GIRL DESIGN,4476.63
21586,KINGS CHOICE GIANT TUBE MATCHES,4464.0
82599,FANNY'S REST STOPMETAL SIGN,4459.39
22360,GLASS JAR ENGLISH CONFECTIONERY,4431.28
79341,WILLOW BRANCH LIGHTS.,4423.6900000000005
22414,DOORMAT NEIGHBOURHOOD WITCH ,4419.59
22644,CERAMIC CHERRY CAKE MONEY BANK,4414.0199999999995
22367,CHILDS APRON SPACEBOY DESIGN,4412.87
22073,RED RETROSPOT STORAGE JAR,4397.7
22947,WOODEN ADVENT CALENDAR RED,4397.61
21614,SET OF 12 ROSE BOTANICAL T-LIGHTS,4384.88
21535,RETRO SPOT SMALL MILK JUG,4380.61
21523,FANCY FONT HOME SWEET HOME DOORMAT,4378.65
22465,HANGING METAL STAR LANTERN,4357.86
20974,12 PENCILS SMALL TUBE SKULL,4356.110000000001
20677,PINK SPOTTY BOWL,4348.93
22168,ORGANISER WOOD ANTIQUE WHITE ,4347.13
21844,RETRO SPOT MUG,4343.01
21922,UNION STRIPE WITH FRINGE  HAMMOCK,4329.610000000001
21625,VINTAGE UNION JACK APRON,4295.36
22110,BIRD HOUSE HOT WATER BOTTLE,4294.7300000000005
21153,RED SPOTTY TABLECLOTH ,4294.6900000000005
21874,GIN AND TONIC MUG,4283.16
20717,STRAWBERRY SHOPPER BAG,4272.75
16156S,WRAP PINK FAIRY CAKES ,4269.62
22669,RED BABY BUNTING ,4264.62
22276,WASH BAG VINTAGE ROSE PAISLEY,4258.67
22668,PINK BABY BUNTING,4255.54
21531,RED RETROSPOT SUGAR JAM BOWL,4254.46
20979,36 PENCILS TUBE RED SPOTTY,4252.11
21832,CHOCOLATE CALCULATOR,4230.889999999999
21217,RED RETROSPOT ROUND CAKE TINS,4225.0
85232B,SET OF 3 BABUSHKA STACKING TINS,4213.04
21933,PINK VINTAGE PAISLEY PICNIC BAG,4203.97
22890,NOVELTY BISCUITS CAKE STAND 3 TIER,4203.95
21474,SWEETHEART CREAM STEEL FOLDIN BENCH,4189.5
22728,ALARM CLOCK BAKELIKE PINK,4186.37
37495,FAIRY CAKE BIRTHDAY CANDLE SET,4185.36
22353,LUNCH BOX WITH CUTLERY FAIRY CAKES ,4167.21
21528,DAIRY MAID TRADITIONAL TEAPOT ,4163.95
21577,SAVE THE PLANET COTTON TOTE BAG,4160.72
21463,MIRRORED DISCO BALL ,4158.71
22443,GROW YOUR OWN HERBS SET OF 3,4153.66
21539,RETRO SPOTS BUTTER DISH,4142.87
21590,KINGS CHOICE CIGAR BOX MATCHES ,4141.28
22367,CHILDRENS APRON SPACEBOY DESIGN,4139.46
21591,COSY HOUR CIGAR BOX MATCHES ,4139.4400000000005
21563,RED HEART SHAPE LOVE BUCKET ,4122.76
22371,AIRLINE BAG VINTAGE TOKYO 78,4106.19
22968,ROSE COTTAGE KEEPSAKE BOX ,4100.28
22192,BLUE DINER WALL CLOCK,4085.4700000000003
22809,SET OF 6 T-LIGHTS SANTA,4081.2000000000003
22730,ALARM CLOCK BAKELIKE IVORY,4080.64
85062,PEARL CRYSTAL PUMPKIN T-LIGHT HLDR,4080.0499999999997
82580,BATHROOM METAL SIGN,4071.9500000000003
20751,FUNKY WASHING UP GLOVES ASSORTED,4061.5600000000004
21363,HOME SMALL WOOD LETTERS,4051.59
22203,MILK PAN RED RETROSPOT,4050.61
84971S,SMALL HEART FLOWERS HOOK ,4045.0699999999997
21116,OWL DOORSTOP,4042.4800000000005
22335,HEART DECORATION PAINTED ZINC ,4038.4700000000003
22185,SLATE TILE NATURAL HANGING,4033.3899999999994
22567,20 DOLLY PEGS RETROSPOT,4025.52
22810,SET OF 6 T-LIGHTS SNOWMEN,4019.8500000000004
21110,LARGE CAKE TOWEL PINK SPOTS,4008.38
84997C,BLUE 3 PIECE POLKADOT CUTLERY SET,4006.86
21238,RED SPOTTY CUP,3999.45
47599B,BLUE PARTY BAGS ,3997.7200000000003
35004B,SET OF 3 BLACK FLYING DUCKS,3997.34
21955,UNION JACK GUNS & ROSES  DOORMAT,3987.11
21988,PACK OF 6 SKULL PAPER PLATES,3985.08
22612,TEA COSY VINTAGE UNION JACK,3984.99
22354,RETROSPOT PADDED SEAT CUSHION,3983.4
22193,RED DINER WALL CLOCK,3980.4100000000003
22244,"HOOK, 3 HANGER ,MAGIC GARDEN",3979.2
21524,SPOTTY  HOME SWEET HOME DOORMAT,3978.34
21349,IVY HEART WREATH,3970.23
22833,HALL CABINET WITH 3 DRAWERS,3963.64
22356,CHARLOTTE BAG PINK WITH WHITE SPOTS,3959.52
22125,UNION JACK HOT WATER BOTTLE ,3949.23
21207,SKULL AND CROSSBONES  GARLAND ,3942.39
21911,GARDEN METAL SIGN ,3917.4799999999996
21934,SKULL SHOULDER BAG,3914.44
22790,"MIRROR, ARCHED GEORGIAN",3884.0000000000005
47559B,TEA TIME OVEN GLOVE,3870.64
85038,6 CHOCOLATE LOVE HEART T-LIGHTS,3869.5800000000004
21181,PLEASE ONE PERSON  METAL SIGN,3868.0700000000006
22187,GREEN CHRISTMAS TREE CARD HOLDER,3867.82
21244,BLUE  SPOTTY PLATE ,3859.6299999999997
21071,VINTAGE BILLBOARD DRINK ME MUG,3841.17
22847,BREAD BIN DINER STYLE IVORY,3818.0
84598,BOYS ALPHABET IRON ON PATCHES,3814.42
22355,"CHARLOTTE BAG , SUKI DESIGN",3796.59
22621,TRADITIONAL KNITTING NANCY,3793.41
22628,PICNIC BOXES SET OF 3 RETROSPOT ,3787.57
84016,FLAG OF ST GEORGE CAR FLAG,3779.51
21154,RED SPOTTY OVEN GLOVE ,3778.37
21143,ANTIQUE GLASS HEART DECORATION ,3776.6499999999996
22072,RED RETROSPOT TEA CUP AND SAUCER ,3771.0
22950,36 DOILIES VINTAGE CHRISTMAS,3763.6899999999996
22115,METAL SIGN EMPIRE TEA,3756.86
21872,GLAMOROUS  MUG,3749.76
22356,"CHARLOTTE BAG , PINK/WHITE SPOTS",3740.38
21795,SET OF 3 BLUE STRIPE BASKET,3734.9400000000005
22582,PACK OF 6 SWEETIE GIFT BOXES,3731.3599999999997
21041,RED SPOTTY OVEN GLOVE DOUBLE,3715.23
21730,GLASS STAR FROSTED T-LIGHT HOLDER,3714.46
22830,UTILTY CABINET WITH HOOKS,3713.76
15044B,BLUE PAPER PARASOL ,3709.11
20973,12 PENCIL SMALL TUBE WOODLAND,3707.8500000000004
22472,TV DINNER TRAY DOLLY GIRL,3699.4300000000003
20750, RED/WHITE DOT MINI CASES,3696.59
85132A,CHARLIE + LOLA BISCUITS TINS,3687.91
20692,FLORAL ELEPHANT SOFT TOY,3682.76
22127,PARTY CONES CARNIVAL ASSORTED,3678.23
22969,HOMEMADE JAM SCENTED CANDLES,3670.7
21078,SET/20 STRAWBERRY PAPER NAPKINS ,3669.6
22080,RIBBON REEL SPOTS DESIGN ,3668.58
21592,RETRO SPOT  CIGAR BOX MATCHES ,3652.0
21100,CHARLIE AND LOLA CHARLOTTE BAG,3650.37
21486,PINK HEART DOTS HOT WATER BOTTLE,3638.67
21472,LADYBIRD + BEE RAFFIA FOOD COVER,3635.16
85061W,WHITE JEWELLED HEART DECORATION,3633.8599999999997
22534,MAGIC DRAWING SLATE SPACEBOY ,3631.82
22563,HAPPY STENCIL CRAFT,3630.6800000000003
22029,SPACEBOY BIRTHDAY CARD,3628.96
82551,LAUNDRY 15C METAL SIGN,3619.5099999999998
22550,HOLIDAY FUN LUDO,3618.57
85040B,SET/4 BLUE FLOWER CANDLES IN BOWL,3610.83
21497,FANCY FONTS BIRTHDAY WRAP,3600.5
22441,GROW YOUR OWN BASIL IN ENAMEL MUG,3598.4
22353,LUNCHBOX WITH CUTLERY FAIRY CAKES ,3597.68
22442,GROW YOUR OWN FLOWERS SET OF 3,3595.5699999999997
22746,POPPY'S PLAYHOUSE LIVINGROOM ,3595.0800000000004
21787,RAIN PONCHO WITH RED SPOTS,3592.9700000000003
22430,ENAMEL WATERING CAN CREAM,3590.15
84997B,RED 3 PIECE RETROSPOT CUTLERY SET,3579.2400000000002
22278,OVERNIGHT BAG VINTAGE ROSE PAISLEY,3572.8100000000004
22186,RED STAR CARD HOLDER,3572.6800000000003
20784,RED RETRO BAR STOOL,3570.87
21201,TROPICAL  HONEYCOMB PAPER GARLAND ,3567.55
22318,FIVE HEART HANGING DECORATION,3560.3900000000003
72802C,VANILLA SCENT CANDLE JEWELLED BOX,3554.75
20724,RED RETROSPOT CHARLOTTE BAG,3553.3999999999996
22504,CABIN BAG VINTAGE RETROSPOT,3550.0099999999998
21932,SCANDINAVIAN PAISLEY PICNIC BAG,3544.54
22489,PACK OF 12 TRADITIONAL CRAYONS,3534.97
20786,BLACK RETRO BAR STOOL,3533.9
47505,MINATURE COLOURED GARDENING SET,3527.42
84832,ZINC WILLIE WINKIE  CANDLE STICK,3516.2799999999997
22765,NEWSPAPER STAND,3508.3
37446,MINI CAKE STAND WITH HANGING CAKES,3507.14
22196,SMALL HEART MEASURING SPOONS,3505.8399999999997
21992,VINTAGE PAISLEY STATIONERY SET,3504.25
22602,CHRISTMAS RETROSPOT HEART WOOD,3499.1099999999997
22156,HEART DECORATION WITH PEARLS ,3498.1499999999996
22311,OFFICE MUG WARMER BLACK+SILVER ,3493.59
22361,GLASS JAR DAISY FRESH COTTON WOOL,3482.34
22352,LUNCHBOX WITH CUTLERY RETROSPOT ,3481.89
20966,SANDWICH BATH SPONGE,3477.88
40016,CHINESE DRAGON PAPER LANTERNS,3462.7599999999998
20675,BLUE SPOTTY BOWL,3455.94
21559,STRAWBERRY LUNCHBOX WITH CUTLERY,3454.0899999999997
22172,METAL SHELF WITH RAIL ,3451.82
22304,COFFEE MUG BLUE PAISLEY DESIGN,3448.8
22399,MAGNETS PACK OF 4 CHILDHOOD MEMORY,3447.52
22583,PACK OF 6 HANDBAG GIFT BOXES,3433.6
21578,WOODLAND DESIGN  COTTON TOTE BAG,3430.41
21544,SKULLS  WATER TRANSFER TATTOOS ,3429.46
22769,CHALKBOARD KITCHEN ORGANISER,3428.95
21900,"KEY FOB , SHED",3425.78
48189,DOOR MAT FRIENDSHIP ,3420.2400000000002
22906,12 MESSAGE CARDS WITH ENVELOPES,3414.77
21452,TOADSTOOL MONEY BOX,3411.6500000000005
84472,PINK AND LILAC QUILTED THROW ,3402.32
22059,CERAMIC STRWBERRY DESIGN MUG,3393.1
85178,VICTORIAN SEWING KIT,3389.49
22737,RIBBON REEL CHRISTMAS PRESENT ,3383.12
44230,SQUARE MIRROR CURTAIN,3381.6200000000003
22763,KEY CABINET MA CAMPAGNE,3374.15
22838,3 TIER CAKE TIN RED AND CREAM,3370.85
22359,GLASS JAR KINGS CHOICE,3369.75
21067,VINTAGE RED TEATIME MUG,3369.07
84508A,CAMOFLAGE DESIGN TEDDY,3368.92
22057,CERAMIC PLATE STRAWBERRY DESIGN,3367.65
22366,DOOR MAT AIRMAIL ,3366.71
22272,FELTCRAFT DOLL MARIA,3363.09
21713,CITRONELLA CANDLE FLOWERPOT,3361.32
84797A,PINK HAWAIIAN PICNIC HAMPER FOR 4,3361.25
84968D,S/16 VINTAGE RED CUTLERY,3349.7599999999998
22432,WATERING CAN PINK BUNNY,3347.89
22766,PHOTO FRAME CORNICE,3339.3500000000004
22144,CHRISTMAS CRAFT LITTLE FRIENDS,3332.4100000000003
22167,"WALL MIRROR , DIAMANTE OVAL SHAPE",3331.91
21355,TOAST ITS - I LOVE YOU ,3315.5
21056,DOCTOR'S BAG SOFT TOY,3312.2799999999997
21743,STAR PORTABLE TABLE LIGHT ,3310.1200000000003
37447,CERAMIC CAKE DESIGN SPOTTED PLATE,3306.25
20681,PINK SPOTTY CHILDS UMBRELLA,3292.86
20967,GREY FLORAL FELTCRAFT SHOULDER BAG,3292.14
22122,SET OF 2 FANCY FONT TEA TOWELS,3290.0800000000004
37410,BLACK AND WHITE PAISLEY FLOWER MUG,3288.65
22764,"RUSTIC WOODEN CABINET, GLASS DOORS",3287.72
47580,TEA TIME DES TEA COSY,3278.54
21064,BOOM BOX SPEAKER BOYS,3276.64
22667,RECIPE BOX RETROSPOT ,3274.3500000000004
22611,VINTAGE UNION JACK SHOPPING BAG,3271.77
22378,WALL TIDY RETROSPOT ,3271.25
84975,HEART SHAPED MIRROR,3266.4
22571,ROCKING HORSE RED CHRISTMAS ,3250.6
21477,STRING OF 20 ROSE LIGHTS,3248.94
21351,CINAMMON & ORANGE WREATH,3238.22
22412,METAL SIGN NEIGHBOURHOOD WITCH ,3232.11
22434,BALLOON PUMP WITH 10 BALLOONS,3225.48
22813,PACK 3 BOXES BIRD PANNETONE ,3224.6499999999996
21069,VINTAGE BILLBOARD TEA MUG,3223.91
22660,DOORMAT I LOVE LONDON,3222.58
21364,PEACE SMALL WOOD LETTERS,3218.51
21732,RED HANGING METAL STAR TLIGHT HLDR,3214.57
84837,WHITE SWEETHEARTS CABINET 4 DRAWERS,3210.04
79323GR,GREEN CHERRY LIGHTS,3209.36
22483,RED GINGHAM TEDDY BEAR ,3208.4300000000003
22689,DOORMAT MERRY CHRISTMAS RED ,3206.37
22768,FAMILY PHOTO FRAME CORNICE,3205.5699999999997
22497,SET OF 2 TINS VINTAGE BATHROOM ,3204.18
21986,PACK OF 12 PINK SPOT TISSUES ,3194.19
22729,ALARM CLOCK BAKELIKE ORANGE,3184.93
21584,RETRO SPOT SMALL TUBE MATCHES,3183.45
21714,CITRONELLA CANDLE GARDEN POT,3178.0099999999998
84968C,S/16 VINTAGE PISTACHIO CUTLERY,3177.2999999999997
22577,WOODEN HEART CHRISTMAS SCANDINAVIAN,3173.93
22305,COFFEE MUG PINK PAISLEY DESIGN,3168.15
21936,RED/WHITE SPOT PICNIC BAG,3164.5899999999997
22474,SPACEBOY TV DINNER TRAY,3164.2400000000002
22331,WOODLAND PARTY BAG + STICKER SET,3160.3599999999997
21718,RED METAL BEACH SPADE ,3156.93
84030E,ENGLISH ROSE HOT WATER BOTTLE,3151.32
20785,FUSCHIA RETRO BAR STOOL,3149.05
21239,PINK  SPOTTY CUP,3145.4900000000002
21500,PINK SPOTS  WRAP ,3144.5
20961,STRAWBERRY BATH SPONGE ,3141.14
20750,RED RETROSPOT MINI CASES,3139.98
21918,SET 12 KIDS COLOUR  CHALK STICKS,3126.85
22795,SWEETHEART RECIPE BOOK STAND,3126.06
22241,GARLAND WOODEN HAPPY EASTER,3121.6
22299,PIG KEYRING WITH LIGHT & SOUND ,3118.91
84352,SILVER CHRISTMAS TREE BAUBLE STAND ,3106.7799999999997
22177,5 HOOK BLACKBOARD ORGANISER ,3101.46
21717,EASTER TIN BUCKET,3097.7599999999998
21333,CLASSIC WHITE FRAME,3094.7400000000002
21494,ROTATING LEAVES T-LIGHT HOLDER,3091.75
20978,36 PENCILS TUBE SKULLS,3084.7799999999997
22437,SET OF 9 BLACK SKULL BALLOONS,3084.77
79072,TEATIME CAKE TIN WITH HANDLE,3083.2
22460,EMBOSSED GLASS TEALIGHT HOLDER,3082.95
22509,SEWING BOX RETROSPOT DESIGN ,3082.5699999999997
21707,"FOLDING UMBRELLA , BLACK/BLUE  SPOT",3077.01
21765,HANGING METAL BIRD BATH,3076.39
22347,PIZZA SLICE DISH,3074.18
22670,FRENCH WC SIGN BLUE METAL,3071.36
21648,ASSORTED TUTTI FRUTTI SMALL PURSE,3061.42
21679,SKULLS  STICKERS,3060.1699999999996
22118,JOY WOODEN BLOCK LETTERS,3058.6400000000003
22119,PEACE WOODEN BLOCK LETTERS,3050.86
22593,CHRISTMAS GINGHAM STAR,3036.77
21588,RETRO SPOT GIANT  TUBE MATCHES,3034.95
22162,HEART GARLAND RUSTIC PADDED,3027.37
22045,SPACEBOY GIFT WRAP,3024.8
22846,BREAD BIN DINER STYLE RED ,3022.8999999999996
20963,APPLE BATH SPONGE,3021.45
22030,SWALLOWS GREETING CARD,3015.39
22349,"DOG BOWL , CHASING BALL DESIGN",3014.3
22202,MILK PAN PINK RETROSPOT,3011.2400000000002
21313,GLASS HEART T-LIGHT HOLDER ,3009.83
22493,PAINT YOUR OWN CANVAS SET,3007.6499999999996
22090,PAPER BUNTING RETROSPOT,3004.6000000000004
22381,TOY TIDY PINK POLKADOT,2996.8
22065,CHRISTMAS PUDDING TRINKET POT ,2995.71
22739,RIBBON REEL CHRISTMAS SOCK BAUBLE,2990.29
21784,SHOE SHINE BOX ,2984.81
85014A,BLACK/BLUE POLKADOT UMBRELLA,2981.8100000000004
22626,BLACK KITCHEN SCALES,2978.1
22245,"HOOK, 1 HANGER ,MAGIC GARDEN",2976.49
21054,NURSE'S BAG SOFT TOY,2975.0699999999997
22027,TEA PARTY BIRTHDAY CARD,2973.16
72807B,SET/3 OCEAN SCENT CANDLE JEWEL BOX,2968.07
21706,"FOLDING UMBRELLA , RED/WHITE SPOT",2962.82
22855,FINE WICKER HEART ,2956.07
84950,ASSORTED COLOUR T-LIGHT HOLDER,2954.82
22562,MONSTERS STENCIL CRAFT,2951.4300000000003
21121,SET/10 RED POLKADOT PARTY CANDLES,2940.96
22840,ROUND CAKE TIN VINTAGE RED,2938.46
21214,SET OF 72 IVORY PAPER DOILIES,2920.8199999999997
21534,DAIRY MAID LARGE MILK JUG,2914.48
21471,STRAWBERRY RAFFIA FOOD COVER,2905.04
22200,FRYING PAN PINK POLKADOT ,2904.26
21967,PACK OF 12 SKULL TISSUES,2896.7499999999995
22751,FELTCRAFT PRINCESS OLIVIA DOLL,2888.73
22107,PIZZA PLATE IN BOX,2884.45
21240,BLUE  SPOTTY CUP,2877.47
22491,PACK OF 12 COLOURED PENCILS,2873.1899999999996
22072,TEA CUP AND SAUCER RETRO SPOT,2866.34
21901,"KEY FOB , BACK DOOR ",2864.07
22431,WATERING CAN BLUE ELEPHANT,2860.47
21913,VINTAGE SEASIDE JIGSAW PUZZLES,2857.37
22073,RETRO SPOT STORAGE JAR,2853.29
22435,SET OF 9 HEART SHAPED BALLOONS,2850.99
84849B,FAIRY SOAP SOAP HOLDER,2831.16
21916,SET 12 RETRO WHITE CHALK STICKS,2829.68
85114B,IVORY ENCHANTED FOREST PLACEMAT,2828.9
84997A,GREEN 3 PIECE POLKADOT CUTLERY SET,2810.79
20977,36 PENCILS TUBE WOODLAND,2810.1
84558A,3D DOG PICTURE PLAYING CARDS,2800.0200000000004
85049G,CHOCOLATE BOX RIBBONS ,2799.46
46000S,POLYESTER FILLER PAD 40x40cm,2798.5
84909A,PINK PAISLEY QUILT ,2797.55
35001W,HAND OPEN SHAPE DECO.WHITE,2794.69
21470,FLOWER VINE RAFFIA FOOD COVER,2788.35
21796,SET OF 3 RED STRIPE BASKETS,2782.19
22285,"DECORATION HEN ON NEST, HANGING",2781.2799999999997
20702,PINK PADDED MOBILE,2778.41
22600,CHRISTMAS RETROSPOT STAR WOOD,2774.27
21728,METAL MEDINA LANTERN ,2773.11
22141,CHRISTMAS CRAFT TREE TOP ANGEL,2772.02
21561,DINOSAUR LUNCH BOX WITH CUTLERY,2769.54
22365,DOOR MAT RESPECTABLE HOUSE,2765.69
22374,AIRLINE BAG VINTAGE JET SET RED,2752.95
22145,CHRISTMAS CRAFT HEART STOCKING ,2752.6600000000003
22530,MAGIC DRAWING SLATE DOLLY GIRL ,2746.06
21564,PINK  HEART SHAPE LOVE BUCKET ,2746.0000000000005
15044D,RED PAPER PARASOL,2745.8
84031A,CHARLIE+LOLA RED HOT WATER BOTTLE ,2740.71
22128,PARTY CONES CANDY ASSORTED,2737.06
84795C,OCEAN STRIPE HAMMOCK ,2736.69
22406,MONEY BOX KINGS CHOICE DESIGN,2727.15
22574,HEART WOODEN CHRISTMAS DECORATION,2727.02
85232D,SET/3 DECOUPAGE STACKING TINS,2704.35
47503J,SET/3 FLORAL GARDEN TOOLS IN BAG,2703.25
21896,POTTING SHED TWINE,2702.82
21846,PINK DIAMANTE PEN IN GIFT BOX,2700.43
21068,VINTAGE BILLBOARD LOVE/HATE MUG,2695.08
22667,RECIPE BOX RETRO SPOT DESIGN,2694.65
22594,CHRISTMAS GINGHAM TREE,2691.6499999999996
18098C,PORCELAIN BUTTERFLY OIL BURNER,2681.61
22862,LOVE HEART NAPKIN BOX ,2673.56
84580,MOUSE TOY WITH PINK T-SHIRT,2666.02
21249,WOODLAND  HEIGHT CHART STICKERS ,2663.69
21923,RED/CREAM STRIPE FRINGE HAMMOCK,2662.64
22136,LOVE HEART SOCK HANGER,2661.39
21987,PACK OF 6 SKULL PAPER CUPS,2652.46
21112,"SWISS ROLL TOWEL, PINK  SPOTS",2646.3700000000003
79320,FLAMINGO LIGHTS,2642.2
21899,"KEY FOB , GARAGE DESIGN",2640.11
21864,UNION JACK FLAG PASSPORT COVER ,2639.8900000000003
21876,POTTERING MUG,2634.73
22146,EASTER CRAFT IVY WREATH WITH CHICK,2631.18
21210,SET OF 72 RETROSPOT PAPER  DOILIES,2630.77
72349B,SET/6 PURPLE BUTTERFLY T-LIGHTS,2630.51
72807A,SET/3 ROSE CANDLE IN JEWELLED BOX,2626.8
22589,CARDHOLDER GINGHAM STAR,2622.5
22194,BLACK DINER WALL CLOCK,2620.41
22075,6 RIBBONS ELEGANT CHRISTMAS ,2616.2999999999997
21324,HANGING MEDINA LANTERN SMALL,2615.55
84796B,BLUE SAVANNAH PICNIC HAMPER FOR 2,2606.2000000000003
37502,TEA TIME MUG IN GIFT BOX,2599.79
20975,12 PENCILS SMALL TUBE RED RETROSPOT,2594.4300000000003
21746,SMALL RED RETROSPOT WINDMILL,2593.75
21473,SWEETHEART CREAM STEEL TABLE RECT,2593.5
85049B,LUSH GREENS RIBBONS,2593.3
20886,BOX OF 9 PEBBLE CANDLES,2591.5699999999997
84968E,S/16 VINTAGE BLACK CUTLERY,2585.45
51014A,"FEATHER PEN,HOT PINK",2585.14
21589,SWALLOW GIANT TUBE MATCHES,2583.4500000000003
71038,WHITE HANGING BEADS CANDLE HOLDER,2582.4500000000003
22578,WOODEN STAR CHRISTMAS SCANDINAVIAN,2581.4
22961,JAM MAKING SET PRINTED,2580.46
35924,HANGING FAIRY CAKE DECORATION,2577.72
22476,EMPIRE UNION JACK TV DINNER TRAY,2577.11
21506,"FANCY FONT BIRTHDAY CARD, ",2576.13
22610,PENS ASSORTED FUNNY FACE,2575.04
72802A,ROSE SCENT CANDLE IN JEWELLED BOX,2574.74
21360,JOY LARGE WOOD LETTERS,2574.14
22693,GROW A FLYTRAP OR SUNFLOWER IN TIN,2571.63
21627,ELEPHANT CARNIVAL POUFFE,2570.95
82597,BOMBS AWAY METAL SIGN,2569.6600000000003
22312,OFFICE MUG WARMER POLKADOT,2566.21
21653,GLASS ETCHED T-LIGHT HOLDER LARGE,2565.67
22148,EASTER CRAFT 4 CHICKS ,2562.84
22960,JAM MAKING SET WITH JARS,2557.18
21499,BLUE SPOTS  WRAP,2555.0
37501,TEA TIME TEA SET IN GIFT BOX,2550.98
79164,BLACK WINE GLASS,2537.99
20787,BLUE RETRO BAR STOOL,2535.1
82581,TOILET METAL SIGN,2531.96
22197,"POPCORN HOLDER , SMALL ",2531.64
22691,DOORMAT WELCOME SUNRISE,2527.78
21203,BUTTERFLIES  HONEYCOMB GARLAND,2526.9999999999995
22350,CAT BOWL ,2521.24
22175,PINK OWL SOFT TOY,2518.9900000000002
22938,CUPCAKE LACE PAPER SET 6,2517.6699999999996
22184,CAKE STAND VICTORIAN FILIGREE LARGE,2516.85
21080,SET/20 RED RETROSPOT PAPER NAPKINS ,2515.3199999999997
21431,GREEN GINGHAM FLOWER JEWELLERY BOX,2511.3599999999997
84968A,S/16 VINTAGE ROSE CUTLERY,2511.24
22601,CHRISTMAS RETROSPOT ANGEL WOOD,2510.0099999999998
22747,POPPY'S PLAYHOUSE BATHROOM,2507.17
21323,HANGING MEDINA LANTERN LARGE,2506.89
22291,"SPRING DEC , HANGING CHICK CREAM",2499.58
20960,WATERMELON BATH SPONGE,2498.43
22767,TRIPLE PHOTO FRAME CORNICE ,2494.21
85041,SET/4 PINK ORCHID CANDLES IN BOWL,2489.87
22661,CHARLOTTE BAG DOLLY GIRL DESIGN,2488.4
21924,BLUE/CREAM STRIPE FRINGE HAMMOCK,2486.6600000000003
22433,WATERING CAN GREEN DINOSAUR,2469.0099999999998
16161P,WRAP ENGLISH ROSE ,2465.48
18097C,WHITE TALL PORCELAIN T-LIGHT HOLDER,2458.8199999999997
21035,SET/2 RED RETROSPOT TEA TOWELS ,2454.35
85206B,PINK FELT EASTER EGG BASKET,2454.2
21330,WOODLAND ANIMAL  WRITING SET ,2454.0699999999997
85206A,CREAM FELT EASTER EGG BASKET,2453.58
22895,SET OF 2 TEA TOWELS APPLE AND PEARS,2452.92
22384,LUNCH BAG PINK POLKADOT,2448.69
84912A,PINK ROSE WASHBAG,2447.07
22284,HEN HOUSE DECORATION,2443.83
22415,WHITE TISSUE REAM,2440.65
22725,ALARM CLOCK BAKELIKE CHOCOLATE,2440.35
22067,CHOC TRUFFLE GOLD TRINKET POT ,2436.9199999999996
10135,COLOURING PENCILS BROWN TUBE,2435.21
22687,DOORMAT CHRISTMAS VILLAGE,2430.45
21469,POLKA DOT RAFFIA FOOD COVER,2426.69
21274,EMBOSSED HEART 3 DRAWER SHELF,2420.69
21878,PACK OF 6 SANDCASTLE FLAGS ASSORTED,2419.3399999999997
22309,TEA COSY RED  STRIPE,2418.6299999999997
22334,DINOSAUR PARTY BAG + STICKER SET,2418.0499999999997
20982,12 PENCILS TALL TUBE SKULLS,2417.5299999999997
22320,BIRDS MOBILE VINTAGE DESIGN,2415.6
21328,BALLOONS  WRITING SET ,2405.8999999999996
84840,SWEETHEART CARRY-ALL BASKET,2405.32
22459,CAST IRON HOOK GARDEN TROWEL,2401.99
21466,RED FLOWER CROCHET FOOD COVER,2400.4
22603,CHRISTMAS RETROSPOT TREE WOOD,2398.48
72802B,OCEAN SCENT CANDLE IN JEWELLED BOX,2397.21
22796,PHOTO FRAME 3 CLASSIC HANGING,2396.19
22458,CAST IRON HOOK GARDEN FORK,2394.02
21447,12 IVORY ROSE PEG PLACE SETTINGS,2390.79
21866,UNION JACK FLAG LUGGAGE TAG,2388.7599999999998
21531,RETRO SPOT SUGAR JAM BOWL,2382.24
15039,SANDALWOOD FAN,2381.39
20981,12 PENCILS TALL TUBE WOODLAND,2377.77
21272,SALLE DE BAIN HOOK,2376.08
47570,ENGLISH ROSE TABLE CLOTH,2373.01
70006,LOVE HEART POCKET WARMER,2365.64
20718,RED RETROSPOT SHOPPER BAG,2362.62
22596,CHRISTMAS STAR WISH LIST CHALKBOARD,2360.7799999999997
22281,EASTER TREE YELLOW BIRDS,2356.42
22591,CARDHOLDER GINGHAM CHRISTMAS TREE,2354.94
21437,24 HANGING EASTER EGGS FLORAL TUB,2350.92
46000M,POLYESTER FILLER PAD 45x45cm,2349.8
22426,ENAMEL WASH BOWL CREAM,2340.03
22791,T-LIGHT GLASS FLUTED ANTIQUE,2337.83
84509F,SET OF 4 NEW ENGLAND PLACEMATS,2336.1
22475,SKULL DESIGN TV DINNER TRAY,2334.81
ADJUST,Adjustment by john on 26/01/2010 16,2334.43
22653,BUTTON BOX ,2334.24
21812,GARLAND WITH HEARTS AND BELLS,2330.7000000000003
22314,OFFICE MUG WARMER CHOC+BLUE,2326.76
22222,CAKE PLATE LOVEBIRD WHITE,2325.19
22736,RIBBON REEL MAKING SNOWMEN ,2321.38
85132C,CHARLIE AND LOLA FIGURES TINS,2318.87
22744,MAKE YOUR OWN MONSOON CARD KIT,2307.9
22445,PENCIL CASE LIFE IS BEAUTIFUL,2303.46
84279B,CHERRY BLOSSOM DECORATIVE FLASK,2302.2200000000003
21482,MUSHROOM BLUE HOT WATER BOTTLE,2296.76
22243,5 HOOK HANGER RED MAGIC TOADSTOOL,2288.97
22494,EMERGENCY FIRST AID TIN ,2283.71
85049D,BRIGHT BLUES RIBBONS ,2280.47
20665,RED SPOTTY PURSE ,2278.17
85049C,ROMANTIC PINKS RIBBONS ,2278.11
21467,CHERRY CROCHET FOOD COVER,2274.36
85014C,BLUE/BROWN DOTS RUFFLED UMBRELLA,2270.73
22461,SAVOY ART DECO CLOCK,2268.95
21055,TOOL BOX SOFT TOY ,2267.67
22672,FRENCH BATHROOM SIGN BLUE METAL,2263.0799999999995
22743,MAKE YOUR OWN FLOWERPOWER CARD KIT,2252.07
84469,ROSE DES PADDED FLOOR CUSHION,2249.41
21179,NO JUNK MAIL METAL SIGN,2245.44
37340,MULTICOLOUR SPRING FLOWER MUG,2231.2200000000003
22482,BLUE TEA TOWEL CLASSIC DESIGN,2231.07
22564,ALPHABET STENCIL CRAFT,2230.38
21655,HANGING RIDGE GLASS T-LIGHT HOLDER,2216.66
21681,GIANT MEDINA STAMPED METAL BOWL ,2214.91
21830,ASSORTED CREEPY CRAWLIES,2213.39
21703,BAG 125g SWIRLY MARBLES,2212.58
22349,DOG BOWL CHASING BALL DESIGN,2212.22
22573,STAR WOODEN CHRISTMAS DECORATION,2204.08
22398,MAGNETS PACK OF 4 SWALLOWS,2202.14
21902,"KEY FOB , FRONT  DOOR ",2199.32
21973,SET OF 36 MUSHROOM PAPER DOILIES,2198.18
22894,TABLECLOTH RED APPLES DESIGN ,2192.9
21826,EIGHT PIECE DINOSAUR SET,2188.06
85049F,BABY BOOM RIBBONS ,2185.41
21611,SET OF 12 LILY BOTANICAL T-LIGHTS,2182.19
22952,72 CAKE CASES VINTAGE CHRISTMAS,2178.1400000000003
22798,ANTIQUE GLASS DRESSING TABLE POT,2176.1600000000003
22839,3 TIER CAKE TIN GREEN AND CREAM,2170.67
21949,SET OF 6 STRAWBERRY CHOPSTICKS,2169.84
22480,RED TEA TOWEL CLASSIC DESIGN,2169.62
22292,"SPRING DEC , HANGING CHICK  YELLOW",2164.88
22227,"DECORATION, HANGING HEART+MIRROR ",2161.0
21191,LARGE WHITE HONEYCOMB PAPER BELL  ,2158.7000000000003
22070,SMALL RED RETROSPOT MUG IN BOX ,2157.3
22518,CHILDS GARDEN BRUSH BLUE,2156.21
21245,GREEN  SPOTTY PLATE ,2155.17
22525,CHILDRENS GARDEN GLOVES PINK,2154.69
21246,RED SPOTTY BIG BOWL,2150.8500000000004
22639,SET OF 4 NAPKIN CHARMS HEARTS,2147.08
21609,SET 12 LAVENDER  BOTANICAL T-LIGHTS,2143.86
21096,SET/6 FRUIT SALAD  PAPER PLATES,2130.6200000000003
84670,JAPANESE CROCHETED ANIMAL,2128.72
22548,HEADS AND TAILS SPORTING FUN,2126.66
21808,"CHRISTMAS GARLAND STARS,TREES",2126.45
22277,COSMETIC BAG VINTAGE ROSE PAISLEY,2126.4
85216,ASSORTED CAKES FRIDGE MAGNETS,2126.27
22356,CHARLOTTE BAG PINK POLKADOT,2125.45
21329,DINOSAURS  WRITING SET ,2121.96
21192,WHITE BELL HONEYCOMB PAPER ,2117.2999999999997
21211,SET OF 72 SKULL PAPER  DOILIES,2115.87
21709,FOLDING UMBRELLA  CHOC/WHITE  SPOT,2115.77
84944,SET OF 6 KASHMIR FOLKART BAUBLES,2114.37
22519,CHILDS GARDEN BRUSH PINK,2112.48
85099b,JUMBO BAG RED RETROSPOT,2111.64
22544,MINI JIGSAW SPACEBOY,2110.38
84676,BATH DUCK WATERING CAN,2102.46
40018F,CHERRY DESIGN PAPERLANTERNS,2100.33
22531,MAGIC DRAWING SLATE CIRCUS PARADE  ,2093.89
21034,REX CASH+CARRY JUMBO SHOPPER,2091.9
21845,DAIRY MAID STRIPE MUG,2091.21
84509A,SET OF 4 ENGLISH ROSE PLACEMATS,2085.93
84754,S/15 SILVER GLASS BAUBLES IN BAG,2082.93
84854,GIRLY PINK TOOL SET,2079.4700000000003
20983,12 PENCILS TALL TUBE RED SPOTTY,2074.06
85045,GREEN CHRISTMAS TREE STRING 20LIGHT,2072.9900000000002
90062,CARNIVAL BRACELET,2071.64
21507,"ELEPHANT, BIRTHDAY CARD, ",2070.12
22132,RED LOVE HEART SHAPE CUP,2069.08
21651,HANGING GLASS ETCHED TEALIGHT,2067.91
22191,EAU DE NIL DINER WALL CLOCK,2067.2
22572,ROCKING HORSE GREEN CHRISTMAS ,2066.7999999999997
84990,60 GOLD AND SILVER FAIRY CAKE CASES,2061.09
22781,GUMBALL MAGAZINE RACK,2060.76
21509,COWBOYS AND INDIANS BIRTHDAY CARD ,2059.71
21077,SET/20 WOODLAND PAPER NAPKINS ,2058.1
21628,TRIANGULAR POUFFE VINTAGE ,2053.5299999999997
84691,PACK 20 DOLLY PEGS,2051.0
22788,BROCANTE COAT RACK,2047.45
21042,RED RETROSPOT APRON ,2047.1000000000001
21811,CHRISTMAS HANGING HEART WITH BELL,2041.14
21354,TOAST ITS - BEST MUM,2040.6100000000001
85123a,WHITE HANGING HEART T-LIGHT HOLDER,2039.9099999999999
22333,RETROSPOT PARTY BAG + STICKER SET,2039.5499999999997
85040A,S/4 PINK FLOWER CANDLES IN BOWL,2039.2899999999997
21612,SET 12 WILDFLOWER BOTANICAL T-LIGHT,2025.7700000000002
22325,MOBILE VINTAGE HEARTS ,2022.3300000000002
22095,LADS ONLY TISSUE BOX,2022.21
15044C,PURPLE PAPER PARASOL,2019.0400000000002
22191,IVORY DINER WALL CLOCK,2016.2
20956,PORCELAIN T-LIGHT HOLDERS ASSORTED,2013.73
22217,T-LIGHT HOLDER HANGING LACE,2008.59
84912B,GREEN ROSE WASHBAG,2008.55
79323G,GOLD  CHERRY LIGHTS,2007.88
47591C,BLUE FAIRY CAKE CHILD'S APRON,2004.6299999999999
21154,RED RETROSPOT OVEN GLOVE ,2001.34
22402,MAGNETS PACK OF 4 VINTAGE COLLAGE,1999.64
21993,FLORAL FOLK STATIONERY SET,1994.3500000000001
22854,CREAM SWEETHEART EGG HOLDER,1992.47
20703,BLUE PADDED SOFT MOBILE,1989.22
84031B,CHARLIE LOLA BLUE HOT WATER BOTTLE ,1988.27
21171,BATHROOM METAL SIGN ,1985.8899999999999
21465,PINK FLOWER CROCHET FOOD COVER,1985.3400000000001
21327,SKULLS WRITING SET ,1984.5599999999997
85217,ASSORTED ICE CREAM FRIDGE MAGNETS,1981.8500000000001
22495,SET OF 2 ROUND TINS CAMEMBERT ,1980.7200000000003
22047,EMPIRE GIFT WRAP,1977.5
22451,SILK PURSE RUSSIAN DOLL RED,1975.27
21948,SET OF 6 CAKE CHOPSTICKS,1971.96
84813,SET OF 4 DIAMOND NAPKIN RINGS,1970.71
20871,OPULENT VELVET SET/3 CANDLES,1969.63
22409,MONEY BOX BISCUITS DESIGN,1965.76
22244,3 HOOK HANGER MAGIC GARDEN,1965.4099999999999
22451,SILK PURSE BABUSHKA RED,1964.3700000000001
20674,GREEN SPOTTY BOWL,1963.44
22959,WRAP CHRISTMAS VILLAGE,1962.5
22757,LARGE RED BABUSHKA NOTEBOOK ,1948.8400000000001
85184C,S/4 VALENTINE DECOUPAGE HEART BOX,1944.2200000000003
82578,KITCHEN METAL SIGN,1937.0400000000002
21682,LARGE MEDINA STAMPED METAL BOWL ,1935.63
21538,DAIRY MAID  PUDDING BOWL,1924.51
22604,SET OF 4 NAPKIN CHARMS CUTLERY,1917.9599999999998
21741,COSY SLIPPER SHOES LARGE GREEN,1913.9
22780,LIGHT GARLAND BUTTERFILES PINK,1910.54
21122,SET/10 PINK POLKADOT PARTY CANDLES,1909.3600000000001
84519A,TOMATO CHARLIE+LOLA COASTER SET,1906.51
85162B,BLACK RETRODISC LAMPSHADE,1905.15
22536,MAGIC DRAWING SLATE PURDEY,1901.24
21820,GLITTER HEART GARLAND WITH BELLS ,1899.28
21821,GLITTER STAR GARLAND WITH BELLS ,1898.01
21155,RED RETROSPOT PEG BAG,1896.2200000000003
21659,GLASS CAKE STAND,1891.7
21683,MEDIUM MEDINA STAMPED METAL BOWL ,1888.43
21540,DAIRY MAID BUTTER DISH,1885.33
22741,FUNKY DIVA PEN,1884.83
21688,SILVER PLATE CANDLE BOWL SMALL,1874.1800000000003
22129,PARTY CONES CANDY TREE DECORATION,1873.8
21692,SILVER LATTICE VANILLA CANDLE POT,1872.87
21085,SET/6 WOODLAND PAPER CUPS,1872.68
21687,SILVER PLATE CANDLE BOWL LARGE,1871.23
21091,SET/6 WOODLAND PAPER PLATES,1868.7
22076,6 RIBBONS EMPIRE  ,1867.9499999999998
22242,5 HOOK HANGER MAGIC TOADSTOOL,1867.11
21537,RED RETROSPOT PUDDING BOWL,1865.37
22372,AIRLINE BAG VINTAGE WORLD CHAMPION ,1860.26
22755,SMALL PURPLE BABUSHKA NOTEBOOK ,1860.2299999999998
22779,WOODEN OWLS LIGHT GARLAND ,1859.79
22021,BLUE FELT EASTER EGG BASKET,1859.4599999999998
22851,SET 20 NAPKINS FAIRY CAKES DESIGN ,1859.37
84856S,SMALL TAHITI BEACH BAG,1858.61
22524,CHILDRENS GARDEN GLOVES BLUE,1853.0
21408,SPOTTY PINK DUCK DOORSTOP,1851.48
22579,WOODEN TREE CHRISTMAS SCANDINAVIAN,1851.28
84279P,CHERRY BLOSSOM  DECORATIVE FLASK,1848.17
84797B,BLUE SAVANNAH PICNIC HAMPER FOR 4,1845.2
21657,MILK BOTTLE WITH GLASS STOPPER ,1841.75
85162C,WHITE RETRODISC LAMPSHADE,1841.7
21012,ANTIQUE ALL GLASS CANDLESTICK,1836.65
21352,EUCALYPTUS & PINECONE  WREATH,1829.45
85164B,BLACK BAROQUE CUCKOO CLOCK,1825.1799999999998
84327A,PINK JUMPER LARRY THE LAMB,1820.2700000000002
21204,DAISIES  HONEYCOMB GARLAND ,1817.9099999999999
21082,SET/20 FRUIT SALAD PAPER NAPKINS ,1817.01
21421,PORCELAIN ROSE LARGE ,1814.8
22841,ROUND CAKE TIN VINTAGE GREEN,1813.91
22176,BLUE OWL SOFT TOY,1811.2200000000003
84828,JUNGLE POPSICLES ICE LOLLY HOLDERS,1810.19
21384,IVORY HANGING DECORATION  BUTTERFLY,1810.1899999999998
21829,DINOSAUR KEYRINGS ASSORTED,1809.4599999999998
21357,TOAST ITS - DINOSAUR,1809.01
21747,SMALL SKULL WINDMILL,1806.74
21519,GIN & TONIC DIET GREETING CARD ,1806.13
90167,BEADED LOVE HEART JEWELLERY SET,1801.1699999999998
22581,WOOD STOCKING CHRISTMAS SCANDISPOT,1800.24
21039,RED SPOTTY SHOPPING BAG,1798.04
21468,BUTTERFLY CROCHET FOOD COVER,1796.66
22454,MEASURING TAPE RUSSIAN DOLL RED,1796.42
22807,SET OF 6 T-LIGHTS TOADSTOOLS,1795.7400000000002
21508,VINTAGE KID DOLLY CARD ,1792.14
21556,CERAMIC STRAWBERRY MONEY BOX,1789.9299999999998
22944,CHRISTMAS METAL POSTCARD WITH BELLS,1787.98
21109,"LARGE CAKE TOWEL, CHOCOLATE SPOTS",1787.75
21188,3D HEARTS  HONEYCOMB PAPER GARLAND,1784.9
84849D,HOT BATHS SOAP HOLDER,1782.93
85172,HYACINTH BULB T-LIGHT CANDLES,1778.8
20729,RED SPOTTY CANDY BAG,1778.12
21548,CERAMIC BIRDHOUSE FINCH BLUE ROOF,1776.1200000000001
21241,GREEN SPOTTY CUP,1774.72
22642,SET OF 4 NAPKIN CHARMS STARS   ,1769.96
20770,ABSTRACT CIRCLE JOURNAL ,1768.56
21990,MODERN FLORAL STATIONERY SET,1765.78
85107,CUT GLASS T-LIGHT HOLDER OCTAGON,1764.0
72799E,IVORY PILLAR CANDLE SILVER FLOCK,1761.5800000000002
22754,SMALL RED BABUSHKA NOTEBOOK ,1760.62
22154,ANGEL DECORATION 3 BUTTONS ,1759.96
21680,WOODLAND  STICKERS,1757.6399999999999
21642,ASSORTED TUTTI FRUTTI PEN,1753.6399999999999
21106,CREAM SLICE FLANNEL CHOCOLATE SPOT ,1752.5800000000002
21187,WHITE BELL HONEYCOMB PAPER GARLAND ,1750.9699999999998
21705,BAG 500g SWIRLY MARBLES,1748.4899999999998
21652,GLASS ETCHED T-LIGHT HOLDER MEDIUM,1747.9399999999998
22166,"WALL MIRROR , RECT DIAMANTE, PINK/",1746.78
21780,MA CAMPAGNE 4 DRAWER WALL SHELF,1745.85
85060,WOOD FAN WITH FLOWER DESIGN,1745.62
21533,RETROSPOT LARGE MILK JUG,1742.3700000000001
21760,FRENCH STYLE WALL DRESSER,1740.0
22844,VINTAGE CREAM DOG FOOD CONTAINER,1733.76
79323S, SILVER CHERRY LIGHTS,1732.3000000000002
35001G,HAND OPEN SHAPE GOLD,1728.76
21638,ASSORTED TUTTI FRUTTI NOTEBOOK,1727.8500000000001
22231,JIGSAW TREE WITH BIRDHOUSE,1725.36
22500,SET OF 2 TINS JARDIN DE PROVENCE,1719.8600000000001
22354,RETRO SPOT PADDED SEAT CUSHION,1718.93
21895,POTTING SHED SOW 'N' GROW SET,1718.63
22180,RETROSPOT LAMP,1717.25
21788,KIDS RAIN MAC BLUE,1716.25
79320, FLAMINGO LIGHTS,1715.18
20990,SPRING FLOWER CHOPSTICKS SET/5,1706.1399999999999
22419,LIPSTICK PEN RED,1697.67
21216,"SET 3 RETROSPOT TEA,COFFEE,SUGAR",1697.13
22270,HAPPY EASTER HANGING DECORATION,1696.47
22198,"POPCORN HOLDER , LARGE",1696.2099999999998
84795A,PASTEL STRIPE HAMMOCK ,1696.02
22313,OFFICE MUG WARMER PINK,1690.39
72799F,IVORY PILLAR CANDLE GOLD FLOCK,1688.98
21786,RAIN HAT WITH RED SPOTS,1688.2
85036A,GARDENIA 1 WICK MORRIS BOXED CANDLE,1687.61
85221,ASSORTED COLOUR SILK COIN PURSE,1685.46
22046,TEA PARTY  WRAPPING PAPER ,1684.5
22066,LOVE HEART TRINKET POT,1684.35
22454,MEASURING TAPE BABUSHKA RED,1683.65
22732,3D VINTAGE CHRISTMAS STICKERS ,1682.01
85199L,LARGE HANGING IVORY & RED WOOD BIRD,1680.72
22428,ENAMEL FIRE BUCKET CREAM,1678.8700000000001
21647,ASSORTED TUTTI FRUTTI LARGE PURSE,1678.7800000000002
21813,GARLAND WITH STARS AND BELLS,1677.23
22155,STAR DECORATION RUSTIC,1677.09
21041,RED RETROSPOT OVEN GLOVE DOUBLE,1675.38
22142,CHRISTMAS CRAFT WHITE FAIRY ,1672.0
21348,PINK SPOTS CHOCOLATE NESTING BOXES ,1669.2800000000002
84510A,SET OF 4 ENGLISH ROSE COASTERS,1668.8899999999999
37476,CONDIMENT TRAY 4 BOWLS AND 4 SPOONS,1667.6200000000001
20684,STRAWBERRY DREAM CHILDS UMBRELLA,1663.06
21224,SET/4 SKULL BADGES,1659.45
21789,KIDS RAIN MAC PINK,1657.99
20752,RETRO BLUE SPOTTY WASHING UP GLOVES,1655.74
84356,POMPOM CURTAIN,1653.8400000000001
21693,SMALL HAMMERED SILVER CANDLEPOT ,1649.89
22478,BIRDHOUSE GARDEN MARKER ,1649.07
21111,"SWISS ROLL TOWEL, CHOCOLATE  SPOTS",1648.3300000000002
84507B,STRIPES DESIGN MONKEY DOLL,1645.3
22907,PACK OF 20 NAPKINS PANTRY DESIGN,1644.6899999999998
21917,SET 12 KIDS  WHITE CHALK STICKS,1643.8
21645,ASSORTED TUTTI FRUTTI ROUND BOX,1642.6499999999999
21545,CERAMIC BIRDHOUSE BUTTERFLY SMALL,1640.1200000000001
37441,ASSORTED WHITE EMBOSSED CHINA MUGS,1639.8000000000002
85132B,CHARLIE AND LOLA TABLE TINS,1639.73
21445,12 PINK ROSE PEG PLACE SETTINGS,1639.73
21696,SMALL SILVER TRELLIS CANDLEPOT,1637.7500000000002
21541,DINOSAURS WATER TRANSFER TATTOOS ,1636.24
21280,VINTAGE KITCHEN PRINT VEGETABLES,1634.69
22152,PLACE SETTING WHITE STAR,1634.44
85035A,GARDENIA 3 WICK MORRIS BOXED CANDLE,1630.51
21593,SWALLOW CIGAR BOX MATCHES ,1629.31
21283,NATURAL BARK CANDLE SMALL,1629.2
22081,RIBBON REEL FLORA + FAUNA ,1629.01
22576,SWALLOW WOODEN CHRISTMAS DECORATION,1627.3799999999999
21547,CERAMIC BIRDHOUSE CRESTED TIT SMALL,1624.45
84619,BLUE GINGHAM ROSE QUILT ,1622.96
21837,CROSS STITCH ALPHABET CUSHION COVER,1622.64
21823,PAINTED METAL HEART WITH HOLLY BELL,1619.79
21126,SET OF 6 GIRLS CELEBRATION CANDLES,1619.03
21281,VINTAGE KITCHEN PRINT SEAFOOD,1617.65
48195,DOOR MAT GREEN PAISLEY ,1613.56
21161,KEEP OUT BOYS DOOR HANGER ,1613.3
22071,SMALL WHITE RETROSPOT MUG IN BOX ,1609.32
22350,ILLUSTRATED CAT BOWL ,1608.6499999999999
21637,ASSORTED SANSKRIT MINI NOTEBOOK,1605.47
82615,PINK MARSHMALLOW SCARF KNITTING KIT,1603.97
22190,LOCAL CAFE MUG,1602.6000000000001
22315,200 RED + WHITE BENDY STRAWS,1601.84
21542,WOODLAND WATER TRANSFER TATTOOS ,1600.75
35160,BUDDHA INCENSE HOLDER ASSORTED,1590.6399999999999
22405,MONEY BOX POCKET MONEY DESIGN,1588.04
22376,AIRLINE BAG VINTAGE JET SET WHITE,1588.02
22473,TV DINNER TRAY VINTAGE PAISLEY,1587.13
85170A,SET/6 IVORY BIRD T-LIGHT CANDLES,1585.06
47480,HANGING PHOTO CLIP ROPE LADDER,1580.6599999999999
85222,ASSORTED COLOUR SILK COSMETIC PURSE,1579.68
21123,SET/10 IVORY SPOTTY PARTY CANDLES,1578.47
21278,VINTAGE KITCHEN PRINT PUDDINGS,1575.3999999999999
21761,WOOD AND GLASS MEDICINE CABINET,1575.15
22784,LANTERN CREAM GAZEBO ,1573.5800000000002
21498,RED RETROSPOT WRAP ,1572.5
21092,SET/6 STRAWBERRY PAPER PLATES,1571.5
15059A,ENGLISH ROSE EDWARDIAN PARASOL,1567.0
21749,LARGE RED RETROSPOT WINDMILL,1565.8100000000002
21550,CERAMIC BIRDHOUSE CRESTED TIT LARGE,1565.51
22023,EMPIRE BIRTHDAY CARD,1562.46
22597,CHRISTMAS MUSICAL ZINC HEART ,1561.5
21276,TWO EMBOSSED HEART MINI DRAWERS,1558.94
84596B,SMALL DOLLY MIX DESIGN ORANGE BOWL,1558.52
22566,FELTCRAFT HAIRBAND PINK AND PURPLE,1550.77
22515,CHILDS GARDEN SPADE PINK,1550.23
20764,ABSTRACT CIRCLES SKETCHBOOK ,1550.2
21710,FOLDING UMBRELLA  PINK/WHITE  SPOT,1549.34
22183,CAKE STAND VICTORIAN FILIGREE MED,1549.21
22223,CAKE PLATE LOVEBIRD PINK,1548.22
85199S,SMALL HANGING IVORY/RED WOOD BIRD,1547.68
21841,BABY MOUSE RED GINGHAM DRESS,1547.22
22758,LARGE PURPLE BABUSHKA NOTEBOOK  ,1545.68
21610,SET 12 PEAR BOTANICAL T-LIGHTS,1543.67
22336,DOVE DECORATION PAINTED ZINC ,1542.24
84795D,SEASIDE STRIPE HAMMOCK,1538.79
22664,TOY TIDY DOLLY GIRL DESIGN,1533.93
21462,"NURSERY A,B,C PAINTED LETTERS",1533.51
84872A,TEATIME FUNKY FLOWER BACKPACK FOR 2,1533.46
22133,PINK LOVE HEART SHAPE CUP,1533.3799999999999
22537,MAGIC DRAWING SLATE DINOSAUR,1532.8400000000001
22208,WOOD STAMP SET THANK YOU,1532.06
85035B,CHOCOLATE 3 WICK MORRIS BOX CANDLE,1531.91
72008,FROSTED BOX 9 WHITE T-LIGHT CANDLES,1531.3999999999999
22449,SILK PURSE RUSSIAN DOLL PINK,1530.6200000000001
20985,HEART CALCULATOR,1529.92
72800E,4 IVORY DINNER CANDLES SILVER FLOCK,1529.23
21288,STRIPEY CHOCOLATE NESTING BOXES,1525.5800000000002
22797,CHEST OF DRAWERS GINGHAM HEART ,1523.8999999999999
21282,NATURAL BARK CANDLE LARGE,1522.28
21476,STEEL SWEETHEART ROUND TABLE CREAM,1519.8799999999999
22514,CHILDS GARDEN SPADE BLUE,1519.4700000000003
22293,"SPRING DEC , HANGING CHICK  GREEN",1516.9199999999998
21099,SET/6 STRAWBERRY PAPER CUPS,1516.64
21146,ANTIQUE GLASS RIDGED HANGING BALL,1513.6699999999998
79323B,BLACK CHERRY LIGHTS,1511.7
84796A,PINK HAWAIIAN PICNIC HAMPER FOR 2,1504.8200000000002
84526,GIANT BLACK SUNGLASSES,1503.6399999999999
22540,MINI JIGSAW CIRCUS PARADE ,1503.23
21742,LARGE ROUND WICKER PLATTER ,1498.3700000000001
85016,SET OF 6 VINTAGE NOTELETS KIT,1496.05
85034A,3 GARDENIA MORRIS BOXED CANDLES,1495.92
21009,ETCHED GLASS STAR TREE DECORATION,1493.74
21661,VINTAGE GLASS TEA CADDY,1493.46
22905,CALENDAR IN SEASON DESIGN,1493.2400000000002
22261,FELT EGG COSY WHITE RABBIT ,1490.4499999999998
22816,CARD MOTORBIKE SANTA,1488.99
22425,ENAMEL COLANDER CREAM,1488.5600000000002
84856L,LARGE TAHITI BEACH BAG,1486.33
85160A,WHITE BIRD GARDEN DESIGN MUG,1486.25
15058A,BLUE WHITE SPOTS GARDEN PARASOL,1485.24
21865,PINK UNION JACK  PASSPORT COVER ,1483.5300000000002
47585A,PINK FAIRY CAKE CUSHION COVER,1483.44
22650,CERAMIC PIRATE CHEST MONEY BANK,1481.6699999999998
84510B,SET OF 4 FAIRY CAKES COASTERS ,1481.05
22688,DOORMAT PEACE ON EARTH BLUE,1480.94
21804,WHITE CHRISTMAS GARLAND STARS TREES,1478.82
21206,STRAWBERRY HONEYCOMB  GARLAND ,1478.4299999999998
22091,EMPIRE TISSUE BOX,1478.32
85183B,CHARLIE & LOLA WASTEPAPER BIN FLORA,1475.8899999999999
21810,CHRISTMAS HANGING STAR WITH BELL,1473.97
21869,POTTING SHED COFFEE MUG,1469.5800000000002
21626,VINTAGE UNION JACK PENNANT,1468.3
22521,CHILDS GARDEN TROWEL PINK,1466.59
22696,WICKER WREATH LARGE,1466.27
20716,PARTY FOOD SHOPPER BAG,1464.18
22496,SET OF 2 ROUND TINS DUTCH CHEESE,1463.93
21275,ZINC TOP  2 DOOR WOODEN SHELF ,1461.35
21424,WOODLAND STORAGE BOX LARGE ,1460.6200000000001
22704,WRAP RED APPLES ,1459.0
21410,COUNTRY COTTAGE  DOORSTOP GREEN,1458.28
85098B,BLUE FLYING SINGING CANARY,1456.94
22949,36 DOILIES DOLLY GIRL,1453.9299999999998
22903,CALENDAR FAMILY FAVOURITES,1453.22
22375,AIRLINE BAG VINTAGE JET SET BROWN,1453.04
85176,SEWING SUSAN 21 NEEDLE SET,1450.9099999999999
37343,SPOTS DESIGN MUG W PINK INSIDE,1445.78
22251,BIRDHOUSE DECORATION MAGIC GARDEN,1445.66
16033,MINI HIGHLIGHTER PENS,1443.7199999999998
17084R,ASSORTED INCENSE PACK,1438.53
22503,CABIN BAG VINTAGE PAISLEY,1437.08
51014C,"FEATHER PEN,COAL BLACK",1430.6899999999998
21561,DINOSAUR LUNCHBOX WITH CUTLERY,1429.8999999999999
21125,SET 6 FOOTBALL CELEBRATION CANDLES,1429.16
20682,RED RETROSPOT CHILDRENS UMBRELLA,1426.41
22951,60 CAKE CASES DOLLY GIRL DESIGN,1426.3500000000001
22071,SMALL RETRO SPOT MUG IN BOX  WHITE,1426.13
22449,SILK PURSE BABUSHKA PINK,1424.17
21495,SKULLS WRAP,1424.0
85183A,CHARLIE & LOLA WASTEPAPER BIN BLUE,1423.71
22842,BISCUIT TIN VINTAGE RED,1423.57
22771,CLEAR DRAWER KNOB ACRYLIC EDWARDIAN,1421.75
22342,HOME GARLAND PAINTED ZINC ,1419.7499999999998
21640,ASSORTED TUTTI FRUTTI  FOB NOTEBOOK,1419.74
21532,DAIRY MAID SUGAR JAM BOWL,1419.71
18098c,PORCELAIN BUTTERFLY OIL BURNER,1418.8899999999999
21643,ASSORTED TUTTI FRUTTI MIRROR,1418.5
22477,WATERING CAN GARDEN MARKER,1417.6299999999999
22731,3D CHRISTMAS STAMPS STICKERS ,1417.42
85114C,RED ENCHANTED FOREST PLACEMAT,1415.56
21124,SET/10 BLUE POLKADOT PARTY CANDLES,1412.8
22333,RETRO SPOT PARTY BAG + STICKER SET,1412.25
21557,SET OF 6 FUNKY BEAKERS,1407.43
22153,ANGEL DECORATION STARS ON DRESS,1403.52
21000,ROSE DU SUD COSMETICS BAG,1401.83
85198,ASSORTED FARMYARD ANIMALS IN BUCKET,1394.9199999999998
15058B,PINK WHITE SPOTS GARDEN PARASOL,1394.7
21818,GLITTER CHRISTMAS HEART ,1393.9399999999998
35971,ROSE FOLKART HEART DECORATIONS,1393.09
22410,MONEY BOX HOUSEKEEPING DESIGN,1390.04
47503K,ASSORTED FLORAL SECATEURS,1389.44
22520,CHILDS GARDEN TROWEL BLUE ,1389.1799999999998
21088,SET/6 FRUIT SALAD PAPER CUPS,1388.45
20658,RED SPOTTY LUGGAGE TAG,1385.3
22899,CHILDREN'S APRON DOLLY GIRL ,1384.65
85167B,BLACK GRAND BAROQUE PHOTO FRAME,1383.59
22037,ROBOT BIRTHDAY CARD,1380.76
84396,6 HOOK JEWELLERY STAND BLACK DRESS,1380.52
22028,PENNY FARTHING BIRTHDAY CARD,1379.51
22513,DOORSTOP FOOTBALL DESIGN,1377.42
17091J,VANILLA INCENSE IN TIN,1377.32
21332,MOROCCAN BEATEN METAL MIRROR,1376.0700000000002
85116,BLACK CANDELABRA T-LIGHT HOLDER,1374.02
21897,POTTING SHED CANDLE CITRONELLA,1373.17
21794,CLASSIC FRENCH STYLE BASKET NATURAL,1372.56
21011,GLITTER SNOW PEAR TREE DECORATION,1370.8999999999999
21279,VINTAGE KITCHEN PRINT FRUITS,1370.86
21588,RETROSPOT GIANT TUBE MATCHES,1370.55
22801,ANTIQUE GLASS PEDESTAL BOWL,1368.36
21398,RED  SPOTTY COFFEE  MUG,1367.79
21356,TOAST ITS - FAIRY FLOWER,1367.25
20979,36 PENCILS TUBE RED RETROSPOT,1367.22
90057,DIAMANTE RING ASSORTED IN BOX.,1364.52
16161U,"WRAP,SUKI AND FRIENDS",1363.0
84562A,PINK/WHITE RIBBED MELAMINE JUG,1362.3600000000001
21809,CHRISTMAS HANGING TREE WITH BELL,1361.33
21422,PORCELAIN ROSE SMALL,1360.72
21495,SKULLS AND CROSSBONES WRAP,1360.3
84965B,BLUE KASHMIRI COFFEE TABLE ,1359.95
17129D,CLEAR COLOUR GLASS GEMS IN BAG,1351.1799999999998
84012,MAGIC SHEEP WOOL GROWING FROM PAPER,1349.54
22439,6 ROCKET BALLOONS ,1348.67
21529,RETRO SPOT CERAMIC TOASTRACK,1346.0800000000002
22800,ANTIQUE TALL SWIRLGLASS TRINKET POT,1345.13
21581,SKULLS  DESIGN  COTTON TOTE BAG,1344.5
22150, 3 STRIPEY MICE FELTCRAFT,1342.03
21262,WHITE GOOSE FEATHER CHRISTMAS TREE ,1341.0100000000002
21910,WAY OUT METAL SIGN ,1340.4299999999998
21397,BLUE  SPOTTY EGG CUP ,1338.3600000000001
21905,MORE BUTTER METAL SIGN ,1336.26
22400,MAGNETS PACK OF 4 HOME SWEET HOME,1335.47
84913A,SOFT PINK ROSE TOWEL ,1334.43
20993,JAZZ HEARTS MEMO PAD,1334.1100000000001
82494l,WOODEN FRAME ANTIQUE WHITE ,1333.95
22818,CARD CHRISTMAS VILLAGE,1333.86
22246,"GARLAND, MAGIC GARDEN 1.8M",1332.36
21215,IVORY PAPER CUP CAKE CASES ,1328.94
85227,SET OF 6 3D KIT CARDS FOR KIDS,1328.9299999999998
22436,12 COLOURED PARTY BALLOONS,1326.24
22117,METAL SIGN HER DINNER IS SERVED ,1326.0400000000002
22059,CERAMIC STRAWBERRY DESIGN MUG,1324.25
15058C,ICE CREAM DESIGN GARDEN PARASOL,1323.9
21157,RED SPOTTY WASHBAG,1319.96
21630,FLOOR CUSHION ELEPHANT CARNIVAL,1319.46
22849,BREAD BIN DINER STYLE MINT,1319.05
20992,JAZZ HEARTS PURSE NOTEBOOK,1318.07
21464,DISCO BALL ROTATOR BATTERY OPERATED,1316.5
85232A,SET/3 POLKA DOT STACKING TINS,1311.42
21842,PINK HEART CANDY BUTTON CALCULATOR,1308.74
21807,WHITE CHRISTMAS STAR DECORATION,1306.57
21359,RELAX LARGE WOOD LETTERS,1306.1999999999998
20738,GREEN MINI TAPE MEASURE ,1301.72
85055,FRENCH ENAMEL UTENSIL HOLDER,1300.6
22157,ANGEL DECORATION WITH LACE PADDED,1294.1499999999999
84763,ZINC FINISH 15CM PLANTER POTS,1291.45
84466,TOP SECRET PEN SET,1290.86
16237,SLEEPING CAT ERASERS,1289.1
22674,FRENCH TOILET SIGN BLUE METAL,1286.1200000000001
46775E,CANDY POP CHUNKY KNITTED THROW ,1282.9
84508A,CAMOUFLAGE DESIGN TEDDY,1279.6100000000001
84459B,YELLOW METAL CHICKEN HEART ,1278.8999999999999
22966,GINGERBREAD MAN COOKIE CUTTER,1277.98
21824,PAINTED METAL STAR WITH HOLLY BELLS,1276.6699999999998
22845,VINTAGE CREAM CAT FOOD CONTAINER,1276.6299999999999
21759,METAL WALL SHELF UNIT WITH HOOKS,1274.47
22323,PINK POLKADOT KIDS BAG,1273.36
21537,RETRO SPOTS PUDDING BOWL,1273.26
22137,BATHROOM SET LOVE HEART DESIGN,1273.25
84509B,SET OF 4 FAIRY CAKE PLACEMATS,1270.56
21549,CERAMIC BIRDHOUSE RED ROOF SMALL,1270.39
22732,3D STICKERS VINTAGE CHRISTMAS,1268.0
22735,RIBBON REEL SOCKS AND MITTENS,1266.8899999999999
84596F,SMALL MARSHMALLOWS PINK BOWL,1265.35
20798,CLEAR MILKSHAKE GLASS,1261.95
22024,RAINY LADIES BIRTHDAY CARD,1261.02
21584,RETROSPOT SMALL TUBE MATCHES,1260.3999999999999
21708,FOLDING UMBRELLA  CREAM/MULTI  SPOT,1260.25
20933,YELLOW POT PLANT CANDLE,1258.44
20760,GARDEN PATH POCKET BOOK,1258.41
20754,RETROSPOT RED WASHING UP GLOVES,1258.3000000000002
22733,3D TRADITIONAL CHRISTMAS STICKERS,1257.69
21190,PINK HEARTS PAPER GARLAND,1255.1899999999998
20825,GOLD WINE GLASS,1255.08
21504,SKULLS GREETING CARD,1251.33
22671,FRENCH LAUNDRY SIGN BLUE METAL,1250.55
84967B,BLUE KASHMIRI OCCASIONAL TABLE,1249.45
21785,RAIN PONCHO ,1249.23
22163,HEART STRING MEMO HOLDER HANGING,1249.13
22452,MEASURING TAPE BABUSHKA PINK,1246.29
21738,COSY SLIPPER SHOES SMALL  RED ,1245.93
22450,SILK PURSE RUSSIAN DOLL BLUE,1245.93
22891,TEA FOR ONE POLKADOT,1245.76
21752,GLASS CAKE STAND MIRRORED BASE,1244.81
20676,RED RETROSPOT BOWL,1244.16
20772,GARDEN PATH JOURNAL,1242.76
22827,GIANT SEVENTEEN DRAWER SIDEBOARD,1240.0
22070,SMALL RETRO SPOT MUG IN BOX  RED,1238.54
22308,TEA COSY BLUE STRIPE,1238.03
85114A,BLACK ENCHANTED FOREST PLACEMAT,1236.6299999999999
85162A,SILVER RETRODISC LAMPSHADE,1234.27
21787,RAIN PONCHO RETROSPOT,1232.29
85006,SET 4 NURSERY DES ROUND BOXES,1232.06
84969,ASSORTED COLOUR SET 6 TEASPOONS,1232.02
22448,PIN CUSHION RUSSIAN DOLL RED,1230.67
84581,DOG TOY WITH PINK CROCHET SKIRT,1230.44
21438,TUB 24 HANGING EASTER EGGS SPOTTY,1229.8200000000002
46775D,SUNSET COLOUR CHUNKY KNITTED THROW,1228.28
21744,SNOWFLAKE PORTABLE TABLE LIGHT ,1225.1000000000001
22094,RED POLKA DOT TISSUE BOX,1224.89
22290,STANDING METAL RABBIT WITH EGG,1223.02
21819,GLITTER CHRISTMAS STAR ,1222.9499999999998
22863,SOAP DISH BROCANTE,1222.74
22675,FRENCH KITCHEN SIGN BLUE METAL,1219.8700000000001
21662,VINTAGE GLASS COFFEE CADDY,1219.31
22052,VINTAGE CARAVAN GIFT WRAP,1219.0
22713,CARD I LOVE LONDON ,1218.29
22516,CHILDS GARDEN RAKE BLUE,1216.23
22712,CARD DOLLY GIRL ,1215.09
20734,SILVER MINI TAPE MEASURE ,1214.46
48197,DOORMAT BIRD ON THE WIRE,1213.8700000000001
21616,4 PEAR BOTANICAL DINNER CANDLES,1211.49
21613,S/12 VANILLA  BOTANICAL T-LIGHTS,1211.3200000000002
21490,SET OF THREE 50'S GIFT WRAPS ,1210.6
85049H,URBAN BLACK RIBBONS ,1210.59
84748,FOLK FELT HANGING MULTICOL GARLAND,1210.26
79160,HEART SHAPE WIRELESS DOORBELL,1208.74
84685,BEACH HUT KEY CABINET,1207.83
22613,PACK OF 20 SPACEBOY NAPKINS,1206.46
35649,VINTAGE BEAD COSMETIC BAG ,1206.05
21396,RED SPOTTY EGG CUP ,1205.25
21130,COLOURFUL STANDING GNOME,1200.93
20931,BLUE POT PLANT CANDLE ,1200.03
22828,REGENCY MIRROR WITH SHUTTERS,1200.0
85231B,CINAMMON SET OF 9 T-LIGHTS,1199.8
17091A,LAVENDER INCENSE IN TIN,1195.73
21644,ASSORTED TUTTI FRUTTI HEART BOX,1195.22
84830,LARGE ENGLISH ARBORETUM,1195.15
21955,  DOORMAT UNION JACK GUNS AND ROSES,1193.31
22742,MAKE YOUR OWN PLAYTIME CARD KIT,1193.0600000000002
22753,SMALL YELLOW BABUSHKA NOTEBOOK ,1192.4199999999998
22204,MILK PAN BLUE RETROSPOT,1192.13
22348,TEA BAG PLATE RED RETROSPOT,1190.85
22733,3D STICKERS TRADITIONAL CHRISTMAS ,1187.0
21947,SET OF 6 HEART CHOPSTICKS,1186.94
47503E,ASS FLORAL PRINT SCISSORS,1186.9
21617,4 LILY  BOTANICAL DINNER CANDLES,1185.75
22539,MINI JIGSAW DOLLY GIRL,1183.92
84815,SET OF 3 DANISH ROSE PLANTERS,1183.8200000000002
21656,RIDGED GLASS POSY VASE ,1183.3999999999999
35809A,ENAMEL PINK TEA CONTAINER,1182.93
22533,MAGIC DRAWING SLATE BAKE A CAKE ,1180.21
21806,WHITE CHRISTMAS HEART DECORATION,1179.4299999999998
21312,LARGE CHUNKY GLASS ROMAN BOWL,1179.17
22161,HEART DECORATION RUSTIC HANGING ,1178.6000000000001
22286,"DECORATION , WOBBLY RABBIT , METAL ",1178.26
22471,TV DINNER TRAY AIR HOSTESS ,1176.29
85106,CUT GLASS HEXAGON T-LIGHT HOLDER,1176.1299999999999
21579,LOLITA  DESIGN  COTTON TOTE BAG,1174.19
21677,HEARTS  STICKERS,1171.37
22321,BIRD DECORATION RED SPOT,1169.55
16046,TEATIME PEN CASE & PENS,1169.1
84919,BLUE CUSHION COVER WITH FLOWER,1163.75
51014L,"FEATHER PEN,LIGHT PINK",1163.4099999999999
21649,ASSORTED TUTTI FRUTTI PHOTO FRAME,1162.89
22253,6 CROCHET STRAWBERRIES,1158.28
22939,APRON APPLE DELIGHT,1152.83
22517,CHILDS GARDEN RAKE PINK,1150.2
21686,MEDINA STAMPED METAL STOOL,1148.45
21802,CHRISTMAS TREE HEART DECORATION,1148.44
35962,12 ASS ZINC CHRISTMAS DECORATIONS,1148.0500000000002
21983,PACK OF 12 BLUE PAISLEY TISSUES ,1147.05
22911,PAPER CHAIN KIT LONDON,1146.41
82567,"AIRLINE LOUNGE,METAL SIGN",1145.5600000000002
22695,WICKER WREATH SMALL,1144.3799999999999
20731,POSY CANDY BAG,1144.21
84750A,PINK SMALL GLASS CAKE STAND,1142.4299999999998
22201,FRYING PAN BLUE POLKADOT ,1139.16
85110,BLACK SILVER FLOWER T-LIGHT HOLDER,1138.04
22731,3D STICKERS CHRISTMAS STAMPS,1137.0
20686,DOLLY MIXTURE CHILDREN'S UMBRELLA,1136.77
22719,GUMBALL MONOCHROME COAT RACK,1135.38
22200,FRYING PAN PINK POLKADOT,1134.9
37424,WHITE WITH BLACK CATS MUG,1134.68
22523,CHILDS GARDEN FORK PINK,1133.99
21287,SCENTED VELVET LOUNGE CANDLE ,1133.6000000000001
22319,HAIRCLIPS FORTIES FABRIC ASSORTED,1133.5800000000002
22522,CHILDS GARDEN FORK BLUE ,1133.22
21251,DINOSAUR HEIGHT CHART STICKER SET,1132.68
22362,GLASS JAR PEACOCK BATH SALTS,1131.24
22739,"RIBBON REEL, XMAS SOCK/BAUBLE",1131.0
85059,FRENCH ENAMEL WATER BASIN,1130.53
21695,SMALL SILVER FLOWER CANDLE POT,1129.9
84519B,CARROT CHARLIE+LOLA COASTER SET,1127.97
37482B,CUBIC MUG BLUE POLKA DOT,1127.9099999999999
22956,36 FOIL HEART CAKE CASES,1127.14
21576,LETS GO SHOPPING COTTON TOTE BAG,1126.16
21051,RIBBONS PURSE ,1121.5800000000002
35241,ENAMEL BLUE RIM BISCUIT BIN,1121.0
22035,VINTAGE CARAVAN GREETING CARD ,1120.66
21002,ROSE DU SUD DRAWSTRING BAG,1118.8799999999999
21746,SMALL RED SPOT  WINDMILL,1116.44
21010,ETCHED GLASS BIRD TREE DECORATION,1114.76
85224,ASSORTED COLOUR SILK GLASSES CASE,1114.66
21439,BASKET OF TOADSTOOLS,1112.94
85136C,RED SHARK HELICOPTER,1112.0900000000001
84279P, CHERRY BLOSSOM  DECORATIVE FLASK,1111.67
21867,PINK UNION JACK  LUGGAGE TAG,1111.3799999999999
84688,BEACH HUT DESIGN BLACKBOARD,1110.45
21163,DO NOT TOUCH MY STUFF DOOR HANGER ,1107.75
21904,HOUSE WRECKING METAL SIGN ,1107.02
22777,GLASS CLOCHE LARGE,1106.53
21058,PARTY INVITES WOODLAND,1105.1899999999998
22279,POCKET BAG BLUE PAISLEY RED SPOT,1104.97
20780,BLACK EAR MUFF HEADPHONES,1104.55
22760,"TRAY, BREAKFAST IN BED",1104.25
21145,ANTIQUE GLASS PLACE SETTING,1103.71
20768,GREEN FERN JOURNAL ,1103.27
22898,CHILDRENS APRON APPLES DESIGN,1102.3
47587A,PINK FAIRY CAKE COASTER,1099.88
21040,MODERN VINTAGE COTTON SHOPPING BAG,1098.7
21779,MA CAMPAGNE MINI WOODEN CHEST,1097.8000000000002
21205,MULTICOLOUR 3D BALLS GARLAND,1095.2
85130A,BEADED PEARL HEART WHITE LARGE,1093.79
84968F,S/16 VINTAGE SKY BLUE CUTLERY,1092.42
20767,BLUE PAISLEY JOURNAL ,1090.65
85200,BUNNY EGG BOX,1090.34
22069,BROWN  PIRATE TREASURE CHEST ,1090.06
21851,LILAC DIAMANTE PEN IN GIFT BOX,1089.63
21801,CHRISTMAS TREE DECORATION WITH BELL,1088.45
47504K,ENGLISH ROSE GARDEN SECATEURS,1087.09
84750B,BLACK SMALL GLASS CAKE STAND,1087.03
84791,GINGHAM HEART DECORATION,1086.13
21839,MUMMY MOUSE RED GINGHAM RIBBON,1080.14
40003,WHITE BAMBOO RIBS LAMPSHADE,1079.04
84989A,75 GREEN FAIRY CAKE CASES,1078.57
20766,GARDEN PATH SKETCHBOOK,1077.52
21413,PERIWINKLE T-LIGHT HOLDER,1077.45
85054,FRENCH ENAMEL POT W LID,1076.2
72815,3 WICK CHRISTMAS BRIAR CANDLE ,1075.86
22535,MAGIC DRAWING SLATE BUNNIES ,1075.15
84847,FLORAL BATHROOM SET,1074.73
22586,FELTCRAFT HAIRBAND PINK AND BLUE,1074.3899999999999
21618,4 WILDFLOWER BOTANICAL CANDLES,1074.24
21925,UNION STRIPE CUSHION COVER ,1073.58
20892,SET/3 TALL GLASS CANDLE HOLDER PINK,1069.86
22202,MILK PAN PINK POLKADOT,1069.53
85015,SET OF 12  VINTAGE POSTCARD SET,1069.35
21827,EIGHT PIECE CREEPY CRAWLIE SET,1067.64
84997b,RED 3 PIECE RETROSPOT CUTLERY SET,1067.22
40001,WHITE BAMBOO RIBS LAMPSHADE,1063.51
21972,SET OF 36 DINOSAUR PAPER DOILIES,1061.74
22740,POLKA DOT PEN,1060.8
72800F,4 IVORY DINNER CANDLES GOLD FLOCK,1060.19
20681,PINK POLKADOT CHILDRENS UMBRELLA,1059.97
20983,12 PENCILS TALL TUBE RED RETROSPOT,1059.31
21803,CHRISTMAS TREE STAR DECORATION,1058.54
22710,WRAP I LOVE LONDON ,1057.3600000000001
22848,BREAD BIN DINER STYLE PINK,1056.7
85179B,WHITE BITTY LIGHT CHAIN ,1056.6
22609,PENS ASSORTED SPACEBALL,1056.3999999999999
21448,12 DAISY PEGS IN WOOD BOX,1055.86
16161U,WRAP SUKI AND FRIENDS,1055.42
16047,POP ART PEN CASE & PENS,1054.7
21825,PAINTED METAL TREE WITH HOLLY BELLS,1053.1899999999998
21849,SILVER DIAMANTE PEN IN GIFT BOX,1053.15
21446,12 RED ROSE PEG PLACE SETTINGS,1052.69
84908B,BLUE 5 PATCH FLOWER CUSHION COVER,1052.29
84795B,SUNSET CHECK HAMMOCK,1052.05
20783,HEART EAR MUFF HEADPHONES,1051.4
22068,BLACK PIRATE TREASURE CHEST,1050.99
22440,BALLOON WATER BOMB PACK OF 35,1050.83
22421,LIPSTICK PEN FUSCHIA,1050.27
84910A,PINK PAISLEY CUSHION COVER ,1050.15
84965A,PINK KASHMIRI COFFEE TABLE ,1050.0
20668,DISCO BALL CHRISTMAS DECORATION,1049.25
21389,IVORY HANGING DECORATION  BIRD,1047.1799999999998
85173,SET/6 FROG PRINCE T-LIGHT CANDLES,1046.23
21158,MOODY GIRL DOOR HANGER ,1045.98
84908A,PINK 5 PATCH FLOWER CUSHION COVER ,1045.16
46775A,BUBBLE GUM CHUNKY KNITTED THROW ,1044.23
21774,DECORATIVE CATS BATHROOM BOTTLE,1043.86
21675,BUTTERFLIES STICKERS,1042.3799999999999
84405A,S/3 PINK COL METAL BASKET W HANDLE,1042.16
20846,ZINC HEART LATTICE T-LIGHT HOLDER,1042.16
85126,LARGE ROUND CUTGLASS CANDLESTICK,1042.02
22479,DAISY GARDEN MARKER,1041.39
20671,BLUE TEATIME PRINT BOWL ,1038.72
85124A,PINK JUICY FRUIT PHOTO FRAME,1037.1299999999999
22260,FELT EGG COSY BLUE RABBIT ,1036.52
85118,HEART T-LIGHT HOLDER,1034.9
21629,SQUARE FLOOR CUSHION VINTAGE RED,1034.75
22306,SILVER MUG BONE CHINA TREE OF LIFE,1034.52
21792,CLASSIC FRENCH STYLE BASKET GREEN ,1033.73
21634,ASSORTED MINI MADRAS NOTEBOOK,1030.81
22422,TOOTHPASTE TUBE PEN,1027.89
35957,SMALLFOLKART BAUBLE CHRISTMAS DEC,1025.93
85039B,S/4 IVORY MINI ROSE CANDLE IN BOWL,1025.4199999999998
37479B,CUBIC MUG FLOCK BLUE ON BROWN,1025.41
22262,FELT EGG COSY CHICKEN,1024.85
21426,WOODLAND STORAGE BOX SMALL,1024.5900000000001
35637A,IVORY STRING CURTAIN WITH POLE ,1023.96
22599,CHRISTMAS MUSICAL ZINC STAR,1023.53
22390,PAPERWEIGHT CHILDHOOD MEMORIES,1023.4799999999999
22382,LUNCHBAG SPACEBOY DESIGN ,1022.6
22450,SILK PURSE BABUSHKA BLUE,1022.0300000000001
75131,METAL TUBE CHIME ON BAMBOO,1020.56
85008,SET OF 3 CONEY ISLAND OVAL BOXES,1017.62
85185B,PINK HORSE SOCK PUPPET,1016.8700000000001
22026,BANQUET BIRTHDAY  CARD  ,1016.32
22908,PACK OF 20 NAPKINS RED APPLES,1014.17
85034B,3 WHITE CHOC MORRIS BOXED CANDLES,1011.86
20730,STRAWBERRY CANDY BAG,1011.7
22902,TOTE BAG I LOVE LONDON,1009.8000000000001
22711,WRAP CIRCUS PARADE,1007.5
22416,36 DOILIES SPACEBOY DESIGN ,1005.3699999999999
84459A,PINK METAL CHICKEN HEART ,1003.67
22565,FELTCRAFT HAIRBANDS PINK AND WHITE ,1003.0899999999999
85031C,CURIOUS IMAGES SCRAP BOOK SET,1002.63
22708,WRAP DOLLY GIRL,1001.5
22310,IVORY KNITTED MUG COSY ,1001.14
20777,CHRYSANTHEMUM NOTEBOOK,998.48
21127,COLOURFUL FISHING GNOME,998.0300000000001
21898,POTTING SHED ROSE CANDLE,997.7000000000002
22098,BOUDOIR SQUARE TISSUE BOX,996.8199999999999
21836,GINGHAM OVEN GLOVE RED HEART ,996.39
84006,MAGIC TREE -PAPER FLOWERS,994.05
22559,SEASIDE FLYING DISC,993.5600000000001
22210,WOOD STAMP SET BEST WISHES,991.6499999999999
72484,ROSES IN WHITE HEART CANDLE ,991.3800000000001
35004G,SET OF 3 GOLD FLYING DUCKS,990.26
84964B,BLUE PAINTED KASHMIRI TABLE ,990.0
21335,LIBRARY LAMP,989.62
21763,VINTAGE WOODEN BAR STOOL,988.15
22843,BISCUIT TIN VINTAGE GREEN,987.74
21927,BLUE/CREAM STRIPE CUSHION COVER ,987.09
21303,FILIGREE WALL MIRROR  ANTIQUE WHITE,985.54
22074,6 RIBBONS SHIMMERING PINKS ,984.92
35958,FOLKART ZINC STAR CHRISTMAS DEC,984.6299999999999
21615,4 LAVENDER BOTANICAL DINNER CANDLES,983.25
85035C,ROSE 3 WICK MORRIS BOX CANDLE,979.88
20996,JAZZ HEARTS ADDRESS BOOK,978.39
21828,EIGHT PIECE SNAKE  SET,978.39
22614,PACK OF 12 SPACEBOY TISSUES,978.04
22337,ANGEL DECORATION PAINTED ZINC ,976.4200000000001
21690,SILVER  CANDLEPOT JARDIN ,975.84
21894,POTTING SHED SEED ENVELOPES,975.39
22926,IVORY GIANT GARDEN THERMOMETER,975.32
85036B,CHOCOLATE 1 WICK MORRIS BOX CANDLE,974.23
22310,KNITTED MUG COSY IVORY COLOUR ,973.5899999999999
84873a,FUNKY FLOWER PICNIC BAG FOR 4,973.36
21945,STRAWBERRIES  DESIGN FLANNEL ,972.18
85160B,BLACK BIRD GARDEN DESIGN MUG,970.46
22254,FELT TOADSTOOL LARGE,970.41
84985A,SET OF 72 GREEN PAPER DOILIES,970.28
22651,GENTLEMAN SHIRT REPAIR KIT ,968.9699999999999
21248,DOOR HANGER  MUM + DADS ROOM,968.8299999999999
84616,SILVER ROCCOCO CHANDELIER,968.3
84968C,SET OF 16 VINTAGE PISTACHIO CUTLERY,967.9499999999999
21299,EDWARDIAN TOILET ROLL UNIT ,966.35
35810A,ENAMEL PINK COFFEE CONTAINER,964.65
22338,STAR DECORATION PAINTED ZINC ,963.44
20735,BLACK MINI TAPE MEASURE ,963.2299999999999
85018D,YULETIDE IMAGES S/6 PAPER BOXES,962.25
20762,GREEN FERN SKETCHBOOK ,961.45
84686,BEACH HUT MIRROR,961.4
21691,SILVER VANILLA FLOWER CANDLE POT,960.99
22307,GOLD MUG BONE CHINA TREE OF LIFE,960.8399999999999
85189,HANGING BUTTERFLY  EGG,960.3
22317,FIVE CATS HANGING DECORATION,959.7900000000001
72753B,S/3 FLWR FAIRY LAVENDER CANDLES,957.73
21805,WHITE CHRISTMAS TREE DECORATION ,957.63
22778,GLASS CLOCHE SMALL,956.87
84664,CHERRY BLOSSOM BATHROOM CABINET,955.35
21425,SKULLS STORAGE BOX LARGE,954.44
20761,BLUE PAISLEY SKETCHBOOK,954.23
21711,FOLDING UMBRELLA  WHITE/RED  SPOT,953.0
22119, PEACE WOODEN BLOCK LETTERS,952.74
20878,SET/9 CHRISTMAS T-LIGHTS SCENTED ,952.51
22772,PINK DRAWER KNOB ACRYLIC EDWARDIAN,950.91
22827,RUSTIC  SEVENTEEN DRAWER SIDEBOARD,950.0
21294,ETCHED GLASS COASTER,948.26
22080,RIBBON REEL POLKADOTS ,947.0699999999999
37492B,BLUE YELLOW FLOWER PIGGY BANK,946.7199999999999
22143,CHRISTMAS CRAFT HEART DECORATIONS,942.8800000000001
20771,CHRYSANTHEMUM  JOURNAL,942.1999999999999
47591B,SCOTTIES CHILDRENS APRON,941.63
84678,CLASSICAL ROSE SMALL VASE,941.5999999999999
22822,CREAM WALL PLANTER HEART SHAPED,940.12
22774,RED DRAWER KNOB ACRYLIC EDWARDIAN,939.53
84968A,SET OF 16 VINTAGE ROSE CUTLERY,938.54
47589,CONGRATULATIONS BUNTING,937.88
21316,SMALL CHUNKY GLASS ROMAN  BOWL,937.29
85121B,RETRO LAUNDRY TUB PINK,936.74
84536A,ENGLISH ROSE NOTEBOOK A7 SIZE,936.3199999999999
85226A,WHITE/BLUE PULL BACK RACING CAR,933.07
47504E,ENGLISH ROSE SCISSORS,931.86
22363,GLASS JAR MARMALADE ,928.5000000000001
21814,HEART T-LIGHT HOLDER ,928.04
21358,TOAST ITS - HAPPY BIRTHDAY,927.93
20893,HANGING BAUBLE T-LIGHT HOLDER SMALL,926.37
20778,GARDEN PATH NOTEBOOK ,926.2099999999999
84918,CREAM CUSHION COVER WITH FLOWERS,925.62
84789,ENCHANTED BIRD PLANT CAGE,925.29
84818,DANISH ROSE PHOTO FRAME,923.99
82607A,GLASS BONBON JAR PARFUME AUX FLEURE,923.72
21070,VINTAGE BILLBOARD MUG ,923.52
85124C,GREEN JUICY FRUIT PHOTO FRAME,923.16
35965,FOLKART HEART NAPKIN RINGS,919.1300000000001
85121C,RETRO LAUNDRY TUB PISTACHIO,918.91
72529W,WHITE ADVENT CANDLE,918.75
21702,SET 5 MINI GATEAUX  FRIDGE MAGNETS,918.6800000000001
72045D,ROSES ON BLUE TEACUP CANDLE ,918.65
22051,BLUE SCANDINAVIAN PAISLEY WRAP,918.5
21291,SMALL SPOTTY CHOCOLATE GIFT BAG ,918.49
84913B,MINT GREEN ROSE TOWEL,918.3
84535B,FAIRY CAKES NOTEBOOK A6 SIZE,916.33
22438,BALLOON ART MAKE YOUR OWN FLOWERS,915.37
21007,ETCHED GLASS DROPLET DECORATION,914.6700000000001
22587,FELTCRAFT HAIRBAND RED AND BLUE,914.4799999999999
22823,CHEST NATURAL WOOD 20 DRAWERS,910.0
84709B,PINK OVAL JEWELLED MIRROR,907.38
85103,SILVER T-LIGHT SETTING,907.27
22211,WOOD STAMP SET FLOWERS,906.56
22288,"DECORATION , HANGING METAL RABBIT",904.02
21580,RABBIT  DESIGN  COTTON TOTE BAG,903.56
21444,BLUE CHALET BIRDFEEDER,902.0300000000001
21689,SILVER VANILLA  FLOWER CANDLE POT,902.0
20902,VINTAGE KEEPSAKE BOX PARIS DAYS,901.94
20773,BLUE PAISLEY NOTEBOOK,899.63
21480,PINK STRIPE HOT WATER BOTTLE,899.5200000000001
22955,36 FOIL STAR CAKE CASES ,899.1200000000001
20913,SET/5 BLUE SPOTTY LID GLASS BOWLS,898.7199999999999
22453,MEASURING TAPE BABUSHKA BLUE,897.6700000000001
85031A,ROMANTIC IMAGES SCRAP BOOK SET,897.54
17109B,FLOWER FAIRY INCENSE LAVENDER,896.3399999999999
84760L,LARGE HANGING GLASS+ZINC LANTERN,896.0
22716,CARD CIRCUS PARADE,893.79
21720,CAKE SHOP  STICKER SHEET,892.41
70007,HI TEC ALPINE HAND WARMER,892.26
85031B,BLOSSOM IMAGES SCRAP BOOK SET,891.14
22025,RING OF ROSES BIRTHDAY CARD,889.88
85177,BASKET OF FLOWERS SEWING KIT,889.0699999999999
85135B,BLUE DRAGONFLY HELICOPTER,888.45
85197,SET OF 12 MINI BUNNIES IN A BUCKET,888.0600000000001
22803,IVORY EMBROIDERED QUILT ,887.4
21195,PINK  HONEYCOMB PAPER BALL ,885.64
21991,BOHEMIAN COLLAGE STATIONERY SET,885.25
84559B,3D SHEET OF CAT STICKERS,884.7299999999999
20991,JAZZ HEARTS MAGNETIC MEMO PAD,884.5600000000002
72799A,BLACK PILLAR CANDLE SILVER FLOCK,877.8000000000001
21338,MARAKESH LANTERN SMALL ,873.25
85165,CANDY PINK FRENCH BOUDOIR CLOCK,872.76
20765,CHRYSANTHEMUM SKETCHBOOK ,871.51
21592,RETROSPOT CIGAR BOX MATCHES ,870.14
21392,RED SPOTTY PUDDING BOWL,869.23
21414,SCALLOP SHELL SOAP DISH,868.79
17033,"BROCADE PURSE,SMALL ARCH BUTTON",867.8399999999999
21162,TOXIC AREA  DOOR HANGER ,867.7099999999999
22706,WRAP COWBOYS  ,866.3
35598D,PINK/WHITE CHRISTMAS TREE 60CM,866.16
22050,PINK PAISLEY ROSE GIFT WRAP,866.0
21289,LARGE STRIPES CHOCOLATE GIFT BAG,864.31
85166B,BLACK METAL BAROQUE PHOTO FRAME,864.1
21189,WHITE HONEYCOMB PAPER GARLAND ,863.9699999999999
84658,WHITE STITCHED CUSHION COVER,863.88
10133,COLOURING PENCILS BROWN TUBE,863.37
22214,CANDLE PLATE LACE WHITE,863.1899999999999
21721,CANDY SHOP  STICKER SHEET,862.41
21159,MOODY BOY  DOOR HANGER ,860.98
21255,"FRENCH BOTTLE , LAVENDER",860.0799999999999
22892,SET OF SALT AND PEPPER TOADSTOOLS,859.11
21185, HOME SWEET HOME  BLACKBOARD,857.2399999999999
85129D,BEADED CRYSTAL HEART PINK SMALL,857.09
85049a,TRADITIONAL CHRISTMAS RIBBONS,856.8
21292,SMALL STRIPES CHOCOLATE GIFT BAG ,856.4
84578,ELEPHANT TOY WITH BLUE T-SHIRT,854.91
21815,STAR  T-LIGHT HOLDER ,854.53
21478,SILVER SKULL HOT WATER BOTTLE ,854.23
22103,MIRROR MOSAIC T-LIGHT HOLDER ROUND,852.4
72803A,ROSE SCENT CANDLE JEWELLED DRAWER,852.28
21942,SKULLS DESIGN FLANNEL,851.49
21243,PINK  POLKADOT PLATE ,850.9399999999999
85071A,BLUE CHARLIE+LOLA PERSONAL DOORSIGN,850.1600000000001
85032D,YULETIDE IMAGES GIFT WRAP SET,850.14
84559A,3D SHEET OF DOG STICKERS,849.3499999999999
21383,PACK OF 12 STICKY BUNNIES,848.2500000000001
22265,EASTER DECORATION NATURAL CHICK,848.11
84637,KITCHEN FLOWER POTS WALL PLAQUE,847.62
84659A,WHITE TRAVEL ALARM CLOCK,845.9499999999999
85099f,JUMBO BAG STRAWBERRY,845.02
21300,ANTIQUE EDWARDIAN DRESSER,841.7
20759,CHRYSANTHEMUM POCKET BOOK ,840.98
20622,VIPPASSPORT COVER ,840.73
21059,PARTY INVITES DINOSAURS,840.7299999999999
84782A,PINK 3 TIER GLASS PLATE STAND,840.45
20677,PINK POLKADOT BOWL,839.87
22040,BOTANICAL ROSE GIFT WRAP,839.8
85231L,LAVENDER SCENTED SET/9 T-LIGHTS,838.3499999999999
85034C,3 ROSE MORRIS BOXED CANDLES,838.12
17039,INLAID WOOD INCENSE HOLDER,837.88
84762B,PINK PICNIC BARBECUE BUCKET,837.77
16016,LARGE CHINESE STYLE SCISSOR,837.65
21552,CERAMIC BIRDHOUSE BLACK ROSE  LARGE,837.6
46000P,POLYESTER FILLER PAD 65CMx65CM,837.25
40018E,TEA TIME PAPER LANTERNS,837.02
20774,GREEN FERN NOTEBOOK,834.44
22775,PURPLE DRAWERKNOB ACRYLIC EDWARDIAN,834.4399999999999
77101A,UNION FLAG WINDSOCK,834.03
20755,BLUE PAISLEY POCKET BOOK,833.78
20776,ABSTRACT CIRCLES NOTEBOOK,832.66
35599D,PINK AND WHITE CHRISTMAS TREE 120CM,831.1400000000001
85196,EASTER BUNNIES ON A STICK,831.0400000000001
22705,WRAP GREEN PEARS ,829.5
20758,ABSTRACT CIRCLES POCKET BOOK,829.3199999999999
21063,PARTY INVITES JAZZ HEARTS,828.56
22199,FRYING PAN RED RETROSPOT,825.69
79342B,BROWN FLOWER LIGHTS,824.95
21551,CERAMIC BIRDHOUSE BUTTERFLY LARGE,824.95
84969,BOX OF 6 ASSORTED COLOUR TEASPOONS,823.84
21694,SMALL REGAL  SILVER CANDLEPOT ,823.6300000000001
79302M,"ART LIGHTS,FUNK MONKEY",823.0600000000001
21499,BLUE POLKADOT WRAP,822.5
72816,SET/3 CHRISTMAS DECOUPAGE CANDLES,818.52
22256,FELT FARM ANIMAL CHICKEN,818.43
22396,MAGNETS PACK OF 4 RETRO PHOTO,817.98
22545,MINI JIGSAW BUNNIES,816.84
22181,SNOWSTORM PHOTO FRAME FRIDGE MAGNET,816.74
22988,SOLDIERS EGG CUP ,815.41
21926,RED/CREAM STRIPE CUSHION COVER ,815.37
20941,FROG CANDLE,815.01
22099,CARAVAN SQUARE TISSUE BOX,813.64
22209,WOOD STAMP SET HAPPY BIRTHDAY,812.8799999999999
20833,SHAKER THROW  QUILTED,811.8
37423,WHITE WITH BLACK CATS PLATE,810.6999999999999
21944,KITTENS DESIGN FLANNEL,809.1
85017B,ENVELOPE 50 BLOSSOM IMAGES,807.0999999999999
21066,VINTAGE RED MUG,806.22
84767,ZINC POLICE BOX LANTERN,806.22
85231G,ORANGE SCENTED SET/9 T-LIGHTS,802.79
20617,FIRST CLASS PASSPORT COVER ,802.26
85044,RED REINDEER STRING OF 20 LIGHTS,801.4
21244,BLUE POLKADOT PLATE ,799.74
21269,ANTIQUE CREAM CUTLERY SHELF ,798.84
20756,GREEN FERN POCKET BOOK,798.01
84666,SQUARE CHERRY BLOSSOM CABINET,797.9000000000001
21555,CERAMIC STRAWBERRY TRINKET TRAY,796.1999999999999
21558,SKULL LUNCHBOX WITH CUTLERY ,796.12
20840,FRENCH FLORAL CUSHION COVER ,796.0899999999999
22058,CERAMIC LOVE HEARTS DESIGN MUG,795.72
84358,FLOOR LAMP SHADE WOOD BASE,794.73
17129F,DEEP BLUE GLASS GEMS IN BAG,794.4599999999999
84509G,SET OF 4 FAIRY CAKE PLACEMATS ,794.41
22789,T-LIGHT HOLDER SWEETHEART HANGING,794.34
22101,MIRROR MOSAIC VOTIVE HOLDER,794.11
37494A,FAIRY CAKE CERAMIC BUTTER DISH,793.44
84625D,WHITE NEWBAROQUE CANDLESTICK CANDLE,793.34
21739,COSY SLIPPER SHOES SMALL GREEN,793.0200000000001
46776F,WOVEN ROSE GARDEN CUSHION COVER ,792.61
45008C,DECORATIVE NET CANOPY CREAM,792.0699999999999
22785,CUSHION COVER PINK UNION FLAG,792.0600000000001
37330,SPOTS MUG,790.6999999999999
20700,GREEN CAT FLORAL CUSHION COVER ,790.05
47591d,PINK FAIRY CAKE CHILDRENS APRON,789.3599999999999
21286,RETRO SPOT CANDLE  LARGE,789.26
48173c,DOORMAT BLACK FLOCK ,787.86
85017A,ENVELOPE 50 ROMANTIC IMAGES,786.2199999999999
85131A,BEADED PEARL HEART WHITE ON STICK,785.4
21725,SWEETIES  STICKERS,785.18
22414,DOOR MAT NEIGHBOURHOOD WITCH ,783.87
21684,SMALL MEDINA STAMPED METAL BOWL ,783.64
22048,BIRTHDAY BANQUET GIFT WRAP,783.3
21773,DECORATIVE ROSE BATHROOM BOTTLE,782.8199999999999
20989,URBAN CHIC CHOPSTICKS SET/5,782.18
20984,12 PENCILS TALL TUBE POSY,781.6899999999999
85025C,PINK HEART SHAPE PHOTO FRAME,781.6199999999999
21043,APRON MODERN VINTAGE COTTON,781.1700000000001
21331,MOROCCAN BEATEN METAL DISH LARGE,780.94
21317,GLASS SPHERE CANDLE STAND MEDIUM,780.34
20707,CRAZY DAISY HEART DECORATION,779.0500000000001
37461,FUNKY MONKEY MUG,778.64
84534B,FAIRY CAKE NOTEBOOK A5 SIZE,773.8599999999999
84843,WHITE SOAP RACK WITH 2 BOTTLES,773.16
21500,PINK POLKADOT WRAP ,773.0
22543,MINI JIGSAW BAKE A CAKE ,772.97
82613D,METAL SIGN CUPCAKE SINGLE HOOK,772.72
84638,SMALL KITCHEN FLOWER POTS PLAQUE,770.05
22182,CAKE STAND VICTORIAN FILIGREE SMALL,769.55
84761,IVORY HANGING BIRD PLANTER ,768.8499999999999
21554,CERAMIC BIRDHOUSE RED ROOF LARGE,767.75
21633,SUNFLOWER DECORATIVE PARASOL,767.65
72755C,FLOWER FAIRY OIL BURNER SET ROSE,767.0
21427,SKULLS STORAGE BOX SMALL,766.58
21219,SET/4 BADGES BALLOON GIRL,766.48
84029C,BROWN FURRY HOT WATER BOTTLE,766.19
84922,PINK BUTTERFLY WASHBAG,765.93
84925F,PSYCHEDELIC WALL THERMOMETER,765.73
84631,FRUIT TREE AND BIRDS WALL PLAQUE,765.58
20757,RED DAISY POCKET BOOK ,765.11
84665,SQUARE CHERRY BLOSSOM CABINET,763.75
84905,PINK BUTTERFLY CUSHION COVER ,763.61
84963A,PINK PAINTED KASHMIRI CHAIR,763.35
35811A,ENAMEL PINK SUGAR CONTAINER,762.97
10125,MINI FUNKY DESIGN TAPES,761.66
22492,MINI PAINT SET VINTAGE  BOY+ GIRL,761.4
84762C,GREEN PICNIC BARBECUE BUCKET,761.25
21238,RED RETROSPOT CUP,760.79
20934,SET/3 POT PLANT CANDLES,760.61
21277,FRENCH STYLE EMBOSSED HEART CABINET,759.91
85125,SMALL ROUND CUT GLASS CANDLESTICK,759.8000000000001
20867,PINK ROSE FABRIC MIRROR,759.73
84816,DANISH ROSE BEDSIDE CABINET,759.0
22714,CARD BIRTHDAY COWBOY,759.0
16244B,MAXWELL 2 TONE BLUE 60 PAGE PHOTO A,757.17
21242,RED RETROSPOT PLATE ,756.49
21298,EDWARDIAN 2 DRAWER WALL CABINET ,755.8
22049,WRAP CHRISTMAS SCREEN PRINT,755.75
84569D,PACK 6 HEART/ICE-CREAM PATCHES,755.69
20986,BLUE CALCULATOR RULER,755.1
47581B,FAIRY CAKE WICKER PICNIC BASKET ,753.77
22756,LARGE YELLOW BABUSHKA NOTEBOOK ,753.2
21726,MULTI HEARTS  STICKERS,751.7199999999999
17165B,ASS COL LARGE SAND GECKO P'WEIGHT,751.6800000000001
84653,GREEN ROSE QUILT ,750.48
84615,PINK ROUND BUTTERFLY MIRROR ,748.48
22393,PAPERWEIGHT VINTAGE COLLAGE,747.79
79030G,"TUMBLER, NEW ENGLAND",745.4799999999999
22324,BLUE POLKADOT KIDS BAG,745.2099999999999
21284,RETRO SPOT CANDLE  SMALL,744.75
22493, PAINT YOUR OWN CANVAS SET,744.5999999999999
72800A,S/4 BLACK DINNER CANDLE SILVER FLOC,743.26
22280,POCKET BAG PINK PAISELY BROWN SPOT,742.9
22676,"FRENCH BLUE METAL DOOR SIGN, 1",742.67
21391,FRENCH EMROIDR LAVENDER SCENT HEART,741.6
20675,BLUE POLKADOT BOWL,740.1
22269,EGG CUP NATURAL CHICKEN,738.72
85194L,HANGING SPRING FLOWER EGG LARGE,737.7399999999999
84907,PINK YELLOW PATCH CUSHION COVER,735.9
84620,BLUE GINGHAM ROSE CUSHION COVER,734.71
84596E,SMALL LICORICE DES PINK BOWL,733.67
21366,MIRRORED WALL ART PHOTO FRAMES,733.4
84689,S/2 BEACH HUT TREASURE CHESTS,732.9499999999999
85053,FRENCH ENAMEL CANDLEHOLDER,732.73
84674,FLYING PIG WATERING CAN,732.59
35647,VINTAGE BEAD PINK SHADE ,731.99
ADJUST2,Adjustment by Peter on Jun 25 2010 ,731.0500000000001
20910,VINTAGE PHOTO ALBUM PARIS DAYS,731.02
20894,HANGING BAUBLE T-LIGHT HOLDER LARGE,730.3900000000001
47503F,ASS FLORAL PRINT TORCH,729.9499999999999
78124,MAGAZINE RACK GEBRA ASSORTED ,729.61
21250,SET OF SKULL WALL STICKERS,729.08
72800B,S/4 PURPLE DINNER CANDLE BLK FLOCK,728.6700000000001
21817,GLITTER CHRISTMAS TREE,728.3299999999999
21443,OLIVE CHALET BIRDFEEDER,727.9300000000001
90175A,WHITE GLASS CHUNKY CHARM BRACELET,727.77
22340,NOEL GARLAND PAINTED ZINC ,727.1999999999999
22792,FLUTED ANTIQUE CANDLE HOLDER,726.9699999999999
20782,CAMOUFLAGE EAR MUFF HEADPHONES,726.38
21393,BLUE  SPOTTY PUDDING BOWL,723.5500000000001
22339,CHRISTMAS TREE PAINTED ZINC ,723.5400000000001
84971L,LARGE HEART FLOWERS HOOK   ,723.51
22106,MIRROR MOSAIC HURRICANE LAMP ,721.96
20901,VINTAGE KEEPSAKE BOX PINK FLOWER,721.45
10134,COLOURING PENCILS BROWN TUBE,721.13
84684,BEACH HUT PHOTO FRAME,720.6999999999999
22216,T-LIGHT HOLDER WHITE LACE,719.5
22287,"DECORATION , WOBBLY CHICKEN, METAL ",718.89
22532,MAGIC DRAWING SLATE LEAP FROG ,718.4
35951,FOLKART BAUBLE CHRISTMAS DECORATION,717.99
21664,RIDGED GLASS STORAGE JAR CREAM LID,714.6
21076,SET/20 COLLAGE PAPER NAPKIN ,714.55
20850,ZINC HEART LATTICE PLANTER BOWL,713.8000000000001
21133,PAINTED BIRD ASSORTED CHRISTMAS,712.91
72819,CUPID DESIGN SCENTED CANDLES,708.2099999999999
22316,200 BENDY SKULL STRAWS,707.95
85124B,BLUE JUICY FRUIT PHOTO FRAME,707.56
46776B,WOVEN BERRIES CUSHION COVER ,706.4
21308,LOUVRE VANITY MIRROR,705.9
84687,BEACH HUT SHELF W 3 DRAWERS,703.63
84869,CANDY BUTTON PHOTO ALBUM,703.54
84360,TABLE LAMP WHITE SHADE WOOD BASE,702.07
21131,GOLD STANDING GNOME,700.84
21822,GLITTER CHRISTMAS TREE WITH BELLS,700.76
22986,GINGHAM ROSE WRAP,698.8
20669,RED HEART LUGGAGE TAG,698.36
21740,COSY SLIPPER SHOES LARGE RED,698.0100000000001
20775,DAISY NOTEBOOK ,698.01
85017C,ENVELOPE 50 CURIOUS IMAGES,697.75
84033,FLAG OF ST GEORGE ,697.43
84536B,FAIRY CAKES NOTEBOOK A7 SIZE,695.77
85231E,STRAWBERRY SCENTED SET/9 T-LIGHTS,695.23
22036,DINOSAUR BIRTHDAY CARD,695.11
22512,DOORSTOP RACING CAR DESIGN,694.08
37333,"RETRO ""TEA FOR ONE"" ",694.01
72755D,FLOWER FAIRY OIL BURNER SET SUMMER,693.25
84842,HELLO SAILOR BATHROOM SET,691.6500000000001
20862,PINK PATCH PENCIL CASE BLUE HEART,691.1400000000001
72753A,S/3 FLWR FAIRY LILLY CANDLES,690.24
22598,CHRISTMAS MUSICAL ZINC TREE,689.9
22948,METAL DECORATION NAUGHTY CHILDREN ,689.4799999999999
84247E,PACK/12 XMAS FUN CARD,688.8100000000001
85136A,YELLOW SHARK HELICOPTER,688.7
22232,JIGSAW TOADSTOOLS 3 PIECE,688.13
84715,SET OF 6 ICE CREAM SKITTLES,687.69
22673,FRENCH GARDEN SIGN BLUE METAL,687.69
90200C,BLUE SWEETHEART BRACELET,684.41
22546,MINI JIGSAW PURDEY,683.68
37492D,PURPLE GREEN FLOWER PIGGY BANK,682.9899999999999
22847,"BREAD BIN, DINER STYLE, IVORY",682.7499999999999
22762,CUPBOARD 3 DRAWER MA CAMPAGNE,682.0699999999999
84625A,PINK NEW BAROQUECANDLESTICK CANDLE,682.01
90200D,PINK SWEETHEART BRACELET,680.9
21674,RIDGED GLASS PENDANT LAMPSHADE,680.8499999999999
21758,VINTAGE SHELLS PRINT,680.46
84313B,BLUE TV TRAY TABLE ,679.39
85127,SMALL SQUARE CUT GLASS CANDLESTICK,678.9200000000001
22228,BUNNY WOODEN PAINTED WITH BIRD ,678.8199999999999
22802,FAUX FUR CHOCOLATE THROW,678.36
22343,PARTY PIZZA DISH RED RETROSPOT,678.3399999999999
85039A,SET/4 RED MINI ROSE CANDLE IN BOWL,677.31
21631,HIPPY CHIC DECORATIVE PARASOL,675.74
15056n,EDWARDIAN PARASOL NATURAL,674.1600000000001
20704,MR ROBOT SOFT TOY,673.72
21253,SET OF PICTURE FRAME  STICKERS,670.1800000000001
22034,ROBIN CHRISTMAS CARD,669.73
72023F,RED ORGANIC CANDLE IN GLASS,669.62
85071B,RED CHARLIE+LOLA PERSONAL DOORSIGN,668.34
20866,BLUE ROSE FABRIC MIRROR,667.99
84341B,SMALL PINK MAGIC CHRISTMAS TREE,667.6899999999999
72750B,FLOWER FAIRY SET 3 CANDLES LAVENDER,666.85
85141,JARDIN ETCHED GLASS FRUITBOWL,666.5
21247,SET OF RED SALAD SERVERS ,664.73
21676,FLOWERS  STICKERS,664.51
85084,HOLLY TOP CHRISTMAS STOCKING,664.4
22896,PEG BAG APPLE DESIGN,664.3499999999999
21376,LARGE  TALL CAMPHOR WOOD TOADSTOOL ,662.55
22383,LUNCHBAG SUKI  DESIGN ,661.63
17096,ASSORTED LAQUERED INCENSE HOLDERS,661.5400000000001
17109C,FLOWER FAIRY INCENSE ROSE,661.23
22322,BIRD DECORATION GREEN  SPOT,660.62
22123,PING MICROWAVE APRON,660.62
21764,VINTAGE WOODEN PLATE RACK,659.1500000000001
16235,RECYCLED PENCIL WITH RABBIT ERASER,659.1
20652,BLUE SPOTTY LUGGAGE TAG ,657.9
22250,DECORATION  BUTTERFLY  MAGIC GARDEN,656.99
22056,CERAMIC PLATE LOVE HEART DESIGN,656.87
21239,PINK  POLKADOT CUP,656.76
22164,STRING OF STARS CARD HOLDER,656.6100000000001
22677,"FRENCH BLUE METAL DOOR SIGN, 2",656.41
22054,MINI CAKE STAND HANGING HEARTS,655.01
22230,JIGSAW TREE WITH WATERING CAN,654.01
17165D,ASS COL LARGE SAND FROG P'WEIGHT,653.97
72799C,PINK PILLAR CANDLE SILVER FLOCK,653.63
18007,ESSENTIAL BALM 3.5g TIN IN ENVELOPE,652.97
37474,SET/4 2 TONE EGG SHAPE MIXING BOWLS,651.05
20714,POSY SHOPPER BAG,649.8199999999999
21350,GINGHAM HEART WREATH,647.7500000000001
21134,VICTORIAN METAL POSTCARD CHRISTMAS,646.4399999999999
37444C,PINK BREAKFAST CUP AND SAUCER ,646.22
20802,SMALL GLASS SUNDAE DISH CLEAR,645.5799999999999
85145,JARDIN ETCHED GLASS LARGE BELL JAR,645.3
22678,"FRENCH BLUE METAL DOOR SIGN, 3",645.15
47597,NEW ENGLAND TEATOWELS,644.88
84824,DANISH ROSE UMBRELLA STAND,644.55
85214,TUB 24 PINK FLOWER PEGS,643.2399999999999
17181,CIRCLE OF FRIENDS CANDLE HOLDER,642.66
85230F,JASMINE VOTIVE CANDLE,642.3199999999999
84925D,LA PALMIERA WALL THERMOMETER,641.75
46776A,WOVEN BUBBLE GUM CUSHION COVER,639.7
84520D,PACK OF 20 FAIRY CAKE PAPER NAPKINS,639.4699999999999
21850,BLUE  DIAMANTE PEN IN GIFT BOX,639.07
84986B,SET OF 36 SILVER PAPER DOILIES,639.06
21665,TRIANGULAR RIDGED GLASS POSY HOLDER,638.8000000000001
84601A,NEW BAROQUE IVORY CUSHION COVER ,638.34
22134,LADLE LOVE HEART RED ,638.15
90082D,DIAMANTE BOW BROOCH BLACK COLOUR,638.0699999999999
75013B,"STRING OF 8 BUTTERFLIES,PINK",636.6199999999999
22408,MONEY BOX CONFECTIONERY DESIGN,636.23
17164B,ASS COL SMALL SAND GECKO P'WEIGHT,636.06
22093,MOTORING TISSUE BOX,635.25
22389,PAPERWEIGHT SAVE THE PLANET,634.5699999999999
85028L,FRENCH CHATEAU LARGE FRUIT BOWL ,634.51
79163,BLACK CHAMPAGNE GLASS,634.0799999999999
35004P,SET OF 3 PINK FLYING DUCKS,633.52
35471D,SET OF 3 BIRD LIGHT PINK FEATHER ,632.81
22104,MIRROR MOSAIC CANDLE PLATE,631.01
84964A,PINK PAINTED KASHMIRI TABLE,630.0
85049e,SCANDINAVIAN REDS RIBBONS,629.98
22965,3 TRADITIONAl BISCUIT CUTTERS  SET,629.7400000000001
21775,DECORATIVE FLORE BATHROOM BOTTLE,629.51
72814,SET OF 3 CHRISTMAS BRIAR CANDLES,626.39
16169N,WRAP BLUE RUSSIAN FOLKART,626.25
21061,PARTY INVITES FOOTBALL,625.4599999999999
85218,S/5 MINI ICE CREAM FRIDGE MAGNETS,625.1999999999999
84968F,SET OF 16 VINTAGE SKY BLUE CUTLERY,624.66
82616A,BUBBLE GUM SCARF KNITTING KIT,624.21
22289,"DECORATION , HANGING METAL CHICKEN",623.96
20657,TROPICAL LUGGAGE TAG,621.81
22249,DECORATION WHITE CHICK MAGIC GARDEN,621.8
20701,PINK CAT FLORAL CUSHION COVER ,620.52
62094B,TURQ ICE CREAM BUM BAG ,619.8399999999999
21202,DOLLY HONEYCOMB GARLAND,619.67
16156N,"WRAP, FRIENDSHIP ON GREEN",619.5
85093,CANDY SPOT EGG WARMER HARE,618.54
22267,EASTER DECORATION EGG BUNNY ,618.3
72772,SET/4 SCENTED CANDLES IN RAMEKINS,615.84
84932C,SMALL ORIENTAL BLUE FOLDING STOOL,615.4
21307,SET/4 BUTTERFLY MIRROR MAGNETS,615.07
22794,SWEETHEART WIRE MAGAZINE RACK,614.34
20689,RETRO SISTERS EXPRESSO CUPS,614.1
90147,CHUNKY SILVER NECKLACE PASTEL FLOWE,613.4399999999999
47583A,SET OF 3 WICKER BASKET ROSE,612.8199999999999
21632,VINTAGE PINK DECORATIVE PARASOL,611.97
79315W,FLYING SAUCER TABLE LIGHT IN WHITE,611.5100000000001
85169A,IVORY LOVE BIRD CANDLE,610.31
22914,BLUE COAT RACK PARIS FASHION,610.19
22680,"FRENCH BLUE METAL DOOR SIGN, 5",610.11
21980,PACK OF 12 RED RETROSPOT TISSUES ,609.9999999999999
21173,LOO ROLL  METAL SIGN ,607.9599999999999
22233,JIGSAW RABBIT AND BIRDHOUSE,607.92
21199,PINK  HEART CONFETTI IN TUBE,607.3699999999999
22529,MAGIC DRAWING SLATE GO TO THE FAIR ,606.26
16225,RATTLE SNAKE EGGS,605.83
21240,BLUE POLKADOT CUP,605.49
85028S,FRENCH CHATEAU SMALL FRUITBOWL,605.22
85135A,YELLOW DRAGONFLY HELICOPTER,603.54
21060,PARTY INVITES BALLOON GIRL,603.4599999999999
85135C,RED DRAGONFLY HELICOPTER,603.45
37351,ORANGE FLOWER MUG ,603.4499999999999
84932A,SMALL GREEN PEONY FOLDING STOOL,602.6
20863,BLUE PATCH PENCIL CASE PINK HEART,601.53
20769,DAISY JOURNAL ,601.45
21619,4 VANILLA BOTANICAL CANDLES,600.24
22481,BLACK TEA TOWEL CLASSIC DESIGN,598.76
85185D,FROG SOCK PUPPET,597.76
21440,12 MINI TOADSTOOL PEGS,597.56
84682,CLASSICAL ROSE DISH,596.94
21873,IF YOU CAN'T STAND THE HEAT MUG,596.57
22679,"FRENCH BLUE METAL DOOR SIGN, 4",596.34
21293,MIRRORED DOVE WALL DECORATION,595.62
85117,NIGHTINGALE COATHOOK WHITE,594.3199999999999
84625C,BLUE NEW BAROQUE CANDLESTICK CANDLE,593.96
85180A,RED HEARTS LIGHT CHAIN ,593.76
20849,ZINC HEART LATTICE DOUBLE PLANTER,593.03
84997d,PINK 3 PIECE POLKADOT CUTLERY SET,592.9000000000001
21458,2 PICTURE BOOK EGGS EASTER BUNNY,592.7
21816,CHRISTMAS TREE T-LIGHT HOLDER,592.39
85188B,PINK METAL SWINGING BUNNY,592.18
85113,POLKA DOT PISTACHIO PAIL,591.6600000000001
21304,ARCHED GREY MIRROR,591.58
21322,GLASS SPHERE CANDLE STAND LARGE ,590.45
21562,HAWAIIAN GRASS SKIRT ,589.9200000000001
20661,BLUE SPOTTY PURSE ,589.9000000000001
21344,MOROCCAN BEATEN METAL DISH,589.73
22805,BLUE DRAWER KNOB ACRYLIC EDWARDIAN,589.2
21256,"FRENCH BOTTLE, BRASSERIE DES ARTIST",588.64
20898,VINTAGE NOTEBOOK TRAVELOGUE,588.19
21416,CLAM SHELL LARGE,588.0600000000001
21893,POTTING SHED SEED TIN,587.8
35653,VINTAGE BEAD NOTEBOOK,587.73
20695,FLORAL BLUE MONSTER,587.58
22108,PING! MICROWAVE PLATE,587.17
21223,SET/4 BADGES WOODLAND ANIMAL,587.08
84934,ASSTD DESIGN POP ART SLIM PEN,586.5
22683,"FRENCH BLUE METAL DOOR SIGN, 8",586.36
16169K,WRAP FOLK ART,585.25
84997c,BLUE 3 PIECE POLKADOT CUTLERY SET,584.4300000000001
22962,JAM JAR WITH PINK LID,583.9399999999999
84569C,PACK 4 FLOWER/BUTTERFLY PATCHES,583.68
85096,HILDA CANDY SPOT RABBIT,582.93
21016,LIGHT BIRD HOUSE TREE DECORATION,582.85
85092,CANDY SPOT TEA COSY,582.52
15034,PAPER POCKET TRAVELING FAN ,582.4300000000001
21786,POLKADOT RAIN HAT ,581.68
72232,FENG SHUI PILLAR CANDLE,581.59
21553,CERAMIC BIRDHOUSE FINCH BLUE  LARGE,581.27
35954,SMALL FOLKART STAR CHRISTMAS DEC,581.07
22837,HOT WATER BOTTLE BABUSHKA LARGE,580.8000000000001
22700,BLACK AND WHITE DOG BOWL,579.7800000000001
20804,GLASS CHICKEN BUTTER DISH,579.31
20619,TROPICAL PASSPORT COVER ,578.98
21419,CONCH SHELL,577.6899999999999
22685,"FRENCH BLUE METAL DOOR SIGN, 0",577.51
82613A,"METAL SIGN,CUPCAKE SINGLE HOOK",575.09
85036C,ROSE 1 WICK MORRIS BOXED CANDLE,574.91
84932D,SMALL ORIENTAL RED FOLDING STOOL,574.71
22643,SET OF 4 NAPKIN CHARMS LEAVES   ,574.61
21319,GLASS CHALICE GREEN  SMALL ,574.55
20897,VINTAGE NOTEBOOK PARIS DAYS,574.0400000000001
21284,RETROSPOT CANDLE  SMALL,573.12
22684,"FRENCH BLUE METAL DOOR SIGN, 9",572.58
22097,SWALLOW SQUARE TISSUE BOX,571.87
22709,WRAP WEDDING DAY,571.08
20615,BLUE SPOTTY PASSPORT COVER,570.85
21724,PANDA AND BUNNIES STICKER SHEET,570.64
22062,CERAMIC BOWL WITH LOVE HEART DESIGN,570.2900000000001
17109D,FLOWER FAIRY INCENSE BOUQUET,569.34
72598,SET/12 TAPER CANDLES,569.26
85129A,"WHITE PEARL BEADED HEART, SMALL",569.16
84595E,LARGE TORTILLA DESIGN RED BOWL,568.89
21392,RED POLKADOT PUDDING BOWL,568.8100000000001
22896,PEG BAG APPLES DESIGN,568.4599999999999
85119,WATERING CAN SINGLE HOOK PISTACHIO,567.48
20705,MRS ROBOT SOFT TOY,567.34
22425,ENAMEL COLLANDER CREAM,567.12
16169C,WRAP BLUE REINDEER,567.0
22699,TEACUP AND SAUCER REGENCY ROSES,566.7
21285,RETRO SPOT CANDLE  MEDIUM,566.22
20832,RED FLOCK LOVE HEART PHOTO FRAME,561.68
37345,ASSTD HEARTS DESIGN MUGS,561.05
84773,RED ROSE AND LACE C/COVER,560.5
22682,"FRENCH BLUE METAL DOOR SIGN, 7",560.05
20699,MOUSEY LONG LEGS SOFT TOY,559.78
85032A,ROMANTIC IMAGES GIFT WRAP SET,559.62
84712B,PINK JEWELLED PHOTO FRAME,559.45
22811,SET OF 6 T-LIGHTS CACTI ,559.37
85090,CANDY SPOT APRON,559.2800000000001
22227,HANGING HEART MIRROR DECORATION ,558.0400000000001
16162L,THE KING GIFT BAG,557.4300000000001
22950,SET OF 36 DOILIES VINTAGE CHRISTMAS,557.4
20935,ROUND CACTUS CANDLE,556.7800000000001
20830,SILVER PHOTO FRAME,554.78
21160,KEEP OUT GIRLS DOOR HANGER ,554.13
21456,2 PICTURE BOOK EGGS EASTER CHICKS,553.83
22448,PIN CUSHION BABUSHKA RED,553.0300000000001
22255,FELT TOADSTOOL  SMALL,552.4499999999999
21666, RIDGED GLASS T-LIGHT HOLDER,552.1200000000001
22452,MEASURING TAPE RUSSIAN DOLL PINK,551.7
22416,SET OF 36 DOILIES SPACEBOY DESIGN ,551.6
79066K,RETRO MOD TRAY,550.78
21457,2 PICTURE BOOK EGGS EASTER DUCKS,550.11
22681,"FRENCH BLUE METAL DOOR SIGN, 6",550.1
21320,GLASS CHALICE GREEN  LARGE ,549.12
85091,CANDY SPOT BREAD BASKETS,548.81
20888,SET 3 JARDIN DE FEMME SCENT CANDLES,547.74
20936,FORKED CACTUS CANDLE,547.34
22258,FELT FARM ANIMAL RABBIT,547.16
20665,RED RETROSPOT PURSE ,547.0300000000001
85188A,GREEN METAL SWINGING BUNNY,546.8
84675,FROG KING WATERING CAN,545.1600000000001
21377,SMALL CAMPHOR WOOD FIELD  MUSHROOM,545.15
21339,MARAKESH LANTERN LARGE,544.5
84596K,JELLY BABIES YELLOW SMALL BOWL,543.41
22983,"CARD, BILLBOARD FONT",543.34
21261,GREEN GOOSE FEATHER CHRISTMAS TREE ,542.61
35969,FOLKART CROWN TABLE DECORATIONS,542.47
20943,SET/6 GINGERBREAD STAR T-LIGHTS,540.21
22033,BOTANICAL ROSE GREETING CARD,539.98
20997,ROSE DU SUD CUSHION COVER ,539.13
21200,MULTICOLOUR HONEYCOMB PAPER GARLAND,538.9699999999999
82616C,MIDNIGHT GLAMOUR SCARF KNITTING KIT,538.6
22773,GREEN DRAWER KNOB ACRYLIC EDWARDIAN,536.88
84414B,FUSCHIA/GREEN STRIPE WOOLLY BLANKET,536.24
21017,RED BIRD HOUSE TREE DECORATION,535.89
84865,NEW BAROQUE BLACK PHOTO ALBUM,535.69
84609,TALL ROCOCO CANDLE HOLDER,535.63
72800D,S/4 BLUE DINNER CANDLE SILVER FLOCK,534.58
21719,LOVELY BONBON STICKER SHEET,534.52
90203,SILVER CHARM NECKLACE 70CM,534.27
21375,LARGE CAMPHOR WOOD FIELD MUSHROOM ,532.3199999999999
22547,MINI JIGSAW DINOSAUR ,531.72
85111,SILVER GLITTER FLOWER VOTIVE HOLDER,531.56
84826,ASSTD DESIGN 3D PAPER STICKERS,530.7
21215, IVORY PAPER CUP CAKE CASES ,530.16
72267,PREMIUM CHURCH CANDLE,530.16
21129,SILVER FISHING GNOME ,529.9200000000001
21734,SMALL MARAKESH LANTERN ON STICK,529.49
22615,PACK OF 12 CIRCUS PARADE TISSUES ,528.3399999999999
22403,MAGNETS PACK OF 4 VINTAGE LABELS ,527.88
22116,METAL SIGN HIS DINNER IS SERVED,524.78
22898,CHILDRENS APRON APPLE DESIGN,524.71
22963,JAM JAR WITH GREEN LID,524.12
72728,ROSE SCENT CANDLES IN GLASS,523.15
85104,SILVER GLASS T-LIGHT SET,522.34
85226C,BLUE PULL BACK RACING CAR,522.3100000000001
20733,GOLD MINI TAPE MEASURE ,521.34
37444A,YELLOW BREAKFAST CUP AND SAUCER,520.71
21883,STARS GIFT TAPE ,518.33
84657,GREEN ROSE CUSHION COVER,517.48
84762A,WHITE PICNIC BARBECUE BUCKET,517.4300000000001
22927,GREEN GIANT GARDEN THERMOMETER,517.2
20932,PINK POT PLANT CANDLE,515.1800000000001
85170D,SET/6 PINK BIRD T-LIGHT CANDLES,514.1
16202B,PASTEL BLUE PHOTO ALBUM ,514.06
16169P,WRAP GREEN RUSSIAN FOLKART ,512.75
90120D,WHITE MURANO TWIST BRACELET,512.34
84849A,HELLO SAILOR BLUE SOAP HOLDER,511.2
21378,SMALL TALL CAMPHOR WOOD TOADSTOOL,511.08
84989B,75 BLACK FAIRY CAKE CASES,510.15000000000003
84952C,MIRROR LOVE BIRD T-LIGHT HOLDER,510.13
84782C,GREEN 3 TIER GLASS PLATE STAND,509.9
21540,DAIRY MAID CERAMIC BUTTER DISH,509.62
20763,DAISY SKETCHBOOK ,509.19
20753,RETRO PINK SPOT WASHING UP GLOVES,509.00000000000006
21641,ASSORTED TUTTI FRUTTI KEYRING BALL,507.99999999999994
22806,SET OF 6 T-LIGHTS WEDDING CAKE ,507.38
21706,FOLDING UMBRELLA RED/WHITE POLKADOT,507.33000000000004
90195A,PURPLE GEMSTONE BRACELET,507.10999999999996
22135,LADLE LOVE HEART PINK,507.05
22913,RED COAT RACK PARIS FASHION,506.24
35004S,SET OF 3 SILVER FLYING DUCKS,505.4
37352,BIRD IN TREE MUG ,504.55
82613B,"METAL SIGN,CUPCAKE SINGLE HOOK",504.15
90199C,5 STRAND GLASS NECKLACE CRYSTAL,503.09999999999997
85142,JARDIN ETCHED GLASS GINGER JAR,502.58
85030,FRENCH CHATEAU OVAL PLATTER,502.2
84993A,75 GREEN PETIT FOUR CASES,501.1
72818,CHRISTMAS DECOUPAGE CANDLE,501.02
47591B,SCOTTIES DES CHILD'S APRON,500.83
21847,GREEN  DIAMANTE PEN IN GIFT BOX,500.69
20865,PATCHWORK PENCIL CASE BUTTERFLY ,500.49
85213,MINI  ZINC GARDEN DECORATIONS ,500.10999999999996
84632,DECORATIVE HANGING SHELVING UNIT,499.55
35471A,SET OF 3 BIRD L.BLUE FEATHER,499.31
85163A,WHITE BAROQUE WALL CLOCK ,499.16999999999996
21635,MADRAS NOTEBOOK LARGE ,499.03
84805B,BLUE CLIMBING HYDRANGA ART FLOWER,498.90000000000003
84596G,SMALL CHOCOLATES PINK BOWL,498.75
37475,SET/4 COLOURFUL MIXING BOWLS,498.58
20864,DENIM PATCH PENCIL CASE BUTTERFLY,498.14000000000004
47592A,CAROUSEL DES CHILD'S OVERALL,497.81
35600D,PINK AND WHITE CHRISTMAS TREE 180CM,497.70000000000005
90010B,BLACK/WHITE GLASS/SILVER BRACELET,496.65
15056bl,EDWARDIAN PARASOL BLACK,496.64000000000004
17021,NAMASTE SWAGAT INCENSE,496.5
21399,BLUE  SPOTTY  COFFEE MUG,495.98
22717,CARD DOG AND BALL ,495.27
72800C,S/4 PINK DINNER CANDLE SILVER FLOCK,494.39
47594B,SCOTTIES DESIGN WASHBAG,493.84
16239,BALLERINA HEART DECORATION.,492.17
84974,S/2 ZINC HEART DESIGN PLANTERS,491.49999999999994
35972,DAISY FOLKART HEART DECORATION,491.38
20903,VINTAGE KEEPSAKE BOX TRAVELOGUE,490.61
22715,CARD WEDDING DAY,489.99
21004,ROSE DU SUD CHILDS APRON,489.14
82616B,FRAPPUCINO SCARF KNITTING KIT,488.68
84706D,CHERRY BLOSSOM TABLE CLOCK ,488.48999999999995
21663,VINTAGE GLASS SUGAR CADDY,488.16
22042,CHRISTMAS CARD SINGING ANGEL,487.19
21286,RETROSPOT CANDLE  LARGE,486.80999999999995
22892,SALT AND PEPPER SHAKERS TOADSTOOLS,486.35
22964,3 PIECE SPACEBOY COOKIE CUTTER SET,485.16
22897,OVEN MITT APPLE DESIGN,485.0
85163B,BLACK BAROQUE WALL CLOCK ,484.98
47594A,CAROUSEL DESIGN WASHBAG,484.61999999999995
21209,MULTICOLOUR HONEYCOMB FAN,483.44999999999993
79191C,RETRO PLASTIC ELEPHANT TRAY,482.92999999999995
82605,OLD DOC RUSSEL METAL SIGN,482.73
22783,SET 3 WICKER OVAL BASKETS W LIDS,482.7
72131,COLUMBIAN CANDLE RECTANGLE,481.22999999999996
17012C,ORIGAMI LAVENDER INCENSE/CANDL SET ,481.15
21147,JINGLE BELLS TREE DECORATION,481.09000000000003
85227,SET/6 3D KIT CARDS FOR KIDS,480.69
16244A,MAXWELL 2 TONE PINK 60 PAGE PHOTO A,479.40999999999997
21318,GLASS CHALICE BLUE SMALL ,478.63999999999993
16049,TEATIME GEL PENS ASST,478.4
85159A,"BLACK TEA,COFFEE,SUGAR JARS",478.33000000000004
21650,ASSORTED TUTTI FRUTTI BRACELET,478.17
37492C,GREEN BLUE FLOWER PIGGY BANK,477.29999999999995
21620,S/4 ROSE    BOTANICAL  CANDLE,477.12
35915C,PEACH KNITTED HEN ,476.86
72750C,"F.FAIRY S/3 CANDLE/GLASS, ROSE",476.4
21336,GOLD WASHBAG,475.94000000000005
72801G,S/4 BURGUNDY WINE DINNER CANDLES,475.91999999999996
22702,BLACK AND WHITE CAT BOWL,475.87000000000006
62096A,PINK/YELLOW FLOWERS HANDBAG,475.28999999999996
84247G,"DECOUPAGE,GREETING CARD,",475.13
21536,DAIRY MAID  SMALL  MILK JUG,474.74000000000007
47367B,PAIR PADDED HANGERS PINK CHECK,472.90000000000003
22697,TEACUP AND SAUCER REGENCY GREEN,472.5
22951,72 CAKE CASES DOLLY GIRL DESIGN,471.85
85144,JARDIN ETCHED GLASS BUTTER DISH,471.4
84600,NEW BAROQUE JEWELLERY BOX ,471.38
21123,SET/10 IVORY POLKADOT PARTY CANDLES,471.25
84901,BLACK FACE LAMB WITH PANTS,471.13
35599B,BLACK CHRISTMAS TREE 120CM,470.96000000000004
84846A,SCENTED CANDLE IN DIGITALIS TIN,470.93000000000006
90184C,BLACK CHUNKY BEAD BRACELET W STRAP,470.71
72807c,SET/3 VANILLA SCENTED CANDLE IN BOX,470.53000000000003
84569B,PACK 3 FIRE ENGINE/CAR PATCHES,470.03
84306,S/3 PINK SQUARE PLANTERS ROSES,469.26
22268,EASTER DECORATION SITTING BUNNY,468.95
22686,"FRENCH BLUE METAL DOOR SIGN, No",468.94
85215,ASSORTED CHEESE FRIDGE MAGNETS,467.73
72799B,PURPLE PILLAR CANDLE BLACK FLOCK,467.71000000000004
90200E,GREEN SWEETHEART BRACELET,467.54
21198,WHITE HEART CONFETTI IN TUBE,465.47999999999996
85109,PINK BOUDOIR T-LIGHT HOLDER,465.23
84798B,PURPLE FOXGLOVE ARTIIFCIAL FLOWER,464.85
20793,BLUE TILED TRAY,464.5
20998,ROSE DU SUD OVEN GLOVE,464.03000000000003
84507C,BLUE CIRCLES DESIGN MONKEY DOLL,464.01
84972L,GIANT PINK HEART MEMO HOLDER,462.15000000000003
72789,BASKET/8 SCENTED LOVE TOKEN CANDLES,461.53
21222,SET/4 BADGES BEETLES,461.48
20831,GOLD PHOTO FRAME,461.43
22608,PENS ASSORTED FUNKY JEWELED ,460.83
84948,SILVER HANGING T-LIGHT HOLDER DOME,459.2099999999999
22193,RED WALL CLOCK,459.0
22191,IVORY WALL CLOCK,459.0
85136B,BLUE SHARK HELICOPTER,457.87
22647,CERAMIC LOVE HEART MONEY BANK,456.81
21090,SET/6 COLLAGE PAPER PLATES,456.59999999999997
35915B,BLUE KNITTED HEN ,456.51
22124,SET OF 2 TEA TOWELS PING MICROWAVE,455.81000000000006
84509A,ENGLISH ROSE PLACEMATS,455.18
72586,"S/6 HALLOWEEN GHOST T LIGHTS, 5CM H",453.99
21220,SET/4 BADGES DOGS,453.71
21750,LARGE SKULL WINDMILL,452.1700000000001
20621,ECONOMY PASSPORT COVER ,451.67
21503,TOYBOX  WRAP ,451.5
82081,PINK HEARTS PHOTO ALBUM,451.35
22105,MIRROR MOSAIC GOBLET CANDLE HOLDER,451.09000000000003
21265,PINK GOOSE FEATHER TREE 60CM,450.2
90195B,BLACK GEMSTONE BRACELET,448.60999999999996
22538,MINI JIGSAW GO TO THE FAIR,447.71
85023B,EAU DE NILE JEWELLED PHOTOFRAME,447.0
17164D,ASS COL SMALL SAND FROG P'WEIGHT,447.0
72817,SET OF 2 CHRISTMAS DECOUPAGE CANDLE,446.83
85086A,CANDY SPOT HEART DECORATION,446.65
21723,ALPHABET HEARTS STICKER SHEET,446.13
22718,CARD CAT AND TREE ,445.99
21529,RED RETROSPOT TOASTRACK,444.36
85180B,PINK HEARTS LIGHT CHAIN ,444.28000000000003
22266,EASTER DECORATION HANGING BUNNY,444.26000000000005
17012A,ORIGAMI VANILLA INCENSE/CANDLE SET ,442.78
90200A,PURPLE SWEETHEART BRACELET,442.47
35598B,BLACK CHRISTMAS TREE 60CM,442.28000000000003
16243B,BROWN COZY SQUARE PHOTO ALBUM,441.77
84963B,BLUE PAINTED KASHMIRI CHAIR,441.65000000000003
84247L,FAWN AND MUSHROOM GREETING CARD,441.19
21014,SWISS CHALET TREE DECORATION ,439.84
16259,PIECE OF CAMO STATIONERY SET,439.53
62096B,PURPLE/TURQ FLOWERS HANDBAG,439.49
16161M,WRAP  PINK FLOCK,439.0
22785,SQUARECUSHION COVER PINK UNION FLAG,438.96
21062,PARTY INVITES SPACEMAN,438.89
20653,CHERRY BLOSSOM LUGGAGE TAG,438.61
79030A,"TUMBLER, ENGLISH ROSE",438.25
85129C,BEADED CRYSTAL HEART BLUE SMALL,437.93
84819,DANISH ROSE ROUND SEWING BOX,437.72
35922,EASTER BUNNY WREATH,437.39
71279,PINK GLASS CANDLEHOLDER,437.35
90161C,ANT COPPER LIME BOUDICCA BRACELET,436.26
47310M,"SMALL POP BOX,FUNKY MONKEY",435.74
22486,PLASMATRONIC LAMP,435.45
35953,FOLKART STAR CHRISTMAS DECORATIONS,434.8
20694,FLORAL PINK MONSTER,434.79
gift_0001_30,Dotcomgiftshop Gift Voucher £30.00,434.56
22343,PARTY PIZZA DISH RED WHITE SPOT ,434.06999999999994
85025B,EAU DE NILE HEART SHAPE PHOTO FRAME,433.64
84510F,SET OF 4 NEW ENGLAND COASTERS ,432.75
22263,FELT EGG COSY LADYBIRD ,431.40999999999997
22247,BUNNY DECORATION MAGIC GARDEN,431.34999999999997
84858B,BLUE RIVIERA HANDBAG,431.0
72132,COLUMBIAN CUBE CANDLE,430.95
82011C,BATHROOM SCALES FOOTPRINTS IN SAND,430.63
21393,BLUE POLKADOT PUDDING BOWL,429.49
37464,ROBOT MUG IN DISPLAY BOX,428.68
85208,SET/12 FUNKY FELT FLOWER PEG IN BAG,428.43000000000006
85146,JARDIN ETCHED GLASS SMALL BELL JAR,428.27000000000004
84966B,BLUE KASHMIRI BOXED MIRROR,428.0
22264,FELT FARM ANIMAL WHITE BUNNY ,427.09999999999997
21530,DAIRY MAID TOASTRACK,426.65000000000003
84707B,PINK JEWELLED MIRROR TRINKET TRAY,426.39
22761,CHEST 7 DRAWER MA CAMPAGNE,425.09999999999997
21757,LIGHTHOUSE PRINTED METAL SIGN,424.6
85071C,"CHARLIE+LOLA""EXTREMELY BUSY"" SIGN",424.53
20715,LITTLE FLOWER SHOPPER BAG,424.0
45016,DECORATIVE NET CANOPY LEOPARD,423.73
21291,SMALL POLKADOT CHOCOLATE GIFT BAG ,422.97999999999996
22897,OVEN MITT APPLES DESIGN,422.90999999999997
21729,SMALL MARAKESH METAL  LANTERN ,422.9
22446,PIN CUSHION RUSSIAN DOLL PINK,422.45000000000005
16015,MEDIUM CHINESE STYLE SCISSOR,421.9
22407,MONEY BOX FIRST ADE DESIGN,421.84000000000003
22786,CUSHION COVER PINK UNION JACK,421.52
22167, OVAL WALL MIRROR DIAMANTE ,421.33
51020B,STRIPY DESIGN SHOWER CAP,421.29999999999995
22840,"CAKE TIN, ROUND, VINTAGE RED,CREAM",421.05
47579,TEA TIME BREAKFAST BASKET,420.87
46776C,WOVEN FROST CUSHION COVER,420.73
84872a,TEATIME FUNKY FLOWER BACKPACK FOR 2,420.44
84875D,BLUE SQUARE COMPACT MIRROR,420.0
84967C,GREEN KASHMIRI OCCASIONAL TABLE,419.85
84770,ROUND GEORGIAN SILVER MIRROR,419.25000000000006
35095B,RED VICTORIAN FABRIC OVAL BOX,418.59
72750A,FLOWER FAIRY SET OF 3 LILY CANDLES,417.7
84532B,FAIRY CAKES RECTANGLUAR BOXES,417.58
85097B,BLUE ROCKING SINGING CANARY,417.17
37482P,CUBIC MUG PINK POLKA DOT,416.71
84820,DANISH ROSE TRINKET TRAYS,416.32
35240,ENAMEL BLUE RIM OVAL TRAY SET/2,416.01
22985,"WRAP, BILLBOARD FONTS DESIGN",415.8
20803,SMALL PINK GLASS SUNDAE DISH,414.87999999999994
85186A,EASTER BUNNY GARLAND OF FLOWERS,414.78000000000003
84529C,YELLOW KNITTED KIDS RUCKSACK,414.74
22053,EMPIRE DESIGN ROSETTE,414.46999999999997
21986,PACK OF 12 PINK POLKADOT TISSUES,414.33
84997b,RED 3 PIECE MINI DOTS CUTLERY SET,414.18
84007,MAGIC GARDEN MOUNT FUJI,413.12
22229,BUNNY WOODEN PAINTED WITH FLOWER ,412.84
85112,S/3 TEAR DROP CUT GLASS DECORATION,412.77
21341,KASBAH LANTERN WITH GLASS ,410.64000000000004
84509B,FAIRY CAKE PLACEMATS,409.94
40046A,RED DAISY PAPER LAMPSHADE,409.57
16169F,WRAP BLIZZARD,409.5
84595B,LARGE TRIFLE DESIGN L BLUE BOWL,408.9
22786,PILLOWCUSHION COVER PINK UNION JACK,408.83000000000004
21252,SET OF MEADOW  FLOWER STICKERS,408.66
22420,LIPSTICK PEN BABY PINK,408.55
21026,SPACE OWL,408.5
22323,BAG FOR CHILDREN VINTAGE PINK ,408.0
17107D,"FLOWER FAIRY,5 SUMMER B'DRAW LINERS",408.0
22324,BAG FOR CHILDREN VINTAGE BLUE ,408.0
84968D,SET OF 16 VINTAGE RED CUTLERY,407.98
72803B,OCEAN SCENT CANDLE JEWELLED DRAWER,407.88
22701,PINK DOG BOWL,406.54
84708B,PINK JEWELLED PHOTO FRAME ,406.44
22799,SWEETHEART WIRE FRUIT BOWL,406.26
22776,"CAKESTAND, 3 TIER, LOVEHEART",405.5
20823,GOLD WINE GOBLET,404.15000000000003
20674,GREEN POLKADOT BOWL,403.88
37444B,BLUE BREAKFAST CUP AND SAUCER ,403.7
82076,BEECH WOOD PHOTO FRAME ,403.64
21285,RETROSPOT CANDLE  MEDIUM,403.57000000000005
20696,FLORAL SOFT CAR TOY,402.37
84984B,RED PEONY CUSHION COVER ,401.8
85170C,SET/6 EAU DE NIL BIRD T-LIGHTS,401.32
84932B,SMALL PINK PEONY FOLDING STOOL,401.3
21001,ROSE DU SUD WASHBAG ,400.82
84923,PINK BUTTERFLY HANDBAG W BOBBLES,400.75
21417,COCKLE SHELL DISH,400.41
85194S,HANGING SPRING FLOWER EGG SMALL,400.29
85007,SET OF 3 VINTAGE TEA TIME BOXES,399.62
22893,MINI CAKE STAND T-LIGHT HOLDER,399.47999999999996
21442,GREEN BIRDHOUSE DECORATION,398.69
20889,JARDIN DE FEMME SCENTED CANDLE,398.03999999999996
84876D,BLUE HEART COMPACT MIRROR,398.02
21943,CAKES AND RABBITS DESIGN FLANNEL ,397.99
D,Discount,397.89
85130D,BEADED CRYSTAL HEART PINK LARGE,397.80999999999995
22922,FRIDGE MAGNETS US DINER ASSORTED,396.9
85167A,WHITE GRAND BAROQUE PHOTO FRAME,396.8
84051,ASS COLOUR GLOWING TIARAS,396.17
21386,IVORY HANGING DECORATION  EGG,395.14
84726,LILLIES CANVAS PICTURE,394.84999999999997
84597C,RETRO PINK BALL ASHTRAY ,394.73
90209B,GREEN ENAMEL+GLASS HAIR COMB,394.01
85019C,CURIOUS  IMAGES NOTEBOOK SET,393.22
22965,3 TRADITIONAL COOKIE CUTTERS  SET,392.4000000000001
90200B,BLACK SWEETHEART BRACELET,391.12
84596L,BISCUITS SMALL BOWL LIGHT BLUE,390.84
20819,SILVER TEDDY BEAR,390.52
84707A,SILVER JEWELLED MIRROR TRINKET TRAY,390.45
47562,ENGLISH ROSE IRONING BOARD COVER,390.0
22391,PAPERWEIGHT HOME SWEET HOME,389.60999999999996
84081,WHITE CERAMIC PARTY SET (5PCS),389.3
16044,POP-ART FLUORESCENT PENS,389.22
82613C,"METAL SIGN,CUPCAKE SINGLE HOOK",389.18
85186C,BUNNY EGG GARLAND,389.02
21221,SET/4 BADGES CUTE CREATURES,388.21999999999997
84683,CLASSICAL ROSE CANDLESTAND,387.16
84292,ROSE PINK METAL FOLDING CHAIR,385.98
85027L,FRENCH CHATEAU LARGE PLATTER ,385.95
20662,FIRST CLASS HOLIDAY PURSE ,385.93000000000006
84809A,WHITE CHRYSANTHEMUMS ART FLOWER,384.54
20781,GOLD EAR MUFF HEADPHONES,384.14
84663A,GRASS HOPPER WOODEN WALL CLOCK ,384.09000000000003
79030D,"TUMBLER, BAROQUE",384.03
22698,TEACUP AND SAUCER REGENCY PINK,384.0
90161D,ANT COPPER PINK BOUDICCA BRACELET,383.90000000000003
22838,"CAKE TIN, 3 TIER RED/IVORY",383.4
84802B,PURPLE ANEMONE ARTIFICIAL FLOWER,383.03000000000003
85078,SCANDINAVIAN 3 HEARTS NAPKIN RING,382.64000000000004
84968E,SET OF 16 VINTAGE BLACK CUTLERY,382.5
84584,PINK GINGHAM CAT WITH SCARF,382.23999999999995
46776E,WOVEN CANDY CUSHION COVER ,382.09
20845,ZINC HEART LATTICE 2 WALL PLANTER,381.61999999999995
16207B,PINK HEART RED HANDBAG,381.51
90035B,"PEARL & SHELL 42""NECKL. PINK",380.89
72801E,S/4 FESTIVE GREEN DINNER CANDLES,380.84
22641,SET OF 4 NAPKIN CHARMS INSTRUMENT,380.72999999999996
72750B,"F.FAIRY S/3 CANDLE/GLASS,LAVENDER",380.35
22044,CHRISTMAS CARD STACK OF PRESENTS,379.04
22248,DECORATION  PINK CHICK MAGIC GARDEN,378.07
22707,WRAP MONSTER FUN ,378.0
71403,"PINK/WHITE ""KEEP CLEAN"" BULLET BIN",377.99000000000007
84533B,FAIRY CAKES ROUND NESTING BOXES,377.93
84920,PINK FLOWER FABRIC PONY,377.9
22815,CARD PSYCHEDELIC APPLES,377.44
84827,ASS DES PHONE SPONGE CRAFT STICKER,377.0
20976,12 PENCILS SMALL TUBE POSY,376.34000000000003
85033G,SET/6 GOLD REINDEER T-LIGHT CANDLES,376.05
20851,ZINC HEART LATTICE TRAY OVAL ,376.02
22252,BIRDCAGE DECORATION TEALIGHT HOLDER,375.44
21441,BLUE BIRDHOUSE DECORATION,375.28999999999996
22852,DOG BOWL VINTAGE CREAM,374.75
22100,SKULLS SQUARE TISSUE BOX,374.73
79071B,ENGLISH ROSE METAL WASTE BIN,374.70000000000005
84798A,PINK FOXGLOVE ARTIIFCIAL FLOWER,373.80000000000007
22953,BIRTHDAY PARTY CORDON BARRIER TAPE,372.69
84680,CLASSICAL ROSE URN,372.3
90184B,AMETHYST CHUNKY BEAD BRACELET W STR,372.28999999999996
84859C,PINK DISCO HANDBAG,372.2
90161B,ANT COPPER TURQ BOUDICCA BRACELET,371.55
22511,DOORSTOP RUSSIAN DOLL RETROSPOT,371.1
21311,SET/4 BIRD MIRROR MAGNETS ,370.94000000000005
20666,ECONOMY HOLIDAY PURSE,370.92
22559,SEASIDE FRISBEE ,370.54
90120A,PINK MURANO TWIST BRACELET,370.19
21459,YELLOW EASTER EGG HUNT START POST,370.17
90143,SILVER BRACELET W PASTEL FLOWER,370.02
84929,ASSTD FRUIT+FLOWERS FRIDGE MAGNETS,369.96000000000004
85020,ROUND PINK HEART MIRROR,369.88000000000005
84952B,BLACK LOVE BIRD T-LIGHT HOLDER,369.59999999999997
85159B,"WHITE TEA,COFFEE,SUGAR JARS",369.0
84859B,BLUE DISCO HANDBAG,368.65
84799,SPRIG LAVENDER ARTIFICIAL FLOWER,368.3
20857,BLUE ROSE PATCH PURSE PINK BUTTERFL,367.95
85019A,ROMANTIC IMAGES NOTEBOOK SET,367.69
47503G,ASS FLORAL PRINT TAPE MEASURE,367.36
47504G,ENGLISH ROSE TAPE MEASURE,366.81
84569A,PACK 3 IRON ON DOG PATCHES,366.6
35915A,CREAM KNITTED HEN,365.76
20618,QUEEN OF THE SKIES PASSPORT COVER ,364.25
16169M,WRAP DAISY CARPET ,363.75
20752,BLUE POLKADOT WASHING UP GLOVES,363.49
85212,MINI PAINTED GARDEN DECORATION ,363.04999999999995
22321,BIRD DECORATION RED RETROSPOT,362.73999999999995
20906,VINTAGE NOTEBOOK BEAUTY GIRL,362.34000000000003
22096,PINK PAISLEY SQUARE TISSUE BOX ,362.29
85230E,STRAWBRY SCENTED VOTIVE CANDLE,360.96
21880,RED AND WHITE SPOT TAPE,360.93
21374,MIRRORED WALL ART SKULLS,360.88
16011,ANIMAL STICKERS,360.84
21117,BLOND DOLL DOORSTOP,360.33
84873A,FUNKY FLOWER PICNIC BAG FOR 4,360.25
22102,MIRROR MOSAIC T-LIGHT HOLDER ,359.84999999999997
20854,BLUE PATCH PURSE PINK HEART,359.76
84402D,PINK DRESS JEWELLERY STAND ,358.92999999999995
84997a,GREEN 3 PIECE MINI DOTS CUTLERY SET,357.41
22555,PLASTERS IN TIN MR STRONG ,357.0
79336,LIGHT PINK FLOCK GLASS CANDLEHOLDER,356.1
22853,CAT BOWL VINTAGE CREAM,356.06
47469,ASSORTED SHAPES PHOTO CLIP SILVER ,355.67
20799,PINK MILKSHAKE GLASS,355.33
72487,ROSES WHITE ROUND CANDLE,355.05
85131D,BEADED CRYSTAL HEART PINK ON STICK,354.85
20950,SET/6  ANGEL T-LIGHTS WHITE/GOLD,353.39
21264,WHITE GOOSE FEATHER TREE 60CM ,352.11
79323S,SILVER CHERRY LIGHTS,352.02
16168M,FUNKY MONKEY GIFT BAG MEDIUM,351.89
46126A,ELVIS WALLHANGING / CURTAIN,350.15
22821,GIFT BAG PSYCHEDELIC APPLES,350.13000000000005
21379,CAMPHOR WOOD PORTOBELLO MUSHROOM,350.03999999999996
84497,BUTTONS AND STRIPES NOTEBOOK ,349.63
84858C,PINK RIVIERA HANDBAG,349.39
72750A,"F.FAIRY S/3 CANDLE/GLASS,LILY/VALLY",349.15000000000003
22029,SPACE BOY BIRTHDAY CARD,349.12
51020A,SUMMER FUN DESIGN SHOWER CAP,348.22999999999996
71101E,STANDING FAIRY POLE SUPPORT ,347.63
84249D,FAIRY CAKE GREETINGS CARD,347.3
85205B,PINK FELT EASTER RABBIT GARLAND,346.22999999999996
35810B,ENAMEL BLUE RIM COFFEE CONTAINER,345.72
22925,BLUE GIANT GARDEN THERMOMETER,345.04
21707,FOLDING UMBRELLA BLACKBLUE POLKADOT,344.28000000000003
21270,ANTIQUE CREAM CUTLERY CUPBOARD,344.24
21418,STARFISH SOAP DISH,344.09
35004c,SET OF 3 COLOURED  FLYING DUCKS,343.72
17129F,BLUE GLASS GEMS IN BAG,342.92999999999995
21245,GREEN POLKADOT PLATE ,342.89
20940,SET/6 GARDEN GNOME T-LIGHT CANDLES,342.75
21518,BANK ACCOUNT  GREETING  CARD ,341.88
72814,SET/3 CHRISTMAS BRIAR CANDLES,341.53
22703,PINK CAT BOWL,340.58000000000004
84859A,SILVER DISCO HANDBAG,340.54
35095A,BLUE VICTORIAN FABRIC OVAL BOX,340.35
75149N,STRING CRYSTALS NATURAL,340.0
79303B,BLUE STAR BLOCK TABLE LAMP,339.57
90002D,FLOWER BURST SILVER RING CRYSTAL,339.53
84925A,WAKE UP COCKEREL WALL THERMOMETER,339.28999999999996
BANK CHARGES,Bank Charges,339.24
22166,WALL MIRROR RECTANGLE DIAMANTE PINK,336.35999999999996
90175D,TIGRIS EYE CHUNKY CHARM BRACELET,335.68
71143,SILVER BOOK MARK WITH BEADS,335.65999999999997
22094,RED RETROSPOT TISSUE BOX,335.43
84821,DANISH ROSE DELUXE COASTER,335.34999999999997
20670,VIP HOLIDAY PURSE,334.81000000000006
17084N,FAIRY DREAMS INCENSE ,334.35
17109A,FLOWER FAIRY INCENSE LILY,333.61
35923,CANDY HEART HANGING DECORATION,333.25
84563A,PINK & WHITE BREAKFAST TRAY,333.16
20688,BEAUTY SPEED EXPRESSO CUPS,332.9
47583B,SET OF 3 WICKER BASKET TEA AND CAKE,332.6
16048,TEATIME ROUND PENCIL SHARPENER ,331.76
20856,DENIM PATCH PURSE PINK BUTTERFLY,331.65
84596J,MIXED NUTS LIGHT GREEN BOWL,331.56
84800L,LARGE WHITE/PINK ROSE ART FLOWER,331.43
84801A,PINK HYDRANGEA ART FLOWER,330.84000000000003
21793,CLASSIC FRENCH STYLE BASKET BROWN,330.75
22856,ASSORTED EASTER DECORATIONS  BELLS,330.28000000000003
84508B,STRIPES DESIGN TEDDY,328.81
72739B,WHITE CHOCOLATE SCENT CANDLE,328.39000000000004
22817,CARD SUKI BIRTHDAY,327.68
21263,GREEN GOOSE FEATHER TREE 60CM,326.85
22819,"BIRTHDAY CARD, RETRO SPOT",326.79
84902,PINK KNITTED COW STUFFED TOY,326.33
20655,QUEEN OF SKIES LUGGAGE TAG,326.21
84706A,ENGLISH ROSE TABLE CLOCK,325.88
21309,LOUVRE CHALKBOARD,325.6
22045,SPACE BOY GIFT WRAP,325.5
22043,CHRISTMAS CARD SCREEN PRINT ,325.38
21654,RIDGED GLASS FINGER BOWL,324.22999999999996
22640,SET OF 4 NAPKIN CHARMS 3 KEYS ,323.65
79190B,RETRO PLASTIC POLKA TRAY,323.57
84875B,GREEN SQUARE COMPACT MIRROR,322.5
21454,PAINTED PINK RABBIT ,322.44
85103, SILVER T-LIGHT SETTING,321.87
21128,GOLD FISHING GNOME,321.65000000000003
85070,ANT WHITE SWEETHEART TABLE W 3 DRAW,320.0
84823,DANISH ROSE FOLDING CHAIR,319.6
21678,PAISLEY PATTERN  STICKERS,318.75
22394,PAPERWEIGHT KINGS CHOICE ,318.66999999999996
84970s,HANGING HEART ZINC T-LIGHT HOLDER,317.37
85033S,SET/6 SILVER REINDEER T-LIGHTS,317.35
84933C,LARGE BLUE ORIENTAL FOLDING STOOL,317.0
17091B,JASMINE TEA INCENSE IN TIN,316.98
84509G,FAIRY CAKE PLACEMATS ,315.55
84984A,GREEN PEONY CUSHION COVER,315.4
84760S,SMALL HANGING GLASS+ZINC LANTERN,315.26
85071D,CHARLIE+LOLA MY ROOM DOOR SIGN,314.67
84933A,LARGE GREEN PEONY FOLDING STOOL,314.35
22770,MIRROR CORNICE,313.84
84809B,PINK CHRYSANTHEMUMS ART FLOWER,313.8
84804B,BLUE DELPHINIUM ARTIFICIAL FLOWER,313.6
20794,BLUE  TILE HOOK,313.28999999999996
21065,BOOM BOX SPEAKER GIRLS,312.6
84838,ANT WHITE HIGH RISE BIRD BOX,312.5
22782,SET 3 WICKER STORAGE BASKETS ,312.35
20654,FIRST CLASS LUGGAGE TAG ,311.82
84984C,ORIENTAL BLUE CUSHION COVER ,311.57
90010E,AMBER GLASS/SILVER BRACELET,311.12
35979,SIX STRING SCANDINAVIAN HEART DECS,311.03000000000003
62095B,TURQOISE ICE CREAM SUNHAT,310.83
84623,PINK GINGHAM ROSE FLOOR CUSHION,310.44
84802A,WHITE ANEMONE ARTIFICIAL FLOWER,309.27000000000004
84933B,LARGE PINK PEONY FOLDING STOOL,309.15000000000003
22844,VINTAGE DOG FOOD CONTAINER,308.64
77081,FLOWER WINDMILL,308.38
20663,QUEEN OF THE SKIES HOLIDAY PURSE ,308.17
17013D,ORIGAMI ROSE INCENSE IN TUBE,307.94
90184A,AMBER CHUNKY BEAD BRACELET W STRAP,307.84
90160C,TURQ+RED BOUDICCA LARGE BRACELET,307.18
22453,MEASURING TAPE RUSSIAN DOLL BLUE,306.81000000000006
84671B,CROCHET BEAR WITH BLUE STRIPES,306.77
85026B,EAU DE NILE JEWELLED T-LIGHT HOLDER,305.78
gift_0001_20,Dotcomgiftshop Gift Voucher £20.00,304.01
22092,BLUE PAISLEY TISSUE BOX,304.01
20800,LARGE GLASS SUNDAE DISH CLEAR,303.96
21620,SET OF 4 ROSE BOTANICAL CANDLES,303.87
84219,BOX/12 MOTHER & CHICK IN BASKET/BOW,303.86
22541,MINI JIGSAW LEAP FROG,302.82
72753D,S/3 FLWR FAIRY SUMMER CANDLES,302.40000000000003
84660C,PINK STITCHED WALL CLOCK,302.28
85147,JARDIN ETCHED GLASS CANDLEHLDR LONG,301.95
21321,GLASS CHALICE BLUE  LARGE ,301.8
72780,BLACK SILOUETTE CANDLE PLATE,301.73
72225C,LAVENDER SCENT CAKE CANDLE,300.78
47563A,RETRO LONGBOARD IRONING BOARD COVER,300.68
85130C,BEADED CRYSTAL HEART BLUE  LARGE,300.66999999999996
22852,ENAMEL DOG BOWL CREAM,300.48
21197,MULTICOLOUR  CONFETTI IN TUBE,300.29999999999995
85019B,BLOSSOM  IMAGES NOTEBOOK SET,299.5
84801B,WHITE HYDRANGEA ART FLOWER,298.8
20868,SILVER FABRIC MIRROR,298.72
18096C,WHITE ROUND PORCELAIN TLIGHT HOLDER,298.7
72128,COLUMBIAN CANDLE ROUND,298.69
72800B, 4 PURPLE FLOCK DINNER CANDLES,298.10999999999996
21382,SET/4 SPRING FLOWER DECORATION,297.98
90198A,VINTAGE ROSE BEAD BRACELET RASPBERR,297.94
35981C,WHITE SNOW SCANDINAVIAN STOCKING ,297.62
84627,CANDY STRIPE ROSE C/COVER ,297.5
84509C,SET OF 4 DOTTY PLACEMATS ,297.48
84766,SILVER ROCOCO CANDLE STICK,297.3
90013B,BLACK VINTAGE EARRINGS,296.47
85161,ACRYLIC GEOMETRIC LAMP,295.2
84592,CROCHET ROSE PURSE WITH SUEDE BACK,295.16
21697,SET 5 MINI DOUGHNUT FRIDGE MAGNET ,295.08000000000004
21039,RED RETROSPOT SHOPPING BAG,293.94
84877B,GREEN ROUND COMPACT MIRROR,293.87
90145,SILVER HOOP EARRINGS WITH FLOWER,293.81
85230A,OPIUM SCENTED VOTIVE CANDLE,293.76
90198B,VINTAGE ROSE BEAD BRACELET BLACK,293.75
84482,BUTTONS DESIGN JEWELLERY BOX,293.02
72801F,S/4 FESTIVE RED DINNER CANDLES,292.5
85211,S/4 GROOVY CAT MAGNETS,292.23999999999995
37422,WHITE WITH BLACK CATS BOWL,292.08
22952,SET 72 CAKE CASES VINTAGE CHRISTMAS,291.6
90120B,BLUE MURANO TWIST BRACELET,291.56
84529A,PINK KNITTED KIDS RUCKSACK,290.78
35968,FOLK ART METAL HEART T-LIGHT HOLDER,290.36
21388,IVORY HANGING DECORATION  CHICKEN,290.16999999999996
72800D,4 BLUE DINNER CANDLES SILVER FLOCK,289.56
17012B,ORIGAMI JASMINE INCENSE/CANDLE SET,289.16999999999996
35964,FOLKART CLIP ON STARS,289.0
21415,CLAM SHELL SMALL ,288.55
20987,GEISHA GIRL CHOPSTICKS SET/5,288.35
20659,ECONOMY LUGGAGE TAG,287.92
22824,3 TIER SWEETHEART GARDEN SHELF,287.6
21879,HEARTS GIFT TAPE,287.24
16212,FUNKY GIRLZ ASST MAGNETIC MEMO PAD,287.01
16202A,PASTEL PINK PHOTO ALBUM ,286.95
90010A,MIDNIGHT BLUE GLASS/SILVER BRACELET,285.5
35645,VINTAGE BEAD PINK JEWEL BOX,284.81
21365,MIRRORED WALL ART STARS,284.44
90014A,SILVER/MOP ORBIT NECKLACE,284.41999999999996
21946,PARTY TIME DESIGN FLANNEL,283.62
82093,HEART SHAPE BUTTON FRAME ,283.49
21208,PASTEL COLOUR HONEYCOMB FAN,282.5
22546,MINI JIGSAW FIDO,282.24
22038,BOTANICAL LAVENDER GIFT WRAP ,281.5
90124B,BLUE MURANO TWIST NECKLACE,281.46
90160B,RED BOUDICCA LARGE BRACELET,281.19
21636,MADRAS NOTEBOOK MEDIUM,280.58
21038,SET/4 MODERN VINTAGE COTTON NAPKINS,280.53000000000003
21455,PAINTED YELLOW WOODEN DAISY,280.47999999999996
84218,BOX/12 CHICK & EGG IN BASKET,280.4
22814,CARD PARTY GAMES ,280.37
90209C,PINK ENAMEL+GLASS HAIR COMB,280.29
84977,WIRE FLOWER T-LIGHT HOLDER,280.08
84976,RECTANGULAR SHAPED MIRROR,279.97
46776D,WOVEN SUNSET CUSHION COVER ,279.78
90035C,"PEARL & SHELL 42""NECKL. IVORY",279.5
90180A,BLACK+WHITE NECKLACE W TASSEL,279.34999999999997
84086C,PINK/PURPLE RETRO RADIO,279.32
16236,KITTY PENCIL ERASERS,279.21999999999997
85089,CANDY SPOT BUNNY,279.19
72739C,DARK CHOCOLATE SCENTCANDLE,279.08
84625B,BLCK NEW BAROQUE CANDLESTICK CANDLE,279.0
21412,VINTAGE GOLD TINSEL REEL,279.0
17001,HEAVENS SCENT FRAGRANCE OILS ASSTD,278.46999999999997
22820,GIFT BAG BIRTHDAY,277.51000000000005
21144,PINK POODLE HANGING DECORATION ,277.39000000000004
84522,PINK PARTY SUNGLASSES,277.05
90058B,CRYSTAL STUD EARRINGS ASSORTED COL ,276.52000000000004
84313C,ORANGE TV TRAY TABLE ,276.48
22638,SET OF 4 NAPKIN CHARMS CROWNS ,276.3
21132,SILVER STANDING GNOME   ,276.25
84966C,GREEN KASHMIRI BOXED MIRROR,276.0
90192,JADE DROP EARRINGS W FILIGREE,275.21000000000004
18094C,WHITE AND BLUE CERAMIC OIL BURNER,274.93
21193,WHITE HONEYCOMB PAPER FAN ,274.37
20801,LARGE PINK GLASS SUNDAE DISH,274.32
17011F,ORIGAMI SANDLEWOOD INCENSE+FLOWER,274.05
22031,BOTANICAL LAVENDER BIRTHDAY CARD,273.44
84881,BLUE WIRE SPIRAL CANDLE HOLDER,273.07
84924D,LA PALMIERA METAL SIGN CALENDAR,272.61
35096A,BLUE VICTORIAN FABRIC HEART BOX,272.45
79303D,LILAC FLOWER BLOCK TABLE LAMP,272.45
21666,RIDGED GLASS T-LIGHT HOLDER,271.18
85087,CANDY SPOT CUSHION COVER,271.12
21629,SQUARE FLOOR CUSHION VINTAGE PINK ,270.47
90175C,BLUE GLASS CHUNKY CHARM BRACELET,270.3
72127,COLUMBIAN CANDLE ROUND ,269.08
84898F,YELLOW FLOWERS FELT HANDBAG KIT,268.82
72793,BLACK BOX MIRROR LANTERN,268.75
84924F,PSYCHEDELIC METAL SIGN CALENDAR,266.65
84499,BLACK FLOWER CANDLE PLATE,266.21999999999997
85039C,S/4 BLACK MINI ROSE CANDLE IN BOWL,265.44
72801G,4 BURGUNDY WINE DINNER CANDLES,265.24
79191B,RETRO PLASTIC POLKA TRAY,264.98
84931B,BLUE SCOTTIE DOG W FLOWER PATTERN,264.65
22912,YELLOW COAT RACK PARIS FASHION,264.59000000000003
90160D,PINK BOUDICCA LARGE BRACELET,264.52000000000004
85202,HANGING WOOD AND FELT HEART,264.52
21950,SET OF 6 DOTS CHOPSTICKS,263.63
16254,TRANSPARENT ACRYLIC TAPE DISPENSER,263.08
21167,WHITE SAGE INCENSE,263.03
90070,RUBY GLASS CLUSTER BRACELET,262.51
35833P,4 PINK FLOCK CHRISTMAS BALLS,261.67
21268,VINTAGE BLUE TINSEL REEL,261.66
85187,S/12 MINI RABBIT EASTER,261.59999999999997
72811,SMALL ZINC/GLASS CANDLEHOLDER,261.52
22923,FRIDGE MAGNETS LES ENFANTS ASSORTED,261.44
79328,BLUE FLOCK GLASS CANDLEHOLDER,260.76
72799D,BLUE PILLAR CANDLE SILVER FLOCK,260.67
22510,GINGHAM BABUSHKA DOORSTOP,260.61
16207A,PINK STRAWBERRY HANDBAG ,260.43
85203,HANGING WOOD AND FELT BUTTERFLY ,260.28
22929,SCHOOL DESK AND CHAIR ,260.0
20658,RED RETROSPOT LUGGAGE TAG,259.02
21884,CAKES AND BOWS GIFT  TAPE,258.8
72122,COFFEE SCENT PILLAR CANDLE,258.48999999999995
84613C,BLUE NEW BAROQUE FLOCK CANDLESTICK,258.06
16238,PARTY TIME PENCIL ERASERS,258.01
84520b,PACK 20 ENGLISH ROSE PAPER NAPKINS,257.4
84371,BIG PINK POODLE,257.1
21736,GOLD SCROLL GLASS T-LIGHT HOLDER,256.47
90120C,GREEN MURANO TWIST BRACELET,255.6
35967,FOLK ART METAL STAR T-LIGHT HOLDER,255.26000000000002
84741C,CITRUS GARLAND FELT FLOWERS ,255.14
21882,SKULLS TAPE,254.48000000000002
22924,FRIDGE MAGNETS LA VIE EN ROSE,252.88
79338,DARK PINK FLOCK GLASS CANDLEHOLDER,252.29000000000002
79337,BLUE FLOCK GLASS CANDLEHOLDER,251.97
20661,BLUE POLKADOT PURSE ,251.96
10123C,HEARTS WRAPPING TAPE ,251.81
17012E,ORIGAMI OPIUM INCENSE/CANDLE SET ,251.71999999999997
90208,PAIR OF ENAMEL FLOWER CLUSTER SLIDE,251.59
35648,VINTAGE BEAD PINK PURSE ,251.49
84673A,PINK FLY SWAT,251.12
90178A,AMBER CHUNKY GLASS+BEAD NECKLACE,251.06
85169D,PINK LOVE BIRD CANDLE,250.41
90013A,MIDNIGHT BLUE VINTAGE EARRINGS,250.38
21493, VINTAGE DESIGN GIFT TAGS,249.89999999999998
84563B,BLUE & WHITE BREAKFAST TRAY,249.69
21027,NINJA RABBIT PINK,249.58
22984,"CARD, GINGHAM ROSE ",249.44
72349b,SET/6 PURPLE BUTTERFLY T-LIGHTS,248.84
85230B,CINNAMON SCENTED VOTIVE CANDLE,248.71999999999997
21722,SWEET PUDDING STICKER SHEET,248.24999999999997
22974,CHILDRENS DOLLY GIRL MUG,248.09999999999997
22039,BOTANICAL LILY GIFT WRAP,248.0
84030c,KNITTED RAINBOW HOT WATER BOTTLE,248.0
90036E,"FLOWER GLASS GARLD NECKL36""AMETHYST",247.92000000000002
22328,"ROUND SNACK BOXES ,SET 4, FRUITS ",247.8
90082B,DIAMANTE BOW BROOCH RED COLOUR,247.64999999999998
84621,BLUE GINGHAM ROSE FLOOR CUSHION ,247.26
85195,HANGING HEART BASKET,246.34000000000003
46307,ROSES BLUE BASE CUSHION COVER ,246.03
84997a,GREEN 3 PIECE POLKADOT CUTLERY SET,245.63000000000002
90161A,ANT COPPER RED BOUDICCA BRACELET,245.32
84924A,WAKE UP COCKEREL CALENDAR SIGN ,244.91
82095,HEART BUTTONS JEWELLERY BOX,244.8
22176,BLUE OWL DECORATION,244.79999999999998
22175,PINK OWL DECORATION,244.79999999999998
21698,MOCK LOBSTER FRIDGE MAGNET,244.79999999999998
DCGS0076,SUNJAR LED NIGHT NIGHT LIGHT,243.7
84877D,BLUE ROUND COMPACT MIRROR,243.03
22829,SWEETHEART WIRE WALL TIDY,242.79
90148,LONG SILVER NECKLACE PASTEL FLOWER,242.25
90085,CRYSTAL STILETTO PHONE CHARM,242.08999999999997
72586,SET OF 6 HALLOWEEN GHOST T-LIGHTS,241.67999999999998
90014C,SILVER/BLACK ORBIT NECKLACE,241.48
85032C,CURIOUS IMAGES GIFT WRAP SET,240.65000000000003
90175B,PINK GLASS CHUNKY CHARM BRACELET,240.51
47021G,SET/6 BEAD COASTERS GAUZE BAG GOLD,240.22
84673B,BLUE FLY SWAT,239.8
22825,DECORATIVE PLANT POT WITH FRIEZE,238.5
84247N,PACK/12 BLUE FOLKART CARDS,238.48000000000002
22447,PIN CUSHION RUSSIAN DOLL BLUE,238.06
82553,POP'S GREASY SPOON METAL SIGN,237.73
44217M,MULTICOLOUR FEATHERS CURTAIN,236.40000000000003
20891,LARGE GLASS ROSE SCENTED CANDLE ,236.32999999999998
21371,MIRRORED WALL ART POPPIES,236.29999999999998
22032,BOTANICAL LILY GREETING CARD,236.14
85131B,BEADED CRYSTAL HEART GREEN ON STICK,235.98
82585,SWEET VALENCIA CANDLE+CUP,235.9
21084,SET/6 COLLAGE PAPER CUPS,235.67000000000002
22972,CHILDREN'S SPACEBOY MUG,235.31999999999996
84661B,BLACK SQUARE TABLE CLOCK,235.04
20855,PINK PATCH PURSE BLUE HEART,234.29999999999998
20736,PINK MINI TAPE MEASURE ,233.5
22831,WHITE BROCANTE SOAP DISH,233.10000000000002
37483,ENGLISH ROSE MUG IN GIFT BOX,232.89
84797b,BLUE SAVANNAH PICNIC HAMPER FOR 4,232.62
84917,WHITE HAND TOWEL WITH BUTTERFLY,232.35999999999999
16256B,FLOWER PENCIL/RUBBER+5 MINI PENCILS,232.35
35991,SET/6 BLACK SNOWFLAKE T-LIGHTS ,232.08
16202C,BEIGE PHOTO ALBUM,230.59
22842,"BISCUIT TIN, RED,IVORY, VINTAGE",230.55
35637C,PINK STRING CURTAIN WITH POLE,230.28
37508,NEW ENGLAND CERAMIC CAKE SERVER,229.57
72781,BLACK SILOUETTE CANDLE PLATE ,229.5
21639,ASSORTED TUTTI FRUTTI KEYRING,228.64999999999998
22973,CHILDREN'S CIRCUS PARADE MUG,228.11999999999998
90090,PINK CRYSTAL HEART PHONE CHARM,227.72
71028B,SILVER BLUE EGG T-LIGHT HOLDER,227.48000000000002
21395,BLUE SPOTTY BEAKER ,227.44
90098,NECKLACE+BRACELET PINK BUTTERFLY,227.32999999999998
22935,BAKING MOULD ROSE MILK CHOCOLATE,227.25
22899,CHILDRENS APRON DOLLY GIRL ,226.81000000000003
84817,DANISH ROSE DECORATIVE PLATE,226.8
72750D,F.FAIRY S/3 CANDLE/GLASS,226.5
84966A,PINK KASHMIRI BOXED MIRROR,225.95
47559b,TEA TIME OVEN GLOVE,225.93
20818,GOLD TEDDY BEAR,225.8
22808,SET OF 6 T-LIGHTS EASTER CHICKS,225.66
TEST001,This is a test product.,225.0
84993B,75 BLACK PETIT FOUR CASES,224.76
35597B,BLACKCHRISTMAS TREE 30CM,224.1
84916,HAND TOWEL PALE BLUE W FLOWERS,223.52
20839,FRENCH PAISLEY CUSHION COVER ,223.33000000000004
47586A,PINK FAIRY CAKE CUSHION COVER,221.98
90164B,WHITE  ROSEBUD PEARL BRACELET,221.95999999999998
37327,ASSTD MULTICOLOUR CIRCLES MUG,221.75
47591A,CAROUSEL DES CHILD'S APRON,221.57
17011C,ORIGAMI LAVENDER INCENSE+FLOWER,221.4
21102,"CANDLE IN JAR COLLAGE , VANILLA",221.07999999999998
16258B,DAISY ERASERS IN BAG,221.06
17013B,ORIGAMI JASMINE INCENSE IN TUBE,221.03
90129A,PINK GLASS TASSLE BAG CHARM ,220.7
35833G,4 GOLD FLOCK CHRISTMAS BALLS,220.66
90124A,PINK MURANO TWIST NECKLACE,219.61999999999998
72225D,VANILLA SCENT CAKE CANDLE ,219.45999999999998
85168B,BLACK BAROQUE CARRIAGE CLOCK,219.38
85168A,WHITE BAROQUE CARRIAGE CLOCK,218.89999999999998
48173c,DOOR MAT BLACK FLOCK ,218.58
35809B,ENAMEL BLUE RIM TEA CONTAINER,218.36
20616,CHERRY BLOSSOM PASSPORT COVER,218.35000000000002
84509C,DOTTY PLACEMATS ,218.29000000000002
22845,VINTAGE CAT FOOD CONTAINER,218.14
21708,FOLDING UMBRELLA CREAM POLKADOT,218.07000000000002
22588,CARDHOLDER GINGHAM HEART,216.90000000000003
90173,PAIR BUTTERFLY HAIR CLIPS,216.54
90134,OLD ROSE COMBO BEAD NECKLACE,216.38
35793,S/3 PUPPIES CHRISTMAS DECORATIONS,216.33
15056p,EDWARDIAN PARASOL PINK,216.24
37492A,YELLOW RED FLOWER PIGGY BANK,216.07
84807,RED POPPY ARTIFICIAL FLOWER,215.93
84804A,CREAM DELPHINIUM ARTIFICIAL FLOWER,215.8
85169B,BLACK LOVE BIRD CANDLE,215.62
90129B,TURQUOISE GLASS TASSLE BAG CHARM ,215.21
21543,BUTTERFLY WATER TRANSFER TATTOOS ,215.0
90036D,"FLOWER GLASS GARLAND NECKL.36""BLACK",214.89000000000001
22834,MINI HAND WARMER BABUSHKA DESIGN,214.8
84690,S/2 BEACH HUT STOOLS,214.65
48179,DOOR MAT SWEET HOME,214.47
22446,PIN CUSHION BABUSHKA PINK,214.4
21520,BOOZE & WOMEN GREETING CARD ,214.26
21710,FOLDING UMBRELLA PINKWHITE POLKADOT,213.93
51012C,"FEATHER DUSTER, COAL BLACK",213.75
90157,RIVIERA NECKLACE,213.69
16201A,PASTEL PINK PHOTO ALBUM,213.37
85032B,BLOSSOM IMAGES GIFT WRAP SET,213.35000000000002
37343,POLKADOT MUG PINK ,213.11999999999998
84857C,PINK MONTE CARLO HANDBAG,212.7
47422,ASSORTED MONKEY SUCTION CUP HOOK,212.58
90013C,GREEN VINTAGE EARRINGS ,212.43
84313A,PINK TV TRAY TABLE ,212.42
84247C,PACK/12 BLUE REINDEER CARD,212.40000000000003
84705C,PINK FLOCK PHOTO FRAME ,212.33
47593B,SCOTTIES DESIGN BABY BIB,212.06
21420,OYSTER TRINKET BOX,211.75
46000R,POLYESTER FILLER PAD 45x30cm,211.7
22511,RETROSPOT BABUSHKA DOORSTOP,210.36
22395,PAPERWEIGHT VINTAGE PAISLEY,208.89999999999998
20814,SILVER FINCH DECORATION,208.89000000000001
20869,GOLD FABRIC MIRROR,208.36
72130,COLUMBIAN CANDLE ROUND,208.34
84597B,RETRO BROWN BALL ASHTRAY ,208.12
21246,RED RETROSPOT BIG BOWL,207.9
21015,DARK BIRD HOUSE TREE DECORATION,207.78
37485,ENGLISH ROSE TEA SET IN GIFT BOX,207.69
90201B,BLACK ENAMEL FLOWER RING,207.33
21403,BLUE EGG  SPOON,206.84
84870C,GREEN GEISHA GIRL ,206.81
37467,PIG MUG IN TWO COLOUR DESIGNS,206.66
20980,36 PENCILS TUBE POSY,206.65
82011B,BATHROOM SCALES RUBBER DUCKS,205.70000000000002
46118,FUNKY MONKEY CUSHION COVER,204.88
17014D,ORIGAMI ROSE INCENSE CONES,204.36
90196A,PURPLE GEMSTONE NECKLACE 45CM,204.0
90035A,"PEARL & SHELL 42""NECKL. GREEN",203.93
35962,SET/12 ZINC CHRISTMAS DECORATIONS,203.73000000000002
35824B,"HANGING FLOWERS+MIRROR,BLUE",203.24
84952A,CLEAR LOVE BIRD T-LIGHT HOLDER,203.18
90000D,COPPER/OLIVE GREEN FLOWER NECKLACE,203.01
20890,SMALL GLASS ROSE SCENTED CANDLE,202.62
20821,GOLDIE LOOKING MIRROR,202.27
72756, FAIRY CAKE CANDLES,202.05
72754A,FLOWER FAIRY POTPOURRI CUSHION LILY,201.24
84429A,MEDIUM PINK BUDDHA HEAD ,201.10000000000002
20672,PINK TEATIME PRINT BOWL,201.0
16258A,SWIRLY CIRCULAR RUBBERS IN BAG,200.32
22930,BAKING MOULD HEART MILK CHOCOLATE,199.65000000000003
16156L,"WRAP, CAROUSEL",199.5
90122B,JADE CRYSTAL+GLASS BRACELET,199.06
84870B,BLUE GEISHA GIRL ,199.03
84797a,PINK HAWAIIAN PICNIC HAMPER FOR 4,198.84
16012,FOOD/DRINK SPONGE STICKERS,198.66
22330,72 ROUND PINK DOILIES,197.89999999999998
35921,EASTER BUNNY HANGING GARLAND,197.09
90040B,MURANO STYLE GLASS BRACELET BLACK,196.89
35817P,"ACRYLIC JEWEL SNOWFLAKE,PINK",196.84
84855,BLOKEY SILVER TOOL SET,196.70000000000002
71270,PHOTO CLIP LINE,196.67
47504F,ENGLISH ROSE TORCH,196.45999999999998
22849,"BREAD BIN, DINER STYLE, MINT",196.35
84931A,PINK SCOTTIE DOG W FLOWER PATTERN,196.25
20795,LARGE BLUE PROVENCAL CERAMIC BALL,195.65
21194,PINK  HONEYCOMB PAPER FAN,195.53
84985B,SET OF 72 BLACK PAPER DOILIES ,194.95999999999998
22326,"ROUND SNACK BOXES ,SET4, WOODLAND ",194.70000000000002
79190A,RETRO PLASTIC 70'S TRAY,193.31
22832,BROCANTE SHELF WITH HOOKS,193.23000000000002
90005A,JADE GREEN ENAMEL HAIR COMB,193.07
21582,KINGS CHOICE SMALL TUBE MATCHES,193.04999999999998
21460,GREEN EASTER EGG HUNT START POST,192.87
90129E,PURPLE GLASS TASSLE BAG CHARM,192.74
90082A,DIAMANTE BOW BROOCH GREEN COLOUR,192.26
84899F,YELLOW PURPLE DAISY FELT PURSE KIT,192.17
90185B,AMETHYST DIAMANTE EXPANDABLE RING,191.66
35920,FOUR RABBIT EASTER DECORATIONS,191.5
90087,CRYSTAL SEA HORSE PHONE CHARM,191.42
90196B,BLACK GEMSTONE NECKLACE 45CM,191.25
47574B,ENGLISH ROSE SCENTED HANGING HEART,191.25
22841,"CAKE TIN, ROUND, VINTAGE MINT,IVORY",190.65
84906,PINK B'FLY C/COVER W BOBBLES,190.4
37506,NEW ENGLAND MILK JUG W GIFT BOX,190.4
90163A,PINK ROSEBUD & PEARL NECKLACE,190.39
84255B,ORANGE COCKTAIL GLASS LAMP,190.16
47421,ASSORTED COLOUR LIZARD SUCTION HOOK,189.78
84926C,FAIRY CAKES TILE COASTER,189.6
22931,BAKING MOULD HEART WHITE CHOCOLATE,189.45000000000002
21399,BLUE POLKADOT COFFEE MUG,189.05
84711A,SILVER OVAL SHAPE TRINKET BOX,189.04999999999998
85088,CANDY SPOT HAND BAG,189.02
85128,PLANTPOT SINGLE HOOK PISTACHIO,188.95000000000002
85232A,SET/3 POLKADOT STACKING TINS,188.91000000000003
72801C,4 ROSE PINK DINNER CANDLES,188.79999999999998
84706B,FAIRY CAKES TABLE CLOCK,188.73
84576,BLUE CAT BISCUIT BARREL PINK HEART,188.72
72801D,S/4 SKY BLUE DINNER CANDLES,188.24
22510,DOORSTOP RUSSIAN DOLL GINGHAM,188.22
72807b,SET/3 OCEAN SCENT CANDLE JEWEL BOX,187.78000000000003
22976,CIRCUS PARADE CHILDRENS EGG CUP ,187.56
21003,ROSE DU SUD CUSHION COVER,187.17
21028,NINJA RABBIT BLACK,187.17
84893,ANT WHITE IRON BASKET,186.35000000000002
16053,POPART COL BALLPOINT PEN ASST,185.73
90014B,GOLD M PEARL  ORBIT NECKLACE,185.58999999999997
84422,PINK/BLUE DISC/MIRROR STRING,185.44
78033,FLAG OF ST GEORGE CHAIR,185.3
20968,GREEN FLORAL FELTCRAFT SHOULDER BAG,185.11
35638B,PINK/BLUE STRING CURTAIN ,184.95999999999998
20957,PORCELAIN HANGING BELL SMALL,184.60999999999999
47593B,SCOTTIE DOGS BABY BIB,184.45
35838A,S/6 MULTICOLOUR ORNAMENETAL CANDLE,184.4
84803A,PINK ALLIUM  ARTIFICIAL FLOWER,184.21
84029D,LEOPARD PRINT HOT WATER BOTTLE,183.98000000000002
21530,DAIRY MAID CERAMIC TOASTRACK,183.06000000000003
90206C,CRYSTAL DIAMANTE STAR BROOCH,182.97
84800M,MEDIUM WHITE/PINK ROSE ART FLOWER,182.91
85230G,ORANGE VOTIVE CANDLE,182.64
40001, WHITE BAMBOO RIBS LAMPSHADE,182.14
22344,PARTY PIZZA DISH PINK RETROSPOT,181.54999999999998
37379B,BLUE CHERRY BLOSSOM CUP & SAUCER,181.5
22545,MINI JIGSAW BUNNIES AT HOME,181.44
21025,SPACE FROG,181.37
90146,FINE SILVER NECKLACE W PASTEL FLOWE,181.14
84725,FREESTYLE CANVAS ART PICTURE,181.09999999999997
21018,BIRD BOX CHRISTMAS TREE DECORATION,181.01
90201A,PURPLE ENAMEL FLOWER RING,180.33
21881,CUTE CATS TAPE,180.29000000000002
85170B,SET/6 BLACK BIRD T-LIGHT CANDLES,180.16000000000003
46000U,POLYESTER FILLER PAD 30CMx30CM,180.0
22384,LUNCHBAG PINK RETROSPOT,179.91
47347B,BLUE FLOWER T-LIGHT HOLDER,179.88
84962,SET/3 COLOUR PAINTED KASHMIRI STOOL,179.85000000000002
17011A,ORIGAMI VANILLA INCENSE+FLOWER ,179.56
90178B,PURPLE CHUNKY GLASS+BEAD NECKLACE,179.45999999999998
84984D,ORIENTAL RED CUSHION COVER ,179.35
90210B,CLEAR ACRYLIC FACETED BANGLE,179.34
84464,S/60 PINK FLUFFY CHICKS IN BOX,179.1
82011A,"BATHROOM SCALES, TROPICAL BEACH",179.08
90185C,BLACK DIAMANTE EXPANDABLE RING,178.86
90191,SILVER LARIAT 40CM,178.78
90211B,JET BLACK LAS VEGAS NECKLACE 45CM,178.73000000000002
90199B,5 STRAND GLASS NECKLACE AMETHYST,178.39
22345,PARTY PIZZA DISH BLUE RETROSPOT,178.33999999999997
85014b,RED RETROSPOT UMBRELLA,178.08
72801C,S/4 ROSE PINK DINNER CANDLES,176.91
22839,"CAKE TIN, 3 TIER MINT/IVORY",176.75
79190D,RETRO PLASTIC DAISY TRAY,176.32
82607C,GLASS BONBON JAR. SUPERFINES,175.60999999999999
84564,6 SEGMENT COLOURED SNACK BOWL ,175.48000000000002
90056,CHUNKY CRACKED GLAZE NECKLACE IVORY,175.48000000000002
90036C,"FLOWER GLASS GARLAND NECKL.36""BLUE",175.43
20827,GOLD APERITIF GLASS,175.04000000000002
84967A,PINK KASHMIRI OCCASIONAL TABLE,174.9
35911A,MULTICOLOUR RABBIT EGG WARMER,174.62
90186A,AMETHYST HOOP EARRING FLORAL LEAF,174.52
85129B,BEADED CRYSTAL HEART GREEN SMALL,174.03
90081A,LILY BROOCH AMETHYST COLOUR,173.5
84876B,GREEN HEART COMPACT MIRROR,172.5
90158,ST TROPEZ NECKLACE,172.38
84800S,SMALL WHITE/PINK ROSE ART FLOWER,171.97
84951B,S/4 BLACK LOVEBIRD COASTERS,171.60999999999999
84247K,"FOLK ART GREETING CARD,pack/12",171.53000000000003
16218,CARTOON  PENCIL SHARPENERS,171.21
85185C,COW  SOCK PUPPET,171.10000000000002
84711B,PINK OVAL SHAPE TRINKET BOX,171.07
84706C,PINK FLOCK TABLE CLOCK ,170.8
72800C,4 PINK DINNER CANDLE SILVER FLOCK,170.73
84030e,ENGLISH ROSE HOT WATER BOTTLE,169.4
47593A,CAROUSEL DESIGN BABY BIB,169.4
90122A,PINK CRYSTAL+GLASS BRACELET,169.36
22932,BAKING MOULD TOFFEE CUP CHOCOLATE,169.05000000000004
90032,IVORY SHELL HEART NECKLACE,168.75
90129C,GREEN GLASS TASSLE BAG CHARM,168.6
16043,POP ART PUSH DOWN RUBBER ,168.54
90019A,SILVER M.O.P ORBIT BRACELET,168.52
90201D,GREEN ENAMEL FLOWER RING,168.49
85205A,IVORY FELT EASTER RABBIT GARLAND,168.29999999999998
35818B,"ACRYLIC JEWEL ICICLE, BLUE",168.26999999999998
21372,MIRRORED WALL ART TABLE LAMP,168.12
90036A,FLOWER GARLAND NECKLACE RED,168.06
21401,BLUE PUDDING SPOON,167.88
22676,FRENCH BLUE METAL DOOR SIGN 1,167.71
16052,TEATIME PUSH DOWN RUBBER,167.7
82587,TEXRIO TOMATOES CANDLE+CUP,166.78
84660B,BLACK STITCHED WALL CLOCK,166.2
84457,SET/3 RABBITS FLOWER SKIPPPING ROPE,166.17
84951A,S/4 PISTACHIO LOVEBIRD COASTERS,166.1
21394,RED SPOTTY BEAKER ,165.75
22201,FRYING PAN BLUE POLKADOT,165.69
10123G,ARMY CAMO WRAPPING TAPE,165.55999999999997
90201C,RED ENAMEL FLOWER RING,165.52
84984D,ORIENTAL RED C/COVER ,165.11
84806A,PINK CANDYSTUFT ARTIFICIAL FLOWER,165.01999999999998
22915,ASSORTED BOTTLE TOP  MAGNETS ,164.34
22447,PIN CUSHION BABUSHKA BLUE,164.29000000000002
21370,MIRRORED WALL ART FOXY,164.01
84510C,SET OF 4 POLKADOTS COASTERS,164.0
22975,SPACEBOY CHILDRENS EGG CUP,163.88
84927D,LA PALMIERA TILE HOOK,163.64000000000001
21709,FOLDING UMBRELLA CHOCOLATE POLKADOT,163.62
85232b,SET/3 RUSSIAN DOLL STACKING TINS,162.94
21095,SET/6 POSIES PAPER PLATES,162.64
17012F,ORIGAMI SANDLEWOOD INCENSE/CAND SET,162.6
20826,SILVER APERITIF GLASS,162.32000000000002
90115,SUMMER BUTTERFLIES BAG CHARM,162.0
20693,FLORAL DINOSAUR GREEN,161.89000000000001
90209A,PURPLE ENAMEL+GLASS HAIR COMB,161.7
85130B,BEADED CRYSTAL HEART GREEN LARGE,161.26
84706F,RED PEONY TABLE CLOCK,161.1
21353,SILVER SLEIGHBELL  WREATH,160.45
84535A,ENGLISH ROSE NOTEBOOK A6 SIZE,160.37
84599,CANDY STRIPE ROSE FLOOR CUSHION,160.15
21373,MIRRORED WALL ART SNOWFLAKES,159.85
72801D,4 SKY BLUE DINNER CANDLES,159.72
22645,CERAMIC HEART CAKE MONEY BANK,159.6
85166A,WHITE METAL BAROQUE PHOTO FRAME,158.9
90159,COTE D'AZURE NECKLACE,158.79000000000002
22864,MUG AND COASTER SET RED CIRCLES,158.76
90155,RESIN NECKLACE W PASTEL BEADS,158.54
16012,FOOD/DRINK SPUNGE STICKERS,158.19
48175,DOOR MAT CAMOUFLAGE,158.04
22853,ENAMEL CAT BOWL CREAM,157.8
21306,SET/4 DAISY MIRROR MAGNETS,157.62
21489,BLUE WHITE SCARF HOT WATER BOTTLE,157.60000000000002
90185D,CRYSTAL DIAMANTE EXPANDABLE RING,157.45
17178,FLAT PALM T-LIGHT HOLDER,156.65
84806B,WHITE CANDYSTUFT ARTIFICIAL FLOWER,156.45999999999998
90081C,LILY BROOCH OLIVE COLOUR,155.96
84914A,PINK ROSE PICNIC RUG,155.7
90019C,SILVER BLACK ORBIT BRACELET,155.67
16202E,BLACK PHOTO ALBUM ,155.23
22587,"FELTCRAFT HAIRBAND, S/2, RED/BLUE",154.67999999999998
47504H,ENGLISH ROSE SPIRIT LEVEL ,154.54
90094,NECKLACE+BRACELET SET FRUIT SALAD ,154.47
37491C,GREEN/BLUE CERAMIC CANDLE HOLDER,154.32000000000002
90096,NECKLACE+BRACELET SET BLUE BLOSSOM,154.23
37342,SPOTTY COFFEE CUP & SAUCER,153.78
85179A,GREEN BITTY LIGHT CHAIN,153.55
90042A,FRESHWATER PEARL BRACELET GOLD,153.14
90029,NEW BAROQUE SMALL NECKLACE BLACK,153.0
90013D,PURPLE VINTAGE EARRINGS,152.94
84805A,CREAM CLIMBING HYDRANGA ART FLOWER,152.85
90040A,MURANO STYLE GLASS BRACELET RED,152.76
84622,PINK GINGHAM ROSE CUSHION COVER,152.6
84884a,ANT WHITE WIRE HEART SPIRAL,152.46
47566b,TEA TIME PARTY BUNTING,152.46
37379A,PINK CHERRY BLOSSOM CUP & SAUCER,151.7
47503A,ASS FLORAL PRINT MULTI SCREWDRIVER,151.39
21226,POCKET MIRROR WOODLAND,151.25
DCGSSGIRL,GIRLS PARTY BAG,151.2
22536,MAGIC DRAWING SLATE FIDO,151.2
20952,PORCELAIN CHERUB BELL SMALL,150.72
21397,BLUE POLKADOT EGG CUP ,150.67
22259,FELT FARM ANIMAL HEN,150.10999999999999
90122C,TURQUOISE CRYSTAL+GLASS BRACELET,149.87
90210A,GREY ACRYLIC FACETED BANGLE,149.79000000000002
21310,CAPIZ CHANDELIER,149.75
84461,12 PINK HEN+CHICKS IN BASKET,149.23999999999998
17108D,FLOWER FAIRY SUMMER BOUQUET SACHET,149.1
79192A,RETRO PLASTIC 70'S TRAY,148.89
90040D,MURANO STYLE GLASS BRACELET PINK,148.87
47570b,TEA TIME TABLE CLOTH,148.61
21402,RED  EGG  SPOON,147.9
90197B,BLACK GLASS BRACELET W HEART CHARMS,147.79
35980C,REDWHITE STRIPE SCANDINAVIAN HEART ,147.64000000000001
84192,ASSORTED COLOUR METAL CAT ,147.35
85131C,BEADED CRYSTAL HEART BLUE ON STICK,147.25
21461,BLUE EASTER EGG HUNT START POST,147.18
84720,DOT MATRIX CANVAS ART PICTURE,147.05
85024C,PINK SMALL JEWELLED PHOTOFRAME,145.2
21398,RED POLKADOT COFFEE  MUG,145.02
90024B,NEW BAROQUE B'FLY NECKLACE RED,144.96
79161A,ST GEORGE SET OF 10 PARTY LIGHTS,144.55
90036F,"FLOWER GLASS GARLD NECKL36""TURQUOIS",144.23000000000002
84927E,FLOWERS TILE HOOK,144.15
90048,GREEN WITH METAL BAG CHARM,144.04
22977,DOLLY GIRL CHILDRENS EGG CUP,143.8
84926E,FLOWERS TILE COASTER,143.76999999999998
21157,RED RETROSPOT WASHBAG,142.99
37482P,CUBIC MUG PINK POLKADOT,142.79999999999998
90133,TEAL/FUSCHIA COL BEAD NECKLACE,142.03
47503H,ASS FLORAL PRINT SPIRIT LEVEL ,141.42
90065B,BLACK VINT ART DEC CRYSTAL BRACELET,141.37
72740A,LARGE STRAWBERRY CHOCOLATE CANDLE,141.23
84661A,WHITE SQUARE TABLE CLOCK,141.2
47574A,ENGLISH ROSE SCENTED HANGING FLOWER,140.28
84765,SILVER ROCOCO CANDELABRA,140.23
84508C,BLUE CIRCLES DESIGN TEDDY,140.13
78026,SEAGRASS S/3 SQU LAUNDRY BOX,139.95
22869,"NUMBER TILE COTTAGE GARDEN, 1",139.69
35818P,"ACRYLIC JEWEL ICICLE, PINK",139.68
47592A,CAROUSEL CHILDRENS OVERALL,139.56
22195,HEART MEASURING SPOONS LARGE,138.59999999999997
90093,CLEAR CRYSTAL STAR PHONE CHARM,138.42999999999998
22069, BROWN  PIRATE TREASURE CHEST ,138.22
16216,LETTER SHAPE PENCIL SHARPENER,137.64000000000001
72754B,F FAIRY POTPOURRI CUSHIONS LAVENDER,137.54000000000002
90042C,FRESHWATER PEARL BRACELET IVORY,137.51
90123D,WHITE HEART OF GLASS BRACELET,137.07999999999998
90060F,FIRE POLISHED GLASS NECKL GREEN,136.92000000000002
21032,SPACE CADET WHITE,136.88
84709A,SILVER OVAL JEWELLED MIRROR,136.85
35824P,"HANGING FLOWERS+MIRROR,PINK",136.44
85204,HANGING WOOD AND FELT FLOWER,136.38
21004,ROSE DU SUD CHILDRENS APRON,135.93
17011D,ORIGAMI ROSE INCENSE+FLOWER,135.70000000000002
84915,HAND TOWEL PINK FLOWER AND DAISY,135.5
90002A,FLOWER BURST SILVER RING OPAL,135.0
37330,BIG POLKADOT MUG,134.42
35015,JACOBS LADDER SMALL,134.08
22241,"GARLAND , WOODEN  "" HAPPY EASTER""",133.89
84555A,YELLOW VW BEETLE CERAMIC MONEY BOX,133.85000000000002
77079,DOLPHIN WINDMILL,133.56
90065A,WHITE VINTAGE CRYSTAL BRACELET,133.21
46137D,GREEN CHENILLE SHAGGY RUG,132.75
21030,SPACE CADET RED,132.45
90018A,SILVER M.O.P ORBIT DROP EARRINGS,132.14
90144,SILVER DROP EARRINGS WITH FLOWER,132.09
84882,GREEN WIRE STANDING CANDLE HOLDER,132.09
35646,VINTAGE BEAD PINK EVENING BAG,131.66
84656,WHITE ROSE C/COVER,130.9
35609A,PINK FEATHER CHRISTMAS DECORATION,130.72
16119,FUNKY GIRL ADDRESS BOOK,130.71
72140E,BEST DAD CANDLE LETTERS,130.37
90180B,PURPLE AMETHYST NECKLACE W TASSEL,130.07
84925E,FLOWERS WALL THERMOMETER,130.04999999999998
20899,VINTAGE NOTEBOOK RED ROSE,129.8
90129D,AMBER GLASS TASSLE BAG CHARM,129.79000000000002
84951A,SET OF 4 PISTACHIO LOVEBIRD COASTER,129.64999999999998
84858A,NATURAL RIVIERA HANDBAG,128.83
22983,CARD BILLBOARD FONT,128.54
22322,BIRD DECORATION GREEN POLKADOT,128.07999999999998
90028,NEW BAROQUE LARGE NECKLACE BLK/WHIT,127.61
22848,"BREAD BIN, DINER STYLE, PINK",127.6
84877A,PINK ROUND COMPACT MIRROR,127.5
84782B,BLACK 3 TIER GLASS PLATE STAND,127.5
90016B,GOLD/M.O.P PENDANT ORBIT NECKLACE,127.48
84968e,SET OF 16 VINTAGE BLACK CUTLERY,127.44999999999999
85018C,S/6 PAPER BOXES CURIOUS IMAGES ,127.2
85014a,BLACK/BLUE DOTS RUFFLED UMBRELLA,127.2
16168S,FUNKY MONKEY GIFT BAG SMALL,126.82999999999998
84559D,3D SHEET OF SEA WORLD STICKERS,126.71
84367,LA STREGA CANVAS PICTURE ,126.29999999999998
82607E,GLASS BONBON JAR. D'AMANDES,126.25
35914,PINK CHICK EGG WARMER + EGG CUP,126.19000000000001
90073,VINTAGE ENAMEL & CRYSTAL EARRINGS,125.82000000000001
47592B,SCOTTIES DESIGN CHILD'S OVERALL,125.60000000000001
90123A,PINK HEART OF GLASS BRACELET,124.95
84614A,PINK BAROQUE FLOCK CANDLE HOLDER,124.83
20847,ZINC HEART LATTICE CHARGER LARGE,124.39
90002C,FLOWER BURST SILVER RING MIDN'T BLU,124.38
17084P,DRAGONS BLOOD INCENSE,123.99
22359,"GLASS JAR, KINGS CHOICE SOAP",123.9
22850,BREAD BIN DINER STYLE BLACK,123.6
84452,METAL RABBIT LADDER EASTER ,123.25999999999999
45013,FOLDING SHOE TIDY,123.15
47593A,CAROUSEL PONIES BABY BIB,122.9
22832,SWEETHEART WIRE WALL TIDY,122.6
85190,PINK FLOWER HANGING HEART ,122.46
79308B,MOSAIC CANDLE DISH BLUE PURPLE,122.39999999999999
21379, CAMPHOR WOOD PORTOBELLO MUSHROOM,122.36
84660c,PINK STITCHED WALL CLOCK,121.92
85094,CANDY SPOT EGG WARMER RABBIT,121.37
79532,MOSAIC GLASS BALL CANDLEHOLDER,121.25
90000A,RASPBERRY ANT COPPER FLOWER NECKLAC,121.07000000000001
22534,MAGIC SLATE SPACEBOY ,120.96000000000001
22536,MAGIC SLATE FIDO,120.96000000000001
22535,MAGIC SLATE BUNNIES AT HOME ,120.96000000000001
84509F,NEW ENGLAND PLACEMATS,120.0
84886,BLUE METAL WALL SHELF,119.39999999999999
90024E,NEW BAROQUE B'FLY NECKLACE MONTANA,119.17
90016C,SILVER/BLACK PENDANT ORBIT NECKLACE,119.11
84288B,SET/2 BLUE  NOODLE BASKETS,118.95
22972,CHILDRENS SPACEBOY MUG,118.79999999999998
20887,BOX OF 6 PEBBLE CANDLES,118.39
90139,FLOWER BROOCH 4 ASSORTED COLOURS,118.24000000000001
90156,RESIN BRACELET W PASTEL BEADS,117.57000000000001
90212B,JET BLACK LAS VEGAS BRACELET ROUND,117.51
22877,"NUMBER TILE COTTAGE GARDEN, 9",117.30999999999999
21196,ROUND WHITE CONFETTI IN TUBE,117.20999999999998
35824C,"HANGING FLOWERS+MIRROR,CLEAR",117.05
84509E,SET OF 4 CAROUSEL PLACEMATS ,116.85
90214S,"LETTER ""S"" BLING KEY RING",116.64
72038P,PRICE'S CANDLE PEACH,116.5
17012D,ORIGAMI ROSE INCENSE/CANDLE SET ,116.49999999999999
85169C,EAU DE NIL LOVE BIRD CANDLE,116.47
21228,"POCKET MIRROR ""GLAMOROUS""",116.32
21031,SPACE CADET BLACK,116.22
90137,PINK COMBO MINI CRYSTALS NECKLACE,116.21000000000001
90000B,MIDNIGHT BLUE COPPER FLOWER NECKLAC,115.83
79403,FROSTED WHITE BASE ,115.16
20896,VINTAGE NOTEBOOK PINK FLOWER,115.05000000000001
85014a,BLACK/BLUE POLKADOT UMBRELLA,114.48
84509c,SET OF 4 DOTTY PLACEMATS ,114.3
35610B,BLACK CHRISTMAS FLOCK DROPLET ,114.07
90003D,CRYSTAL PAIR HEART HAIR SLIDES,113.91
90125D,PURPLE BERTIE GLASS BEAD BAG CHARM,113.71000000000001
90211A,DIAMOND LAS VEGAS NECKLACE 45CM,113.42000000000002
22875,"NUMBER TILE COTTAGE GARDEN, 7",113.41
22868,"NUMBER TILE COTTAGE GARDEN, 0 ",113.40999999999998
22870,"NUMBER TILE COTTAGE GARDEN, 2",113.40999999999998
90003B,ROSE COLOUR PAIR HEART HAIR SLIDES,113.31
17090A,LAVENDER INCENSE 40 CONES IN TIN,113.3
84705B,FAIRY CAKES PHOTO FRAME,113.27
46138B,BLUE CHENILLE SHAGGY CUSHION COVER ,113.14
85160a,WHITE BIRD GARDEN DESIGN MUG,112.91
22204,MILK PAN BLUE POLKADOT,112.62
22677,FRENCH BLUE METAL DOOR SIGN 2,112.61
90181B,AMETHYST GLASS/SHELL/PEARL NECKLACE,112.32
90190C,SILVER/AMETHYST DROP EARRINGS LEAF,112.27000000000001
90036B,"FLOWER GLASS GARLAND NECKL.36""GREEN",111.30000000000001
10138,ASSORTED COLOUR JUMBO PEN,111.22
22873,"NUMBER TILE COTTAGE GARDEN, 5",111.14999999999999
84493,BLUE/PINK NEST STRIPE BOX,111.11999999999999
90170,DAISY HAIR BAND,110.94
90024D,NEW BAROQUE B'FLY NECKLACE PINK,110.68
90151,SILVER/NATURAL SHELL NECKLACE,110.67
90124C,GREEN MURANO TWIST NECKLACE,110.66999999999999
35607A,PINK FLUFFY CHRISTMAS DECORATION,110.61
44234,ASSORTED CIRCULAR MOBILE,109.99
82069,BEECH WOOD P/FRAME,109.85
90214J,"LETTER ""J"" BLING KEY RING",109.31
22872,"NUMBER TILE COTTAGE GARDEN, 4",109.19999999999999
22876,"NUMBER TILE COTTAGE GARDEN, 8",109.19999999999999
22871,"NUMBER TILE COTTAGE GARDEN, 3 ",109.19999999999999
22874,"NUMBER TILE COTTAGE GARDEN, 6",109.19999999999999
90086,CRYSTAL FROG PHONE CHARM,109.16999999999999
85185F,LION SOCK PUPPET,109.15
84247H,PACK/12 DECOUPAGE CARD,109.13000000000001
20836,FRENCH PAISLEY CUSHION COVER,108.9
17191A,ROSE FLOWER CANDLE+INCENSE 16X16CM,108.75
22346,PARTY PIZZA DISH GREEN POLKADOT,108.71
47471,RAINBOW PEGS PHOTO CLIP STRING,108.63000000000001
22068, BLACK PIRATE TREASURE CHEST,108.47999999999999
20816,GOLD FLOWER CUSHION COVER ,108.0
35816P,"ACRYLIC JEWEL ANGEL,PINK",107.79
84558a,3D DOG PICTURE PLAYING CARDS,107.68
72753C,S/3 FLWR FAIRY ROSE CANDLES,107.68
16206B,RED PURSE WITH PINK HEART,107.65
90030B,RED KUKUI COCONUT SEED NECKLACE,107.29
72812,LARGE ZINC GLASS CANDLEHOLDER,107.17
35840,FLAT GLASS  BAUBLE WHITE FLOCK ,107.13
90214A,"LETTER ""A"" BLING KEY RING",107.09
84509c,SET OF 4 POLKADOT PLACEMATS ,106.68
90186B,CRYSTAL HOOP EARRING FLORAL LEAF,106.64000000000001
84562B,BLUE/WHITE RIBBED MELAMINE JUG,106.59
48103,DOORMAT KISS MY.......,106.58
90185A,AMBER DIAMANTE EXPANDABLE RING,106.5
35096B,RED VICTORIAN FABRIC HEART BOX,106.49000000000001
90129F,RED GLASS TASSLE BAG CHARM,106.48
79191D,RETRO PLASTIC DAISY TRAY,106.25999999999999
22445,PENCIL CASE GINGHAM FOREST,106.20000000000002
44235,ASS COL CIRCLE MOBILE ,105.89999999999999
84867A,PINK BABY GIRLS PHOTO ALBUM,105.82000000000001
10120,DOGGY RUBBER,105.57
84458,S/3 RABBIT FLOWER/EGG/CARROT ROPE,105.39999999999999
22433,WATERING CAN PINK BUNNY,105.3
72351a,SET/6 TURQUOISE BUTTERFLY T-LIGHTS,105.25
16169D,WRAP WINTER FOREST,105.0
21711,FOLDING UMBRELLA WHITE/RED POLKADOT,104.76
84531A,PINK KNITTED EGG COSY,104.36999999999999
20838,FRENCH LATTICE CUSHION COVER ,104.35000000000001
21118,SHOPPING BAG DOORSTOP,104.25
72051S,BAG OF SILVER STONES,103.88
90210D,PURPLE ACRYLIC FACETED BANGLE,103.68
90214L,"LETTER ""L"" BLING KEY RING",103.57
21337,SILVER WASHBAG,103.53000000000002
17038,PORCELAIN BUDAH INCENSE HOLDER,103.45
84723,CHERRY BLOSSOM CANVAS ART PICTURE,103.35000000000001
35594,WOODEN CHRISTMAS TREE 3 HANGING,103.06
22859,EASTER TIN BUNNY BOUQUET,102.6
17014A,ORIGAMI VANILLA INCENSE CONES,102.29999999999998
90016A,SILVER/M.O.P PENDANT ORBIT NECKLACE,102.15
84968e,S/16 VINTAGE BLACK CUTLERY,101.96
90199D,5 STRAND GLASS NECKLACE AMBER,101.66
90123B,TURQUOISE HEART OF GLASS BRACELET,101.27000000000001
90114,SUMMER DAISIES BAG CHARM,101.24
35966,FOLKART CHRISTMAS TREE T-LIGHT HOLD,101.08000000000001
85050,FRENCH ENAMEL SOAP DISH WITH LID,100.80000000000001
DCGSSBOY,BOYS PARTY BAG,100.8
90214K,"LETTER ""K"" BLING KEY RING",100.65
78027,SEAGRASS S/2 CORNER LAUNDRY ,100.15
84462,3 PINK HEN+CHICKS IN BASKET,99.86
90164A,PINK ROSEBUD PEARL BRACELET,99.72
90214C,"LETTER ""C"" BLING KEY RING",99.51
37471,MULTICOLOUR DOTS PLATE,99.02
22736,"RIBBON REEL, MAKING SNOWMEN ",99.0
21266,VINTAGE SILVER TINSEL REEL,98.9
22678,FRENCH BLUE METAL DOOR SIGN 3,98.88
22878,"NUMBER TILE COTTAGE GARDEN, No",98.72000000000001
84970l,SINGLE HEART ZINC T-LIGHT HOLDER,97.97999999999999
84705D,CHERRY BLOSSOM PHOTO FRAME ,97.9
90160A,PURPLE BOUDICCA LARGE BRACELET,97.57000000000001
90150,BLUE SHELL+SILVER NECKLACE,97.5
22937,BAKING MOULD CHOCOLATE CUPCAKES,96.89999999999999
90214M,"LETTER ""M"" BLING KEY RING",96.35
90040C,MURANO STYLE GLASS BRACELET GOLD,96.14
90058A,CRYSTAL STUD EARRINGS CLEAR DISPLAY,95.75999999999999
47481,50CM METAL STRING WITH  7 CLIPS,95.74
48103,DOOR MAT KISS MY.......,95.15
21394,RED POLKADOT BEAKER ,95.10999999999999
84926A,WAKE UP COCKEREL TILE COASTER,95.07
72606A,BROWN ANTIQUE CUBE CANDLE,94.92
84927F,PSYCHEDELIC TILE HOOK,94.58
21880,RED RETROSPOT TAPE,94.53
20861,GOLD COSMETIC BAG PINK STAR,94.5
90190B,GOLD/AMBER DROP EARRINGS W LEAF,94.4
21241,GREEN POLKADOT CUP,94.35
21367,MIRRORED WALL ART GENTS,94.21
90063B,BLACK VINT ART DEC CRYSTAL NECKLACE,93.85
84926D,LA PALMIERA TILE COASTER,93.82
22432,WATERING CAN GREEN DINOSAUR,93.6
84231,EASTER BUNNY WITH BASKET ON BACK,93.58
16219,HOUSE SHAPE PENCIL SHARPENER,93.53
21087,SET/6 POSIES PAPER CUPS,93.51
79051A,SMOKEY GREY COLOUR D.O.F. GLASS,93.39
84796a,PINK HAWAIIAN PICNIC HAMPER FOR 2,93.17
81950B,FLOWER BLUE CLOCK W/SUCKER,93.1
35610A,PINK CHRISTMAS FLOCK DROPLET ,92.92
90072,RUBY DROP CHANDELIER EARRINGS,92.89
84753A,PINK EAU DE COLOGNE BOTTLE,92.16999999999999
84199,GLOW IN DARK DOLPHINS,92.1
21343,GOLD JEWELERY BOX,92.00000000000001
22246,MAGIC GARDEN FELT GARLAND ,92.0
85232b,SET OF 3 BABUSHKA STACKING TINS,91.53
84927A,WAKE UP COCKEREL TILE HOOK,91.37
90214E,"LETTER ""E"" BLING KEY RING",91.17999999999999
84437A,S/6 PINK EASTER DECS IN BOX,90.94999999999999
85039a,SET/4 RED MINI ROSE CANDLE IN BOWL,90.72
81952V,ROUND PURPLE CLOCK W/SUCKER,90.52
84984C,ORIENTAL BLUE C/COVER ,89.59
17013C,ORIGAMI LAVENDER INCENSE IN TUBE,89.46000000000001
47578A,ENGLISH ROSE SMALL SCENTED FLOWER,89.25
90112,PINK DOLLY HAIR CLIPS,89.15
47598,NEW ENGLAND EGG WARMER,89.12
90199A,5 STRAND GLASS NECKLACE BLACK,88.94
20660,VIP LUGGAGE TAG ,88.75
37342,POLKADOT COFFEE CUP & SAUCER PINK,88.61
90104,PURPLE FRANGIPANI HAIRCLIP,88.27
85114c,RED ENCHANTED FOREST PLACEMAT,88.06
35651,VINTAGE BEAD PINK SCARF ,87.91
84629,WHITE 3 FRAME BIRDS AND TREE ,87.8
84721,MANHATTAN CANVAS ART PICTURE,87.8
90039D,FIRE POLISHED GLASS BRACELET GREEN,87.78
22686,FRENCH BLUE METAL DOOR SIGN No,87.59
84891B,GREEN WIRE GOBLET CANDLEHOLDER,87.45
37462B,"PET MUG, BUDGIE",87.28
35822B,"ACRYLIC BEAD CHAIN, BLUE",87.02
90088,CRYSTAL KEY+LOCK PHONE CHARM,86.69999999999999
84424A,FOUR PICTURE WHITE GLASS FRAME,86.25
35819B,"ACRYLIC HANGING JEWEL,BLUE",86.25
79144C,PAINTED LIGHTBULB RAINBOW DESIGN,86.22
84531B,BLUE KNITTED EGG COSY,86.2
gift_0001_50,Dotcomgiftshop Gift Voucher £50.00,86.03
35271S,GOLD PRINT PAPER BAG,85.97
90092,BLUE CRYSTAL BOOT PHONE CHARM,85.85
90059A,DIAMANTE HAIR GRIP PACK/2 CRYSTAL,85.83
90162B,ANT SILVER LIME GREEN BOUDICCA RING,85.55000000000001
84454,WOBBLING METAL CHICKEN EASTER,85.53
85132a,CHARLIE + LOLA BISCUITS TINS,85.39
85099c,JUMBO  BAG BAROQUE BLACK WHITE,85.17
90166,PINK & WHITE ROSEBUD RING,85.14
90116,FRUIT SALAD BAG CHARM,85.02
22844,"DOG FOOD CONTAINER , VINTAGE",85.0
35838B,S/6 SILVER ORNAMENETAL CANDLE,85.0
16248B,BLUE HOLE PUNCH,85.0
17027A,INCENSE BAZAAR CANNABIS,84.84
46775B,BERRIES CHUNKY KNITTED THROW ,84.75
16051,TEATIME PENCIL W STAMP ASST,84.69
21400,RED PUDDING SPOON,84.44
90165B,WHITE ROSEBUD  PEARL EARRINGS,84.22
35911B,PINK/FLOWER RABBIT EGG WARMER ,84.0
84251F,"GREETING CARD, RITA",83.97
90179C,BLACK FINE BEAD NECKLACE W TASSEL,83.29
22928,YELLOW GIANT GARDEN THERMOMETER,83.27
82605,OLD DOC.RUSSEL METAL SIGN,82.94
79144B,PAINTED LIGHTBULB STAR+ MOON,82.84
90190A,SILVER/CRYSTAL DROP EARRINGS W LEAF,82.83000000000001
84030C,KNITTED RAINBOW HOT WATER BOTTLE,82.78
90002B,FLOWER BURST SILVER RING ROSE,82.74
84926F,PSYCHEDELIC TILE COASTER,82.67999999999999
90162C,ANT SILVER FUSCHIA BOUDICCA RING,82.60000000000001
72821,CUPID SCENTED CANDLE IN GLASS,82.49999999999999
21699,SET 5 MINI CHOCOLATE FRIDGE MAGNETS,82.44
22857,ASSORTED EASTER GIFT TAGS,82.41999999999999
84907,PINK/YELLOW PATCH CUSHION COVER,82.34
22916,HERB MARKER THYME,81.88
22566,"FELTCRAFT HAIRBAND S/2, PINK/PURPLE",81.6
22579,WOODEN TREE CHRISTMAS SCANDISPOT,81.6
22918,HERB MARKER PARSLEY,81.52
72779,SET/6 BLACK ROSE T-LIGHT CANDLES,81.12
16201B,PASTEL BLUE PHOTO ALBUM,81.1
90023,FILIGREE DIAMANTE EARRINGS,80.96000000000001
22920,HERB MARKER BASIL,80.87
16011, ANIMAL STICKERS,80.85
90018B,GOLD M.O.P ORBIT DROP EARRINGS,80.82000000000001
71496A,A4 WALL TIDY BLUE OFFICE,80.81
90121B,VINTAGE ROSE BEAD BRACELET BLUE,80.75
22531,MAGIC SLATE CIRCUS PARADE  ,80.64
22530,MAGIC SLATE DOLLY GIRL ,80.64
84596I,WRAP SWEETS LIGHT PINK SMALL BOWL,80.62
17011E,ORIGAMI OPIUM SCENT INCENSE+FLOWER,80.60000000000001
22346,PARTY PIZZA DISH GREEN RETROSPOT,80.50999999999999
22679,FRENCH BLUE METAL DOOR SIGN 4,80.07
22680,FRENCH BLUE METAL DOOR SIGN 5,80.05
90130B,TURQ STONE/CRYSTAL EARRINGS,80.04
90038A,GLASS AND PAINTED BEADS BRACELET TO,79.65
90089,PINK CRYSTAL SKULL PHONE CHARM,79.61999999999999
84795E,RIO PINK STRIPE HAMMOCK,79.5
90049,IVORY GOLD METAL BAG CHARM,79.47
90003C,MIDNIGHT BLUE PAIR HEART HAIR SLIDE,79.32
22649,STRAWBERRY CAKE TEAPOT,79.2
84509C,SET OF 4 POLKADOT PLACEMATS ,78.87
84751B,BLACK MEDIUM GLASS CAKE STAND,78.75
90138,WHITE/PINK MINI CRYSTALS NECKLACE,78.73
22344,PARTY PIZZA DISH PINK WHITE SPOT ,78.72999999999999
22344,PARTY PIZZA DISH PINK POLKADOT,78.69
90099,NECKLACE+BRACELET SET BLUE HIBISCUS,78.69
79026B,"S/4 ICON COASTER,ELVIS LIVES",78.64
20796,SMALL BLUE PROVENCAL CERAMIC BALL,78.22
22917,HERB MARKER ROSEMARY,78.2
35931,PINK STAR CHRISTMAS DECORATION,78.12
84455,SET OF 3 RABBIT CARROTS EASTER,77.96
72134,COLUMBIAN  CUBE CANDLE ,77.89
90125A,PINK BERTIE GLASS BEAD BAG CHARM,77.73
17090D,VANILLA INCENSE 40 CONES IN TIN,77.7
90019B,GOLD M.O.P ORBIT BRACELET,77.61
84388,WISE MAN STAR SHAPE EGG PAN,77.55
90123C,GREEN HEART OF GLASS BRACELET,77.46000000000001
21450,DISTRESSED CANDLE STICK WHITE,77.35
90202D,PINK ENAMEL FLOWER HAIR TIE,77.03000000000002
21595,Dad's Cab Electronic Meter,76.95
85014b,RED/WHITE DOTS RUFFLED UMBRELLA,76.60000000000001
84425A,WHITE GLASS TV TRIPLE FRAME,76.6
84617, NEW BAROQUE BLACK BOXES,76.5
90063A,WHITE VINT ART DECO CRYSTAL NECKLAC,76.48
90026A,GLASS BEAD HOOP NECKLACE BLACK,76.47
84951B,SET OF 4 BLACK LOVEBIRD COASTERS,76.33999999999999
84874B,BLUE TRAVEL FIRST AID KIT,75.89999999999999
71510,SQUARE METAL CANDLEHOLDER BASE,75.53
21369,MIRRORED WALL ART SPLODGES,75.24
16161E,WRAP BOUDOIR ,75.0
37399,"ASS RETROSPOOF MUGS,SPORTS",75.0
90204,PAIR OF ENAMEL BUTTERFLY HAIRCLIP,74.95
84661C,PINK SQUARE TABLE CLOCK,74.91
84757,ENCHANTED GARDEN WROUGHT IRON TABLE,74.75
21267,VINTAGE PINK TINSEL REEL ,74.6
84613A,PINK NEW BAROQUE FLOCK CANDLESTICK,74.4
84919,L BLUE C/COVER W PINK/YELLOW FLOWER,74.31
90168,2 DAISIES HAIR COMB,74.16000000000001
90205C,LARGE CRYSTAL DIAMANTE HAIRSLIDE,74.1
90100,NECKLACE+BRACELET SET PINK DAISY,73.94999999999999
S,SAMPLES,73.8
84744,S/6 SEW ON CROCHET FLOWERS,73.76
20664,TROPICAL HOLIDAY PURSE ,73.75
20615,BLUE POLKADOT PASSPORT COVER,73.63
84447,6 RABBIT CHAIN EASTER,72.42
22921,HERB MARKER CHIVES ,72.42
84427B,BLACK GLASS TV DOUBLE P/FRAME 15X10,72.25
90194,SILVER LARIAT BLACK STONE EARRINGS,72.21
22345,PARTY PIZZA DISH BLUE POLKADOT,72.05
84660A,WHITE STITCHED WALL CLOCK,71.81
35937,CERISE+GOLD CHRISTMAS STOCKING DEC,71.44
37509,NEW ENGLAND MUG W GIFT BOX,71.39999999999999
84925C,FAIRY CAKES  WALL THERMOMETER,71.39999999999999
44242B,PINK FEATHERS CURTAIN,71.25
20698,LITTLE PINK MONSTER SOFT TOY,71.1
16256C,HEARTS PENCIL/RUBBER+5 MINI PENCILS,70.98
84905,PINK BUTTERFLY C/COVER ,70.82
90162A,ANT SILVER TURQUOISE BOUDICCA RING,70.80000000000001
20958,PORCELAIN HANGING BELL LARGE,70.5
22682,FRENCH BLUE METAL DOOR SIGN 7,70.08
47343A,FUSCHIA FLOWER PURSE WITH BEADS,70.03
90214R,"LETTER ""R"" BLING KEY RING",69.97
gift_0001_80,Dotcomgiftshop Gift Voucher £80.00,69.56
84918,CREAM C/COVER W YELLOW/GREEN FLOWER,69.5
84510E,SET OF 4 GREEN CAROUSEL COASTERS,69.48
72140F,HAPPY ANNIVERSARY CANDLE LETTERS,69.17999999999999
21368,MIRRORED WALL ART LADIES,68.75999999999999
37471,MULTICOLOUR POLKADOT PLATE,68.4
90024C,NEW BAROQUE B'FLY NECKLACE GREEN,68.16
90177D,DROP DIAMANTE EARRINGS PURPLE,68.15
90018C,SILVER BLACK ORBIT DROP EARRINGS,68.11
84857A,SILVER MONTE CARLO HANDBAG,68.0
90039C,FIRE POLISHED GLASS BRACELET BLACK,67.98
85114b,IVORY ENCHANTED FOREST PLACEMAT,67.9
84549,CROCHET WHITE RABBIT KEYRING ,67.88999999999999
20879,TREE OF NOAH FESTIVE SCENTED CANDLE,67.8
90002E,FLOWER BURST SILVER RING GREEN,67.77
84864A,PINK PAISLEY PHOTO ALBUM,67.71000000000001
90189A,SILVER 2 STRAND NECKLACE-LEAF CHARM,67.64
84415B,BLUE FLOCK CUSHION COVER ,67.5
90149,SILVER FLOWR PINK SHELL NECKLACE,67.5
84926B,SCOTTS ROSES TILE COASTER,67.5
90069,RUBY GLASS CLUSTER NECKLACE,67.5
47504J,ENGLISH ROSE SET/3 GARDEN TOOLS,67.25
84465,15 PINK FLUFFY CHICKS IN BOX,67.01
90059D,DIAMANTE HAIR GRIP PACK/2 PERIDOT,66.97999999999999
72133,COLUMBIAN CANDLE RECTANGLE,66.62
90165A,PINK ROSEBUD PEARL EARRINGS,66.50999999999999
40002,WHITE BAMBOO RIBS LAMPSHADE,66.3
85072,OCCASIONS GIFT CARD ASSORTMENT,66.0
84340,LARGE FIBRE OPTIC CHRISTMAS TREE,65.76
90030C,BROWN KUKUI COCONUT SEED NECKLACE,65.54
gift_0001_40,Dotcomgiftshop Gift Voucher £40.00,65.39
72812,LARGE ZINC/GLASS CANDLEHOLDER,65.23
84989a,75 GREEN FAIRY CAKE CASES,65.19
84705A,ENGLISH ROSE PHOTO FRAME ,65.10000000000001
22257,FELT FARM ANIMAL SHEEP,65.06
90130A,WHITE STONE/CRYSTAL EARRINGS,65.01
21089,SET/6 GREEN SPRING PAPER CUPS,64.85000000000001
90181A,AMBER GLASS/SHELL/PEARL NECKLACE,64.6
16020C,CLEAR STATIONERY BOX SET ,64.6
DCGS0069,OOH LA LA DOGS COLLAR,64.52
85040a,S/4 PINK FLOWER CANDLES IN BOWL,64.47
35910A,MULTICOLOUR EASTER RABBIT ,64.35
84539,KNITTED RABBIT DOLL ,64.35
71215,METAL BASE FOR CANDLES,63.9
90037A,TINY CRYSTAL BRACELET RED,63.83
79534,MULTICOLOUR GLASS PLATE,63.800000000000004
85018B,S/6 PAPER BOXES BLOSSOM IMAGES ,63.75
85018A,S/6 PAPER BOXES ROMANTIC IMAGES,63.75
84921,CREAM AND PINK FLOWERS PONY ,63.75
20791,BLUE TILED SET OF 3 DRAWERS,63.75
90020,FILIGREE DIAMANTE CHAIN,63.75
20905,VINTAGE KEEPSAKE BOX BEAUTY GIRL,63.5
22845,"CAT FOOD CONTAINER , VINTAGE",63.49999999999999
35916C,PINK FELT HANGING HEART W FLOWER,63.15
22987,"WRAP , SUMMER ROSE DESIGN",63.0
16008,SMALL FOLDING SCISSOR(POINTED EDGE),62.75
84596e,SMALL LICORICE DES PINK BOWL,62.74999999999999
84529B,BLUE KNITTED KID'S RUCKSACK,62.35
47369A,PINK GREEN EMBROIDERY COSMETIC BAG,61.970000000000006
84450B,PINK/YELLOW RABBIT SAT EASTER,61.92
20620,RED SPOTTY PASSPORT COVER,61.76
72369A,PINK CLEAR GLASS CANDLE PLATE,61.37
35817B,"ACRYLIC JEWEL SNOWFLAKE,BLUE",61.3
35973,GERANIUM FOLKART HEART DECORATION,61.25
22565,FELTCRAFT HAIRBANDS PINK + WHITE ,61.199999999999996
22578,WOODEN STAR CHRISTMAS SCANDISPOT,61.199999999999996
62043B,BLUE CHECK BAG W HANDLE 34X20CM,61.05
47016,LIGHT DECORATION BATTERY OPERATED,60.900000000000006
90022,EDWARDIAN DROP EARRINGS JET BLACK,60.9
90071,RUBY GLASS CLUSTER EARRINGS,60.67
22537,MAGIC SLATE DINOSAUR,60.480000000000004
84984B,RED PEONY DES C/COVER ,60.45
90140,PINK SWEETIE NECKLACE,60.42
22409,TIN CAN BISCUITS DESIGN,60.0
84875A,PINK SQUARE COMPACT MIRROR,60.0
22619, SET Of 6 SOLDIER SKITTLES,60.0
90171,DAISY RING,59.650000000000006
gift_0001_70,Dotcomgiftshop Gift Voucher £70.00,59.57
44241C,BLUE BUTTERFLY ON SPRING,59.5
90026D,GLASS BEAD HOOP NECKLACE AMETHYST,59.5
84575A,PINK DOG CANNISTER,59.5
84582,PINK CROCHET CAT WITH SCARF,59.5
90060D,FIRE POLISHED GLASS NECKL BRONZE,59.5
90001D,ANTIQUE OLIVE GREEN FLOWER EARRINGS,59.47
35654,VINTAGE BEAD FILLED PINK CUSHION,59.400000000000006
22973,CHILDRENS CIRCUS PARADE MUG,59.39999999999999
22329,ROUND FOOD CONTAINER S/5 RETROSPOT,59.39999999999999
35001B,HAND OPEN SHAPE BLACK,59.330000000000005
90210C,RED   ACRYLIC FACETED BANGLE,59.010000000000005
20667,CHERRY BLOSSOM PURSE,59.00000000000001
47369B,BLUE GREEN EMBROIDERY COSMETIC BAG,59.00000000000001
90162D,ANT SILVER PURPLE BOUDICCA RING,59.0
22903,CALENDAR FAMILY FAVORITES,59.0
84593,CROCHET ROSE DES CLOTHES HANGER,59.0
85023C,PINK LARGE JEWELED PHOTOFRAME,58.65
90169,DAISY HAIR COMB,58.65
81985A,"ICON ALARM CLOCK,FUSCHIA  PIN UP",58.64999999999999
84984A,GREEN PEONY DES C/COVER,58.370000000000005
35816B,"ACRYLIC JEWEL ANGEL,BLUE",58.07
18094C,WHITE/BLUE RECT CERAMIC OIL BURNER,58.05
17129C,SKY BLUE COLOUR GLASS GEMS IN BAG,57.98
84510a,SET OF 4 ENGLISH ROSE COASTERS,57.73
22919,HERB MARKER MINT,57.480000000000004
35821B,"JEWELLED DECORATION,BLUE",57.0
35913B,WHITE/PINK CHICK EASTER DECORATION,56.91
72771B,BURG FLOCK GOLD CUP/CANDLE ,56.9
72783,BLACK SIL'T SQU CANDLE PLATE ,56.7
90214G,"LETTER ""G"" BLING KEY RING",56.38
84415A,PINK FLOCK SUEDE CUSHION COVER ,56.25
79331,PINK FLOCK GLASS CANDLEHOLDER,56.099999999999994
85023A,CRYSTAL LARGE JEWELLED PHOTO FRAME,56.099999999999994
90067A,PINK VINTAGE VICTORIAN EARRINGS,56.09
85179C,PINK BITTY LIGHT CHAIN,55.84
44236,PINK/PURPLE CIRCLE CURTAIN,55.800000000000004
85080,PADDED RED HEART DECORATION,55.76
71495B,CD WALL TIDY RED FLOWERS,55.56
75178,ASSTD COL BUTTERFLY/CRYSTAL W/CHIME,55.06
90079,VINTAGE ENAMEL & CRYSTAL NECKLACE,55.010000000000005
85151,WELCOME METAL SIGN,55.0
35916A,YELLOW FELT HANGING HEART W FLOWER,54.60999999999999
90075,MONTANA DIAMOND CLUSTER NECKLACE,54.519999999999996
20953,PORCELAIN CHERUB BELL LARGE,54.449999999999996
35912B,WHITE/PINK CHICK DECORATION,54.32
22345,PARTY PIZZA DISH BLUE WHITE SPOT ,54.28
79329,PINK FLOCK GLASS CANDLEHOLDER,53.76
17084J,LOVE POTION MASALA INCENSE,53.76
84251G,"GREETING CARD, OVERCROWDED POOL.",53.71
90176C,DIAMANTE NECKLACE,53.68
90059E,DIAMANTE HAIR GRIP PACK/2 RUBY,53.58
90037C,TINY CRYSTAL BRACELET BLUE,53.559999999999995
22252,BIRDCAGE DECORATION MAGIC GARDEN,53.55
90084,PINK CRYSTAL GUITAR PHONE CHARM,53.55
90176A,CLASSIC DIAMANTE NECKLACE JET,53.4
37491D,PURPLE/BLUE CERAMIC CANDLE HOLDER,53.4
84509a,SET OF 4 ENGLISH ROSE PLACEMATS,53.34
20697,LITTLE GREEN MONSTER SOFT TOY,53.25
46115B,GREEN POP ART MAO CUSHION COVER ,53.2
20848,ZINC HEART LATTICE CHARGER SMALL,53.10000000000001
84899E,YELLOW + BROWN BEAR FELT PURSE KIT,52.65
90078,PINK/WHITE GLASS DEMI CHOKER,52.64
22684,FRENCH BLUE METAL DOOR SIGN 9,52.56
84845C,CARNATION SQUARE HANDY TIN,52.5
90214B,"LETTER ""B"" BLING KEY RING",52.21
20870,OPULENT VELVET CANDLE IN BOX,52.2
84292B,BLUE COL METAL FOLDING CHAIR,51.8
22683,FRENCH BLUE METAL DOOR SIGN 8,51.33
DCGS0004,HAYNES CAMPER SHOULDER BAG,51.31
84845D,GERANIUM SQUARE HANDY TIN,51.25
gift_0001_10,Dotcomgiftshop Gift Voucher £10.00,51.239999999999995
35071,ASSORTED SANTA CHRISTMAS DECORATION,51.13999999999999
84527,FLAMES SUNGLASSES PINK LENSES,51.01
84612B,SET/4 BLACK  BAROQUE FLOCK COASTER,51.0
84795b,SUNSET CHECK HAMMOCK,50.94
22846,"BREAD BIN, DINER STYLE, RED ",50.849999999999994
85069,CREAM SWEETHEART DOUBLE SHELF,50.849999999999994
17084A,TRANQUILITY MASALA INCENSE,50.82
22889,"NUMBER TILE VINTAGE FONT, No ",50.7
84559a,3D SHEET OF DOG STICKERS,50.699999999999996
85124a,PINK JUICY FRUIT PHOTO FRAME,50.599999999999994
72083A,STRAWBERY SWIRL FLARE CANDLE,50.400000000000006
90177B,DROP DIAMANTE EARRINGS BLACK DIAMON,50.370000000000005
72801c,S/4 ROSE PINK DINNER CANDLES,50.199999999999996
22657,HEN & 2 CHICKS IN BASKET,50.15
72817,SET/2 CHRISTMAS DECOUPAGE CANDLES,50.0
90051,CRACKED GLAZE NECKLACE RED,49.73
90214N,"LETTER ""N"" BLING KEY RING",49.72
90135A,ORANGE/FUSCHIA STONES NECKLACE,49.64
90046,WHITE WITH METAL BAG CHARM,49.5
16045,POPART WOODEN PENCILS ASST,49.44
84537B,FAIRY CAKES GIFT BAG,49.14
72129,COLUMBIAN CANDLE ROUND ,49.11000000000001
35610C,WHITE CHRISTMAS FLOCK DROPLET ,49.05
90214P,"LETTER ""P"" BLING KEY RING",48.91
62086A,PINK RETRO BIG FLOWER BAG,48.75
35603C,SET/16 WHITE SHINY & MATT BAUBLES,48.3
47591A,CAROUSEL CHILDRENS APRON,47.97
90021,LASER CUT MULTI STRAND NECKLACE,47.8
90179B,PURPLE FINE BEAD NECKLACE W TASSEL,47.72
84608,ORNATE EDWARDIAN CANDLE HOLDER,47.7
15058B,PINK POLKADOT GARDEN PARASOL,47.7
21347,GOTHIC CARRIAGE LANTERN,47.6
84679,CLASSICAL ROSE TABLE LAMP,47.6
71495A,CD WALL TIDY BLUE OFFICE,47.58
22685,FRENCH BLUE METAL DOOR SIGN 0,47.56
90141A,GREEN PENDANT TRIPLE SHELL NECKLACE,47.35
20895,VINTAGE NOTEBOOK FRENCH LETTER ,47.20000000000001
20988,TRELLIS FLOWER CHOPSTICKS SET/5,46.8
84227,HEN HOUSE W CHICK IN NEST,46.620000000000005
81952B,ROUND BLUE CLOCK W/SUCKER,46.56
16050,TEATIME PENCIL WITH RUBBER,46.45
22860,EASTER TIN CHICKS PINK DAISY,46.379999999999995
17007B,S/3 POT POURI CUSHIONS BLUE COLOURS,46.2
84951b,S/4 BLACK LOVEBIRD COASTERS,46.2
85081,PADDED HOLLY CHRISTMAS DECORATION ,46.17
84626,CANDY STRIPE ROSE QUILT,45.95
22604,SET OF 4 NAPKIN CHARM CUTLERY,45.9
20964,POLYESTER FILLER PAD 60x40cm,45.89999999999999
90037B,TINY CRYSTAL BRACELET GREEN,45.89
35611B,BLACK ASSORTED DROPLET DECORATION,45.760000000000005
90163B,WHITE ROSEBUD & PEARL NECKLACE,45.73
84660b,BLACK STITCHED WALL CLOCK,45.72
20837,FRENCH FLORAL CUSHION COVER ,45.60000000000001
90214H,"LETTER ""H"" BLING KEY RING",45.2
90059F,DIAMANTE HAIR GRIP PACK/2 LT ROSE,45.18
90059C,DIAMANTE HAIR GRIP PACK/2 MONTANA,45.03999999999999
16161C,WRAP SPEED DEMONS ,45.0
22347,PIZZA DISH SLICE ,45.0
72724,SET/6 CHRISTMAS ICICLE T-LIGHTS,45.0
22406,TIN CAN KINGS CHOICE DESIGN,45.0
21685,MEDINA STAMPED METAL TRAY ,44.849999999999994
35916B,BLUE FELT HANGING HEART W FLOWER,44.65
90177E,DROP DIAMANTE EARRINGS GREEN,44.589999999999996
90197D,AMBER GLASS BRACELET HEART CHARMS,44.550000000000004
20820,SILVER LOOKING MIRROR,44.550000000000004
72796B,S/3 FRENCH VANILLA SQU CANDLE,44.55
84586L,"PINK ROSES/GINGHAM PATCH RABBIT 8""",44.25000000000001
35085E,IVORY ROSE LAMPSHADE ,44.25
35607B,BLACK FEATHER CHRISTMAS DECORATION,44.06
35815B,"ACRYLIC JEWEL SNOWFLAKE,BLUE",43.940000000000005
90108,BLUE BLOSSOM HAIR CLIP,43.870000000000005
90027D,GLASS BEAD HOOP EARRINGS AMETHYST,43.78
17014C,ORIGAMI LAVENDER INCENSE CONES,43.75
90214D,"LETTER ""D"" BLING KEY RING",43.47
90042B,FRESHWATER PEARL BRACELET PINK,43.349999999999994
35822P,"ACRYLIC BEAD CHAIN, PINK",43.32
72798C,SET/4 GARDEN ROSE DINNER CANDLE,43.21
84551,CROCHET DOG KEYRING,42.89999999999999
84548,CROCHET BEAR RED/BLUE  KEYRING,42.89999999999999
21596,Hypochondriac Pill Stress Ball,42.64
21815, STAR  T-LIGHT HOLDER ,42.61
90026B,GLASS BEAD HOOP NECKLACE MONTANA,42.5
90024A,NEW BAROQUE B'FLY NECKLACE BLACK,42.5
85035b,CHOCOLATE 3 WICK MORRIS BOX CANDLE,42.35
22346,PARTY PIZZA DISH GREEN WHITE SPOT ,42.3
84803B,WHITE ALLIUM  ARTIFICIAL FLOWER,42.25
90214T,"LETTER ""T"" BLING KEY RING",42.11
72771C,BLACK FLOCK GOLD CANDLE,42.08
90030A,SPOTTED WHITE NATURAL SEED NECKLACE,41.760000000000005
90177C,DROP DIAMANTE EARRINGS CRYSTAL,41.67
90060C,FIRE POLISHED GLASS NECKL SILVER,41.65
84611B,BLACK NEW BAROQUE FLOCK BOX,41.65
90039B,FIRE POLISHED GLASS BRACELET MONTAN,41.49
90183A,AMBER DROP EARRINGS W LONG BEADS,41.370000000000005
90067B,BROWN VINTAGE VICTORIAN EARRINGS,41.32000000000001
85184B,SET 4 EASTER DECOUPAGE OVAL BOXES,41.300000000000004
90128A,PINK LEAVES AND BEADS PHONE CHARM,41.29
37477B,"FLOWER FAIRY MUG+COASTER,LAVENDER",41.25
90212C,PURPLE LAS VEGAS BRACELET ROUND,41.25
85024B,EAU DE NILE JEWELLED PHOTOFRAME,41.24999999999999
18096c,WHITE ROUND PORCELAIN TLIGHT HOLDER,41.14
21119,Glow In The Dark Shot Glasses ,41.01
35644,PAIR PINK/BLACK COATHANGERS,40.95
72709,IVORY SCULPTED RND CANDLE ,40.8
84798C,WHITE FOXGLOVE ARTIIFCIAL FLOWER,40.8
22740,POLKADOT PENS,40.8
90012B,BLACK DROP CRYSTAL NECKLACE,40.55
90034,WHITE SILVER NECKLACE SHELL GLASS,40.5
90064A,WHITE VINTAGE CRYSTAL EARRINGS,40.44
22529,MAGIC SLATE GO TO THE FAIR ,40.32
22532,MAGIC SLATE LEAP FROG ,40.32
22681,FRENCH BLUE METAL DOOR SIGN 6,40.03
20994,JAZZ HEARTS SPIRAL NOTEPAD,39.949999999999996
20860,GOLD COSMETICS BAG WITH BUTTERFLY,39.900000000000006
79065A,TEATIME ROUND CAKE TINS ,39.8
47518F,ICON PLACEMAT POP ART ELVIS,39.5
35933,PINK STOCKING CHRISTMAS DECORATION,39.17
22853,"CAT BOWL, ENAMEL , CREAM COLOUR",39.0
82545A,COGNAC AUX OEUFS METAL 1 HOOK,38.75
47567b,TEA TIME KITCHEN APRON,38.72
90188,DROP EARRINGS W FLOWER & LEAF,38.46
35963,FOLKART ZINC CLIP ON ANGEL WINGS,38.38
84968B,SET OF 16 VINTAGE IVORY CUTLERY,38.25
90103,PURPLE FRANGIPANI NECKLACE,38.19
90003E,GREEN PAIR HEART HAIR SLIDES,38.01
90119,METALIC LEAVES BAG CHARMS,38.01
90181C,BLACK GLASS/SHELL/PEARL NECKLACE,37.78
90038C,GLASS AND BEADS BRACELET IVORY,37.77
72801d,S/4 SKY BLUE DINNER CANDLES,37.65
22954,HEN PARTY CORDON BARRIER TAPE,37.51
35233,PASTA ENAMEL/BRASS CONTAINER,37.5
79413,GLASS WINE GLASS DECORATIONS,37.5
37112,YELLOW BIRDS FELT DES FOODCOVER,37.5
71406C,BLACK ORANGE SQUEEZER,37.42
84705F,RED PEONY PHOTO FRAME ,37.2
84251J,"GREETING CARD, THE BLACK CAT",37.04
72715,SPHERICAL IVORY CANDLE ,36.96
47013A,WINE BOTTLE DRESSING LT.BLUE,36.83
90074,BLACK DIAMOND CLUSTER NECKLACE,36.62
17014E,ORIGAMI OPIUM INCENSE CONES,36.599999999999994
37462E,"PET MUG, GOLDFISH",36.54
22984,CARD GINGHAM ROSE ,36.13
90037D,TINY CRYSTALS BRACELET BLACK,35.87
35910B,PINK FLOWERS RABBIT EASTER,35.72
90202C,GREEN ENAMEL FLOWER HAIR TIE,35.71
37348,SET OF 4 PASTEL STACKING MUGS,35.7
90152C,BLUE/NAT SHELL NECKLACE W PENDANT,35.7
90179A,AMBER FINE BEAD NECKLACE W TASSEL,35.690000000000005
90101,WHITE FRANGIPANI NECKLACE,35.63
90130C,GREEN STONE/CRYSTAL EARRINGS,35.63
90126C,AMBER BERTIE MOBILE PHONE CHARM,35.519999999999996
90052,CRACKED GLAZE NECKLACE BROWN,35.44
35909A,RABBIT EASTER DECORATION,35.400000000000006
22933,BAKING MOULD EASTER EGG MILK CHOC,35.400000000000006
47351B,BLUE  VOILE LAMPSHADE,35.400000000000006
21395,BLUE POLKADOT BEAKER ,35.099999999999994
DCGS0058,MISO PRETTY  GUM,34.82
90131,PINK/AMETHYST/GOLD NECKLACE,34.75
84868B,BLUE BABY BOY'S MEMORY BOX,34.75
37482p,CUBIC MUG PINK POLKA DOT,34.7
84546,CROCHET POODLE KEYRING,34.64999999999999
35955,SMALL FOLKART CHRISTMAS TREE DEC,34.620000000000005
37489A,YELLOW/PINK FLOWER DESIGN BIG MUG,34.08
22852,"DOG BOWL, ENAMEL , CREAM COLOUR",34.0
90026C,GLASS BEAD HOOP NECKLACE GREEN,34.0
90001B,ANTIQUE MID BLUE FLOWER EARRINGS,33.97
22200,FRYING PAN PINK RETROSPOT,33.97
90187B,GREEN DROP EARRINGS W BEAD CLUSTER,33.96
90126A,PINK BERTIE MOBILE PHONE CHARM,33.78
75011,BLUE DAISY MOBILE,33.75
84746,PINK EASTER HENS+FLOWER,33.75
90064B,BLACK VINTAGE  CRYSTAL EARRINGS,33.75
90066A,PINK VINTAGE VICTORIAN CHOKER,33.75
84228,HEN HOUSE W CHICK STANDING,33.66
90033,IVORY SHELL HEART EARRINGS,33.36
90174,BUTTERFLY HAIR BAND,33.24
18097A,PINK TALL PORCELAIN T-LIGHT HOLDER ,33.15
84456,SET OF 3 RABBIT EGG EASTER,33.15
90214I,"LETTER ""I"" BLING KEY RING",33.08
84249A,"GREETING CARD,SQUARE, DOUGHNUTS",32.76
90118,PINK DAISY BAG CHARM,32.75
84510e,SET OF 4 GREEN CAROUSEL COASTERS,32.629999999999995
72801d,4 SKY BLUE DINNER CANDLES,32.629999999999995
85079,EMBROIDERED REINDEER DECORATION,32.25
20835,FRENCH LATTICE CUSHION COVER ,32.239999999999995
15030,FAN BLACK FRAME ,32.19
17136A,BLUE STONES ON WIRE FOR CANDLE,32.19
37491A,YELLOW/PINK CERAMIC CANDLE HOLDER,31.849999999999998
21391,FRENCH LAVENDER SCENT HEART,31.540000000000003
90125B,AQUA BERTIE GLASS BEAD BAG CHARM,31.51
90125C,TURQUOISE BERTIE GLASS BEAD CHARM,31.500000000000004
79406,FROSTED WHITE BASE ,31.5
90141C,TURQ PENDANT TRIPLE SHELL NECKLACE,31.38
85131D,BEADED CRYSTAL HEART PINK\ON STICK,31.299999999999997
47420,ASSORTED COLOUR SUCTION CUP HOOK,31.16
72024U,LILAC VOTIVE CANDLE,31.08
44091C,MULTICOLOUR CRUSOE CHECK LAMPSHADE,30.66
22577,WOODEN HEART CHRISTMAS SCANDISPOT,30.599999999999998
22937,BAKING MOULD CHOCOLATE CUP CAKES,30.599999999999998
22641,SET OF 4 NAPKIN CHARMS INSTUMENT   ,30.599999999999998
21919,Electronic Talking Breath-A-Loser,30.47
90038B,GLASS AND PAINTED BEADS BRACELET OL,30.42
90176D,DIAMANTE NECKLACE PURPLE,30.31
18010,ASSORTED FRAGRANCE BATH CONFETTI,30.16
20652,BLUE POLKADOT LUGGAGE TAG ,30.049999999999997
22953,BIRTHDAY BANNER TAPE,30.0
22410,TIN CAN HOUSEKEEPING DESIGN,30.0
BANK CHARGES, Bank Charges,30.0
22775,DRAWERKNOB ACRYLIC EDWARDIAN PURPLE,30.0
47563B,WAVELINE SURF IRONING BOARD COVER,30.0
22771,DRAWER KNOB ACRYLIC EDWARDIAN CLEAR,30.0
22772,DRAWER KNOB ACRYLIC EDWARDIAN PINK,30.0
22773,DRAWER KNOB ACRYLIC EDWARDIAN GREEN,30.0
22405,TIN CAN POCKET MONEY DESIGN,30.0
21767,FRENCH STYLE WIRE DOOR CABINET ,29.95
78056,CAMOUFLAGE BACKPACK ON WHEELS,29.849999999999998
90001C,ANTIQUE OPAL WHITE FLOWER EARRINGS,29.810000000000002
84985a,SET OF 72 GREEN PAPER DOILIES,29.8
90152B,BLUE/GREEN SHELL NECKLACE W PENDANT,29.75
90060B,FIRE POLISHED GLASS NECKL GOLD,29.75
90043,COPPER AND BRASS BAG CHARM,29.700000000000003
22472,"TRAY FOR TV DINNER , DOLLY GIRL",29.700000000000003
90081B,LILY BROOCH WHITE/SILVER COLOUR,29.700000000000003
22474,"TRAY FOR TV DINNER ,SPACEBOY",29.700000000000003
90130D,RED STONE/CRYSTAL EARRINGS,29.610000000000007
90011C,GREEN CRYSTAL DROP EARRINGS,29.53
90027B,GLASS BEAD HOOP EARRINGS MONTANA,29.520000000000003
47591b,SCOTTIES CHILDRENS APRON,29.47
22936,BAKING MOULD ROSE WHITE CHOCOLATE,29.25
84510C,SET OF 4 POLKADOT COASTERS,28.77
22882,NUMBER TILE VINTAGE FONT 3,28.23
35265,COLOURFUL FLOWER FRUIT BOWL,27.8
17091F,SANDALWOOD INCENSE IN TIN,27.71
47013C,WINE BOTTLE DRESSING DARK BLUE,27.549999999999997
16161G,WRAP BAD HAIR DAY,27.5
22878,NUMBER TILE COTTAGE GARDEN No,27.35
21097,SET/6 GREEN SPRING  PAPER PLATE,27.2
84867b,BLUE BABY BOY'S PHOTO ALBUM,27.14
90011A,MIDNIGHT BLUE CRYSTAL DROP EARRINGS,26.77
17013F,ORIGAMI SANDLEWOOD INCENSE IN TUBE,26.7
90027C,GLASS BEAD HOOP EARRINGS GREEN,26.67
90202A,PURPLE ENAMEL FLOWER HAIR TIE,26.62
22232,3 PIECE JIGSAW TOADSTOOLS,26.4
84876C,SILVER HEART COMPACT MIRROR,26.25
85164b,BLACK BAROQUE CUCKOO CLOCK,26.04
90001A,ANTIQUE RASPBERRY FLOWER EARRINGS,25.65
90132,LIGHT TOPAZ TEAL/AQUA COL NECKLACE,25.56
90054,CRACKED GLAZE EARRINGS RED,25.53
84617,NEW BAROQUE BLACK BOXES,25.5
44265,M/COLOUR POM-POM CURTAIN,25.5
22168,"ORGANISER WOOD, ANTIQUE WHITE ",25.5
84968b,S/16 VINTAGE IVORY CUTLERY,25.49
84968f,SET OF 16 VINTAGE SKY BLUE CUTLERY,25.49
84968d,S/16 VINTAGE RED CUTLERY,25.49
84968a,SET OF 16 VINTAGE ROSE CUTLERY,25.49
84968b,SET OF 16 VINTAGE IVORY CUTLERY,25.49
84968a,S/16 VINTAGE ROSE CUTLERY,25.49
90024F,NEW BAROQUE B'FLY NECKLACE CRYSTAL,25.48
90214O,"LETTER ""O"" BLING KEY RING",25.45
84997c,BLUE 3 PIECE MINI DOTS CUTLERY SET,25.410000000000004
90141E,ORANGE PENDANT TRIPLE SHELL NECKLAC,25.310000000000002
16162M,THE KING GIFT BAG 25x24x12cm,25.2
90141B,IVORY PENDANT TRIPLE SHELL NECKLACE,25.17
84510c,SET OF 4 POLKADOTS COASTERS,25.099999999999998
82613b,"METAL SIGN,CUPCAKE SINGLE HOOK",25.099999999999998
90059B,DIAMANTE HAIR GRIP PACK/2 BLACK DIA,25.029999999999998
22719,"GUMBALL COATHOOK., BLACK & WHITE ",25.0
35633B,BLUE TINSEL GARLAND ,24.7
35596,WOOD XMAS TREE 9 FIG SHELVES,24.65
22872,NUMBER TILE COTTAGE GARDEN 4,24.64
90083,CRYSTAL CZECH CROSS PHONE CHARM,24.61
22885,NUMBER TILE VINTAGE FONT 6 ,24.33
84450A,PINK RABBIT SITTING EASTER,24.18
37494a,FAIRY CAKE CERAMIC BUTTER DISH,24.16
85114a,BLACK ENCHANTED FOREST PLACEMAT,23.94
72801E,4 FESTIVE GREEN DINNER CANDLES,23.91
90183B,AMETHYST DROP EARRINGS W LONG BEADS,23.81
84575B,BROWN DOG CANNISTER W BONE,23.8
90011B,BLACK CRYSTAL DROP EARRINGS,23.79
85184c,S/4 VALENTINE DECOUPAGE HEART BOX,23.77
79302m,"ART LIGHTS,FUNK MONKEY",23.77
90128B,BLUE LEAVES AND BEADS PHONE CHARM,23.759999999999998
90187A,BLUE DROP EARRINGS W BEAD CLUSTER,23.720000000000002
22722,SET OF 6 SPICE TINS PANTRY DESIGN,23.700000000000003
17014F,ORIGAMI SANDLEWOOD INCENSE CONES,23.699999999999996
47556b,TEA TIME TEA TOWELS ,23.64
84086B,YELLOW/BLUE RETRO RADIO,23.6
35909B,PINK FLOWERS RABBIT EASTER,23.6
85040b,SET/4 BLUE FLOWER CANDLES IN BOWL,23.519999999999996
37491B,BLUE/YELLOW CERAMIC CANDLE HOLDER,23.48
47552A,DOTS IRONING BOARD COVER,23.4
90125E,AMBER BERTIE GLASS BEAD BAG CHARM,23.14
84550,CROCHET LILAC/RED BEAR KEYRING,23.099999999999998
84509E,CAROUSEL PLACEMATS ,23.060000000000002
37479P,CUBIC MUG FLOCK PINK ON BROWN,22.95
90095,NECKLACE+BRACELET SET PINK BLOSSOM,22.909999999999997
84660a,WHITE STITCHED WALL CLOCK,22.86
82001s,VINYL RECORD FRAME SILVER,22.86
84251C,"GREETING CARD, TWO SISTERS.",22.800000000000004
90025E,BAROQUE BUTTERFLY EARRINGS MONTANA,22.77
DCGS0003,BOXED GLASS ASHTRAY,22.65
84450B,YELLOW RABBIT SAT EASTER,22.63
84510c,SET OF 4 POLKADOT COASTERS,22.589999999999996
90128C,GREEN LEAVES AND BEADS PHONE CHARM,22.58
90025C,BAROQUE BUTTERFLY EARRINGS GREEN,22.56
90214F,"LETTER ""F"" BLING KEY RING",22.55
37477C,"FLOWER FAIRY MUG+COASTER,ROSE",22.5
90189B,GOLD 2 STRAND NECKLACE-LEAF CHARMS,22.5
84226,HEN HOUSE W FAMILY IN BARN & NEST,22.099999999999998
35652,VINTAGE BEAD CHAISE LONG JEWEL BOX,21.5
84745B,BLUE HANGING GINGHAM EASTER HEN,21.42
90050,CRACKED GLAZE NECKLACE IVORY,21.39
84899E,YELLOW BROWN BEAR FELT PURSE KIT,21.28
21387,IVORY HANGING DECORATION  RABBIT,21.25
85132c,CHARLIE AND LOLA FIGURES TINS,21.23
85132b,CHARLIE AND LOLA TABLE TINS,21.23
22201,FRYING PAN BLUE RETROSPOT,21.22
35603B,S/16 BLACK SHINY/MAT BAUBLES,21.0
90202B,WHITE ENAMEL FLOWER HAIR TIE,20.84
DCGS0072,CAT CAMOUFLAGUE COLLAR,20.68
90012A,MIDNIGHT BLUE DROP CRYSTAL NECKLACE,20.619999999999997
10002R,ROBOT PENCIL SHARPNER,20.57
22880,NUMBER TILE VINTAGE FONT 1,20.43
79172D,PURPLE TINT ACRYLIC FLOWER VASE,20.4
22344,PARTY PIZZA DISH PINK+WHITE SPOT ,20.4
22418,"PEN, 10 COLOURS - SPACEBOY",20.4
22345,PARTY PIZZA DISH BLUE+WHITE SPOT ,20.4
90142A,GREEN PENDANT SHELL NECKLACE,20.36
85232a,SET/3 POLKA DOT STACKING TINS,20.34
22533,MAGIC SLATE BAKE A CAKE ,20.16
82613c,"METAL SIGN,CUPCAKE SINGLE HOOK",20.08
72801g,4 BURGUNDY WINE DINNER CANDLES,20.08
90082C,DIAMANTE BOW BROOCH WHITE COLOUR,19.93
90206A,GOLD DIAMANTE STAR BROOCH,19.8
84570B,WHITE SATIN DRESS JEWEL STAND,19.8
20680,PINK FLOWERS CHILDS UMBRELLA,19.5
10124A,SPOTS ON RED BOOKCOVER TAPE,19.32
21185,HOME SWEET HOME  BLACKBOARD,19.049999999999997
90128D,PURPLE LEAVES AND BEADS PHONE CHAR,18.78
84030B,KNITTED POM POM HOT WATER BOTTLE,18.75
90205A,LARGE MINT DIAMANTE HAIRSLIDE,18.71
40005B,BLUE ORGANDY ROUND LAMPSHADE W BEA,18.7
16054,POPART RECT PENCIL SHARPENER ASST,18.48
22884,NUMBER TILE VINTAGE FONT 5,18.48
22870,NUMBER TILE COTTAGE GARDEN 2,18.48
44089C,LILAC GAUZE BUTTERFLY LAMPSHADE,18.48
84311,CAMOFLAGE CUSHION COVER,18.15
72796A,S/3 ENGLISH LAVENDER SQU CANDLE,18.15
90154,LAZER CUT NECKLACE W PASTEL BEADS,17.9
84986b,SET OF 36 SILVER PAPER DOILIES,17.88
84614C,BLUE BAROQUE FLOCK CANDLE HOLDER,17.85
18097B,BLUE TALL PORCELAIN T-LIGHT HOLDER,17.849999999999998
90053,CRACKED GLAZE EARRINGS IVORY,17.79
21249,WOOD ANIMALS HEIGHT CHART STICKERS ,17.700000000000003
85095,THREE CANVAS LUGGAGE TAGS,17.55
35591T,TURQUOISE CHRISTMAS TREE ,17.5
22887,"NUMBER TILE VINTAGE FONT, 8",17.36
22881,"NUMBER TILE VINTAGE FONT, 2",17.36
22883,"NUMBER TILE VINTAGE FONT, 4",17.36
22886,"NUMBER TILE VINTAGE FONT, 7",17.36
22879,"NUMBER TILE VINTAGE FONT, 0",17.36
22885,"NUMBER TILE VINTAGE FONT, 6 ",17.36
22884,"NUMBER TILE VINTAGE FONT, 5",17.36
22880,"NUMBER TILE VINTAGE FONT, 1",17.36
22882,"NUMBER TILE VINTAGE FONT, 3",17.36
37482b,CUBIC MUG BLUE POLKA DOT,17.35
DCGS0066N,NAVY CUDDLES DOG HOODIE,17.3
84796b,BLUE SAVANNAH PICNIC HAMPER FOR 2,17.12
DCGS0068,DOGS NIGHT COLLAR,17.12
47518f,ICON PLACEMAT POP ART ELVIS,17.02
22777,GLASS BELL JAR LARGE,17.0
84993b,75 BLACK PETIT FOUR CASES,16.99
21120,*Boombox Ipod Classic,16.98
85035a,GARDENIA 3 WICK MORRIS BOXED CANDLE,16.94
72802a,ROSE SCENT CANDLE IN JEWELLED BOX,16.94
85035c,ROSE 3 WICK MORRIS BOX CANDLE,16.94
85036b,CHOCOLATE 1 WICK MORRIS BOX CANDLE,16.94
15060b,FAIRY CAKE DESIGN UMBRELLA,16.94
21594,Dr. Jam's Arouzer Stress Ball,16.93
72805,VANILLA CANDLE IN EMBOSSED ZINC POT,16.9
84559b,3D SHEET OF CAT STICKERS,16.9
22871,NUMBER TILE COTTAGE GARDEN 3 ,16.84
47591c,BLUE FAIRY CAKE CHILD'S APRON,16.84
22889,NUMBER TILE VINTAGE FONT No ,16.83
21750, LARGE SKULL WINDMILL,16.8
21511,VINTAGE COLLAGE  GREETING  CARD ,16.8
72785A,S/4 CONTEMPORY PINK ROSEBUD CANDLES,16.8
84745A,PINK HANGING GINGHAM EASTER HEN,16.8
79066k,RETRO MOD TRAY,16.599999999999998
22858,EASTER TIN KEEPSAKE,16.56
22384,LUNCH BAG PINK POLKADOTS,16.5
85225,BLING KEY RING STAND,16.25
22877,NUMBER TILE COTTAGE GARDEN 9,16.22
22887,NUMBER TILE VINTAGE FONT 8,16.22
84993a,75 GREEN PETIT FOUR CASES,16.15
47503J ,SET/3 FLORAL GARDEN TOOLS IN BAG,16.13
85160b,BLACK BIRD GARDEN DESIGN MUG,16.13
90141D,ROSE PENDANT TRIPLE SHELL NECKLACE,15.969999999999999
84630,FLOWERS AND BIRDS WALL PLAQUE,15.9
84250M,"GREETING CARD, BLACKPOOL ROCK",15.9
22778,GLASS BELL JAR SMALL,15.8
84251B,"GREETING CARD, STICKY GORDON",15.760000000000002
35932,PINK CHRISTMAS TREE DECORATION,15.63
78034B,BLUE NETTING STORAGE HANGER,15.6
37489B,BLUE/YELLOW FLOWER DESIGN BIG MUG,15.6
84509a,ENGLISH ROSE PLACEMATS,15.56
84912a,PINK ROSE WASHBAG,15.56
21560,TOADSTOOL  LUNCHBOX WITH CUTLERY,15.44
21853,GUMBALL CUSTOM CARS TOP TRUMPS GAME,15.399999999999999
37481,CUBIC MUG TEATIME CAKES,15.299999999999999
90025F,BAROQUE BUTTERFLY EARRINGS CRYSTAL,15.27
84509e,SET OF 4 CAROUSEL PLACEMATS ,15.24
85124c,GREEN JUICY FRUIT PHOTO FRAME,15.18
90214V,"LETTER ""V"" BLING KEY RING",15.1
22288,HANGING METAL RABBIT DECORATION,15.059999999999999
84596b,SMALL DOLLY MIX DESIGN ORANGE BOWL,15.059999999999999
22954,HEN PARTY BANNER TAPE,15.0
22408,TIN CAN CONFECTIONERY DESIGN,15.0
90127A,PINK BEADS+HAND PHONE CHARM,15.0
75172,PAINTED SEA SHELL METAL WINDCHIME,15.0
21475,SWEETHEART CREAM STEEL FOLDIN CHAIR,14.95
22139,11 PC CERAMIC TEA SET POLKADOT,14.850000000000001
84567,FROSTED GLASS WITH SILVER SURROUND,14.85
90011E,AMBER CRYSTAL DROP EARRINGS,14.85
90177A,CLASSIC DIAMANTE EARRINGS JET,14.79
90182C,BLACK 3 BEAD DROP EARRINGS,14.780000000000001
SP1002,KID'S CHALKBOARD/EASEL,14.75
22879,NUMBER TILE VINTAGE FONT 0,14.58
22292,HANGING CHICK  YELLOW DECORATION,14.58
22876,NUMBER TILE COTTAGE GARDEN 8,14.58
48195,DOORMAT GREEN PAISLEY ,14.43
37489C,GREEN/BLUE FLOWER DESIGN BIG MUG,14.36
84868A,PINK BABY GIRL'S MEMORY BOX,13.9
21852,EMPIRE TEDDY,13.9
84406b,CREAM CUPID HEARTS COAT HANGER,13.82
16245A,PINK MINI STATIONERY SET W CASE,13.75
35936,CERISE+GOLD CHRISTMAS TREE DEC,13.68
37489D,PINK/GREEN FLOWER DESIGN BIG MUG,13.65
84814B,RHOMBUS CRYSTAL PERFUME BOTTLE,13.65
47348A,FUSCHIA VOILE POINTY SHOE DEC,13.649999999999999
84867a,PINK BABY GIRLS PHOTO ALBUM,13.57
79342b,BROWN FLOWER LIGHTS,13.57
21525,BEWARE OF THE CAT DOORMAT,13.5
85039b,S/4 IVORY MINI ROSE CANDLE IN BOWL,13.44
22293,HANGING CHICK GREEN DECORATION,13.37
35004s,SET OF 3 SILVER FLYING DUCKS,13.0
85159b,"WHITE TEA,COFFEE,SUGAR JARS",13.0
16192,PINK BALLET OPENING CUBE BOX ,12.899999999999999
84989b,75 BLACK FAIRY CAKE CASES,12.8
84247J,PACK/12 RUSSIAN DOLL CARDS,12.780000000000001
84648,NEW BAROQUE WALL MIRROR,12.75
90055,CRACKED GLAZE EARRINGS BROWN,12.75
21772,VINTAGE METAL CAKE STAND CREAM ,12.75
85083,KISS REINDEER SCANDINAVIAN STOCKING,12.75
20812,EMBOSSED FLOWER TRELLIS PHOTO FRAME,12.75
85115B,S/4 BLACK DISCO PARTITION PANEL,12.75
72752B,"F.FAIRY,CANDLE IN GLASS,LAVENDER",12.75
35004p,SET OF 3 PINK FLYING DUCKS,12.72
85157,SET OF 2 CHESTS CHOCOLAT AU LAIT,12.72
DCGS0075,CAMOUFLAGUE DOG LEAD,12.72
DCGS0070,CAMOUFLAGE DOG COLLAR,12.72
DCGS0037,KEY-RING CORKSCREW,12.72
35751C,PURPLE CURRENT CANDLE RING,12.61
35815P,"ACRYLIC JEWEL SNOWFLAKE, PINK",12.6
72801e,S/4 FESTIVE GREEN DINNER CANDLES,12.549999999999999
35918B,BLUE FLORIBUNDA EGG WARMER,12.5
51012L,"FEATHER DUSTER, LIGHT PINK",12.5
35597A,DUSTY PINK CHRISTMAS TREE 30CM,12.5
m,Manual,12.5
47344B,BLUE FLOWER DES PURSE,12.5
22868,NUMBER TILE COTTAGE GARDEN 0 ,12.32
90000C,OPAL WHITE/SILVER FLOWER NECKLACE,12.32
90031,BILI NUT AND WOOD NECKLACE,12.010000000000002
22874,NUMBER TILE COTTAGE GARDEN 6,12.01
90183C,BLACK DROP EARRINGS W LONG BEADS,11.969999999999999
90027A,GLASS BEAD HOOP EARRINGS BLACK,11.82
85185E,DUCK SOCK PUPPET,11.8
90152A,SILVER/NAT SHELL NECKLACE W PENDANT,11.58
17174,ASSTD RASTA KEY-CHAINS,11.34
79070b,ENGLISH ROSE SQUARE CAKE TINS,11.26
47341B,BLUE TABLE RUN FLOWER,11.25
84366,VENDETTA CANVAS PICTURE,11.25
16151A,FLOWER DES BLUE HANDBAG/ORANG HANDL,11.25
17011B,ORIGAMI JASMINE INCENSE+FLOWER ,11.100000000000001
47590b,PINK HAPPY BIRTHDAY BUNTING,11.02
47590a,BLUE HAPPY BIRTHDAY BUNTING,11.02
72785B,S/4 CONTEMPORY RED ROSEBUD CANDLES,10.9
90136,PALE PINK/AMETHYST STONE NECKLACE,10.62
16169G,WRAP ROMANTIC DECOUPAGE,10.5
22959,"WRAPPING PAPER, XMAS VILLAGE",10.5
90214Z,"LETTER ""Z"" BLING KEY RING",10.5
16169A,WRAP CHRISTMAS DECOUPAGE,10.5
21496,WOODLAND CREATURES  WRAP,10.5
44089A,PINK GAUZE BUTTERFLY LAMPSHADE,10.5
17084G,MOON INCENSE,10.5
84206A,3 BLACK CATS W HEARTS BLANK CARD,10.450000000000001
22886,NUMBER TILE VINTAGE FONT 7,10.370000000000001
21858,HIGH SCHOOL MUSICAL 3 TOP TRUMPS ,10.23
21857,STAR WARS TOP TRUMPS GAME,10.23
85124b,BLUE JUICY FRUIT PHOTO FRAME,10.23
22196,HEART MEASURING SPOONS SMALL,10.2
44228,CANNABIS LEAF BEAD CURTAIN,10.2
10080,GROOVY CACTUS INFLATABLE,10.2
22346,PARTY PIZZA DISH GREEN+WHITE SPOT ,10.2
22343,PARTY PIZZA DISH RED+WHITE SPOT ,10.2
20939,ORANGE CANDLE,10.2
81950V,FLOWER PURPLE CLOCK W/SUCKER,10.2
85232d,SET/3 DECOUPAGE STACKING TINS,10.17
84661c,PINK SQUARE TABLE CLOCK,10.12
22873,NUMBER TILE COTTAGE GARDEN 5,10.06
22875,NUMBER TILE COTTAGE GARDEN 7,10.06
84743C,ORANGE FELT VASE + FLOWERS,10.0
84971s,SMALL HEART FLOWERS HOOK ,9.959999999999999
22829,BROCANTE SHELF WITH HOOKS,9.95
35650,VINTAGE BEAD PINK JEWEL STAND,9.9
84732B,CUTE BIRD CEATURE SCREEN,9.899999999999999
85179a,GREEN BITTY LIGHT CHAIN,9.32
20822,SILVER WINE GOBLET,9.3
62074B,ELEPHANT CLIP W SUCTION CUP,9.24
72708,SCULPTED ROUND IVORY CANDLE ,9.24
10124G,ARMY CAMO BOOKCOVER TAPE,9.24
84536a,ENGLISH ROSE NOTEBOOK A7 SIZE,8.91
90076,MONTANA DIAMOND CLUSTER EARRINGS,8.879999999999999
20882,MODERN CHRISTMAS TREE CANDLE,8.850000000000001
62097A,PINK STRIPES SHOULDER BAG,8.850000000000001
18098B,BLUE PORCELAIN B'FLY OIL BURNER,8.850000000000001
37488A,YELLOW PINK FLOWER DESIGN BIG BOWL,8.850000000000001
20954,*USB Office Mirror Ball,8.65
21406,SPOTTY CAT DOORSTOP ,8.65
20739,*USB Office Glitter Lamp,8.65
90013E,AMBER VINTAGE EARRINGS ,8.57
90077,BLACK DIAMOND CLUSTER EARRINGS,8.54
84572,6 HOOK JEWEL STAND LILAC DRESS,8.49
90126B,BLUE BERTIE MOBILE PHONE CHARM,8.48
72803b,OCEAN SCENT CANDLE JEWELLED DRAWER,8.47
72807a,SET/3 ROSE CANDLE IN JEWELLED BOX,8.47
84030b,KNITTED POM POM HOT WATER BOTTLE,8.46
35809a,ENAMEL PINK TEA CONTAINER,8.42
22883,NUMBER TILE VINTAGE FONT 4,8.42
35597D,PINK/WHITE CHRISTMAS TREE 30CM,7.800000000000001
47591C,BLUE FAIRY CAKE CHILDRENS APRON,7.8
22869,NUMBER TILE COTTAGE GARDEN 1,7.8
84509c,DOTTY PLACEMATS ,7.78
84029c,BROWN FURRY HOT WATER BOTTLE,7.78
37468,HARDMAN MUG 3 ASSORTED,7.78
90039A,FIRE POLISHED GLASS BRACELET RED,7.65
22206,"MUG , DOTCOMGIFTSHOP.COM ",7.65
90208,PAIR OF PINK FLOWER CLUSTER SLIDE,7.62
84997d,PINK 3 PIECE MINI DOTS CUTLERY SET,7.62
90102,WHITE FRANGIPANI HAIR CLIP,7.609999999999999
90025B,BAROQUE BUTTERFLY EARRINGS RED,7.5600000000000005
84596f,SMALL MARSHMALLOWS PINK BOWL,7.529999999999999
72801c,4 ROSE PINK DINNER CANDLES,7.529999999999999
82011E,"BATHROOM SCALES, FAG BREAK",7.5
90025D,BAROQUE BUTTERFLY EARRINGS PINK,7.5
46037A,PINK CANVAS DES CUSHION COVER ,7.5
90176B,DIAMANTE NECKLACE BLACK ,7.5
20942,SET/6 GINGERBREAD TREE T-LIGHTS,7.5
47341A,FUSCHIA TABLE RUN FLOWER ,7.5
90068,"RUBY GLASS NECKLACE 42""",7.5
90041,PEARL AND CHERRY QUARTZ BRACLET,7.4
90111,BLUE HIBISCUS  HAIR CLIP,7.35
22291,HANGING CHICK CREAM DECORATION,7.33
35001P,HAND OPEN SHAPE PINK,6.98
85230D,VANILLA SCENTED VOTIVE CANDLE,6.959999999999999
85230C,ROSE SCENTED VOTIVE CANDLE,6.959999999999999
84705b,FAIRY CAKES PHOTO FRAME,6.86
35443,RASTA IN BATH W SPLIFF ASHTRAY,6.8
37484,ENGLISH ROSE TEA FOR ONE GIFT BOX,6.75
22843,"BISCUIT TIN, MINT,IVORY, VINTAGE",6.75
48173A,DOOR MAT BLUE FLOCK,6.75
22351,DOTCOMGIFTSHOP TEA TOWEL,6.72
84534b,FAIRY CAKE NOTEBOOK A5 SIZE,6.64
84732D,CUTE RABBIT CEATURE SCREEN ,6.6
20858,SILVER PURSE GOLD PINK BUTTERFLY,6.6
84536b,FAIRY CAKES NOTEBOOK A7 SIZE,6.48
20884,MODERN CHRISTMAS TREE CANDLE ,6.300000000000001
47592B,SCOTTIE DOGS CHILDRENS OVERALL,6.300000000000001
79140,ASS WINDPROOF MARIJUANA LIGHTERS,6.3
71050,SMALL SINGLE FLAME CANDLE HOLDER,6.299999999999999
20673,STRAWBERRIES PRINT BOWL,6.25
82072,WHITE WOOD SINGLE P/FRAME,6.25
37408,ASSORTED DESIGN GEISHA GIRL MUGS,6.25
79051a,SMOKEY GREY COLOUR D.O.F. GLASS,6.04
85123b,ZINC HANGING HEART T-LITE HLDR,6.04
90011D,PURPLE CRYSTAL DROP EARRINGS,5.99
85077,KISSING REINDEER TABLE RUNNER,5.95
35638A,PINK AND BLACK STRING CURTAIN,5.95
72751A,"F.FAIRY S/3 SML CANDLE,LILY/VALLEY",5.95
72751C,"F.FAIRY S/3 SML CANDLE, ROSE",5.95
72751B,"F.FAIRY S/3 SML CANDLE, LAVENDER",5.95
37409,ASSORTED DESIGN FLOWER MUGS,5.949999999999999
85184d,S/4 BLUE ROUND DECOUPAGE BOXES,5.91
18098A,PINK PORCELAIN B'FLY OIL BURNER,5.9
62097B,BLUE STRIPES SHOULDER BAG,5.9
79303A,WHITE ROHMBIC BLOCK TABLE LAMP,5.9
35823P,"ACRYLIC BEAD GARLAND,PINK",5.9
22360,"GLASS JAR, ENGLISH CONFECTIONERY",5.9
35821P,"JEWELLED DECORATION,PINK",5.9
85186B,BUNNY BUNCH OF FLOWERS,5.88
35051B,PINK BEADED CONE CHRISTMAS,5.88
22888,NUMBER TILE VINTAGE FONT 9 ,5.85
35537,CANDLE RING W/CLEAR BEADS,5.46
21838,DADDY MOUSE RED GINGHAM BOW TIE,5.45
35751D,PINK CURRENT CANDLE RING,5.32
16215,FUNKY GIRLZ MAGNETIC TO DO LIST ,5.2
21860,DR WHO TOP TRUMPS GAME,5.17
21854,EURO FOOTBALL STARS TOP TRUMPS GAME,5.17
71434B,"BLACK RND BULLET""KEEP CLEAN"" BIN",5.1
71101A,ANGEL ON KNEES METAL POLE 100CM H,5.1
90135,ORANGE/WHT/FUSCHIA STONES NECKLACE,5.09
90142C,ROSE PINK PENDANT SHELL NECKLACE,5.09
90142B,IVORY PENDANT SHELL NECKLACE,5.09
84942,KASHMIR FOLKART HEART DISHES,5.07
84951b,SET OF 4 BLACK LOVEBIRD COASTERS,5.06
72740B,LARGE WHITE CHOCOLATE CANDLE,5.06
84661a,WHITE SQUARE TABLE CLOCK,5.06
DCGS0041,HAYNES MINI-COOPER PLAYING CARDS,5.06
79149B,SILICON STAR BULB  BLUE,5.04
20877,MODERN CHRISTMAS BAUBLE CANDLE ,5.04
84596g,SMALL CHOCOLATES PINK BOWL,5.02
85049b,LUSH GREENS RIBBONS,5.02
85049g,CHOCOLATE BOX RIBBONS ,5.02
72801g,S/4 BURGUNDY WINE DINNER CANDLES,5.02
82613a,"METAL SIGN,CUPCAKE SINGLE HOOK",5.02
84596j,MIXED NUTS LIGHT GREEN BOWL,5.02
72801e,4 FESTIVE GREEN DINNER CANDLES,5.02
37451,CERAMIC CAKE TEAPOT WITH CHERRY,4.95
85232C,RUSSIAN FOLKART STACKING TINS,4.95
90142D,MOP PENDANT SHELL NECKLACE,4.95
85043,RED HEART CANDY POP LIGHTS,4.95
84201B,HAPPY BIRTHDAY CARD STRIPEY TEDDY,4.94
45014,FOLDING SHIRT TIDY,4.65
37326,FAIRY DESIGN MUGS,4.609999999999999
72529w,WHITE ADVENT CANDLE,4.3
72752A,"F.FAIRY,CANDLE IN GLASS,LILY/VALLEY",4.25
81953P,ROUND ARTICULATED PINK CLOCK W/SUCK,4.25
21409,SPOTTY COCKEREL DOORSTOP,4.25
47594a,CAROUSEL DESIGN WASHBAG,4.21
84255A,PINK GLASS COCKTAIL LAMP,4.2
37432,MUG PINK AND PURPLE ARABIC DESIGN,3.9000000000000004
72084B,CHOCOLATE ICE CREAM CANDLE,3.9
22881,NUMBER TILE VINTAGE FONT 2,3.9
44091A,BLUE CRUSOE CHECK LAMPSHADE,3.7800000000000002
35995,SET/6 BLACK GLITTER REINDEER CANDLE,3.7800000000000002
35974,S/6 CHRISTMAS TREE PLACE SETTING,3.75
40046C,PINK BUTTERFLY PAPER LAMPSHADE,3.75
90004A,JADE GREEN PAIR ENAMEL HAIR SLIDES,3.75
37438,FUNKY FLOWER COFFEE POT,3.75
35818C,"ACRYLIC JEWEL ICICLE, CLEAR ",3.43
21081,SET/20 POSIES PAPER NAPKINS,3.4
84559d,3D SHEET OF SEA WORLD STICKERS,3.38
90214Y,"LETTER ""Y"" BLING KEY RING",3.35
90214W,"LETTER ""W"" BLING KEY RING",3.35
20683,RAIN GIRL CHILDS UMBRELLA,3.25
90182B,AMETHYST 3 BEAD DROP EARRINGS,3.03
84985b,SET OF 72 BLACK PAPER DOILIES ,2.98
90182A,AMBER 3 BEAD DROP EARRINGS,2.96
79301,FEATHER HEART LIGHTS,2.95
35598A,DUSTY PINK CHRISTMAS TREE 60CM,2.95
35598C,WHITE CHRISTMAS TREE 60CM,2.95
20885,BOX OF 3 PEBBLE CANDLES,2.95
84402B,PURPLE DRESS JEWELLERY STAND,2.95
DCGS0044,HANDZ-OFF CAR FRESHENER,2.57
81953B,ROUND ARTICULATED BLUE CLOCK W/SUCK,2.55
44092C,PURPLE/COPPER HANGING LAMPSHADE,2.55
47556,SET/2 SPOTTY + ROSE TEA TOWELS ,2.55
90091,CRYSTAL DRAGONFLY PHONE CHARM,2.55
21493,VINTAGE DESIGN GIFT TAGS,2.55
47569,ENGLISH ROSE DESIGN SHOPPING BAG,2.55
85171,S/2 HYACINTH BULB CANDLES,2.55
47554,S/3 COLOURS FLOCK TEA TOWELS,2.55
21036,SET/2 TEA TOWELS MODERN VINTAGE,2.55
20881,MODERN CHRISTMAS TREE CANDLE,2.55
35999,S/6 SCANDINAVIAN HEART T-LIGHT,2.55
DCGS0062,ROAD-RAGE CAR FRESHENER,2.51
21008,ETCHED GLASS HEART TREE DECORATION,2.51
47593a,CAROUSEL DESIGN BABY BIB,2.51
21225,POCKET MIRROR BUTTERFLY ,2.5
21290,LARGE SPOTTY CHOCOLATE GIFT BAG,2.5
90127B,BLUE BEADS+HAND PHONE CHARM,2.5
44242A,LILAC FEATHERS CURTAIN,2.5
84510b,SET OF 4 FAIRY CAKES COASTERS ,2.15
17061,ASSORTED SHAPED STENCIL FOR HENNA,2.08
85192S,HANGING SPRING FLOWER HEART SMALL,1.9500000000000002
46138D,GREEN CHENILLE SHAGGY C/COVER,1.95
35945,GOLD CHRISTMAS STOCKING DECORATION,1.95
22631,CIRCUS PARADE LUNCHBOX ,1.95
84814A,HEXAGONAL CRYSTAL PERFUME BOTTLE,1.95
22659,LUNCHBOX I LOVE LONDON,1.95
22963,JAM JAR WITH BLUE LID,1.7
20737,RED MINI TAPE MEASURE ,1.7
35837,SET OF SIX SILVER+RED FLOCK BAUBLES,1.7
30086C,ASSORTED FRUIT STRAWS,1.7
72754D,F FAIRY POTPOURRI CUSHIONS SUMMER,1.69
16010,FOLDING CAMPING SCISSOR W/KNIF & S,1.68
10109,BENDY COLOUR PENCILS,1.68
85231e,STRAWBERRY SCENTED SET/9 T-LIGHTS,1.66
85231b,CINAMMON SET OF 9 T-LIGHTS,1.66
72796C,S/3 ROSE GARDEN SCENT SQU CANDLE,1.65
85024A,CRYSTAL SMALL JEWELLED PHOTOFRAME,1.65
21585,SWALLOW SMALL TUBE MATCHES,1.65
84731,3 BIRDS CANVAS SCREEN,1.65
35980B,RED TOP SCANDINAVIAN HEART ,1.52
71496B,A4 WALL TIDY RED FLOWERS,1.3
90214U,"LETTER ""U"" BLING KEY RING",1.25
35976B,WHITE SCANDINAVIAN HEART CHRISTMAS,1.25
35950,FOLKART HEART CHRISTMAS DECORATIONS,1.25
84845A,HOLLYHOCK SQUARE HANDY TIN,1.25
TEST002,This is a test product.,1.0
84201C,HAPPY BIRTHDAY CARD TEDDY/CAKE,0.95
79157B,UBO-LIGHT TRIOBASE BLUE,0.85
20721,OWLS CHARLOTTE BAG,0.85
44092B,BLUE WHITE PLASTIC RINGS LAMPSHADE,0.85
84206B,CAT W SUNGLASSES BLANK CARD,0.76
79151B,"SILICON CUBE 25W, BLUE",0.42
84205C,HAPPY BIRTHDAY GINGER CAT CARD,0.38
84206C,CHAMPAGNE TRAY BLANK CARD,0.38
35930,PINK HEART CHRISTMAS DECORATION,0.38
PADS,PADS TO MATCH ALL CUSHIONS,0.014
22961,mailout,0.0
21314,?,0.0
48173C,damaged,0.0
49031B,CHROME EURO HOOK 20cm,0.0
22687,amazon adjustment,0.0
21523,amendment,0.0
16151A,found,0.0
22960,mailout addition,0.0
DCGSSBOY,update,0.0
DCGSSGIRL,update,0.0
17109B,found,0.0
84966C,Sold as A/B,0.0
22902,dotcom email,0.0
21133,checked,0.0
22864,Found,0.0
84924D,eurobargain invc/credit,0.0
22963,Mailout,0.0
22962,Mailout,0.0
21900,?,0.0
17129C,wrong invc,0.0
21770,debenhams,0.0
37479B,tk maxx mix up with pink,0.0
22037,found again,0.0
22501,mailout,0.0
21018,checked,0.0
84944,?sold individually?,0.0
22077,found,0.0
22467,22719,0.0
22734,amendment,0.0
22734,amazon adjustment,0.0
22734,amazon,0.0
20799,damaged,0.0
48188,?,0.0
22502,mailout,0.0
22363,temp,0.0
22361,temp,0.0
22360,temp,0.0
22139,amazon,0.0
35980C,checked,0.0
22236,Rust fixed,0.0
47566B,correct previous adjustment,0.0
22359,temp,0.0
