StockCode,Description,Total_Quantity,Total_Revenue,Average_Price,Transactions
10002,INFLATABLE POLITICAL GLOBE ,7971,6333.76,0.9677142857142856,310
10080,GROOVY CACTUS INFLATABLE,12,10.2,0.85,5
10109,BENDY COLOUR PENCILS,4,1.68,0.42,1
10120,DOGGY RUBBER,487,105.57,0.2568085106382979,47
10125,MINI FUNKY DESIGN TAPES,853,761.66,1.0129411764705882,81
10133,COLOURING PENCILS BROWN TUBE,1015,863.37,0.9427722772277227,101
10134,COLOURING PENCILS BROWN TUBE,625,721.13,1.2907407407407407,52
10135,COLOURING PENCILS BROWN TUBE,2042,2435.21,1.4206875,159
10138,ASSORTED COLOUR JUMBO PEN,261,111.22,0.4776190476190476,21
11001,ASSTD DESIGN RACING CAR PEN,3267,5115.46,1.8749659863945578,144
15030,FAN BLACK FRAME ,111,32.19,0.29,14
15034,PAPER POCKET TRAVELING FAN ,3591,582.4300000000001,0.3453225806451613,123
15036,ASSORTED COLOURS SILK FAN,20659,14471.710000000001,0.9114226804123712,485
15039,SANDALWOOD FAN,3027,2381.39,1.059277108433735,164
16008,SMALL FOLDING SCISSOR(POINTED EDGE),251,62.75,0.25,16
16010,FOLDING CAMPING SCISSOR W/KNIF & S,14,1.68,0.12,2
16011, ANIMAL STICKERS,385,80.85,0.21,12
16011,ANIMAL STICKERS,1724,360.84,0.20910714285714285,56
16012,FOOD/DRINK SPONGE STICKERS,946,198.66,0.21,29
16012,FOOD/DRINK SPUNGE STICKERS,759,158.19,0.20749999999999996,20
16014,SMALL CHINESE STYLE SCISSOR,17042,5503.64,0.3874418604651163,43
16015,MEDIUM CHINESE STYLE SCISSOR,911,421.9,0.4866666666666667,42
16016,LARGE CHINESE STYLE SCISSOR,1065,837.65,0.8326666666666667,45
16033,MINI HIGHLIGHTER PENS,14281,1443.7199999999998,0.11608695652173913,46
16043,POP ART PUSH DOWN RUBBER ,2047,168.54,0.35454545454545455,11
16044,POP-ART FLUORESCENT PENS,6193,389.22,0.3,3
16045,POPART WOODEN PENCILS ASST,412,49.44,0.12,6
16046,TEATIME PEN CASE & PENS,9992,1169.1,0.9718749999999999,46
16047,POP ART PEN CASE & PENS,10612,1054.7,0.9583870967741934,31
16048,TEATIME ROUND PENCIL SHARPENER ,2001,331.76,0.5357894736842105,38
16049,TEATIME GEL PENS ASST,2665,478.4,0.40814814814814815,27
16050,TEATIME PENCIL WITH RUBBER,151,46.45,0.4,8
16051,TEATIME PENCIL W STAMP ASST,941,84.69,0.4325,4
16052,TEATIME PUSH DOWN RUBBER,371,167.7,0.568695652173913,23
16053,POPART COL BALLPOINT PEN ASST,4313,185.73,0.174,10
16054,POPART RECT PENCIL SHARPENER ASST,44,18.48,0.42,6
16119,FUNKY GIRL ADDRESS BOOK,273,130.71,1.0325,8
16192,PINK BALLET OPENING CUBE BOX ,3,12.899999999999999,4.3,1
16212,FUNKY GIRLZ ASST MAGNETIC MEMO PAD,438,287.01,1.637857142857143,38
16215,FUNKY GIRLZ MAGNETIC TO DO LIST ,8,5.2,0.65,3
16216,LETTER SHAPE PENCIL SHARPENER,825,137.64000000000001,0.28818181818181815,43
16218,CARTOON  PENCIL SHARPENERS,811,171.21,0.9075675675675675,37
16219,HOUSE SHAPE PENCIL SHARPENER,310,93.53,0.7279310344827586,29
16225,RATTLE SNAKE EGGS,714,605.83,1.8327536231884056,68
16235,RECYCLED PENCIL WITH RABBIT ERASER,2838,659.1,0.3036129032258065,151
16236,KITTY PENCIL ERASERS,1228,279.21999999999997,0.30777777777777776,130
16237,SLEEPING CAT ERASERS,5944,1289.1,0.2942394822006473,308
16238,PARTY TIME PENCIL ERASERS,1127,258.01,0.31017857142857147,111
16239,BALLERINA HEART DECORATION.,347,492.17,2.6557142857142857,21
16254,TRANSPARENT ACRYLIC TAPE DISPENSER,901,263.08,1.2366666666666666,23
16259,PIECE OF CAMO STATIONERY SET,2093,439.53,0.21,24
17001,HEAVENS SCENT FRAGRANCE OILS ASSTD,1139,278.46999999999997,0.27909090909090906,22
17003,BROCADE RING PURSE ,48384,8922.8,0.23948936170212767,231
17021,NAMASTE SWAGAT INCENSE,1931,496.5,0.29470588235294115,31
17033,"BROCADE PURSE,SMALL ARCH BUTTON",3280,867.8399999999999,0.28536231884057967,69
17038,PORCELAIN BUDAH INCENSE HOLDER,1134,103.45,0.4268181818181818,22
17039,INLAID WOOD INCENSE HOLDER,3707,837.88,0.3774418604651163,43
17061,ASSORTED SHAPED STENCIL FOR HENNA,52,2.08,0.04,1
17096,ASSORTED LAQUERED INCENSE HOLDERS,3696,661.5400000000001,0.3333962264150943,53
17174,ASSTD RASTA KEY-CHAINS,27,11.34,0.42,4
17178,FLAT PALM T-LIGHT HOLDER,133,156.65,1.234,24
17181,CIRCLE OF FRIENDS CANDLE HOLDER,353,642.66,3.771641791044776,65
18007,ESSENTIAL BALM 3.5g TIN IN ENVELOPE,5539,652.97,0.2272340425531915,46
18010,ASSORTED FRAGRANCE BATH CONFETTI,64,30.16,0.5566666666666666,9
20615,BLUE POLKADOT PASSPORT COVER,23,73.63,3.1052380952380956,21
20615,BLUE SPOTTY PASSPORT COVER,316,570.85,2.5984269662921347,88
20616,CHERRY BLOSSOM PASSPORT COVER,93,218.35000000000002,2.56811320754717,53
20617,FIRST CLASS PASSPORT COVER ,406,802.26,2.526666666666667,63
20618,QUEEN OF THE SKIES PASSPORT COVER ,150,364.25,2.5837096774193546,62
20619,TROPICAL PASSPORT COVER ,321,578.98,2.519591836734694,98
20620,RED SPOTTY PASSPORT COVER,15,61.76,4.104285714285714,14
20621,ECONOMY PASSPORT COVER ,207,451.67,2.3584848484848484,33
20622,VIPPASSPORT COVER ,401,840.73,2.855925925925926,81
20652,BLUE POLKADOT LUGGAGE TAG ,20,30.049999999999997,1.3988235294117648,17
20652,BLUE SPOTTY LUGGAGE TAG ,1236,657.9,1.248148148148148,80
20653,CHERRY BLOSSOM LUGGAGE TAG,1933,438.61,1.3594,50
20654,FIRST CLASS LUGGAGE TAG ,246,311.82,1.369718309859155,71
20655,QUEEN OF SKIES LUGGAGE TAG,223,326.21,1.682551020408163,95
20657,TROPICAL LUGGAGE TAG,1809,621.81,1.1429545454545453,88
20658,RED RETROSPOT LUGGAGE TAG,180,259.02,1.598923076923077,62
20658,RED SPOTTY LUGGAGE TAG,1000,1385.3,1.6824489795918367,195
20659,ECONOMY LUGGAGE TAG,212,287.92,1.5149350649350648,77
20660,VIP LUGGAGE TAG ,71,88.75,1.25,26
20661,BLUE POLKADOT PURSE ,372,251.96,2.545238095238095,21
20661,BLUE SPOTTY PURSE ,483,589.9000000000001,2.9594366197183097,70
20662,FIRST CLASS HOLIDAY PURSE ,699,385.93000000000006,2.601612903225807,31
20663,QUEEN OF THE SKIES HOLIDAY PURSE ,1051,308.17,2.483846153846154,26
20664,TROPICAL HOLIDAY PURSE ,25,73.75,2.95,13
20665,RED RETROSPOT PURSE ,169,547.0300000000001,3.9484000000000004,49
20665,RED SPOTTY PURSE ,736,2278.17,3.578525641025641,156
20666,ECONOMY HOLIDAY PURSE,881,370.92,2.8165517241379314,29
20667,CHERRY BLOSSOM PURSE,20,59.00000000000001,2.95,8
20668,DISCO BALL CHRISTMAS DECORATION,8865,1049.25,0.17133720930232557,170
20669,RED HEART LUGGAGE TAG,514,698.36,1.5394444444444444,125
20670,VIP HOLIDAY PURSE,680,334.81000000000006,2.749189189189189,37
20671,BLUE TEATIME PRINT BOWL ,786,1038.72,1.5767832167832168,143
20672,PINK TEATIME PRINT BOWL,138,201.0,1.75,36
20673,STRAWBERRIES PRINT BOWL,5,6.25,1.25,2
20674,GREEN POLKADOT BOWL,310,403.88,1.4923076923076921,50
20674,GREEN SPOTTY BOWL,1564,1963.44,1.4592056074766355,214
20675,BLUE POLKADOT BOWL,595,740.1,1.446388888888889,70
20675,BLUE SPOTTY BOWL,2849,3455.94,1.4349838187702264,308
20676,RED RETROSPOT BOWL,968,1244.16,1.5514285714285714,110
20676,RED SPOTTY BOWL,4630,5660.1900000000005,1.463561320754717,423
20677,PINK POLKADOT BOWL,648,839.87,1.6244444444444444,89
20677,PINK SPOTTY BOWL,3567,4348.93,1.5096883852691216,349
20679,EDWARDIAN PARASOL RED,4546,20628.05,6.4035696821515895,409
20680,PINK FLOWERS CHILDS UMBRELLA,6,19.5,3.25,4
20681,PINK POLKADOT CHILDRENS UMBRELLA,289,1059.97,4.133838383838384,99
20681,PINK SPOTTY CHILDS UMBRELLA,1000,3292.86,3.6892270531400966,206
20682,RED RETROSPOT CHILDRENS UMBRELLA,407,1426.41,4.004462809917355,120
20682,RED SPOTTY CHILDS UMBRELLA,1483,4791.04,3.6955823293172694,247
20683,RAIN GIRL CHILDS UMBRELLA,1,3.25,3.25,1
20684,STRAWBERRY DREAM CHILDS UMBRELLA,504,1663.06,3.6534246575342464,145
20685,DOOR MAT RED SPOT,2487,15889.75,7.8142615012106535,413
20685,DOORMAT RED RETROSPOT,1135,8544.27,8.484024896265561,241
20685,DOORMAT RED SPOT,1087,7765.42,8.001682692307693,206
20685,RED SPOTTY COIR DOORMAT,1174,7563.34,7.999951923076923,208
20686,DOLLY MIXTURE CHILDREN'S UMBRELLA,335,1136.77,3.679649122807018,114
20688,BEAUTY SPEED EXPRESSO CUPS,464,332.9,6.004545454545454,11
20689,RETRO SISTERS EXPRESSO CUPS,429,614.1,6.176585365853659,41
20692,FLORAL ELEPHANT SOFT TOY,908,3682.76,4.892127659574468,139
20693,FLORAL DINOSAUR GREEN,33,161.89000000000001,5.207777777777778,18
20694,FLORAL PINK MONSTER,123,434.79,4.0942105263157895,38
20695,FLORAL BLUE MONSTER,138,587.58,4.887758620689655,58
20696,FLORAL SOFT CAR TOY,99,402.37,4.7225,32
20697,LITTLE GREEN MONSTER SOFT TOY,23,53.25,2.475,12
20698,LITTLE PINK MONSTER SOFT TOY,30,71.1,2.480769230769231,13
20699,MOUSEY LONG LEGS SOFT TOY,203,559.78,3.2475471698113205,52
20700,GREEN CAT FLORAL CUSHION COVER ,348,790.05,5.996,50
20701,PINK CAT FLORAL CUSHION COVER ,328,620.52,4.6125,32
20702,PINK PADDED MOBILE,661,2778.41,4.294038461538461,205
20703,BLUE PADDED SOFT MOBILE,470,1989.22,4.260238095238096,168
20704,MR ROBOT SOFT TOY,145,673.72,7.010277777777778,36
20705,MRS ROBOT SOFT TOY,130,567.34,6.1196,25
20707,CRAZY DAISY HEART DECORATION,1151,779.0500000000001,1.6296226415094337,52
20711,JUMBO BAG TOYS ,7835,15168.38,2.3331180811808117,541
20712,JUMBO BAG WOODLAND ANIMALS,8163,15896.52,2.4577123050259964,570
20713,JUMBO BAG OWLS,9741,18331.829999999998,2.39355587808418,683
20714,POSY SHOPPER BAG,1580,649.8199999999999,0.9467857142857142,28
20715,LITTLE FLOWER SHOPPER BAG,400,424.0,1.06,1
20716,PARTY FOOD SHOPPER BAG,1138,1464.18,1.5072067039106147,177
20717,STRAWBERRY SHOPPER BAG,3482,4272.75,1.5151388888888886,357
20718,RED RETROSPOT SHOPPER BAG,1654,2362.62,1.663712121212121,132
20718,RED SPOTTY SHOPPER BAG,7058,8763.09,1.5206551059730251,517
20719,WOODLAND CHARLOTTE BAG,11612,11505.47,1.0917624020887728,764
20721,OWLS CHARLOTTE BAG,1,0.85,0.85,1
20723,STRAWBERRY CHARLOTTE BAG,8648,8092.07,1.073958944281525,678
20724,RED RETROSPOT CHARLOTTE BAG,3150,3553.3999999999996,1.10140625,253
20724,RED SPOTTY CHARLOTTE BAG,11536,10231.44,1.0475923566878982,781
20725,LUNCH BAG RED RETROSPOT,3435,6365.72,2.146085626911315,321
20725,LUNCH BAG RED SPOTTY,17885,29773.27,1.9617790414297318,1218
20726,LUNCH BAG WOODLAND,12394,20599.95,2.0401465968586385,943
20727,LUNCH BAG  BLACK SKULL.,14847,23936.93,1.933064091308165,1115
20728,LUNCH BAG CARS BLUE,13052,20996.16,1.8701569037656902,944
20729,RED SPOTTY CANDY BAG,5262,1778.12,1.4020661157024794,121
20730,STRAWBERRY CANDY BAG,2218,1011.7,1.0862745098039215,102
20731,POSY CANDY BAG,4051,1144.21,1.4853448275862067,58
20733,GOLD MINI TAPE MEASURE ,723,521.34,0.8637,100
20734,SILVER MINI TAPE MEASURE ,1441,1214.46,1.1895744680851064,93
20735,BLACK MINI TAPE MEASURE ,922,963.2299999999999,1.2900980392156862,102
20736,PINK MINI TAPE MEASURE ,290,233.5,0.8431578947368421,19
20737,RED MINI TAPE MEASURE ,1,1.7,1.7,1
20738,GREEN MINI TAPE MEASURE ,1610,1301.72,0.9545945945945946,74
20739,*USB Office Glitter Lamp,1,8.65,8.65,1
20747,PICCADILLY TEA SET,683,9224.92,15.723703703703702,108
20748,KENSINGTON COFFEE SET,1547,13566.810000000001,12.151699346405229,153
20749,ASSORTED COLOUR MINI CASES,1381,10152.59,8.100245098039215,406
20750, RED/WHITE DOT MINI CASES,491,3696.59,8.196258503401362,145
20750,RED RETROSPOT MINI CASES,403,3139.98,8.538639455782313,146
20750,RED/WHITE DOT MINI CASES,1131,8051.57,7.885097276264592,256
20751,FUNKY WASHING UP GLOVES ASSORTED,1904,4061.5600000000004,2.2915686274509803,287
20752,BLUE POLKADOT WASHING UP GLOVES,154,363.49,2.547575757575758,66
20752,RETRO BLUE SPOTTY WASHING UP GLOVES,965,1655.74,2.31474358974359,156
20753,RETRO PINK SPOT WASHING UP GLOVES,218,509.00000000000006,2.6607142857142856,56
20754,RETRO RED SPOTTY WASHING UP GLOVES,3139,6257.39,2.476270783847981,420
20754,RETROSPOT RED WASHING UP GLOVES,561,1258.3000000000002,2.5248366013071895,151
20755,BLUE PAISLEY POCKET BOOK,4855,833.78,0.8501538461538461,65
20756,GREEN FERN POCKET BOOK,5665,798.01,0.7830952380952381,42
20757,RED DAISY POCKET BOOK ,5202,765.11,0.7926530612244898,48
20758,ABSTRACT CIRCLES POCKET BOOK,5279,829.3199999999999,0.7952727272727274,55
20759,CHRYSANTHEMUM POCKET BOOK ,5718,840.98,0.7415555555555555,45
20760,GARDEN PATH POCKET BOOK,5485,1258.41,0.7741935483870968,62
20761,BLUE PAISLEY SKETCHBOOK,346,954.23,3.760898876404495,88
20762,GREEN FERN SKETCHBOOK ,360,961.45,3.713604651162791,86
20763,DAISY SKETCHBOOK ,196,509.19,3.7851020408163265,49
20764,ABSTRACT CIRCLES SKETCHBOOK ,548,1550.2,3.85155737704918,122
20765,CHRYSANTHEMUM SKETCHBOOK ,346,871.51,3.6724731182795702,92
20766,GARDEN PATH SKETCHBOOK,401,1077.52,3.7011538461538462,103
20767,BLUE PAISLEY JOURNAL ,564,1090.65,2.529313725490196,102
20768,GREEN FERN JOURNAL ,594,1103.27,2.505208333333333,96
20769,DAISY JOURNAL ,362,601.45,2.4299999999999997,47
20770,ABSTRACT CIRCLE JOURNAL ,871,1768.56,2.462919708029197,136
20771,CHRYSANTHEMUM  JOURNAL,507,942.1999999999999,2.488921568627451,102
20772,GARDEN PATH JOURNAL,727,1242.76,2.4072277227722774,100
20773,BLUE PAISLEY NOTEBOOK,3300,899.63,1.758529411764706,99
20774,GREEN FERN NOTEBOOK,3406,834.44,1.7887499999999998,79
20775,DAISY NOTEBOOK ,3472,698.01,1.7972549019607842,51
20776,ABSTRACT CIRCLES NOTEBOOK,3258,832.66,1.7828235294117647,84
20777,CHRYSANTHEMUM NOTEBOOK,3500,998.48,1.875894736842105,94
20778,GARDEN PATH NOTEBOOK ,3600,926.2099999999999,1.8191764705882352,84
20780,BLACK EAR MUFF HEADPHONES,200,1104.55,6.5785526315789475,74
20781,GOLD EAR MUFF HEADPHONES,71,384.14,6.532105263157895,38
20782,CAMOUFLAGE EAR MUFF HEADPHONES,116,726.38,6.601428571428571,63
20783,HEART EAR MUFF HEADPHONES,166,1051.4,7.508571428571429,56
20784,RED RETRO BAR STOOL,107,3570.87,34.55820512820513,39
20785,FUSCHIA RETRO BAR STOOL,89,3149.05,36.18030303030303,32
20786,BLACK RETRO BAR STOOL,100,3533.9,35.75939393939394,32
20787,BLUE RETRO BAR STOOL,74,2535.1,35.78529411764706,31
20791,BLUE TILED SET OF 3 DRAWERS,5,63.75,12.75,1
20793,BLUE TILED TRAY,273,464.5,9.420555555555556,18
20794,BLUE  TILE HOOK,114,313.28999999999996,3.348636363636363,22
20795,LARGE BLUE PROVENCAL CERAMIC BALL,86,195.65,3.1422222222222222,18
20796,SMALL BLUE PROVENCAL CERAMIC BALL,37,78.22,2.7076923076923074,13
20798,CLEAR MILKSHAKE GLASS,529,1261.95,3.142926829268293,80
20799,PINK MILKSHAKE GLASS,200,355.33,3.1257692307692304,26
20799,damaged,1,0.0,0.0,1
20800,LARGE GLASS SUNDAE DISH CLEAR,1005,303.96,3.618,5
20801,LARGE PINK GLASS SUNDAE DISH,81,274.32,3.7311764705882347,31
20802,SMALL GLASS SUNDAE DISH CLEAR,328,645.5799999999999,2.2925,56
20803,SMALL PINK GLASS SUNDAE DISH,215,414.87999999999994,2.246304347826087,46
20804,GLASS CHICKEN BUTTER DISH,325,579.31,2.6788524590163934,61
20812,EMBOSSED FLOWER TRELLIS PHOTO FRAME,5,12.75,2.55,3
20814,SILVER FINCH DECORATION,189,208.89000000000001,1.2061538461538461,13
20816,GOLD FLOWER CUSHION COVER ,16,108.0,6.75,5
20818,GOLD TEDDY BEAR,72,225.8,4.282,25
20819,SILVER TEDDY BEAR,165,390.52,3.7953846153846156,39
20820,SILVER LOOKING MIRROR,9,44.550000000000004,4.95,7
20821,GOLDIE LOOKING MIRROR,25,202.27,8.807894736842105,19
20822,SILVER WINE GOBLET,2,9.3,4.65,1
20823,GOLD WINE GOBLET,89,404.15000000000003,5.731818181818182,11
20825,GOLD WINE GLASS,361,1255.08,6.831428571428572,7
20826,SILVER APERITIF GLASS,79,162.32000000000002,2.0483333333333333,6
20827,GOLD APERITIF GLASS,85,175.04000000000002,2.0483333333333333,6
20828,GLITTER BUTTERFLY CLIPS,3340,7987.9800000000005,2.7960309278350515,378
20829,GLITTER HANGING BUTTERFLY STRING,3528,7152.490000000001,2.4064784053156147,296
20830,SILVER PHOTO FRAME,271,554.78,2.9482608695652175,45
20831,GOLD PHOTO FRAME,258,461.43,2.708048780487805,40
20832,RED FLOCK LOVE HEART PHOTO FRAME,623,561.68,1.1561249999999998,80
20833,SHAKER THROW  QUILTED,52,811.8,27.630000000000003,5
20835,FRENCH LATTICE CUSHION COVER ,14,32.239999999999995,7.63,3
20836,FRENCH PAISLEY CUSHION COVER,54,108.9,2.1100000000000003,5
20837,FRENCH FLORAL CUSHION COVER ,24,45.60000000000001,2.25,3
20838,FRENCH LATTICE CUSHION COVER ,61,104.35000000000001,2.6,6
20839,FRENCH PAISLEY CUSHION COVER ,67,223.33000000000004,4.156875,16
20840,FRENCH FLORAL CUSHION COVER ,353,796.0899999999999,3.0420000000000003,20
20845,ZINC HEART LATTICE 2 WALL PLANTER,57,381.61999999999995,7.863076923076923,13
20846,ZINC HEART LATTICE T-LIGHT HOLDER,754,1042.16,1.5370454545454544,85
20847,ZINC HEART LATTICE CHARGER LARGE,29,124.39,5.314,10
20848,ZINC HEART LATTICE CHARGER SMALL,18,53.10000000000001,2.95,4
20849,ZINC HEART LATTICE DOUBLE PLANTER,674,593.03,4.047083333333333,24
20850,ZINC HEART LATTICE PLANTER BOWL,820,713.8000000000001,2.8434782608695657,23
20851,ZINC HEART LATTICE TRAY OVAL ,326,376.02,5.971363636363637,21
20854,BLUE PATCH PURSE PINK HEART,217,359.76,1.6734246575342466,72
20855,PINK PATCH PURSE BLUE HEART,142,234.29999999999998,1.65,47
20856,DENIM PATCH PURSE PINK BUTTERFLY,201,331.65,1.65,63
20857,BLUE ROSE PATCH PURSE PINK BUTTERFL,223,367.95,1.65,66
20858,SILVER PURSE GOLD PINK BUTTERFLY,4,6.6,1.65,1
20860,GOLD COSMETICS BAG WITH BUTTERFLY,19,39.900000000000006,2.1,10
20861,GOLD COSMETIC BAG PINK STAR,45,94.5,2.1,15
20862,PINK PATCH PENCIL CASE BLUE HEART,325,691.1400000000001,2.6216216216216215,37
20863,BLUE PATCH PENCIL CASE PINK HEART,293,601.53,2.4202,50
20864,DENIM PATCH PENCIL CASE BUTTERFLY,252,498.14000000000004,2.2,29
20865,PATCHWORK PENCIL CASE BUTTERFLY ,251,500.49,2.196060606060606,33
20866,BLUE ROSE FABRIC MIRROR,687,667.99,1.5102857142857142,105
20867,PINK ROSE FABRIC MIRROR,809,759.73,1.443673469387755,96
20868,SILVER FABRIC MIRROR,424,298.72,1.3156,25
20869,GOLD FABRIC MIRROR,349,208.36,1.2249999999999999,24
20870,OPULENT VELVET CANDLE IN BOX,29,52.2,2.9214285714285713,7
20871,OPULENT VELVET SET/3 CANDLES,1271,1969.63,2.6764843750000002,126
20877,MODERN CHRISTMAS BAUBLE CANDLE ,12,5.04,0.42000000000000004,5
20878,SET/9 CHRISTMAS T-LIGHTS SCENTED ,737,952.51,1.4786206896551723,85
20879,TREE OF NOAH FESTIVE SCENTED CANDLE,57,67.8,1.8027272727272725,11
20881,MODERN CHRISTMAS TREE CANDLE,3,2.55,0.85,2
20882,MODERN CHRISTMAS TREE CANDLE,3,8.850000000000001,2.95,2
20884,MODERN CHRISTMAS TREE CANDLE ,3,6.300000000000001,2.1,3
20885,BOX OF 3 PEBBLE CANDLES,1,2.95,2.95,1
20886,BOX OF 9 PEBBLE CANDLES,1302,2591.5699999999997,2.392824074074074,212
20887,BOX OF 6 PEBBLE CANDLES,18,118.39,5.615,8
20888,SET 3 JARDIN DE FEMME SCENT CANDLES,367,547.74,3.8852631578947374,19
20889,JARDIN DE FEMME SCENTED CANDLE,657,398.03999999999996,2.3376923076923077,13
20890,SMALL GLASS ROSE SCENTED CANDLE,605,202.62,2.9925,4
20891,LARGE GLASS ROSE SCENTED CANDLE ,684,236.32999999999998,8.126666666666667,3
20892,SET/3 TALL GLASS CANDLE HOLDER PINK,101,1069.86,15.900540540540538,37
20893,HANGING BAUBLE T-LIGHT HOLDER SMALL,399,926.37,2.7892592592592593,51
20894,HANGING BAUBLE T-LIGHT HOLDER LARGE,238,730.3900000000001,3.3817910447761195,66
20895,VINTAGE NOTEBOOK FRENCH LETTER ,16,47.20000000000001,2.95,4
20896,VINTAGE NOTEBOOK PINK FLOWER,39,115.05000000000001,2.95,14
20897,VINTAGE NOTEBOOK PARIS DAYS,251,574.0400000000001,4.171132075471698,53
20898,VINTAGE NOTEBOOK TRAVELOGUE,289,588.19,3.3851219512195128,40
20899,VINTAGE NOTEBOOK RED ROSE,44,129.8,2.95,12
20901,VINTAGE KEEPSAKE BOX PINK FLOWER,72,721.45,10.930961538461538,52
20902,VINTAGE KEEPSAKE BOX PARIS DAYS,100,901.94,11.510769230769231,65
20903,VINTAGE KEEPSAKE BOX TRAVELOGUE,107,490.61,10.051935483870968,31
20905,VINTAGE KEEPSAKE BOX BEAUTY GIRL,10,63.5,6.35,4
20906,VINTAGE NOTEBOOK BEAUTY GIRL,99,362.34000000000003,4.116808510638298,46
20910,VINTAGE PHOTO ALBUM PARIS DAYS,100,731.02,8.468,45
20913,SET/5 BLUE SPOTTY LID GLASS BOWLS,314,898.7199999999999,3.8030232558139536,43
20914,SET/5 RED RETROSPOT LID GLASS BOWLS,2173,6243.79,3.216666666666667,300
20914,SET/5 RED SPOTTY LID GLASS BOWLS,10420,28734.12,3.1745484949832776,883
20931,BLUE POT PLANT CANDLE ,377,1200.03,4.661630434782609,91
20932,PINK POT PLANT CANDLE,129,515.1800000000001,4.749130434782609,46
20933,YELLOW POT PLANT CANDLE,482,1258.44,4.299772727272727,43
20934,SET/3 POT PLANT CANDLES,129,760.61,7.368372093023255,42
20935,ROUND CACTUS CANDLE,294,556.7800000000001,3.0890697674418606,42
20936,FORKED CACTUS CANDLE,240,547.34,3.660681818181818,44
20939,ORANGE CANDLE,12,10.2,0.85,1
20940,SET/6 GARDEN GNOME T-LIGHT CANDLES,118,342.75,3.475454545454546,22
20941,FROG CANDLE,935,815.01,1.8547169811320754,106
20942,SET/6 GINGERBREAD TREE T-LIGHTS,6,7.5,1.25,4
20943,SET/6 GINGERBREAD STAR T-LIGHTS,381,540.21,1.6716901408450704,71
20950,SET/6  ANGEL T-LIGHTS WHITE/GOLD,687,353.39,0.7546428571428571,83
20952,PORCELAIN CHERUB BELL SMALL,329,150.72,0.6812499999999999,24
20953,PORCELAIN CHERUB BELL LARGE,33,54.449999999999996,1.65,9
20954,*USB Office Mirror Ball,1,8.65,8.65,1
20956,PORCELAIN T-LIGHT HOLDERS ASSORTED,1559,2013.73,1.7806578947368419,148
20957,PORCELAIN HANGING BELL SMALL,126,184.60999999999999,1.5773333333333333,15
20958,PORCELAIN HANGING BELL LARGE,38,70.5,1.92,10
20960,WATERMELON BATH SPONGE,1879,2498.43,1.6256666666666666,207
20961,STRAWBERRY BATH SPONGE ,2440,3141.14,1.6506472491909383,306
20963,APPLE BATH SPONGE,2306,3021.45,1.7126948051948052,303
20964,POLYESTER FILLER PAD 60x40cm,18,45.89999999999999,2.55,5
20966,SANDWICH BATH SPONGE,2432,3477.88,1.7561016949152541,350
20967,GREY FLORAL FELTCRAFT SHOULDER BAG,874,3292.14,3.9574166666666666,236
20968,GREEN FLORAL FELTCRAFT SHOULDER BAG,43,185.11,4.749499999999999,19
20969,RED FLORAL FELTCRAFT SHOULDER BAG,1330,5070.67,4.271873111782478,330
20970,PINK FLORAL FELTCRAFT SHOULDER BAG,1427,5384.87,4.145595238095238,334
20971,PINK BLUE FELT CRAFT TRINKET BOX,11587,15138.11,1.404302848575712,656
20972,PINK CREAM FELT CRAFT TRINKET BOX ,13367,15952.53,1.3965655339805825,815
20973,12 PENCIL SMALL TUBE WOODLAND,5550,3707.8500000000004,0.7822321428571428,325
20974,12 PENCILS SMALL TUBE SKULL,6565,4356.110000000001,0.7454545454545455,495
20975,12 PENCILS SMALL TUBE RED RETROSPOT,3816,2594.4300000000003,0.7375,209
20975,12 PENCILS SMALL TUBE RED SPOTTY,8267,5278.030000000001,0.7499739583333334,368
20976,12 PENCILS SMALL TUBE POSY,549,376.34000000000003,0.748421052631579,76
20977,36 PENCILS TUBE WOODLAND,2108,2810.1,1.5957928802588996,306
20978,36 PENCILS TUBE SKULLS,2354,3084.7799999999997,1.5529449838187703,303
20979,36 PENCILS TUBE RED RETROSPOT,1084,1367.22,1.4981896551724136,116
20979,36 PENCILS TUBE RED SPOTTY,3395,4252.11,1.5688086642599277,275
20980,36 PENCILS TUBE POSY,155,206.65,1.5725,39
20981,12 PENCILS TALL TUBE WOODLAND,2799,2377.77,0.9665703971119134,276
20982,12 PENCILS TALL TUBE SKULLS,2764,2417.5299999999997,0.9609495548961423,331
20983,12 PENCILS TALL TUBE RED RETROSPOT,1231,1059.31,0.9259375,123
20983,12 PENCILS TALL TUBE RED SPOTTY,2358,2074.06,0.9929457364341086,258
20984,12 PENCILS TALL TUBE POSY,2090,781.6899999999999,0.8847435897435898,78
20985,HEART CALCULATOR,1207,1529.92,1.4650295857988165,165
20986,BLUE CALCULATOR RULER,592,755.1,1.5025252525252526,96
20987,GEISHA GIRL CHOPSTICKS SET/5,131,288.35,3.0181818181818185,22
20988,TRELLIS FLOWER CHOPSTICKS SET/5,24,46.8,1.9500000000000002,9
20989,URBAN CHIC CHOPSTICKS SET/5,407,782.18,2.269824561403509,57
20990,SPRING FLOWER CHOPSTICKS SET/5,895,1706.1399999999999,2.2476415094339623,103
20991,JAZZ HEARTS MAGNETIC MEMO PAD,7084,884.5600000000002,0.9515625000000001,32
20992,JAZZ HEARTS PURSE NOTEBOOK,1771,1318.07,0.9454166666666666,164
20993,JAZZ HEARTS MEMO PAD,10967,1334.1100000000001,0.8425,32
20994,JAZZ HEARTS SPIRAL NOTEPAD,47,39.949999999999996,0.85,12
20996,JAZZ HEARTS ADDRESS BOOK,3146,978.39,0.5073275862068966,116
20997,ROSE DU SUD CUSHION COVER ,111,539.13,5.026326530612245,49
20998,ROSE DU SUD OVEN GLOVE,147,464.03000000000003,3.307142857142857,63
21000,ROSE DU SUD COSMETICS BAG,599,1401.83,3.8942553191489364,47
21001,ROSE DU SUD WASHBAG ,75,400.82,5.172444444444444,45
21002,ROSE DU SUD DRAWSTRING BAG,304,1118.8799999999999,3.600322580645161,124
21003,ROSE DU SUD CUSHION COVER,31,187.17,6.032222222222222,18
21004,ROSE DU SUD CHILDRENS APRON,31,135.93,4.482222222222223,18
21004,ROSE DU SUD CHILDS APRON,106,489.14,4.899811320754717,52
21007,ETCHED GLASS DROPLET DECORATION,1927,914.6700000000001,1.18,48
21008,ETCHED GLASS HEART TREE DECORATION,1,2.51,2.51,1
21009,ETCHED GLASS STAR TREE DECORATION,1046,1493.74,1.4848076923076923,101
21010,ETCHED GLASS BIRD TREE DECORATION,850,1114.76,1.478705882352941,83
21011,GLITTER SNOW PEAR TREE DECORATION,1838,1370.8999999999999,1.2519200000000001,117
21012,ANTIQUE ALL GLASS CANDLESTICK,1193,1836.65,2.3785585585585585,111
21014,SWISS CHALET TREE DECORATION ,588,439.84,1.031219512195122,80
21015,DARK BIRD HOUSE TREE DECORATION,237,207.78,1.1258823529411766,50
21016,LIGHT BIRD HOUSE TREE DECORATION,834,582.85,0.9679310344827585,82
21017,RED BIRD HOUSE TREE DECORATION,659,535.89,1.354942528735632,87
21018,BIRD BOX CHRISTMAS TREE DECORATION,211,181.01,0.8895238095238095,40
21018,checked,176,0.0,0.0,1
21025,SPACE FROG,139,181.37,1.477142857142857,28
21026,SPACE OWL,298,408.5,1.7349180327868852,60
21027,NINJA RABBIT PINK,190,249.58,1.447105263157895,37
21028,NINJA RABBIT BLACK,137,187.17,1.7537142857142856,35
21030,SPACE CADET RED,109,132.45,1.23,19
21031,SPACE CADET BLACK,94,116.22,1.3472727272727274,22
21032,SPACE CADET WHITE,108,136.88,1.420952380952381,21
21033,JUMBO BAG CHARLIE AND LOLA TOYS,2691,5388.31,3.506855123674912,283
21034,REX CASH+CARRY JUMBO SHOPPER,2204,2091.9,0.9491622574955908,1075
21035,SET/2 RED RETROSPOT TEA TOWELS ,821,2454.35,3.9454887218045114,132
21035,SET/2 RED SPOTTY TEA TOWELS ,2659,7960.570000000001,3.611655011655012,426
21036,SET/2 TEA TOWELS MODERN VINTAGE,1,2.55,2.55,1
21038,SET/4 MODERN VINTAGE COTTON NAPKINS,93,280.53000000000003,3.049677419354839,31
21039,RED RETROSPOT SHOPPING BAG,110,293.94,3.0477777777777777,27
21039,RED SPOTTY SHOPPING BAG,686,1798.04,2.9305172413793104,116
21040,MODERN VINTAGE COTTON SHOPPING BAG,873,1098.7,2.5349999999999997,61
21041,RED RETROSPOT OVEN GLOVE DOUBLE,526,1675.38,4.081333333333333,120
21041,RED SPOTTY OVEN GLOVE DOUBLE,1284,3715.23,3.6568181818181817,173
21042,RED RETROSPOT APRON ,372,2047.1000000000001,6.795454545454546,76
21042,RED SPOTTY APRON ,794,4638.110000000001,6.717843137254902,204
21043,APRON MODERN VINTAGE COTTON,185,781.1700000000001,6.5903921568627455,51
21051,RIBBONS PURSE ,566,1121.5800000000002,2.279135802469136,78
21054,NURSE'S BAG SOFT TOY,320,2975.0699999999997,9.673821656050956,156
21055,TOOL BOX SOFT TOY ,226,2267.67,10.569682539682539,125
21056,DOCTOR'S BAG SOFT TOY,374,3312.2799999999997,9.44190476190476,126
21058,PARTY INVITES WOODLAND,1259,1105.1899999999998,1.016139240506329,156
21059,PARTY INVITES DINOSAURS,1009,840.7299999999999,0.8836434108527131,129
21060,PARTY INVITES BALLOON GIRL,883,603.4599999999999,0.9345679012345679,81
21061,PARTY INVITES FOOTBALL,944,625.4599999999999,0.8829411764705882,83
21062,PARTY INVITES SPACEMAN,539,438.89,0.8781538461538462,64
21063,PARTY INVITES JAZZ HEARTS,964,828.56,0.9458992805755395,139
21064,BOOM BOX SPEAKER BOYS,608,3276.64,6.468461538461539,77
21065,BOOM BOX SPEAKER GIRLS,48,312.6,6.7609375,30
21066,VINTAGE RED MUG,1584,806.22,1.1341772151898732,79
21067,VINTAGE RED TEATIME MUG,4475,3369.07,1.4073711340206183,194
21068,VINTAGE BILLBOARD LOVE/HATE MUG,2758,2695.08,1.4760804020100502,197
21069,VINTAGE BILLBOARD TEA MUG,3199,3223.91,1.6826699029126213,203
21070,VINTAGE BILLBOARD MUG ,944,923.52,1.5634375,126
21071,VINTAGE BILLBOARD DRINK ME MUG,3459,3841.17,1.5788109756097561,325
21076,SET/20 COLLAGE PAPER NAPKIN ,843,714.55,0.9846808510638299,92
21077,SET/20 WOODLAND PAPER NAPKINS ,2790,2058.1,0.9245641025641025,192
21078,SET/20 STRAWBERRY PAPER NAPKINS ,4458,3669.6,1.0108071748878924,434
21080,SET/20 RED RETROSPOT PAPER NAPKINS ,2911,2515.3199999999997,1.0102941176470588,236
21080,SET/20 RED SPOTTY PAPER NAPKINS ,15688,12185.39,0.9671593291404612,942
21081,SET/20 POSIES PAPER NAPKINS,4,3.4,0.85,4
21082,SET/20 FRUIT SALAD PAPER NAPKINS ,7095,1817.01,0.9708571428571428,138
21084,SET/6 COLLAGE PAPER CUPS,319,235.67000000000002,0.8388372093023256,42
21085,SET/6 WOODLAND PAPER CUPS,13731,1872.68,0.7726470588235294,66
21086,SET/6 RED SPOTTY PAPER CUPS,9766,6088.25,0.8269124423963133,430
21087,SET/6 POSIES PAPER CUPS,119,93.51,0.8876470588235295,16
21088,SET/6 FRUIT SALAD PAPER CUPS,14937,1388.45,0.6488235294117648,33
21089,SET/6 GREEN SPRING PAPER CUPS,92,64.85000000000001,0.839375,16
21090,SET/6 COLLAGE PAPER PLATES,696,456.59999999999997,1.050806451612903,62
21091,SET/6 WOODLAND PAPER PLATES,13700,1868.7,1.0289583333333334,47
21092,SET/6 STRAWBERRY PAPER PLATES,12846,1571.5,1.1092857142857142,28
21094,SET/6 RED SPOTTY PAPER PLATES,11402,8789.859999999999,0.9864978902953586,473
21095,SET/6 POSIES PAPER PLATES,178,162.64,1.0235714285714286,27
21096,SET/6 FRUIT SALAD  PAPER PLATES,14660,2130.6200000000003,0.8839473684210525,38
21097,SET/6 GREEN SPRING  PAPER PLATE,32,27.2,0.85,7
21098,CHRISTMAS TOILET ROLL,5288,9095.45,1.6024873096446701,385
21099,SET/6 STRAWBERRY PAPER CUPS,13290,1516.64,0.755,33
21100,CHARLIE AND LOLA CHARLOTTE BAG,2481,3650.37,2.1210887096774194,247
21102,"CANDLE IN JAR COLLAGE , VANILLA",82,221.07999999999998,3.0614999999999997,20
21106,CREAM SLICE FLANNEL CHOCOLATE SPOT ,564,1752.5800000000002,3.649173553719008,120
21107,CREAM SLICE FLANNEL PINK SPOT ,1551,4550.240000000001,3.6058620689655174,231
21108,FAIRY CAKE FLANNEL ASSORTED COLOUR,2846,7802.7699999999995,3.5362803234501343,370
21109,"LARGE CAKE TOWEL, CHOCOLATE SPOTS",245,1787.75,7.794102564102563,117
21110,LARGE CAKE TOWEL PINK SPOTS,546,4008.38,8.228536585365854,202
21111,"SWISS ROLL TOWEL, CHOCOLATE  SPOTS",508,1648.3300000000002,3.9889230769230775,129
21112,"SWISS ROLL TOWEL, PINK  SPOTS",875,2646.3700000000003,3.6414912280701754,113
21114,LAVENDER SCENTED FABRIC HEART,4392,5621.58,1.7686666666666666,365
21115,ROSE CARAVAN DOORSTOP,695,4884.14,7.9327075812274375,276
21116,OWL DOORSTOP,706,4042.4800000000005,6.6421824104234535,307
21117,BLOND DOLL DOORSTOP,219,360.33,2.2275,12
21118,SHOPPING BAG DOORSTOP,69,104.25,2.5357142857142856,7
21119,Glow In The Dark Shot Glasses ,3,41.01,13.67,3
21120,*Boombox Ipod Classic,1,16.98,16.98,1
21121,SET/10 RED POLKADOT PARTY CANDLES,2472,2940.96,1.2973553719008264,120
21121,SET/10 RED SPOTTY PARTY CANDLES,6561,7990.77,1.3632142857142857,388
21122,SET/10 PINK POLKADOT PARTY CANDLES,1610,1909.3600000000001,1.3029545454545455,87
21122,SET/10 PINK SPOTTY PARTY CANDLES,5666,6882.16,1.3205102040816326,387
21123,SET/10 IVORY POLKADOT PARTY CANDLES,377,471.25,1.25,21
21123,SET/10 IVORY SPOTTY PARTY CANDLES,1261,1578.47,1.3386419753086418,80
21124,SET/10 BLUE POLKADOT PARTY CANDLES,1172,1412.8,1.2802597402597402,75
21124,SET/10 BLUE SPOTTY PARTY CANDLES,4901,5966.95,1.3044984802431612,321
21125,SET 6 FOOTBALL CELEBRATION CANDLES,1504,1429.16,1.3011688311688312,148
21126,SET OF 6 GIRLS CELEBRATION CANDLES,1747,1619.03,1.343939393939394,162
21127,COLOURFUL FISHING GNOME,297,998.0300000000001,7.336600000000001,48
21128,GOLD FISHING GNOME,61,321.65000000000003,8.806521739130435,23
21129,SILVER FISHING GNOME ,72,529.9200000000001,8.73030303030303,33
21130,COLOURFUL STANDING GNOME,721,1200.93,3.9899999999999998,49
21131,GOLD STANDING GNOME,170,700.84,5.97,21
21132,SILVER STANDING GNOME   ,53,276.25,6.211538461538462,26
21133,PAINTED BIRD ASSORTED CHRISTMAS,410,712.91,2.1664285714285714,42
21133,checked,26,0.0,0.0,1
21134,VICTORIAN METAL POSTCARD CHRISTMAS,377,646.4399999999999,2.1581249999999996,46
21135,VICTORIAN  METAL POSTCARD SPRING,3169,5450.81,2.0866666666666664,234
21136,PAINTED METAL PEARS ASSORTED,5919,9868.01,2.1784715025906736,383
21137,BLACK RECORD COVER FRAME,8294,28662.34,4.0511355311355315,272
21143,ANTIQUE GLASS HEART DECORATION ,1918,3776.6499999999996,2.2230722891566264,161
21144,PINK POODLE HANGING DECORATION ,540,277.39000000000004,0.9979999999999999,59
21145,ANTIQUE GLASS PLACE SETTING,747,1103.71,3.827560975609756,41
21146,ANTIQUE GLASS RIDGED HANGING BALL,789,1513.6699999999998,2.179655172413793,58
21147,JINGLE BELLS TREE DECORATION,285,481.09000000000003,2.2868,50
21153,RED SPOTTY TABLECLOTH ,393,4294.6900000000005,11.799856115107914,139
21154,RED RETROSPOT OVEN GLOVE ,1546,2001.34,1.7061379310344826,140
21154,RED SPOTTY OVEN GLOVE ,2816,3778.37,1.5846397694524497,339
21155,RED RETROSPOT PEG BAG,909,1896.2200000000003,2.7811363636363637,132
21155,RED SPOTTY PEG BAG,2662,5282.89,2.4614246575342467,364
21156,RED SPOTTY CHILDS APRON,2506,4678.23,2.070704697986577,296
21156,RETROSPOT CHILDRENS APRON,3715,6718.03,2.253986710963455,299
21157,RED RETROSPOT WASHBAG,49,142.99,3.506666666666667,18
21157,RED SPOTTY WASHBAG,586,1319.96,2.740300751879699,132
21158,MOODY GIRL DOOR HANGER ,1137,1045.98,1.6362745098039215,147
21159,MOODY BOY  DOOR HANGER ,991,860.98,1.632578125,127
21160,KEEP OUT GIRLS DOOR HANGER ,793,554.13,1.479298245614035,57
21161,KEEP OUT BOYS DOOR HANGER ,2240,1613.3,1.652046783625731,168
21162,TOXIC AREA  DOOR HANGER ,942,867.7099999999999,1.67264,125
21163,DO NOT TOUCH MY STUFF DOOR HANGER ,1621,1107.75,1.679136690647482,132
21164,HOME SWEET HOME METAL SIGN ,4274,11656.320000000002,3.2786504424778764,452
21165,BEWARE OF THE CAT METAL SIGN ,5291,8415.65,2.1241016333938294,539
21166,COOK WITH WINE METAL SIGN ,9739,17553.77,2.1823880597014926,732
21167,WHITE SAGE INCENSE,1063,263.03,0.31686274509803924,51
21169,YOU'RE CONFUSING ME METAL SIGN ,4511,7095.92,1.9950571428571429,344
21171,BATHROOM METAL SIGN ,1420,1985.8899999999999,1.6462631578947367,189
21172,PARTY METAL SIGN ,4253,6123.139999999999,1.8113846153846154,511
21173,LOO ROLL  METAL SIGN ,340,607.9599999999999,2.2123076923076925,77
21174,POTTERING IN THE SHED METAL SIGN,5625,10432.949999999999,2.381984,620
21175,GIN + TONIC DIET METAL SIGN,8649,17252.260000000002,2.380269966254218,880
21179,NO JUNK MAIL METAL SIGN,2372,2245.44,1.4856048387096774,245
21181,PLEASE ONE PERSON  METAL SIGN,1867,3868.0700000000006,2.421564245810056,178
21181,PLEASE ONE PERSON METAL SIGN,10887,21725.370000000003,2.3141835518474374,834
21185, HOME SWEET HOME  BLACKBOARD,129,857.2399999999999,7.44390243902439,41
21185,HOME SWEET HOME  BLACKBOARD,3,19.049999999999997,6.349999999999999,3
21186,WHITE DOVE HONEYCOMB PAPER GARLAND,5270,8525.449999999999,2.026818181818182,368
21187,WHITE BELL HONEYCOMB PAPER GARLAND ,1071,1750.9699999999998,1.9717431192660548,105
21188,3D HEARTS  HONEYCOMB PAPER GARLAND,592,1784.9,3.502619047619048,81
21189,WHITE HONEYCOMB PAPER GARLAND ,458,863.9699999999999,2.371754385964912,57
21190,PINK HEARTS PAPER GARLAND,750,1255.1899999999998,1.9935135135135136,107
21191,LARGE WHITE HONEYCOMB PAPER BELL  ,982,2158.7000000000003,2.8045,119
21192,WHITE BELL HONEYCOMB PAPER ,1143,2117.2999999999997,2.3234666666666666,145
21193,WHITE HONEYCOMB PAPER FAN ,111,274.37,2.8434782608695657,22
21194,PINK  HONEYCOMB PAPER FAN,80,195.53,2.7761290322580647,30
21195,PINK  HONEYCOMB PAPER BALL ,324,885.64,3.1977333333333333,75
21196,ROUND WHITE CONFETTI IN TUBE,70,117.20999999999998,1.8399999999999999,9
21197,MULTICOLOUR  CONFETTI IN TUBE,182,300.29999999999995,1.65,20
21198,WHITE HEART CONFETTI IN TUBE,254,465.47999999999996,2.18875,47
21199,PINK  HEART CONFETTI IN TUBE,339,607.3699999999999,2.181830985915493,71
21200,MULTICOLOUR HONEYCOMB PAPER GARLAND,305,538.9699999999999,2.09811320754717,52
21201,TROPICAL  HONEYCOMB PAPER GARLAND ,1515,3567.55,2.8517021276595744,137
21202,DOLLY HONEYCOMB GARLAND,381,619.67,1.7935714285714286,42
21203,BUTTERFLIES  HONEYCOMB GARLAND,1539,2526.9999999999995,2.0413513513513513,145
21204,DAISIES  HONEYCOMB GARLAND ,1110,1817.9099999999999,2.0278861788617886,121
21205,MULTICOLOUR 3D BALLS GARLAND,424,1095.2,3.035925925925926,79
21206,STRAWBERRY HONEYCOMB  GARLAND ,878,1478.4299999999998,1.805114503816794,131
21207,SKULL AND CROSSBONES  GARLAND ,2550,3942.39,1.8488888888888888,153
21208,PASTEL COLOUR HONEYCOMB FAN,139,282.5,2.4848717948717947,38
21209,MULTICOLOUR HONEYCOMB FAN,253,483.44999999999993,2.3787755102040817,49
21210,SET OF 72 RETRO SPOT PAPER  DOILIES,7671,10949.4,1.7337589928057555,554
21210,SET OF 72 RETROSPOT PAPER  DOILIES,1764,2630.77,1.8550000000000002,174
21211,SET OF 72 SKULL PAPER  DOILIES,1536,2115.87,1.6154744525547444,137
21212,PACK OF 72 RETRO SPOT CAKE CASES,46728,24054.43,0.6659163763066203,1410
21212,PACK OF 72 RETROSPOT CAKE CASES,13348,7647.92,0.6837168141592921,443
21213,PACK OF 72 SKULL CAKE CASES,25394,13247.16,0.700280701754386,839
21214,SET OF 72 IVORY PAPER DOILIES,2006,2920.8199999999997,1.9927722772277228,199
21215, IVORY PAPER CUP CAKE CASES ,1153,530.16,0.66,28
21215,IVORY PAPER CUP CAKE CASES ,2257,1328.94,0.8730555555555556,143
21216,"SET 3 RED SPOT TIN TEA,COFFEE,SUGAR",1500,7404.09,6.161862745098039,304
21216,"SET 3 RETROSPOT TEA,COFFEE,SUGAR",312,1697.13,7.229047619047619,83
21217,RED RETROSPOT ROUND CAKE TINS,380,4225.0,12.599536423841059,149
21217,RED SPOTTY ROUND CAKE TINS,1484,14646.039999999999,10.806630669546434,463
21218,RED SPOTTY BISCUIT TIN,2866,10963.07,4.8305162523900576,521
21219,SET/4 BADGES BALLOON GIRL,580,766.48,1.6453763440860214,92
21220,SET/4 BADGES DOGS,325,453.71,1.7867567567567568,73
21221,SET/4 BADGES CUTE CREATURES,286,388.21999999999997,1.653157894736842,57
21222,SET/4 BADGES BEETLES,358,461.48,1.475483870967742,62
21223,SET/4 BADGES WOODLAND ANIMAL,492,587.08,1.4345454545454546,43
21224,SET/4 SKULL BADGES,1291,1659.45,1.4421019108280255,155
21225,POCKET MIRROR BUTTERFLY ,2,2.5,1.25,2
21226,POCKET MIRROR WOODLAND,121,151.25,1.25,18
21228,"POCKET MIRROR ""GLAMOROUS""",92,116.32,1.294,29
21231,SWEETHEART CERAMIC TRINKET BOX,13618,16882.100000000002,1.4692502434274586,1001
21232,STRAWBERRY CERAMIC TRINKET BOX,27060,34411.68,1.465080405002978,1640
21238,RED RETROSPOT CUP,853,760.79,1.0535353535353535,98
21238,RED SPOTTY CUP,4746,3999.45,0.9722323462414578,434
21239,PINK  POLKADOT CUP,744,656.76,1.110919540229885,87
21239,PINK  SPOTTY CUP,3684,3145.4900000000002,0.9951612903225806,369
21240,BLUE  SPOTTY CUP,3390,2877.47,0.9885714285714285,370
21240,BLUE POLKADOT CUP,674,605.49,1.1157831325301204,83
21241,GREEN POLKADOT CUP,111,94.35,0.85,10
21241,GREEN SPOTTY CUP,2102,1774.72,0.9869721115537848,250
21242,RED RETROSPOT PLATE ,397,756.49,2.08013698630137,72
21242,RED SPOTTY PLATE ,3350,5523.2,1.876539792387543,289
21243,PINK  POLKADOT PLATE ,508,850.9399999999999,2.0364406779661017,59
21243,PINK  SPOTTY PLATE ,2872,4645.09,1.8881249999999998,240
21244,BLUE  SPOTTY PLATE ,2404,3859.6299999999997,1.8492718446601941,204
21244,BLUE POLKADOT PLATE ,473,799.74,1.8984313725490194,50
21245,GREEN  SPOTTY PLATE ,1308,2155.17,1.8419594594594595,146
21245,GREEN POLKADOT PLATE ,194,342.89,1.9847058823529413,33
21246,RED RETROSPOT BIG BOWL,42,207.9,4.950000000000001,13
21246,RED SPOTTY BIG BOWL,423,2150.8500000000004,5.613663366336634,101
21247,SET OF RED SALAD SERVERS ,422,664.73,1.8867901234567903,81
21248,DOOR HANGER  MUM + DADS ROOM,838,968.8299999999999,1.578804347826087,92
21249,WOOD ANIMALS HEIGHT CHART STICKERS ,6,17.700000000000003,2.95,1
21249,WOODLAND  HEIGHT CHART STICKERS ,949,2663.69,3.5856462585034015,147
21250,SET OF SKULL WALL STICKERS,309,729.08,3.1602439024390243,41
21251,DINOSAUR HEIGHT CHART STICKER SET,416,1132.68,3.5406818181818185,88
21252,SET OF MEADOW  FLOWER STICKERS,168,408.66,3.3613636363636363,22
21253,SET OF PICTURE FRAME  STICKERS,207,670.1800000000001,4.2203125,64
21255,"FRENCH BOTTLE , LAVENDER",476,860.0799999999999,2.3885416666666663,96
21256,"FRENCH BOTTLE, BRASSERIE DES ARTIST",326,588.64,2.422923076923077,65
21257,VICTORIAN SEWING BOX MEDIUM,899,7532.76,9.926574394463668,289
21258,VICTORIAN SEWING BOX LARGE,1156,16415.04,17.046190476190475,398
21259,VICTORIAN SEWING BOX SMALL ,1216,7379.780000000001,6.901215189873418,394
21260,FIRST AID TIN,2416,8053.45,3.8979895561357703,381
21261,GREEN GOOSE FEATHER CHRISTMAS TREE ,105,542.61,8.082820512820513,39
21262,WHITE GOOSE FEATHER CHRISTMAS TREE ,305,1341.0100000000002,8.086153846153847,65
21263,GREEN GOOSE FEATHER TREE 60CM,135,326.85,4.98764705882353,17
21264,WHITE GOOSE FEATHER TREE 60CM ,109,352.11,6.129047619047619,21
21265,PINK GOOSE FEATHER TREE 60CM,192,450.2,4.997058823529412,17
21266,VINTAGE SILVER TINSEL REEL,23,98.9,4.3,9
21267,VINTAGE PINK TINSEL REEL ,24,74.6,3.4200000000000004,10
21268,VINTAGE BLUE TINSEL REEL,397,261.66,1.2884615384615385,49
21269,ANTIQUE CREAM CUTLERY SHELF ,86,798.84,9.762978723404256,47
21270,ANTIQUE CREAM CUTLERY CUPBOARD,26,344.24,13.54625,15
21272,SALLE DE BAIN HOOK,1828,2376.08,1.6103614457831323,246
21274,EMBOSSED HEART 3 DRAWER SHELF,175,2420.69,14.656037735849056,105
21275,ZINC TOP  2 DOOR WOODEN SHELF ,237,1461.35,12.159090909090908,44
21276,TWO EMBOSSED HEART MINI DRAWERS,677,1558.94,4.253103448275862,29
21277,FRENCH STYLE EMBOSSED HEART CABINET,29,759.91,26.51888888888889,27
21278,VINTAGE KITCHEN PRINT PUDDINGS,2727,1575.3999999999999,3.5691071428571424,111
21279,VINTAGE KITCHEN PRINT FRUITS,3445,1370.86,3.498533333333333,75
21280,VINTAGE KITCHEN PRINT VEGETABLES,3268,1634.69,3.0851724137931034,58
21281,VINTAGE KITCHEN PRINT SEAFOOD,3646,1617.65,3.416491228070175,57
21282,NATURAL BARK CANDLE LARGE,356,1522.28,4.772028985507246,69
21283,NATURAL BARK CANDLE SMALL,512,1629.2,3.6758536585365857,81
21284,RETRO SPOT CANDLE  SMALL,408,744.75,2.3819999999999997,60
21284,RETROSPOT CANDLE  SMALL,749,573.12,1.2855,40
21285,RETRO SPOT CANDLE  MEDIUM,263,566.22,2.848611111111111,36
21285,RETROSPOT CANDLE  MEDIUM,384,403.57000000000005,1.8904545454545456,22
21286,RETRO SPOT CANDLE  LARGE,295,789.26,3.518367346938775,49
21286,RETROSPOT CANDLE  LARGE,441,486.80999999999995,2.152083333333333,24
21287,SCENTED VELVET LOUNGE CANDLE ,2344,1133.6000000000001,1.2836585365853657,41
21288,STRIPEY CHOCOLATE NESTING BOXES,635,1525.5800000000002,3.407094017094017,117
21289,LARGE STRIPES CHOCOLATE GIFT BAG,865,864.31,1.3589090909090908,55
21290,LARGE SPOTTY CHOCOLATE GIFT BAG,2,2.5,1.25,1
21291,SMALL POLKADOT CHOCOLATE GIFT BAG ,490,422.97999999999996,0.9806451612903225,31
21291,SMALL SPOTTY CHOCOLATE GIFT BAG ,1073,918.49,0.9385714285714285,77
21292,SMALL STRIPES CHOCOLATE GIFT BAG ,1610,856.4,0.7898461538461538,65
21293,MIRRORED DOVE WALL DECORATION,227,595.62,3.1413114754098364,61
21294,ETCHED GLASS COASTER,724,948.26,1.4317142857142857,70
21298,EDWARDIAN 2 DRAWER WALL CABINET ,52,755.8,19.37857142857143,14
21299,EDWARDIAN TOILET ROLL UNIT ,166,966.35,11.016176470588235,34
21300,ANTIQUE EDWARDIAN DRESSER,53,841.7,23.479166666666668,12
21303,FILIGREE WALL MIRROR  ANTIQUE WHITE,96,985.54,15.434666666666667,30
21304,ARCHED GREY MIRROR,86,591.58,11.132222222222222,18
21306,SET/4 DAISY MIRROR MAGNETS,190,157.62,2.0955555555555554,27
21307,SET/4 BUTTERFLY MIRROR MAGNETS,672,615.07,2.308360655737705,61
21308,LOUVRE VANITY MIRROR,132,705.9,12.158333333333333,6
21309,LOUVRE CHALKBOARD,49,325.6,9.16,5
21310,CAPIZ CHANDELIER,5,149.75,29.95,3
21311,SET/4 BIRD MIRROR MAGNETS ,248,370.94000000000005,2.3569565217391304,46
21312,LARGE CHUNKY GLASS ROMAN BOWL,299,1179.17,6.8161538461538465,26
21313,GLASS HEART T-LIGHT HOLDER ,3541,3009.83,1.1284186046511626,213
21314,?,1146,0.0,0.0,1
21314,SMALL GLASS HEART TRINKET POT,7401,15454.87,2.7264181818181816,545
21316,SMALL CHUNKY GLASS ROMAN  BOWL,535,937.29,3.082727272727273,33
21317,GLASS SPHERE CANDLE STAND MEDIUM,247,780.34,5.515238095238096,41
21318,GLASS CHALICE BLUE SMALL ,278,478.63999999999993,1.9145454545454543,44
21319,GLASS CHALICE GREEN  SMALL ,349,574.55,1.9982978723404257,47
21320,GLASS CHALICE GREEN  LARGE ,201,549.12,3.2748648648648646,37
21321,GLASS CHALICE BLUE  LARGE ,122,301.8,3.076111111111111,18
21322,GLASS SPHERE CANDLE STAND LARGE ,301,590.45,4.9678571428571425,14
21323,HANGING MEDINA LANTERN LARGE,740,2506.89,5.57325,80
21324,HANGING MEDINA LANTERN SMALL,942,2615.55,3.751052631578947,150
21326,AGED GLASS SILVER T-LIGHT HOLDER,7689,5027.41,0.7954407294832826,324
21327,SKULLS WRITING SET ,1098,1984.5599999999997,2.038199233716475,258
21328,BALLOONS  WRITING SET ,1186,2405.8999999999996,2.284246153846154,320
21329,DINOSAURS  WRITING SET ,1178,2121.96,2.064201388888889,283
21330,WOODLAND ANIMAL  WRITING SET ,1452,2454.0699999999997,2.2783251231527095,201
21331,MOROCCAN BEATEN METAL DISH LARGE,98,780.94,14.65181818181818,22
21332,MOROCCAN BEATEN METAL MIRROR,251,1376.0700000000002,10.539729729729729,37
21333,CLASSIC WHITE FRAME,1024,3094.7400000000002,3.2387735849056605,212
21335,LIBRARY LAMP,42,989.62,25.33285714285714,28
21336,GOLD WASHBAG,1797,475.94000000000005,3.8402941176470584,34
21337,SILVER WASHBAG,33,103.53000000000002,3.465,12
21338,MARAKESH LANTERN SMALL ,199,873.25,6.314285714285715,13
21339,MARAKESH LANTERN LARGE,30,544.5,19.257692307692306,12
21340,CLASSIC METAL BIRDCAGE PLANT HOLDER,797,8098.09,12.599565217391305,138
21341,KASBAH LANTERN WITH GLASS ,72,410.64000000000004,7.1865517241379315,29
21343,GOLD JEWELERY BOX,20,92.00000000000001,8.283333333333333,3
21344,MOROCCAN BEATEN METAL DISH,151,589.73,8.064,20
21347,GOTHIC CARRIAGE LANTERN,8,47.6,5.95,4
21348,PINK SPOTS CHOCOLATE NESTING BOXES ,702,1669.2800000000002,3.14,127
21349,IVY HEART WREATH,547,3970.23,8.44305389221557,166
21350,GINGHAM HEART WREATH,225,647.7500000000001,2.940909090909091,42
21351,CINAMMON & ORANGE WREATH,1028,3238.22,5.244362416107382,148
21352,EUCALYPTUS & PINECONE  WREATH,539,1829.45,5.546595744680851,93
21353,SILVER SLEIGHBELL  WREATH,19,160.45,8.994444444444445,9
21354,TOAST ITS - BEST MUM,1733,2040.6100000000001,1.4309160305343511,130
21355,TOAST ITS - I LOVE YOU ,2732,3315.5,1.5110300429184549,231
21356,TOAST ITS - FAIRY FLOWER,981,1367.25,1.7291588785046728,210
21357,TOAST ITS - DINOSAUR,1373,1809.01,1.5326570048309178,203
21358,TOAST ITS - HAPPY BIRTHDAY,735,927.93,1.383728813559322,118
21359,RELAX LARGE WOOD LETTERS,80,1306.1999999999998,17.422340425531914,45
21360,JOY LARGE WOOD LETTERS,404,2574.14,10.277790697674419,86
21361,LOVE LARGE WOOD LETTERS ,474,6154.86,13.998761061946901,224
21363,HOME SMALL WOOD LETTERS,767,4051.59,5.781506849315068,289
21364,PEACE SMALL WOOD LETTERS,443,3218.51,7.652465753424657,146
21365,MIRRORED WALL ART STARS,113,284.44,3.705925925925926,27
21366,MIRRORED WALL ART PHOTO FRAMES,158,733.4,6.411142857142858,35
21367,MIRRORED WALL ART GENTS,44,94.21,3.555238095238095,21
21368,MIRRORED WALL ART LADIES,38,68.75999999999999,3.3328571428571427,14
21369,MIRRORED WALL ART SPLODGES,34,75.24,4.405,8
21370,MIRRORED WALL ART FOXY,40,164.01,8.300714285714285,14
21371,MIRRORED WALL ART POPPIES,117,236.29999999999998,3.9992307692307687,26
21372,MIRRORED WALL ART TABLE LAMP,83,168.12,3.7954999999999997,19
21373,MIRRORED WALL ART SNOWFLAKES,124,159.85,2.5535714285714284,14
21374,MIRRORED WALL ART SKULLS,170,360.88,3.870769230769231,26
21375,LARGE CAMPHOR WOOD FIELD MUSHROOM ,96,532.3199999999999,7.801944444444445,36
21376,LARGE  TALL CAMPHOR WOOD TOADSTOOL ,151,662.55,5.715333333333334,30
21377,SMALL CAMPHOR WOOD FIELD  MUSHROOM,406,545.15,2.564833333333333,60
21378,SMALL TALL CAMPHOR WOOD TOADSTOOL,418,511.08,2.177962962962963,54
21379, CAMPHOR WOOD PORTOBELLO MUSHROOM,70,122.36,2.189230769230769,26
21379,CAMPHOR WOOD PORTOBELLO MUSHROOM,402,350.03999999999996,1.876923076923077,52
21380,WOODEN HAPPY BIRTHDAY GARLAND,2882,8335.970000000001,3.341045576407507,368
21381,MINI WOODEN HAPPY BIRTHDAY GARLAND,3329,5503.46,2.066346749226006,314
21382,SET/4 SPRING FLOWER DECORATION,98,297.98,3.3052000000000006,25
21383,PACK OF 12 STICKY BUNNIES,1227,848.2500000000001,0.8980246913580247,158
21384,IVORY HANGING DECORATION  BUTTERFLY,1917,1810.1899999999998,1.048157894736842,150
21385,IVORY HANGING DECORATION  HEART,7035,5998.5,1.0045547073791348,383
21386,IVORY HANGING DECORATION  EGG,439,395.14,1.1127272727272726,54
21387,IVORY HANGING DECORATION  RABBIT,25,21.25,0.85,4
21388,IVORY HANGING DECORATION  CHICKEN,311,290.16999999999996,0.9158620689655173,29
21389,IVORY HANGING DECORATION  BIRD,1188,1047.1799999999998,1.0574999999999999,135
21390,FILIGRIS HEART WITH BUTTERFLY,7064,8742.34,1.4527319587628864,378
21391,FRENCH EMROIDR LAVENDER SCENT HEART,341,741.6,2.443970588235294,67
21391,FRENCH LAVENDER SCENT HEART,11,31.540000000000003,3.3659999999999997,5
21392,RED POLKADOT PUDDING BOWL,3686,568.8100000000001,2.4633333333333334,11
21392,RED SPOTTY PUDDING BOWL,3828,869.23,2.504516129032258,31
21393,BLUE  SPOTTY PUDDING BOWL,2679,723.5500000000001,2.3310714285714282,28
21393,BLUE POLKADOT PUDDING BOWL,2545,429.49,2.112727272727273,10
21394,RED POLKADOT BEAKER ,55,95.10999999999999,2.6033333333333335,3
21394,RED SPOTTY BEAKER ,85,165.75,1.95,16
21395,BLUE POLKADOT BEAKER ,18,35.099999999999994,1.95,2
21395,BLUE SPOTTY BEAKER ,112,227.44,2.2447826086956524,23
21396,RED SPOTTY EGG CUP ,948,1205.25,1.7088461538461537,77
21397,BLUE  SPOTTY EGG CUP ,994,1338.3600000000001,1.9963636363636361,99
21397,BLUE POLKADOT EGG CUP ,102,150.67,2.026842105263158,19
21398,RED  SPOTTY COFFEE  MUG,710,1367.79,2.3773584905660377,53
21398,RED POLKADOT COFFEE  MUG,57,145.02,3.2361538461538464,13
21399,BLUE  SPOTTY  COFFEE MUG,241,495.98,2.5700000000000003,35
21399,BLUE POLKADOT COFFEE MUG,85,189.05,2.7492307692307696,13
21400,RED PUDDING SPOON,197,84.44,0.4868421052631579,19
21401,BLUE PUDDING SPOON,392,167.88,0.4878571428571428,41
21402,RED  EGG  SPOON,329,147.9,0.5338333333333334,59
21403,BLUE EGG  SPOON,469,206.84,0.5205660377358491,53
21406,SPOTTY CAT DOORSTOP ,1,8.65,8.65,1
21407,BROWN CHECK CAT DOORSTOP ,1024,4580.9800000000005,5.194376899696048,327
21408,SPOTTY PINK DUCK DOORSTOP,430,1851.48,5.971007751937984,129
21409,SPOTTY COCKEREL DOORSTOP,1,4.25,4.25,1
21410,COUNTRY COTTAGE  DOORSTOP GREEN,312,1458.28,5.5142,150
21411,GINGHAM HEART  DOORSTOP RED,1333,5531.21,4.875904522613066,395
21412,VINTAGE GOLD TINSEL REEL,275,279.0,1.7285135135135135,67
21413,PERIWINKLE T-LIGHT HOLDER,3123,1077.45,1.66525,40
21414,SCALLOP SHELL SOAP DISH,1636,868.79,2.9458333333333333,35
21415,CLAM SHELL SMALL ,132,288.55,2.5805263157894736,38
21416,CLAM SHELL LARGE,747,588.0600000000001,4.176,19
21417,COCKLE SHELL DISH,164,400.41,3.0742307692307693,52
21418,STARFISH SOAP DISH,120,344.09,3.479024390243902,41
21419,CONCH SHELL,1259,577.6899999999999,4.353157894736842,19
21420,OYSTER TRINKET BOX,67,211.75,3.2083333333333335,12
21421,PORCELAIN ROSE LARGE ,1508,1814.8,1.5897916666666667,93
21422,PORCELAIN ROSE SMALL,1596,1360.72,1.0462921348314607,88
21424,WOODLAND STORAGE BOX LARGE ,609,1460.6200000000001,4.190416666666667,72
21425,SKULLS STORAGE BOX LARGE,418,954.44,3.952153846153846,65
21426,WOODLAND STORAGE BOX SMALL,773,1024.5900000000001,2.665636363636364,54
21427,SKULLS STORAGE BOX SMALL,421,766.58,2.916860465116279,85
21428,SET3 BOOK BOX GREEN GINGHAM FLOWER ,1728,6812.3,4.556325581395349,214
21429,RED GINGHAM ROSE JEWELLERY BOX,4828,8352.38,2.029070385126162,741
21430,SET/3 RED GINGHAM ROSE STORAGE BOX,1707,6608.25,4.500056497175141,353
21431,GREEN GINGHAM FLOWER JEWELLERY BOX,1483,2511.3599999999997,1.9398924731182796,278
21432,SET OF 3 CASES WOODLAND DESIGN,942,5435.91,6.09857740585774,237
21437,24 HANGING EASTER EGGS FLORAL TUB,677,2350.92,3.9735964912280703,109
21438,TUB 24 HANGING EASTER EGGS SPOTTY,373,1229.8200000000002,3.8329729729729727,36
21439,BASKET OF TOADSTOOLS,858,1112.94,1.549491525423729,116
21440,12 MINI TOADSTOOL PEGS,472,597.56,1.32875,95
21441,BLUE BIRDHOUSE DECORATION,520,375.28999999999996,1.1270270270270268,73
21442,GREEN BIRDHOUSE DECORATION,537,398.69,1.186025641025641,78
21443,OLIVE CHALET BIRDFEEDER,257,727.9300000000001,4.631923076923077,26
21444,BLUE CHALET BIRDFEEDER,291,902.0300000000001,5.461944444444445,36
21445,12 PINK ROSE PEG PLACE SETTINGS,1321,1639.73,1.5563779527559054,127
21446,12 RED ROSE PEG PLACE SETTINGS,817,1052.69,1.4230370370370369,133
21447,12 IVORY ROSE PEG PLACE SETTINGS,1827,2390.79,1.5546700507614213,193
21448,12 DAISY PEGS IN WOOD BOX,615,1055.86,1.8627007299270073,136
21450,DISTRESSED CANDLE STICK WHITE,13,77.35,5.95,3
21452,TOADSTOOL MONEY BOX,1127,3411.6500000000005,3.314146341463415,238
21454,PAINTED PINK RABBIT ,365,322.44,1.0182758620689654,58
21455,PAINTED YELLOW WOODEN DAISY,289,280.47999999999996,1.1199999999999999,50
21456,2 PICTURE BOOK EGGS EASTER CHICKS,567,553.83,1.4209756097560975,40
21457,2 PICTURE BOOK EGGS EASTER DUCKS,561,550.11,1.45675,40
21458,2 PICTURE BOOK EGGS EASTER BUNNY,586,592.7,1.5059615384615386,52
21459,YELLOW EASTER EGG HUNT START POST,187,370.17,2.4804,25
21460,GREEN EASTER EGG HUNT START POST,85,192.87,2.515,16
21461,BLUE EASTER EGG HUNT START POST,72,147.18,2.2158823529411764,17
21462,"NURSERY A,B,C PAINTED LETTERS",221,1533.51,7.210196078431373,102
21463,MIRRORED DISCO BALL ,721,4158.71,7.142441860465116,172
21464,DISCO BALL ROTATOR BATTERY OPERATED,310,1316.5,4.245689655172414,116
21465,PINK FLOWER CROCHET FOOD COVER,558,1985.3400000000001,4.094545454545455,110
21466,RED FLOWER CROCHET FOOD COVER,633,2400.4,4.0389880952380945,167
21467,CHERRY CROCHET FOOD COVER,765,2274.36,4.055961538461538,154
21468,BUTTERFLY CROCHET FOOD COVER,523,1796.66,4.018888888888888,78
21469,POLKA DOT RAFFIA FOOD COVER,883,2426.69,4.062096774193548,124
21470,FLOWER VINE RAFFIA FOOD COVER,737,2788.35,4.291851851851852,186
21471,STRAWBERRY RAFFIA FOOD COVER,775,2905.04,4.177044025157232,159
21472,LADYBIRD + BEE RAFFIA FOOD COVER,942,3635.16,4.419133858267717,252
21473,SWEETHEART CREAM STEEL TABLE RECT,130,2593.5,19.95,69
21474,SWEETHEART CREAM STEEL FOLDIN BENCH,210,4189.5,19.95,94
21475,SWEETHEART CREAM STEEL FOLDIN CHAIR,1,14.95,14.95,1
21476,STEEL SWEETHEART ROUND TABLE CREAM,101,1519.8799999999999,15.599672131147539,61
21477,STRING OF 20 ROSE LIGHTS,273,3248.94,14.872666666666666,45
21478,SILVER SKULL HOT WATER BOTTLE ,204,854.23,4.4205376344086025,92
21479,WHITE SKULL HOT WATER BOTTLE ,2942,13978.48,4.393158914728682,507
21480,PINK STRIPE HOT WATER BOTTLE,285,899.5200000000001,3.835,57
21481,FAWN BLUE HOT WATER BOTTLE,5230,15481.310000000001,3.490177133655395,616
21482,MUSHROOM BLUE HOT WATER BOTTLE,740,2296.76,3.6295135135135137,184
21484,CHICK GREY HOT WATER BOTTLE,2893,10454.18,4.068441814595661,503
21485,RED SPOT HEART HOT WATER BOTTLE,2425,11670.66,5.425271149674621,455
21485,RETROSPOT HEART HOT WATER BOTTLE,1923,9250.710000000001,5.271521739130435,362
21486,PINK HEART DOTS HOT WATER BOTTLE,1116,3638.67,3.903737373737374,294
21488,RED WHITE SCARF  HOT WATER BOTTLE,2374,9700.060000000001,4.537202216066482,356
21489,BLUE WHITE SCARF HOT WATER BOTTLE,28,157.60000000000002,5.964285714285714,14
21490,SET OF THREE 50'S GIFT WRAPS ,637,1210.6,2.594642857142857,55
21491,SET OF THREE VINTAGE GIFT WRAPS,2877,5365.0599999999995,2.1246987951807226,247
21493, VINTAGE DESIGN GIFT TAGS,269,249.89999999999998,1.0625,27
21493,VINTAGE DESIGN GIFT TAGS,3,2.55,0.85,2
21494,ROTATING LEAVES T-LIGHT HOLDER,1998,3091.75,2.6750000000000003,209
21495,SKULLS AND CROSSBONES WRAP,3315,1360.3,0.41846153846153844,104
21495,SKULLS WRAP,3400,1424.0,0.41853211009174307,109
21496,WOODLAND CREATURES  WRAP,25,10.5,0.42,1
21497,FANCY FONTS BIRTHDAY WRAP,9025,3600.5,0.4172093023255814,258
21498,RED RETROSPOT WRAP ,3925,1572.5,0.41571428571428565,112
21498,RED SPOTS  WRAP ,12700,5115.5,0.41597796143250687,363
21499,BLUE POLKADOT WRAP,2125,822.5,0.4109433962264151,53
21499,BLUE SPOTS  WRAP,6350,2555.0,0.41673469387755097,196
21500,PINK POLKADOT WRAP ,1950,773.0,0.41384615384615386,52
21500,PINK SPOTS  WRAP ,7825,3144.5,0.41620689655172416,232
21503,TOYBOX  WRAP ,1075,451.5,0.42,41
21504,SKULLS GREETING CARD,3082,1251.33,0.4563013698630137,218
21506,"FANCY FONT BIRTHDAY CARD, ",6272,2576.13,0.4698342541436464,360
21507,"ELEPHANT, BIRTHDAY CARD, ",4990,2070.12,0.4836697247706422,326
21508,VINTAGE KID DOLLY CARD ,4300,1792.14,0.4934730538922156,334
21509,COWBOYS AND INDIANS BIRTHDAY CARD ,5064,2059.71,0.4803324099722992,360
21511,VINTAGE COLLAGE  GREETING  CARD ,40,16.8,0.42,2
21518,BANK ACCOUNT  GREETING  CARD ,801,341.88,0.5193055555555556,72
21519,GIN & TONIC DIET GREETING CARD ,4159,1806.13,0.49536507936507934,314
21520,BOOZE & WOMEN GREETING CARD ,491,214.26,0.5509090909090909,55
21523,DOOR MAT FANCY FONT HOME SWEET HOME,1194,8238.8,8.449798387096775,248
21523,DOORMAT FANCY FONT HOME SWEET HOME,1962,12983.39,8.603655462184875,238
21523,FANCY FONT HOME SWEET HOME DOORMAT,663,4378.65,7.976829268292684,164
21523,amendment,25,0.0,0.0,1
21524,DOOR MAT SPOTTY HOME SWEET HOME,1773,10563.06,7.776562500000001,287
21524,DOORMAT SPOTTY HOME SWEET HOME,1140,8451.76,8.600631578947368,285
21524,SPOTTY  HOME SWEET HOME DOORMAT,666,3978.34,7.139504132231405,120
21525,BEWARE OF THE CAT DOORMAT,2,13.5,6.75,2
21527,RED RETROSPOT TRADITIONAL TEAPOT ,1929,13830.12,8.821044444444444,445
21527,RETRO SPOT TRADITIONAL TEAPOT ,1008,7937.910000000001,9.134448669201522,261
21528,DAIRY MAID TRADITIONAL TEAPOT ,689,4163.95,7.642066666666667,150
21529,RED RETROSPOT TOASTRACK,120,444.36,4.132448979591837,49
21529,RETRO SPOT CERAMIC TOASTRACK,383,1346.0800000000002,3.9699029126213596,103
21530,DAIRY MAID CERAMIC TOASTRACK,59,183.06000000000003,3.4005,19
21530,DAIRY MAID TOASTRACK,129,426.65000000000003,3.467555555555556,44
21531,RED RETROSPOT SUGAR JAM BOWL,1703,4254.46,2.9796581196581196,346
21531,RETRO SPOT SUGAR JAM BOWL,921,2382.24,3.2413197969543144,196
21532,DAIRY MAID SUGAR JAM BOWL,1387,1419.71,2.386413043478261,90
21533,RETRO SPOT LARGE MILK JUG,1701,8420.28,5.472933333333334,519
21533,RETROSPOT LARGE MILK JUG,347,1742.3700000000001,5.617567567567568,110
21534,DAIRY MAID LARGE MILK JUG,573,2914.48,5.316614583333334,190
21535,RED RETROSPOT SMALL MILK JUG,2573,6475.48,2.8651966873706,473
21535,RETRO SPOT SMALL MILK JUG,1719,4380.61,2.9730392156862746,297
21536,DAIRY MAID  SMALL  MILK JUG,221,474.74000000000007,2.2688888888888887,61
21537,RED RETROSPOT PUDDING BOWL,424,1865.37,4.753740458015267,127
21537,RETRO SPOTS PUDDING BOWL,294,1273.26,4.794415584415584,74
21538,DAIRY MAID  PUDDING BOWL,1308,1924.51,4.00764705882353,51
21539,RED RETROSPOT BUTTER DISH,933,4882.67,6.027295597484277,314
21539,RETRO SPOTS BUTTER DISH,868,4142.87,5.61864406779661,174
21540,DAIRY MAID BUTTER DISH,1209,1885.33,4.472051282051282,39
21540,DAIRY MAID CERAMIC BUTTER DISH,114,509.62,4.9504166666666665,48
21541,DINOSAURS WATER TRANSFER TATTOOS ,1907,1636.24,1.0449261083743842,201
21542,WOODLAND WATER TRANSFER TATTOOS ,1877,1600.75,1.016020942408377,190
21543,BUTTERFLY WATER TRANSFER TATTOOS ,284,215.0,1.1958333333333333,24
21544,SKULLS  WATER TRANSFER TATTOOS ,4156,3429.46,1.0182369942196532,342
21545,CERAMIC BIRDHOUSE BUTTERFLY SMALL,697,1640.1200000000001,3.555542168674699,82
21547,CERAMIC BIRDHOUSE CRESTED TIT SMALL,649,1624.45,3.5693069306930694,100
21548,CERAMIC BIRDHOUSE FINCH BLUE ROOF,682,1776.1200000000001,3.7270370370370376,107
21549,CERAMIC BIRDHOUSE RED ROOF SMALL,547,1270.39,3.3067307692307697,51
21550,CERAMIC BIRDHOUSE CRESTED TIT LARGE,295,1565.51,6.715223880597015,64
21551,CERAMIC BIRDHOUSE BUTTERFLY LARGE,169,824.95,6.8,22
21552,CERAMIC BIRDHOUSE BLACK ROSE  LARGE,165,837.6,6.259722222222222,35
21553,CERAMIC BIRDHOUSE FINCH BLUE  LARGE,90,581.27,7.881282051282051,39
21554,CERAMIC BIRDHOUSE RED ROOF LARGE,167,767.75,6.479545454545455,22
21555,CERAMIC STRAWBERRY TRINKET TRAY,294,796.1999999999999,3.5375757575757576,66
21556,CERAMIC STRAWBERRY MONEY BOX,649,1789.9299999999998,3.220212765957447,185
21557,SET OF 6 FUNKY BEAKERS,402,1407.43,4.173333333333333,149
21558,SKULL LUNCH BOX WITH CUTLERY ,1815,4598.83,3.143184713375796,310
21558,SKULL LUNCHBOX WITH CUTLERY ,298,796.12,3.2686153846153845,65
21559,STRAWBERRY LUNCH BOX WITH CUTLERY,2934,7423.049999999999,3.0210020040080154,491
21559,STRAWBERRY LUNCHBOX WITH CUTLERY,1448,3454.0899999999997,2.910752688172043,183
21560,TOADSTOOL  LUNCHBOX WITH CUTLERY,4,15.44,3.86,4
21561,DINOSAUR LUNCH BOX WITH CUTLERY,1126,2769.54,2.7988059701492536,199
21561,DINOSAUR LUNCHBOX WITH CUTLERY,570,1429.8999999999999,2.832654867256637,113
21562,HAWAIIAN GRASS SKIRT ,354,589.9200000000001,2.1034782608695655,45
21563,RED HEART SHAPE LOVE BUCKET ,1405,4122.76,3.4190094339622643,209
21564,PINK  HEART SHAPE LOVE BUCKET ,925,2746.0000000000005,3.247231638418079,176
21576,LETS GO SHOPPING COTTON TOTE BAG,490,1126.16,2.4838636363636364,130
21577,SAVE THE PLANET COTTON TOTE BAG,1872,4160.72,2.7458223684210528,302
21578,WOODLAND DESIGN  COTTON TOTE BAG,1469,3430.41,2.6226235741444865,259
21579,LOLITA  DESIGN  COTTON TOTE BAG,862,1174.19,2.608791208791209,90
21580,RABBIT  DESIGN  COTTON TOTE BAG,369,903.56,2.820442477876106,113
21581,SKULLS  DESIGN  COTTON TOTE BAG,936,1344.5,2.5394814814814812,134
21582,KINGS CHOICE SMALL TUBE MATCHES,117,193.04999999999998,1.65,16
21584,RETRO SPOT SMALL TUBE MATCHES,2005,3183.45,1.647037037037037,131
21584,RETROSPOT SMALL TUBE MATCHES,776,1260.3999999999999,1.6477777777777776,85
21585,SWALLOW SMALL TUBE MATCHES,1,1.65,1.65,1
21586,KINGS CHOICE GIANT TUBE MATCHES,1914,4464.0,2.518378378378378,179
21587,COSY HOUR GIANT TUBE MATCHES,2006,5007.3,2.541279069767442,249
21588,RETRO SPOT GIANT  TUBE MATCHES,1295,3034.95,2.5240384615384617,102
21588,RETROSPOT GIANT TUBE MATCHES,601,1370.55,2.5194915254237285,59
21589,SWALLOW GIANT TUBE MATCHES,1119,2583.4500000000003,2.5044943820224717,88
21590,KINGS CHOICE CIGAR BOX MATCHES ,3448,4141.28,1.246135593220339,286
21591,COSY HOUR CIGAR BOX MATCHES ,2710,4139.4400000000005,1.2633195020746888,232
21592,RETRO SPOT  CIGAR BOX MATCHES ,3104,3652.0,1.2430729166666665,190
21592,RETROSPOT CIGAR BOX MATCHES ,718,870.14,1.2477906976744186,83
21593,SWALLOW CIGAR BOX MATCHES ,1391,1629.31,1.2480208333333334,94
21594,Dr. Jam's Arouzer Stress Ball,4,16.93,4.2325,4
21595,Dad's Cab Electronic Meter,9,76.95,8.55,9
21596,Hypochondriac Pill Stress Ball,10,42.64,4.26,9
21609,SET 12 LAVENDER  BOTANICAL T-LIGHTS,750,2143.86,3.0483783783783784,148
21610,SET 12 PEAR BOTANICAL T-LIGHTS,542,1543.67,3.043571428571429,97
21611,SET OF 12 LILY BOTANICAL T-LIGHTS,750,2182.19,3.1227814569536427,148
21612,SET 12 WILDFLOWER BOTANICAL T-LIGHT,698,2025.7700000000002,3.2462280701754387,113
21613,S/12 VANILLA  BOTANICAL T-LIGHTS,409,1211.3200000000002,3.0506542056074766,104
21614,SET OF 12 ROSE BOTANICAL T-LIGHTS,1576,4384.88,3.0546808510638295,185
21615,4 LAVENDER BOTANICAL DINNER CANDLES,283,983.25,3.6785714285714284,35
21616,4 PEAR BOTANICAL DINNER CANDLES,341,1211.49,3.7828070175438597,56
21617,4 LILY  BOTANICAL DINNER CANDLES,325,1185.75,3.721830985915493,70
21618,4 WILDFLOWER BOTANICAL CANDLES,298,1074.24,3.8723529411764708,50
21619,4 VANILLA BOTANICAL CANDLES,158,600.24,3.9079591836734697,49
21620,S/4 ROSE    BOTANICAL  CANDLE,127,477.12,3.83425,38
21620,SET OF 4 ROSE BOTANICAL CANDLES,80,303.87,3.9342857142857146,20
21621,VINTAGE UNION JACK BUNTING,4144,36023.71,9.215887290167865,829
21622,VINTAGE UNION JACK CUSHION COVER,3348,18097.85,5.828780487804878,527
21623,VINTAGE UNION JACK MEMOBOARD,3927,29102.69,10.136249999999999,327
21624,VINTAGE UNION JACK DOORSTOP,1567,9380.99,6.595764331210192,314
21625,VINTAGE UNION JACK APRON,600,4295.36,8.383202247191011,177
21626,VINTAGE UNION JACK PENNANT,717,1468.3,2.423363636363636,109
21627,ELEPHANT CARNIVAL POUFFE,137,2570.95,23.165,72
21628,TRIANGULAR POUFFE VINTAGE ,103,2053.5299999999997,23.05109090909091,55
21629,SQUARE FLOOR CUSHION VINTAGE PINK ,19,270.47,14.652142857142858,14
21629,SQUARE FLOOR CUSHION VINTAGE RED,89,1034.75,12.280588235294116,51
21630,FLOOR CUSHION ELEPHANT CARNIVAL,98,1319.46,14.6328125,64
21631,HIPPY CHIC DECORATIVE PARASOL,52,675.74,13.221851851851852,27
21632,VINTAGE PINK DECORATIVE PARASOL,45,611.97,14.024,30
21633,SUNFLOWER DECORATIVE PARASOL,50,767.65,17.08833333333333,30
21634,ASSORTED MINI MADRAS NOTEBOOK,797,1030.81,1.7551162790697674,43
21635,MADRAS NOTEBOOK LARGE ,132,499.03,3.8889655172413793,28
21636,MADRAS NOTEBOOK MEDIUM,101,280.58,3.335,25
21637,ASSORTED SANSKRIT MINI NOTEBOOK,1249,1605.47,1.8816091954022987,87
21638,ASSORTED TUTTI FRUTTI NOTEBOOK,792,1727.8500000000001,2.4518181818181817,107
21639,ASSORTED TUTTI FRUTTI KEYRING,259,228.64999999999998,0.9633333333333333,15
21640,ASSORTED TUTTI FRUTTI  FOB NOTEBOOK,1578,1419.74,1.0777443609022557,130
21641,ASSORTED TUTTI FRUTTI KEYRING BALL,521,507.99999999999994,1.3522388059701491,67
21642,ASSORTED TUTTI FRUTTI PEN,1949,1753.6399999999999,1.1346296296296297,154
21643,ASSORTED TUTTI FRUTTI MIRROR,986,1418.5,1.8859333333333332,150
21644,ASSORTED TUTTI FRUTTI HEART BOX,874,1195.22,1.494909090909091,106
21645,ASSORTED TUTTI FRUTTI ROUND BOX,969,1642.6499999999999,1.844148148148148,133
21647,ASSORTED TUTTI FRUTTI LARGE PURSE,743,1678.7800000000002,2.6516800000000003,121
21648,ASSORTED TUTTI FRUTTI SMALL PURSE,2258,3061.42,1.8414857142857142,173
21649,ASSORTED TUTTI FRUTTI PHOTO FRAME,421,1162.89,3.3486206896551725,29
21650,ASSORTED TUTTI FRUTTI BRACELET,662,478.17,0.9991780821917808,68
21651,HANGING GLASS ETCHED TEALIGHT,1272,2067.91,1.8577310924369748,118
21652,GLASS ETCHED T-LIGHT HOLDER MEDIUM,896,1747.9399999999998,2.098860759493671,78
21653,GLASS ETCHED T-LIGHT HOLDER LARGE,1246,2565.67,2.266086956521739,111
21654,RIDGED GLASS FINGER BOWL,215,324.22999999999996,2.0841666666666665,24
21655,HANGING RIDGE GLASS T-LIGHT HOLDER,1360,2216.66,1.9628735632183907,87
21656,RIDGED GLASS POSY VASE ,770,1183.3999999999999,2.000421052631579,95
21657,MILK BOTTLE WITH GLASS STOPPER ,240,1841.75,8.618207547169812,106
21658,GLASS  BEURRE DISH,1379,5724.67,5.164617737003058,319
21659,GLASS CAKE STAND,120,1891.7,17.163636363636364,66
21661,VINTAGE GLASS TEA CADDY,236,1493.46,7.108958333333334,95
21662,VINTAGE GLASS COFFEE CADDY,188,1219.31,7.194588235294117,84
21663,VINTAGE GLASS SUGAR CADDY,76,488.16,7.245625,32
21664,RIDGED GLASS STORAGE JAR CREAM LID,169,714.6,4.4033962264150945,52
21665,TRIANGULAR RIDGED GLASS POSY HOLDER,879,638.8000000000001,1.088974358974359,75
21666, RIDGED GLASS T-LIGHT HOLDER,952,552.1200000000001,0.7685714285714286,14
21666,RIDGED GLASS T-LIGHT HOLDER,397,271.18,0.8183333333333334,29
21667,GLASS CAKE COVER AND PLATE,352,6096.349999999999,18.982839506172837,162
21668,RED STRIPE CERAMIC DRAWER KNOB,4897,6476.88,1.611608040201005,394
21669,BLUE STRIPE CERAMIC DRAWER KNOB,5417,6879.92,1.5386363636363636,391
21670,BLUE SPOT CERAMIC DRAWER KNOB,4590,6099.8,1.5766093366093366,403
21671,RED SPOT CERAMIC DRAWER KNOB,5150,6372.09,1.4993495934959349,367
21672,WHITE SPOT RED CERAMIC DRAWER KNOB,6180,7703.91,1.5021002386634845,413
21673,WHITE SPOT BLUE CERAMIC DRAWER KNOB,5849,7456.31,1.5877912621359223,411
21674,RIDGED GLASS PENDANT LAMPSHADE,43,680.8499999999999,16.505555555555553,9
21675,BUTTERFLIES STICKERS,1189,1042.3799999999999,0.9989759036144578,165
21676,FLOWERS  STICKERS,955,664.51,0.9210891089108911,101
21677,HEARTS  STICKERS,1341,1171.37,0.9805325443786983,169
21678,PAISLEY PATTERN  STICKERS,455,318.75,0.962156862745098,51
21679,SKULLS  STICKERS,3791,3060.1699999999996,1.018744769874477,238
21680,WOODLAND  STICKERS,2061,1757.6399999999999,1.0882758620689654,173
21681,GIANT MEDINA STAMPED METAL BOWL ,231,2214.91,10.161666666666665,77
21682,LARGE MEDINA STAMPED METAL BOWL ,397,1935.63,5.151800000000001,100
21683,MEDIUM MEDINA STAMPED METAL BOWL ,652,1888.43,3.2747474747474747,98
21684,SMALL MEDINA STAMPED METAL BOWL ,964,783.64,1.034032258064516,61
21685,MEDINA STAMPED METAL TRAY ,3,44.849999999999994,14.95,2
21686,MEDINA STAMPED METAL STOOL,31,1148.45,38.52142857142858,14
21687,SILVER PLATE CANDLE BOWL LARGE,477,1871.23,4.647358490566038,101
21688,SILVER PLATE CANDLE BOWL SMALL,607,1874.1800000000003,3.469021739130435,92
21689,SILVER VANILLA  FLOWER CANDLE POT,248,902.0,3.9759459459459463,35
21690,SILVER  CANDLEPOT JARDIN ,254,975.84,3.966941176470588,79
21691,SILVER VANILLA FLOWER CANDLE POT,249,960.99,3.9889873417721518,72
21692,SILVER LATTICE VANILLA CANDLE POT,493,1872.87,4.034173913043478,107
21693,SMALL HAMMERED SILVER CANDLEPOT ,544,1649.89,3.4138157894736842,76
21694,SMALL REGAL  SILVER CANDLEPOT ,273,823.6300000000001,3.1969387755102043,49
21695,SMALL SILVER FLOWER CANDLE POT,358,1129.9,3.7765079365079366,63
21696,SMALL SILVER TRELLIS CANDLEPOT,544,1637.7500000000002,3.2569230769230773,78
21697,SET 5 MINI DOUGHNUT FRIDGE MAGNET ,372,295.08000000000004,1.4914285714285713,7
21698,MOCK LOBSTER FRIDGE MAGNET,240,244.79999999999998,1.3713698630136986,73
21699,SET 5 MINI CHOCOLATE FRIDGE MAGNETS,108,82.44,1.2266666666666666,3
21700,BIG DOUGHNUT FRIDGE MAGNETS,4695,4842.87,2.8953061224489796,342
21702,SET 5 MINI GATEAUX  FRIDGE MAGNETS,2636,918.6800000000001,1.3425,8
21703,BAG 125g SWIRLY MARBLES,5405,2212.58,0.5017770034843205,275
21704,BAG 250g SWIRLY MARBLES,12155,9304.07,0.9706213017751479,333
21705,BAG 500g SWIRLY MARBLES,1104,1748.4899999999998,1.818478260869565,91
21706,"FOLDING UMBRELLA , RED/WHITE SPOT",916,2962.82,5.286153846153846,104
21706,FOLDING UMBRELLA RED/WHITE POLKADOT,93,507.33000000000004,5.994,35
21707,"FOLDING UMBRELLA , BLACK/BLUE  SPOT",775,3077.01,5.066811594202899,69
21707,FOLDING UMBRELLA BLACKBLUE POLKADOT,70,344.28000000000003,4.873448275862069,29
21708,FOLDING UMBRELLA  CREAM/MULTI  SPOT,379,1260.25,5.058679245283019,53
21708,FOLDING UMBRELLA CREAM POLKADOT,43,218.07000000000002,5.322857142857144,13
21709,FOLDING UMBRELLA  CHOC/WHITE  SPOT,533,2115.77,5.658571428571429,49
21709,FOLDING UMBRELLA CHOCOLATE POLKADOT,32,163.62,5.424545454545455,11
21710,FOLDING UMBRELLA  PINK/WHITE  SPOT,584,1549.34,4.8208,49
21710,FOLDING UMBRELLA PINKWHITE POLKADOT,39,213.93,5.994,20
21711,FOLDING UMBRELLA  WHITE/RED  SPOT,262,953.0,4.902142857142857,28
21711,FOLDING UMBRELLA WHITE/RED POLKADOT,18,104.76,6.69,9
21713,CITRONELLA CANDLE FLOWERPOT,1961,3361.32,2.3070000000000004,237
21714,CITRONELLA CANDLE GARDEN POT,2635,3178.0099999999998,1.6564119601328904,299
21715,GIRLS VINTAGE TIN SEASIDE BUCKET,2234,5510.63,3.255763358778626,259
21716,BOYS VINTAGE TIN SEASIDE BUCKET,2309,5618.0199999999995,3.3120689655172413,258
21717,EASTER TIN BUCKET,1147,3097.7599999999998,3.0160294117647055,136
21718,RED METAL BEACH SPADE ,2551,3156.93,1.6341563786008229,241
21719,LOVELY BONBON STICKER SHEET,593,534.52,1.0809782608695653,91
21720,CAKE SHOP  STICKER SHEET,1024,892.41,1.0397169811320754,106
21721,CANDY SHOP  STICKER SHEET,944,862.41,1.1761666666666666,120
21722,SWEET PUDDING STICKER SHEET,265,248.24999999999997,1.1925,48
21723,ALPHABET HEARTS STICKER SHEET,498,446.13,1.0362650602409638,82
21724,PANDA AND BUNNIES STICKER SHEET,630,570.64,1.0584905660377357,105
21725,SWEETIES  STICKERS,856,785.18,1.1705343511450381,130
21726,MULTI HEARTS  STICKERS,868,751.7199999999999,0.9965573770491803,119
21728,METAL MEDINA LANTERN ,298,2773.11,13.710249999999998,40
21729,SMALL MARAKESH METAL  LANTERN ,124,422.9,4.051290322580646,30
21730,GLASS STAR FROSTED T-LIGHT HOLDER,752,3714.46,5.405794871794872,191
21731,RED TOADSTOOL LED NIGHT LIGHT,15695,25588.559999999998,2.0557455540355676,720
21732,RED HANGING METAL STAR TLIGHT HLDR,925,3214.57,3.8156666666666665,58
21733,RED HANGING HEART T-LIGHT HOLDER,10088,28242.68,3.055326586936523,1066
21734,SMALL MARAKESH LANTERN ON STICK,97,529.49,5.727666666666667,29
21735,TWO DOOR CURIO CABINET,675,8925.699999999999,16.511567567567567,185
21736,GOLD SCROLL GLASS T-LIGHT HOLDER,113,256.47,2.487727272727273,22
21737,SET 3 WICKER LOG BASKETS,398,7362.66,19.868048780487804,164
21738,COSY SLIPPER SHOES SMALL  RED ,396,1245.93,3.5588617886178864,118
21739,COSY SLIPPER SHOES SMALL GREEN,255,793.0200000000001,3.4991549295774647,70
21740,COSY SLIPPER SHOES LARGE RED,201,698.0100000000001,3.687910447761194,66
21741,COSY SLIPPER SHOES LARGE GREEN,586,1913.9,3.8417834394904458,155
21742,LARGE ROUND WICKER PLATTER ,245,1498.3700000000001,6.080192307692308,104
21743,STAR PORTABLE TABLE LIGHT ,1144,3310.1200000000003,3.4684,147
21744,SNOWFLAKE PORTABLE TABLE LIGHT ,394,1225.1000000000001,3.3991000000000002,97
21745,GAOLERS KEYS DECORATIVE GARDEN ,1797,5845.59,3.954078014184397,277
21746,SMALL RED RETROSPOT WINDMILL,2042,2593.75,1.524766839378238,189
21746,SMALL RED SPOT  WINDMILL,852,1116.44,1.6123076923076922,76
21747,SMALL SKULL WINDMILL,1564,1806.74,1.4049,99
21749,LARGE RED RETROSPOT WINDMILL,753,1565.8100000000002,2.499375,96
21749,LARGE RED SPOT WINDMILL,2945,5554.92,2.7224999999999997,52
21750, LARGE SKULL WINDMILL,8,16.8,2.1,2
21750,LARGE SKULL WINDMILL,214,452.1700000000001,2.3213513513513515,37
21752,GLASS CAKE STAND MIRRORED BASE,77,1244.81,17.717027027027026,37
21754,HOME BUILDING BLOCK WORD,5037,30851.27,6.57750185322461,1331
21755,LOVE BUILDING BLOCK WORD,3715,22920.530000000002,6.6839205058717255,1091
21756,BATH BUILDING BLOCK WORD,846,5215.900000000001,6.546808510638298,327
21757,LIGHTHOUSE PRINTED METAL SIGN,74,424.6,6.407500000000001,39
21758,VINTAGE SHELLS PRINT,88,680.46,8.7072,50
21759,METAL WALL SHELF UNIT WITH HOOKS,30,1274.47,54.18692307692308,13
21760,FRENCH STYLE WALL DRESSER,15,1740.0,116.92307692307692,12
21761,WOOD AND GLASS MEDICINE CABINET,57,1575.15,29.3875,16
21763,VINTAGE WOODEN BAR STOOL,37,988.15,28.103846153846153,13
21764,VINTAGE WOODEN PLATE RACK,17,659.1500000000001,39.49545454545455,11
21765,HANGING METAL BIRD BATH,372,3076.39,8.968367346938777,144
21767,FRENCH STYLE WIRE DOOR CABINET ,1,29.95,29.95,1
21768,WALL MOUNTED VINTAGE ORGANISER,497,6756.09,18.043353658536585,163
21769,VINTAGE POST OFFICE CABINET,123,7954.87,77.62666666666667,48
21770,OPEN CLOSED METAL SIGN,1353,6883.370000000001,5.304372623574144,263
21770,debenhams,70,0.0,0.0,1
21772,VINTAGE METAL CAKE STAND CREAM ,1,12.75,12.75,1
21773,DECORATIVE ROSE BATHROOM BOTTLE,493,782.8199999999999,2.093071895424836,152
21774,DECORATIVE CATS BATHROOM BOTTLE,649,1043.86,2.107783505154639,193
21775,DECORATIVE FLORE BATHROOM BOTTLE,367,629.51,2.1554166666666665,143
21777,RECIPE BOX WITH METAL HEART,1126,9075.51,9.097527173913043,367
21779,MA CAMPAGNE MINI WOODEN CHEST,301,1097.8000000000002,4.612272727272727,22
21780,MA CAMPAGNE 4 DRAWER WALL SHELF,203,1745.85,10.9125,32
21781,MA CAMPAGNE CUTLERY BOX,493,7553.62,16.421845018450185,267
21784,SHOE SHINE BOX ,241,2984.81,12.961071428571428,140
21785,RAIN PONCHO ,1597,1249.23,0.9957575757575757,98
21786,POLKADOT RAIN HAT ,1391,581.68,0.5870454545454545,84
21786,RAIN HAT WITH RED SPOTS,4457,1688.2,0.5820754716981132,157
21787,RAIN PONCHO RETROSPOT,1582,1232.29,1.0256,74
21787,RAIN PONCHO WITH RED SPOTS,4727,3592.9700000000003,1.0345061728395062,161
21788,KIDS RAIN MAC BLUE,2106,1716.25,0.9104687499999999,122
21789,KIDS RAIN MAC PINK,2022,1657.99,0.9387786259541984,129
21790,VINTAGE SNAP CARDS,13383,11553.289999999999,1.0042477876106195,1001
21791,VINTAGE HEADS AND TAILS CARD GAME ,10672,13422.58,1.4788142292490118,746
21792,CLASSIC FRENCH STYLE BASKET GREEN ,151,1033.73,7.151212121212121,66
21793,CLASSIC FRENCH STYLE BASKET BROWN,49,330.75,6.75,28
21794,CLASSIC FRENCH STYLE BASKET NATURAL,194,1372.56,7.728933333333333,75
21795,SET OF 3 BLUE STRIPE BASKET,441,3734.9400000000005,13.154124999999999,80
21796,SET OF 3 RED STRIPE BASKETS,324,2782.19,12.662089552238806,67
21801,CHRISTMAS TREE DECORATION WITH BELL,2502,1088.45,0.48340000000000005,149
21802,CHRISTMAS TREE HEART DECORATION,2609,1148.44,0.5239130434782608,160
21803,CHRISTMAS TREE STAR DECORATION,2427,1058.54,0.49139860139860136,142
21804,WHITE CHRISTMAS GARLAND STARS TREES,387,1478.82,3.986987951807229,78
21805,WHITE CHRISTMAS TREE DECORATION ,2221,957.63,0.5065714285714286,103
21806,WHITE CHRISTMAS HEART DECORATION,2707,1179.4299999999998,0.4993939393939394,128
21807,WHITE CHRISTMAS STAR DECORATION,2957,1306.57,0.5187662337662338,150
21808,"CHRISTMAS GARLAND STARS,TREES",834,2126.45,3.6362,98
21809,CHRISTMAS HANGING TREE WITH BELL,1081,1361.33,1.657070707070707,98
21810,CHRISTMAS HANGING STAR WITH BELL,1169,1473.97,1.6054545454545455,104
21811,CHRISTMAS HANGING HEART WITH BELL,1596,2041.14,1.4541614906832299,153
21812,GARLAND WITH HEARTS AND BELLS,440,2330.7000000000003,6.112654867256637,112
21813,GARLAND WITH STARS AND BELLS,293,1677.23,6.97860465116279,85
21814,HEART T-LIGHT HOLDER ,611,928.04,1.8359770114942529,83
21815, STAR  T-LIGHT HOLDER ,25,42.61,2.04625,8
21815,STAR  T-LIGHT HOLDER ,553,854.53,1.8410606060606058,64
21816,CHRISTMAS TREE T-LIGHT HOLDER,391,592.39,1.739090909090909,44
21817,GLITTER CHRISTMAS TREE,854,728.3299999999999,0.87,79
21818,GLITTER CHRISTMAS HEART ,1653,1393.9399999999998,0.8789361702127659,131
21819,GLITTER CHRISTMAS STAR ,1426,1222.9499999999998,0.8948837209302325,129
21820,GLITTER HEART GARLAND WITH BELLS ,499,1899.28,4.405346534653465,99
21821,GLITTER STAR GARLAND WITH BELLS ,472,1898.01,4.863921568627451,100
21822,GLITTER CHRISTMAS TREE WITH BELLS,350,700.76,2.184285714285714,49
21823,PAINTED METAL HEART WITH HOLLY BELL,1110,1619.79,1.6528682170542635,122
21824,PAINTED METAL STAR WITH HOLLY BELLS,884,1276.6699999999998,1.5523809523809524,99
21825,PAINTED METAL TREE WITH HOLLY BELLS,733,1053.1899999999998,1.546875,75
21826,EIGHT PIECE DINOSAUR SET,1702,2188.06,1.4414798206278026,215
21827,EIGHT PIECE CREEPY CRAWLIE SET,834,1067.64,1.3656338028169013,133
21828,EIGHT PIECE SNAKE  SET,783,978.39,1.5133653846153845,102
21829,DINOSAUR KEYRINGS ASSORTED,8372,1809.4599999999998,0.26859504132231404,240
21830,ASSORTED CREEPY CRAWLIES,5354,2213.39,0.46087209302325577,171
21832,CHOCOLATE CALCULATOR,2477,4230.889999999999,2.226370106761566,277
21833,CAMOUFLAGE LED TORCH,3831,6613.92,2.040821917808219,291
21836,GINGHAM OVEN GLOVE RED HEART ,247,996.39,4.374,99
21837,CROSS STITCH ALPHABET CUSHION COVER,244,1622.64,7.640989010989012,91
21838,DADDY MOUSE RED GINGHAM BOW TIE,1,5.45,5.45,1
21839,MUMMY MOUSE RED GINGHAM RIBBON,200,1080.14,5.499634146341464,82
21841,BABY MOUSE RED GINGHAM DRESS,364,1547.22,4.455357142857143,111
21842,PINK HEART CANDY BUTTON CALCULATOR,551,1308.74,3.0110638297872336,47
21843,RED RETROSPOT CAKE STAND,2760,28640.239999999998,11.888862973760933,686
21843,RETRO SPOT CAKE STAND,1493,16354.009999999998,12.17970588235294,340
21844,RED RETROSPOT MUG,2102,6007.620000000001,3.2581025641025643,194
21844,RETRO SPOT MUG,1481,4343.01,3.400844155844156,154
21845,DAIRY MAID STRIPE MUG,633,2091.21,3.3106410256410257,78
21846,PINK DIAMANTE PEN IN GIFT BOX,1201,2700.43,3.823157894736842,170
21847,GREEN  DIAMANTE PEN IN GIFT BOX,272,500.69,3.70625,39
21849,SILVER DIAMANTE PEN IN GIFT BOX,485,1053.15,3.7289333333333334,74
21850,BLUE  DIAMANTE PEN IN GIFT BOX,330,639.07,3.6050847457627118,59
21851,LILAC DIAMANTE PEN IN GIFT BOX,503,1089.63,3.8635789473684214,95
21852,EMPIRE TEDDY,2,13.9,6.95,2
21853,GUMBALL CUSTOM CARS TOP TRUMPS GAME,3,15.399999999999999,5.133333333333333,3
21854,EURO FOOTBALL STARS TOP TRUMPS GAME,1,5.17,5.17,1
21857,STAR WARS TOP TRUMPS GAME,2,10.23,5.115,2
21858,HIGH SCHOOL MUSICAL 3 TOP TRUMPS ,2,10.23,5.115,2
21860,DR WHO TOP TRUMPS GAME,1,5.17,5.17,1
21864,UNION JACK FLAG PASSPORT COVER ,1132,2639.8900000000003,2.6681327800829875,237
21865,PINK UNION JACK  PASSPORT COVER ,631,1483.5300000000002,2.6295979899497484,197
21866,UNION JACK FLAG LUGGAGE TAG,1462,2388.7599999999998,1.641480144404332,271
21867,PINK UNION JACK  LUGGAGE TAG,818,1111.3799999999999,1.503259668508287,176
21868,POTTING SHED TEA MUG,6758,8123.97,1.5664238410596028,599
21869,POTTING SHED COFFEE MUG,1264,1469.5800000000002,1.348125,111
21870,I CAN ONLY PLEASE ONE PERSON MUG,4970,6147.82,1.5495362903225807,494
21871,SAVE THE PLANET MUG,6201,7220.95,1.6664537444933922,451
21872,GLAMOROUS  MUG,3826,3749.76,1.458102564102564,194
21873,IF YOU CAN'T STAND THE HEAT MUG,447,596.57,1.7567816091954023,87
21874,GIN AND TONIC MUG,3493,4283.16,1.6954466858789627,347
21875,KINGS CHOICE MUG,4799,5516.69,1.6589568345323742,277
21876,POTTERING MUG,1929,2634.73,1.9063225806451614,310
21877,HOME SWEET HOME MUG,8743,9151.19,1.4591469194312796,421
21878,PACK OF 6 SANDCASTLE FLAGS ASSORTED,3068,2419.3399999999997,1.020216216216216,182
21879,HEARTS GIFT TAPE,400,287.24,1.0256451612903226,62
21880,RED AND WHITE SPOT TAPE,483,360.93,1.138732394366197,71
21880,RED RETROSPOT TAPE,133,94.53,0.957391304347826,23
21881,CUTE CATS TAPE,243,180.29000000000002,1.1209756097560977,41
21882,SKULLS TAPE,356,254.48000000000002,0.9668518518518519,53
21883,STARS GIFT TAPE ,760,518.33,0.8652525252525253,99
21884,CAKES AND BOWS GIFT  TAPE,288,258.8,1.3138356164383562,73
21888,BINGO SET,1895,7493.3,4.527584033613445,474
21889,WOODEN BOX OF DOMINOES,6822,8765.28,1.5440619621342513,573
21890,S/6 WOODEN SKITTLES IN COTTON BAG,2392,6951.64,3.6528779069767445,340
21891,TRADITIONAL WOODEN SKIPPING ROPE,4124,5208.15,1.4797582417582418,437
21892,TRADITIONAL WOODEN CATCH CUP GAME ,4761,6029.41,1.5479194630872481,432
21893,POTTING SHED SEED TIN,172,587.8,5.4975000000000005,20
21894,POTTING SHED SEED ENVELOPES,753,975.39,1.6563492063492062,125
21895,POTTING SHED SOW 'N' GROW SET,555,1718.63,4.853139534883721,85
21896,POTTING SHED TWINE,1415,2702.82,2.5672192513368985,185
21897,POTTING SHED CANDLE CITRONELLA,461,1373.17,3.0858095238095236,103
21898,POTTING SHED ROSE CANDLE,334,997.7000000000002,3.106521739130435,88
21899,"KEY FOB , GARAGE DESIGN",4104,2640.11,0.7634520547945206,358
21900,?,1520,0.0,0.0,1
21900,"KEY FOB , SHED",5231,3425.78,0.7990835030549899,478
21901,"KEY FOB , BACK DOOR ",4446,2864.07,0.7488177339901477,393
21902,"KEY FOB , FRONT  DOOR ",3478,2199.32,0.7016140350877194,272
21903,MAN FLU METAL SIGN,2308,4511.26,2.4407818930041154,243
21904,HOUSE WRECKING METAL SIGN ,712,1107.02,2.0885599999999998,125
21905,MORE BUTTER METAL SIGN ,863,1336.26,2.1329245283018867,106
21906,PHARMACIE FIRST AID TIN,1232,8672.74,7.697067669172933,264
21907,I'M ON HOLIDAY METAL SIGN,2871,5995.05,2.268289786223278,416
21908,CHOCOLATE THIS WAY METAL SIGN,6068,11727.29,2.410922787193974,527
21910,WAY OUT METAL SIGN ,1031,1340.4299999999998,1.7690384615384613,104
21911,GARDEN METAL SIGN ,2452,3917.4799999999996,2.0458204334365324,322
21912,VINTAGE SNAKES & LADDERS,2006,7887.04,4.469207048458149,452
21913,VINTAGE SEASIDE JIGSAW PUZZLES,757,2857.37,4.412608695652174,160
21914,BLUE HARMONICA IN BOX ,5432,7854.54,1.4883080808080809,390
21915,RED  HARMONICA IN BOX ,16185,18385.97,1.3718295739348372,396
21916,SET 12 RETRO WHITE CHALK STICKS,6525,2829.68,0.4909018567639257,370
21917,SET 12 KIDS  WHITE CHALK STICKS,3901,1643.8,0.5002745098039215,251
21918,SET 12 KIDS COLOUR  CHALK STICKS,7531,3126.85,0.5282432432432432,439
21919,Electronic Talking Breath-A-Loser,6,30.47,5.081999999999999,5
21922,UNION STRIPE WITH FRINGE  HAMMOCK,552,4329.610000000001,8.515135135135134,185
21923,RED/CREAM STRIPE FRINGE HAMMOCK,337,2662.64,8.58436974789916,119
21924,BLUE/CREAM STRIPE FRINGE HAMMOCK,315,2486.6600000000003,8.614596774193549,123
21925,UNION STRIPE CUSHION COVER ,810,1073.58,1.7822115384615385,103
21926,RED/CREAM STRIPE CUSHION COVER ,595,815.37,1.8370114942528735,87
21927,BLUE/CREAM STRIPE CUSHION COVER ,661,987.09,2.1509574468085106,94
21928,JUMBO BAG SCANDINAVIAN PAISLEY,14275,25878.77,2.242204724409449,755
21929,JUMBO BAG PINK VINTAGE PAISLEY,14931,27121.76,2.3112836970474966,774
21930,JUMBO STORAGE BAG SKULLS,7202,13882.66,2.2272615384615384,642
21931,JUMBO STORAGE BAG SUKI,15839,31493.71,2.319120603015075,1180
21932,SCANDINAVIAN PAISLEY PICNIC BAG,1164,3544.54,3.2276076555023927,209
21933,PINK VINTAGE PAISLEY PICNIC BAG,1467,4203.97,3.171973094170404,223
21934,SKULL SHOULDER BAG,2222,3914.44,2.296850152905199,326
21935,SUKI  SHOULDER BAG,3816,7055.2,2.332254196642686,417
21936,RED RETROSPOT PICNIC BAG,2713,7988.3099999999995,3.5625659472422067,414
21936,RED/WHITE SPOT PICNIC BAG,1125,3164.5899999999997,3.6107964601769913,111
21937,STRAWBERRY   PICNIC BAG,2407,7193.11,3.741486810551559,414
21942,SKULLS DESIGN FLANNEL,1402,851.49,1.2276923076923076,130
21943,CAKES AND RABBITS DESIGN FLANNEL ,474,397.99,1.0242574257425743,101
21944,KITTENS DESIGN FLANNEL,1460,809.1,1.135321100917431,109
21945,STRAWBERRIES  DESIGN FLANNEL ,1533,972.18,1.2408843537414966,146
21946,PARTY TIME DESIGN FLANNEL,539,283.62,0.9911904761904761,42
21947,SET OF 6 HEART CHOPSTICKS,880,1186.94,1.7500657894736842,151
21948,SET OF 6 CAKE CHOPSTICKS,1668,1971.96,1.8653658536585365,123
21949,SET OF 6 STRAWBERRY CHOPSTICKS,1835,2169.84,1.747205882352941,136
21950,SET OF 6 DOTS CHOPSTICKS,211,263.63,2.3994444444444443,18
21955,  DOORMAT UNION JACK GUNS AND ROSES,177,1193.31,7.452333333333333,60
21955,DOOR MAT UNION JACK GUNS AND ROSES,809,5510.39,8.802887931034483,230
21955,DOORMAT UNION JACK GUNS AND ROSES,966,5677.72,8.568,149
21955,UNION JACK GUNS & ROSES  DOORMAT,765,3987.11,7.410294117647059,102
21967,PACK OF 12 SKULL TISSUES,10627,2896.7499999999995,0.40176470588235297,270
21972,SET OF 36 DINOSAUR PAPER DOILIES,720,1061.74,1.6173584905660376,106
21973,SET OF 36 MUSHROOM PAPER DOILIES,1517,2198.18,1.8509944751381213,181
21974,SET OF 36 PAISLEY FLOWER DOILIES,4840,7110.7,1.873223684210526,454
21975,PACK OF 60 DINOSAUR CAKE CASES,19169,9227.74,0.6358402203856749,714
21976,PACK OF 60 MUSHROOM CAKE CASES,9546,5035.9800000000005,0.7253793103448276,570
21977,PACK OF 60 PINK PAISLEY CAKE CASES,31805,16187.310000000001,0.6906377551020408,1155
21980,PACK OF 12 RED RETROSPOT TISSUES ,2140,609.9999999999999,0.3605691056910569,122
21980,PACK OF 12 RED SPOTTY TISSUES ,22721,5981.8099999999995,0.37857142857142856,271
21981,PACK OF 12 WOODLAND TISSUES ,20957,5548.93,0.454299674267101,298
21982,PACK OF 12 SUKI TISSUES ,25198,8280.279999999999,0.4337948717948718,383
21983,PACK OF 12 BLUE PAISLEY TISSUES ,3971,1147.05,0.39417582417582414,180
21984,PACK OF 12 PINK PAISLEY TISSUES ,22029,5958.07,0.36743697478991594,233
21985,PACK OF 12 HEARTS DESIGN TISSUES ,16873,6286.05,0.4045593869731801,511
21986,PACK OF 12 PINK POLKADOT TISSUES,1144,414.33,0.4196774193548387,92
21986,PACK OF 12 PINK SPOT TISSUES ,8317,3194.19,0.40386934673366837,197
21987,PACK OF 6 SKULL PAPER CUPS,4321,2652.46,0.6985388127853881,216
21988,PACK OF 6 SKULL PAPER PLATES,5533,3985.08,0.896853448275862,226
21989,PACK OF 20 SKULL PAPER NAPKINS,6162,4578.73,1.00697247706422,323
21990,MODERN FLORAL STATIONERY SET,821,1765.78,2.992986111111111,144
21991,BOHEMIAN COLLAGE STATIONERY SET,483,885.25,2.845056179775281,87
21992,VINTAGE PAISLEY STATIONERY SET,1522,3504.25,3.115420168067227,238
21993,FLORAL FOLK STATIONERY SET,961,1994.3500000000001,2.9329761904761904,167
22021,BLUE FELT EASTER EGG BASKET,1072,1859.4599999999998,1.8099397590361446,163
22023,EMPIRE BIRTHDAY CARD,3822,1562.46,0.49831615120274914,291
22024,RAINY LADIES BIRTHDAY CARD,3048,1261.02,0.5317094017094017,234
22025,RING OF ROSES BIRTHDAY CARD,2152,889.88,0.5264375,160
22026,BANQUET BIRTHDAY  CARD  ,2410,1016.32,0.5058373205741626,209
22027,TEA PARTY BIRTHDAY CARD,7019,2973.16,0.5154655870445344,494
22028,PENNY FARTHING BIRTHDAY CARD,3342,1379.51,0.5189641434262948,251
22029,SPACE BOY BIRTHDAY CARD,823,349.12,0.5092537313432836,67
22029,SPACEBOY BIRTHDAY CARD,8815,3628.96,0.4918129770992366,522
22030,SWALLOWS GREETING CARD,7340,3015.39,0.46458823529411764,418
22031,BOTANICAL LAVENDER BIRTHDAY CARD,633,273.44,0.5134920634920636,63
22032,BOTANICAL LILY GREETING CARD,553,236.14,0.48490196078431375,51
22033,BOTANICAL ROSE GREETING CARD,1266,539.98,0.49056603773584906,106
22034,ROBIN CHRISTMAS CARD,1610,669.73,0.4431868131868132,91
22035,VINTAGE CARAVAN GREETING CARD ,2645,1120.66,0.5435242290748898,226
22036,DINOSAUR BIRTHDAY CARD,1649,695.11,0.49740740740740735,135
22037,ROBOT BIRTHDAY CARD,3215,1380.76,0.5152397260273972,292
22037,found again,50,0.0,0.0,1
22038,BOTANICAL LAVENDER GIFT WRAP ,675,281.5,0.4169230769230769,26
22039,BOTANICAL LILY GIFT WRAP,600,248.0,0.41304347826086957,23
22040,BOTANICAL ROSE GIFT WRAP,2090,839.8,0.4151515151515151,66
22041,"RECORD FRAME 7"" SINGLE SIZE ",3487,8016.900000000001,3.30688679245283,211
22042,CHRISTMAS CARD SINGING ANGEL,1406,487.19,0.3982828282828283,98
22043,CHRISTMAS CARD SCREEN PRINT ,990,325.38,0.36776119402985075,65
22044,CHRISTMAS CARD STACK OF PRESENTS,1190,379.04,0.36482758620689654,57
22045,SPACE BOY GIFT WRAP,775,325.5,0.42,27
22045,SPACEBOY GIFT WRAP,7340,3024.8,0.41900826446280987,242
22046,TEA PARTY  WRAPPING PAPER ,4125,1684.5,0.4181954887218045,133
22047,EMPIRE GIFT WRAP,4875,1977.5,0.41793548387096774,155
22048,BIRTHDAY BANQUET GIFT WRAP,1865,783.3,0.42,71
22049,WRAP CHRISTMAS SCREEN PRINT,2525,755.75,0.3077380952380952,83
22050,PINK PAISLEY ROSE GIFT WRAP,2100,866.0,0.4189473684210526,76
22051,BLUE SCANDINAVIAN PAISLEY WRAP,2225,918.5,0.418974358974359,78
22052,VINTAGE CARAVAN GIFT WRAP,2950,1219.0,0.4176923076923077,104
22053,EMPIRE DESIGN ROSETTE,307,414.46999999999997,1.6415254237288135,59
22054,MINI CAKE STAND HANGING HEARTS,361,655.01,2.1535897435897433,74
22055,MINI CAKE STAND  HANGING STRAWBERY,3550,6096.0,2.195736137667304,504
22056,CERAMIC PLATE LOVE HEART DESIGN,607,656.87,1.9435294117647057,34
22057,CERAMIC PLATE STRAWBERRY DESIGN,2492,3367.65,2.232686567164179,201
22058,CERAMIC LOVE HEARTS DESIGN MUG,520,795.72,1.663181818181818,103
22059,CERAMIC STRAWBERRY DESIGN MUG,923,1324.25,1.830705882352941,79
22059,CERAMIC STRWBERRY DESIGN MUG,2347,3393.1,1.8904017857142856,215
22060,LARGE CAKE STAND HANGING HEARTS,504,4600.26,11.132440944881889,125
22061,LARGE CAKE STAND  HANGING STRAWBERY,1603,15042.61,11.564763157894737,379
22062,CERAMIC BOWL WITH LOVE HEART DESIGN,178,570.2900000000001,3.5503703703703704,53
22063,CERAMIC BOWL WITH STRAWBERRY DESIGN,1732,5024.01,3.6339094650205763,237
22064,PINK DOUGHNUT TRINKET POT ,4950,8190.8099999999995,2.153771186440678,465
22065,CHRISTMAS PUDDING TRINKET POT ,2010,2995.71,1.8563559322033898,232
22066,LOVE HEART TRINKET POT,1197,1684.35,1.6090845070422535,139
22067,CHOC TRUFFLE GOLD TRINKET POT ,1479,2436.9199999999996,2.1149732620320854,186
22068, BLACK PIRATE TREASURE CHEST,55,108.47999999999999,2.375,22
22068,BLACK PIRATE TREASURE CHEST,543,1050.99,2.132314049586777,120
22069, BROWN  PIRATE TREASURE CHEST ,59,138.22,2.885217391304348,23
22069,BROWN  PIRATE TREASURE CHEST ,511,1090.06,2.6964814814814813,107
22070,SMALL RED RETROSPOT MUG IN BOX ,576,2157.3,3.89904,124
22070,SMALL RETRO SPOT MUG IN BOX  RED,324,1238.54,3.978720930232558,84
22071,SMALL RETRO SPOT MUG IN BOX  WHITE,383,1426.13,3.936024096385542,81
22071,SMALL WHITE RETROSPOT MUG IN BOX ,434,1609.32,3.8231249999999997,96
22072,RED RETROSPOT TEA CUP AND SAUCER ,915,3771.0,4.598739130434783,222
22072,TEA CUP AND SAUCER RETRO SPOT,700,2866.34,4.624892086330935,137
22073,RED RETROSPOT STORAGE JAR,1102,4397.7,4.45629213483146,257
22073,RETRO SPOT STORAGE JAR,729,2853.29,4.591075949367089,155
22074,6 RIBBONS SHIMMERING PINKS ,759,984.92,1.7748421052631578,92
22075,6 RIBBONS ELEGANT CHRISTMAS ,1582,2616.2999999999997,1.8913407821229051,176
22076,6 RIBBONS EMPIRE  ,1129,1867.9499999999998,1.9223170731707317,161
22077,6 RIBBONS RUSTIC CHARM,8354,14955.419999999998,1.9993309859154929,836
22077,found,24,0.0,0.0,1
22078,RIBBON REEL LACE DESIGN ,2646,5596.05,2.4128859060402683,296
22079,RIBBON REEL HEARTS DESIGN ,3157,5184.85,1.8551344086021506,369
22080,RIBBON REEL POLKADOTS ,530,947.0699999999999,2.0857142857142854,97
22080,RIBBON REEL SPOTS DESIGN ,2211,3668.58,1.8497491039426521,277
22081,RIBBON REEL FLORA + FAUNA ,929,1629.01,2.1311999999999998,174
22082,RIBBON REEL STRIPES DESIGN ,4747,7842.89,1.8460406091370558,578
22083,PAPER CHAIN KIT RETRO SPOT,7579,21151.79,3.3923865546218486,591
22083,PAPER CHAIN KIT RETROSPOT,1766,6052.9800000000005,3.8356066945606697,236
22084,PAPER CHAIN KIT EMPIRE,3689,10354.460000000001,3.3177806122448983,389
22085,PAPER CHAIN KIT SKULLS ,1997,5337.53,3.193925925925926,135
22086,PAPER CHAIN KIT 50'S CHRISTMAS ,17205,58127.3,3.3671646341463415,957
22087,PAPER BUNTING WHITE LACE,4431,13634.54,3.5283882783882783,531
22088,PAPER BUNTING COLOURED LACE,2514,7442.39,3.4769132653061225,387
22089,PAPER BUNTING VINTAGE PAISLEY,2091,5872.4800000000005,3.276206896551724,283
22090,PAPER BUNTING RETRO SPOTS,8292,24933.940000000002,3.557169811320755,783
22090,PAPER BUNTING RETROSPOT,944,3004.6000000000004,3.7605185185185186,134
22091,EMPIRE TISSUE BOX,1208,1478.32,1.5975000000000001,164
22092,BLUE PAISLEY TISSUE BOX,289,304.01,1.2662264150943396,53
22093,MOTORING TISSUE BOX,537,635.25,1.4563636363636363,120
22094,RED POLKA DOT TISSUE BOX,1003,1224.89,1.7572897196261683,107
22094,RED RETROSPOT TISSUE BOX,423,335.43,1.386923076923077,39
22095,LADS ONLY TISSUE BOX,1725,2022.21,1.6488888888888888,160
22096,PINK PAISLEY SQUARE TISSUE BOX ,305,362.29,1.4405882352941175,67
22097,SWALLOW SQUARE TISSUE BOX,485,571.87,1.4449019607843137,102
22098,BOUDOIR SQUARE TISSUE BOX,902,996.8199999999999,1.6261184210526316,148
22099,CARAVAN SQUARE TISSUE BOX,704,813.64,1.6362837837837838,144
22100,SKULLS SQUARE TISSUE BOX,261,374.73,1.7178481012658229,78
22101,MIRROR MOSAIC VOTIVE HOLDER,496,794.11,2.4092307692307693,51
22102,MIRROR MOSAIC T-LIGHT HOLDER ,220,359.84999999999997,1.926785714285714,28
22103,MIRROR MOSAIC T-LIGHT HOLDER ROUND,498,852.4,2.004888888888889,45
22104,MIRROR MOSAIC CANDLE PLATE,903,631.01,1.5757142857142856,42
22105,MIRROR MOSAIC GOBLET CANDLE HOLDER,119,451.09000000000003,4.625,23
22106,MIRROR MOSAIC HURRICANE LAMP ,166,721.96,5.8675,36
22107,PIZZA PLATE IN BOX,684,2884.45,5.113732057416268,208
22108,PING! MICROWAVE PLATE,168,587.17,3.923571428571428,70
22109,FULL ENGLISH BREAKFAST PLATE,1792,7276.53,4.869623655913978,368
22110,BIRD HOUSE HOT WATER BOTTLE,1554,4294.7300000000005,3.654980694980695,256
22111,SCOTTIE DOG HOT WATER BOTTLE,5508,27481.47,5.689784735812133,994
22112,CHOCOLATE HOT WATER BOTTLE,5515,27817.74,5.647848775292864,928
22113,GREY HEART HOT WATER BOTTLE,2800,10268.19,3.961135902636917,482
22114,HOT WATER BOTTLE TEA AND SYMPATHY,6680,30388.910000000003,4.632592233009709,1016
22115,METAL SIGN EMPIRE TEA,1361,3756.86,4.067081850533809,280
22116,METAL SIGN HIS DINNER IS SERVED,260,524.78,2.9800000000000004,54
22117,METAL SIGN HER DINNER IS SERVED ,449,1326.0400000000002,3.1736690647482018,139
22118,JOY WOODEN BLOCK LETTERS,586,3058.6400000000003,5.582791878172588,192
22119, PEACE WOODEN BLOCK LETTERS,137,952.74,7.0967346938775515,49
22119,PEACE WOODEN BLOCK LETTERS,442,3050.86,7.012487562189055,196
22120,WELCOME  WOODEN BLOCK LETTERS,503,5157.13,11.609180327868852,183
22121,NOEL WOODEN BLOCK LETTERS ,1178,7323.030000000001,6.590900900900901,327
22122,SET OF 2 FANCY FONT TEA TOWELS,1095,3290.0800000000004,3.4707142857142856,191
22123,PING MICROWAVE APRON,152,660.62,5.726382978723404,47
22124,SET OF 2 TEA TOWELS PING MICROWAVE,153,455.81000000000006,3.061206896551724,58
22125,UNION JACK HOT WATER BOTTLE ,640,3949.23,6.789731182795699,180
22127,PARTY CONES CARNIVAL ASSORTED,3088,3678.23,1.7390579710144929,135
22128,PARTY CONES CANDY ASSORTED,2245,2737.06,1.61096,123
22129,PARTY CONES CANDY TREE DECORATION,2064,1873.8,1.1528947368421054,75
22130,PARTY CONE CHRISTMAS DECORATION ,7641,8579.49,1.9030994152046785,336
22131,FOOD CONTAINER SET 3 LOVE HEART ,3273,6108.55,2.372121212121212,415
22132,RED LOVE HEART SHAPE CUP,2319,2069.08,1.1249586776859504,241
22133,PINK LOVE HEART SHAPE CUP,1692,1533.3799999999999,1.2074634146341463,204
22134,LADLE LOVE HEART RED ,1484,638.15,0.6304895104895105,143
22135,LADLE LOVE HEART PINK,1094,507.05,0.6811333333333334,150
22136,LOVE HEART SOCK HANGER,1617,2661.39,2.024578947368421,187
22137,BATHROOM SET LOVE HEART DESIGN,525,1273.25,3.8233333333333333,30
22138,BAKING SET 9 PIECE RETROSPOT ,4429,21696.74,5.380101214574899,980
22139,11 PC CERAMIC TEA SET POLKADOT,3,14.850000000000001,4.95,1
22139,RETRO SPOT TEA SET CERAMIC 11 PC ,4438,21301.04,5.442951030927835,771
22139,RETROSPOT TEA SET CERAMIC 11 PC ,1690,8901.460000000001,5.4770460704607045,366
22139,amazon,15,0.0,0.0,1
22141,CHRISTMAS CRAFT TREE TOP ANGEL,994,2772.02,2.6705,156
22142,CHRISTMAS CRAFT WHITE FAIRY ,1171,1672.0,1.6728571428571428,150
22143,CHRISTMAS CRAFT HEART DECORATIONS,446,942.8800000000001,2.5798591549295775,70
22144,CHRISTMAS CRAFT LITTLE FRIENDS,1295,3332.4100000000003,2.7057943925233645,209
22145,CHRISTMAS CRAFT HEART STOCKING ,1306,2752.6600000000003,2.3686069651741297,197
22146,EASTER CRAFT IVY WREATH WITH CHICK,1412,2631.18,2.0044444444444443,106
22147,FELTCRAFT BUTTERFLY HEARTS,6903,9737.71,1.6229986052998606,690
22148,EASTER CRAFT 4 CHICKS ,1304,2562.84,2.4093103448275865,113
22149,FELTCRAFT 6 FLOWER FRIENDS,6818,14426.78,2.353247191011236,871
22150, 3 STRIPEY MICE FELTCRAFT,691,1342.03,2.188787878787879,129
22150,3 STRIPEY MICE FELTCRAFT,4236,7550.58,2.1278010471204185,370
22151,PLACE SETTING WHITE HEART,12623,5370.48,0.502,396
22152,PLACE SETTING WHITE STAR,3924,1634.44,0.49627586206896546,141
22153,ANGEL DECORATION STARS ON DRESS,3200,1403.52,0.5585882352941176,165
22154,ANGEL DECORATION 3 BUTTONS ,4136,1759.96,0.5301657458563536,173
22155,STAR DECORATION RUSTIC,3774,1677.09,0.5536036036036036,213
22156,HEART DECORATION WITH PEARLS ,4041,3498.1499999999996,1.006046511627907,336
22157,ANGEL DECORATION WITH LACE PADDED,1513,1294.1499999999999,0.8976470588235294,115
22158,3 HEARTS HANGING DECORATION RUSTIC,5928,18399.9,3.112804347826087,450
22161,HEART DECORATION RUSTIC HANGING ,1754,1178.6000000000001,0.9306172839506173,160
22162,HEART GARLAND RUSTIC PADDED,994,3027.37,3.4522826086956524,180
22163,HEART STRING MEMO HOLDER HANGING,412,1249.13,3.186785714285714,81
22164,STRING OF STARS CARD HOLDER,244,656.6100000000001,3.3283333333333336,36
22165,"DIAMANTE HEART SHAPED WALL MIRROR, ",576,4516.02,13.872814814814815,132
22166,"WALL MIRROR , RECT DIAMANTE, PINK/",219,1746.78,12.508524590163933,61
22166,WALL MIRROR RECTANGLE DIAMANTE PINK,27,336.35999999999996,12.22235294117647,17
22167, OVAL WALL MIRROR DIAMANTE ,35,421.33,12.738260869565218,23
22167,"WALL MIRROR , DIAMANTE OVAL SHAPE",425,3331.91,11.791846153846153,129
22168,ORGANISER WOOD ANTIQUE WHITE ,525,4347.13,8.509834710743801,242
22168,"ORGANISER WOOD, ANTIQUE WHITE ",3,25.5,8.5,2
22169,FAMILY ALBUM WHITE PICTURE FRAME,1126,9585.04,9.44625730994152,342
22170,PICTURE FRAME WOOD TRIPLE PORTRAIT,1338,8823.06,7.1874213836477985,318
22171,3 HOOK PHOTO SHELF ANTIQUE WHITE,1387,10469.85,9.597781569965871,293
22172,METAL SHELF WITH RAIL ,378,3451.82,9.579301075268818,185
22173,METAL 4 HOOK HANGER FRENCH CHATEAU,2693,8001.150000000001,3.629288389513109,530
22174,PHOTO CUBE,2205,5014.62,2.412238805970149,264
22175,PINK OWL DECORATION,96,244.79999999999998,2.55,1
22175,PINK OWL SOFT TOY,872,2518.9900000000002,3.4330882352941177,202
22176,BLUE OWL DECORATION,96,244.79999999999998,2.55,1
22176,BLUE OWL SOFT TOY,591,1811.2200000000003,3.4168211920529803,151
22177,5 HOOK BLACKBOARD ORGANISER ,325,3101.46,11.89312,125
22178,VICTORIAN GLASS HANGING T-LIGHT,16297,19958.77,1.482478736330498,802
22179,SET 10 LIGHTS NIGHT OWL,1127,7727.55,7.961118644067797,295
22180,RETRO SPOT LAMP,511,5164.42,10.975306122448979,196
22180,RETROSPOT LAMP,163,1717.25,11.563768115942029,69
22181,SNOWSTORM PHOTO FRAME FRIDGE MAGNET,976,816.74,1.04,87
22182,CAKE STAND VICTORIAN FILIGREE SMALL,197,769.55,5.0442857142857145,56
22183,CAKE STAND VICTORIAN FILIGREE MED,291,1549.21,6.796483516483517,91
22184,CAKE STAND VICTORIAN FILIGREE LARGE,345,2516.85,9.385762711864407,118
22185,SLATE TILE NATURAL HANGING,2450,4033.3899999999994,1.9119805194805195,306
22186,RED STAR CARD HOLDER,1192,3572.6800000000003,3.4625118483412325,211
22187,GREEN CHRISTMAS TREE CARD HOLDER,892,3867.82,4.980362694300518,193
22188,BLACK HEART CARD HOLDER,7613,20713.83,4.502272727272728,395
22189,CREAM HEART CARD HOLDER,10066,31111.56,4.439750312109863,797
22190,LOCAL CAFE MUG,752,1602.6000000000001,2.5134507042253524,140
22191,EAU DE NIL DINER WALL CLOCK,248,2067.2,8.471428571428572,119
22191,IVORY DINER WALL CLOCK,242,2016.2,8.473711340206187,97
22191,IVORY WALL CLOCK,60,459.0,7.65,1
22192,BLUE DINER WALL CLOCK,490,4085.4700000000003,8.693298429319372,190
22193,RED DINER WALL CLOCK,471,3980.4100000000003,9.098165680473372,169
22193,RED WALL CLOCK,60,459.0,7.65,1
22194,BLACK DINER WALL CLOCK,311,2620.41,8.948823529411765,119
22195,HEART MEASURING SPOONS LARGE,84,138.59999999999997,1.65,5
22195,LARGE HEART MEASURING SPOONS,3209,5580.839999999999,2.171505376344086,457
22196,HEART MEASURING SPOONS SMALL,12,10.2,0.85,1
22196,SMALL HEART MEASURING SPOONS,3854,3505.8399999999997,1.1471195652173911,534
22197,"POPCORN HOLDER , SMALL ",3189,2531.64,1.04,112
22197,SMALL POPCORN HOLDER,29809,27022.23,1.0135209713024282,887
22198,LARGE POPCORN HOLDER ,5760,10013.71,2.035546875,504
22198,"POPCORN HOLDER , LARGE",1008,1696.2099999999998,2.099565217391304,92
22199,FRYING PAN RED POLKADOT ,1210,4885.89,5.057142857142858,188
22199,FRYING PAN RED RETROSPOT,185,825.69,5.457586206896552,58
22200,FRYING PAN PINK POLKADOT,262,1134.9,5.730357142857144,56
22200,FRYING PAN PINK POLKADOT ,652,2904.26,5.288795180722892,166
22200,FRYING PAN PINK RETROSPOT,7,33.97,5.656666666666666,3
22201,FRYING PAN BLUE POLKADOT,37,165.69,4.746470588235294,17
22201,FRYING PAN BLUE POLKADOT ,278,1139.16,4.797704918032787,61
22201,FRYING PAN BLUE RETROSPOT,4,21.22,5.656666666666666,3
22202,MILK PAN PINK POLKADOT,285,1069.53,5.2543750000000005,48
22202,MILK PAN PINK RETROSPOT,750,3011.2400000000002,5.012116402116402,188
22203,MILK PAN RED RETROSPOT,1013,4050.61,4.731328125,254
22204,MILK PAN BLUE POLKADOT,29,112.62,4.047692307692308,13
22204,MILK PAN BLUE RETROSPOT,311,1192.13,4.754675324675325,77
22206,"MUG , DOTCOMGIFTSHOP.COM ",9,7.65,0.85,5
22207,FRYING PAN UNION FLAG,1852,7882.32,5.1780836236933805,287
22208,WOOD STAMP SET THANK YOU,887,1532.06,2.108727272727273,163
22209,WOOD STAMP SET HAPPY BIRTHDAY,483,812.8799999999999,1.8640229885057469,86
22210,WOOD STAMP SET BEST WISHES,598,991.6499999999999,1.8699074074074074,106
22211,WOOD STAMP SET FLOWERS,527,906.56,1.9790909090909092,97
22212,FOUR HOOK  WHITE LOVEBIRDS,2491,5138.9400000000005,2.447136563876652,447
22214,CANDLE PLATE LACE WHITE,356,863.1899999999999,2.8641666666666667,36
22215,CAKE STAND WHITE TWO TIER LACE,749,6398.04,9.2193893129771,262
22216,T-LIGHT HOLDER WHITE LACE,818,719.5,1.0235185185185185,49
22217,T-LIGHT HOLDER HANGING LACE,1551,2008.59,1.4658088235294118,134
22218,CAKE STAND LACE WHITE,1233,5361.41,5.3824621212121215,264
22219,LOVEBIRD HANGING DECORATION WHITE ,5773,5370.13,1.0964835164835163,625
22220,CAKE STAND LOVEBIRD 2 TIER WHITE,515,5046.139999999999,10.553027027027026,185
22221,CAKE STAND LOVEBIRD 2 TIER PINK,775,5618.17,10.651588785046728,106
22222,CAKE PLATE LOVEBIRD WHITE,441,2325.19,5.838924731182796,186
22223,CAKE PLATE LOVEBIRD PINK,286,1548.22,5.542525252525253,98
22224,WHITE LOVEBIRD LANTERN,1569,4870.14,3.56672,248
22227,"DECORATION, HANGING HEART+MIRROR ",2983,2161.0,0.9008591065292098,287
22227,HANGING HEART MIRROR DECORATION ,812,558.0400000000001,0.8625301204819278,78
22228,BUNNY WOODEN PAINTED WITH BIRD ,727,678.8199999999999,1.1106106870229007,128
22229,BUNNY WOODEN PAINTED WITH FLOWER ,439,412.84,1.123139534883721,84
22230,JIGSAW TREE WITH WATERING CAN,610,654.01,1.1138709677419356,92
22231,JIGSAW TREE WITH BIRDHOUSE,1165,1725.36,1.8550943396226414,158
22232,3 PIECE JIGSAW TOADSTOOLS,16,26.4,1.65,2
22232,JIGSAW TOADSTOOLS 3 PIECE,403,688.13,2.116712328767123,73
22233,JIGSAW RABBIT AND BIRDHOUSE,356,607.92,1.902295081967213,61
22236,CAKE STAND 3 TIER MAGIC GARDEN,832,10485.07,13.590746268656716,335
22236,Rust fixed,850,0.0,0.0,1
22241,"GARLAND , WOODEN  "" HAPPY EASTER""",105,133.89,1.49,11
22241,GARLAND WOODEN HAPPY EASTER,2294,3121.6,1.5639473684210525,225
22242,5 HOOK HANGER MAGIC TOADSTOOL,1190,1867.11,1.8236904761904762,83
22242,"HOOK, 5 HANGER , MAGIC TOADSTOOL",2982,4795.95,1.9434230769230767,258
22243,5 HOOK HANGER RED MAGIC TOADSTOOL,1481,2288.97,1.8191489361702127,89
22243,"HOOK, 5 HANGER ,MAGIC TOADSTOOL RED",3152,4908.799999999999,1.9305649717514124,175
22244,3 HOOK HANGER MAGIC GARDEN,1083,1965.4099999999999,2.6064383561643836,73
22244,"HOOK, 3 HANGER ,MAGIC GARDEN",2028,3979.2,2.638894230769231,208
22245,"HOOK, 1 HANGER ,MAGIC GARDEN",3435,2976.49,1.0907975460122699,322
22246,"GARLAND, MAGIC GARDEN 1.8M",656,1332.36,2.565208333333333,95
22246,MAGIC GARDEN FELT GARLAND ,24,92.0,3.7077777777777774,9
22247,BUNNY DECORATION MAGIC GARDEN,516,431.34999999999997,1.0881690140845068,69
22248,DECORATION  PINK CHICK MAGIC GARDEN,421,378.07,1.128550724637681,65
22249,DECORATION WHITE CHICK MAGIC GARDEN,708,621.8,1.0859999999999999,98
22250,DECORATION  BUTTERFLY  MAGIC GARDEN,705,656.99,1.249741379310345,111
22251,BIRDHOUSE DECORATION MAGIC GARDEN,1172,1445.66,1.5948170731707318,163
22252,BIRDCAGE DECORATION MAGIC GARDEN,21,53.55,2.55,3
22252,BIRDCAGE DECORATION TEALIGHT HOLDER,304,375.44,1.2456818181818183,44
22253,6 CROCHET STRAWBERRIES,964,1158.28,1.4741573033707864,86
22254,FELT TOADSTOOL LARGE,753,970.41,1.448,88
22255,FELT TOADSTOOL  SMALL,587,552.4499999999999,1.1057534246575342,70
22256,FELT FARM ANIMAL CHICKEN,651,818.43,1.5536986301369864,71
22257,FELT FARM ANIMAL SHEEP,46,65.06,1.6699999999999997,15
22258,FELT FARM ANIMAL RABBIT,430,547.16,1.6448214285714287,54
22259,FELT FARM ANIMAL HEN,109,150.10999999999999,1.6844827586206894,28
22260,FELT EGG COSY BLUE RABBIT ,1019,1036.52,1.3042465753424657,144
22261,FELT EGG COSY WHITE RABBIT ,1533,1490.4499999999998,1.1736241610738256,141
22262,FELT EGG COSY CHICKEN,1022,1024.85,1.1991351351351351,177
22263,FELT EGG COSY LADYBIRD ,510,431.40999999999997,1.2885185185185184,54
22264,FELT FARM ANIMAL WHITE BUNNY ,466,427.09999999999997,1.101081081081081,74
22265,EASTER DECORATION NATURAL CHICK,1311,848.11,0.7581651376146789,106
22266,EASTER DECORATION HANGING BUNNY,655,444.26000000000005,0.8512676056338029,69
22267,EASTER DECORATION EGG BUNNY ,636,618.3,1.3641666666666667,34
22268,EASTER DECORATION SITTING BUNNY,545,468.95,1.0404819277108435,78
22269,EGG CUP NATURAL CHICKEN,590,738.72,1.4823456790123455,80
22270,HAPPY EASTER HANGING DECORATION,442,1696.47,4.156310679611651,100
22271,FELTCRAFT DOLL ROSIE,3244,9148.95,3.224644268774704,501
22272,FELTCRAFT DOLL MARIA,1200,3363.09,3.1905243445692886,264
22273,FELTCRAFT DOLL MOLLY,2889,8299.93,3.3405765407554675,494
22274,FELTCRAFT DOLL EMILY,2478,6973.02,3.2615738498789346,408
22275,WEEKEND BAG VINTAGE ROSE PAISLEY,946,7875.33,8.88564263322884,313
22276,WASH BAG VINTAGE ROSE PAISLEY,1660,4258.67,2.9992691029900334,300
22277,COSMETIC BAG VINTAGE ROSE PAISLEY,1024,2126.4,2.4206410256410256,154
22278,OVERNIGHT BAG VINTAGE ROSE PAISLEY,658,3572.8100000000004,6.346711711711712,221
22279,POCKET BAG BLUE PAISLEY RED SPOT,612,1104.97,1.9284090909090907,87
22280,POCKET BAG PINK PAISELY BROWN SPOT,412,742.9,1.9238805970149255,64
22281,EASTER TREE YELLOW BIRDS,380,2356.42,8.197209302325582,86
22282,12 EGG HOUSE PAINTED WOOD,416,5028.13,16.74475,120
22283,6 EGG HOUSE PAINTED WOOD,743,5902.52,9.411551724137931,232
22284,HEN HOUSE DECORATION,1551,2443.83,1.9773714285714283,171
22285,"DECORATION HEN ON NEST, HANGING",1849,2781.2799999999997,1.8610738255033559,144
22286,"DECORATION , WOBBLY RABBIT , METAL ",814,1178.26,1.9395,80
22287,"DECORATION , WOBBLY CHICKEN, METAL ",546,718.89,1.9629268292682924,41
22288,"DECORATION , HANGING METAL RABBIT",834,904.02,1.5062903225806452,60
22288,HANGING METAL RABBIT DECORATION,6,15.059999999999999,2.51,5
22289,"DECORATION , HANGING METAL CHICKEN",616,623.96,1.5902325581395347,42
22290,STANDING METAL RABBIT WITH EGG,670,1223.02,2.35620253164557,78
22291,HANGING CHICK CREAM DECORATION,4,7.33,2.215,2
22291,"SPRING DEC , HANGING CHICK CREAM",1900,2499.58,1.6448965517241378,142
22292,HANGING CHICK  YELLOW DECORATION,9,14.58,1.7559999999999998,5
22292,"SPRING DEC , HANGING CHICK  YELLOW",1640,2164.88,1.6096363636363638,109
22293,HANGING CHICK GREEN DECORATION,5,13.37,2.674,5
22293,"SPRING DEC , HANGING CHICK  GREEN",1128,1516.9199999999998,1.8652941176470588,100
22294,HEART FILIGREE DOVE  SMALL,11466,14156.94,1.4625204582651392,585
22295,HEART FILIGREE DOVE LARGE,5758,9494.23,1.7917659137577,472
22296,HEART IVORY TRELLIS LARGE,6715,11012.789999999999,1.783045871559633,533
22297,HEART IVORY TRELLIS SMALL,9707,12466.69,1.5931170886075947,616
22299,PIG KEYRING WITH LIGHT & SOUND ,2587,3118.91,1.591875,128
22300,COFFEE MUG DOG + BALL DESIGN,2663,6685.99,2.9588825214899708,345
22301,COFFEE MUG CAT + BIRD DESIGN,2899,7418.83,3.1880676328502413,412
22302,COFFEE MUG PEARS  DESIGN,2597,5358.16,2.7194086021505375,184
22303,COFFEE MUG APPLES DESIGN,2623,6363.38,2.6944086021505376,279
22304,COFFEE MUG BLUE PAISLEY DESIGN,1661,3448.8,2.7363478260869565,115
22305,COFFEE MUG PINK PAISLEY DESIGN,1598,3168.15,2.676770833333333,96
22306,SILVER MUG BONE CHINA TREE OF LIFE,530,1034.52,2.4836842105263157,57
22307,GOLD MUG BONE CHINA TREE OF LIFE,496,960.8399999999999,2.6148000000000002,50
22308,TEA COSY BLUE STRIPE,433,1238.03,3.6973451327433624,113
22309,TEA COSY RED  STRIPE,972,2418.6299999999997,3.2934640522875815,153
22310,IVORY KNITTED MUG COSY ,536,1001.14,2.4491666666666667,70
22310,KNITTED MUG COSY IVORY COLOUR ,597,973.5899999999999,2.500862068965517,58
22311,OFFICE MUG WARMER BLACK+SILVER ,1013,3493.59,4.971627906976744,172
22312,OFFICE MUG WARMER POLKADOT,667,2566.21,4.90359477124183,152
22313,OFFICE MUG WARMER PINK,457,1690.39,4.875263157894738,76
22314,OFFICE MUG WARMER CHOC+BLUE,592,2326.76,4.77162962962963,132
22315,200 RED + WHITE BENDY STRAWS,1277,1601.84,1.4311894273127752,226
22316,200 BENDY SKULL STRAWS,611,707.95,1.421044776119403,67
22317,FIVE CATS HANGING DECORATION,303,959.7900000000001,3.7252500000000004,79
22318,FIVE HEART HANGING DECORATION,1158,3560.3900000000003,3.5052692307692306,256
22319,HAIRCLIPS FORTIES FABRIC ASSORTED,1677,1133.5800000000002,0.9357894736842106,114
22320,BIRDS MOBILE VINTAGE DESIGN,412,2415.6,6.160185185185186,108
22321,BIRD DECORATION RED RETROSPOT,424,362.73999999999995,1.241951219512195,41
22321,BIRD DECORATION RED SPOT,1267,1169.55,1.1719148936170212,141
22322,BIRD DECORATION GREEN  SPOT,678,660.62,1.3082407407407406,108
22322,BIRD DECORATION GREEN POLKADOT,124,128.07999999999998,1.4365517241379309,29
22323,BAG FOR CHILDREN VINTAGE PINK ,96,408.0,4.25,1
22323,PINK POLKADOT KIDS BAG,538,1273.36,3.1926086956521735,114
22324,BAG FOR CHILDREN VINTAGE BLUE ,96,408.0,4.25,1
22324,BLUE POLKADOT KIDS BAG,299,745.2099999999999,3.2308536585365855,82
22325,MOBILE VINTAGE HEARTS ,453,2022.3300000000002,5.052814814814814,134
22326,"ROUND SNACK BOXES ,SET4, WOODLAND ",66,194.70000000000002,2.9500000000000006,3
22326,ROUND SNACK BOXES SET OF4 WOODLAND ,7056,20383.86,3.3902589928057556,683
22327,ROUND SNACK BOXES SET OF 4 SKULLS,1936,5750.240000000001,3.3729743589743593,378
22328,"ROUND SNACK BOXES ,SET 4, FRUITS ",84,247.8,2.95,5
22328,ROUND SNACK BOXES SET OF 4 FRUITS ,7684,21065.19,3.116627906976744,597
22329,ROUND CONTAINER SET OF 5 RETROSPOT,3526,5727.61,2.10218085106383,374
22329,ROUND FOOD CONTAINER S/5 RETROSPOT,36,59.39999999999999,1.6499999999999997,3
22330,72 ROUND PINK DOILIES,128,197.89999999999998,1.87,22
22331,WOODLAND PARTY BAG + STICKER SET,1893,3160.3599999999997,1.9572118959107807,265
22332,SKULLS PARTY BAG + STICKER SET,3145,4873.9,1.8343333333333331,237
22333,RETRO SPORT PARTY BAG + STICKER SET,3444,5370.08,1.8630196078431371,254
22333,RETRO SPOT PARTY BAG + STICKER SET,938,1412.25,1.7891176470588235,34
22333,RETROSPOT PARTY BAG + STICKER SET,1291,2039.5499999999997,1.8322641509433961,105
22334,DINOSAUR PARTY BAG + STICKER SET,1541,2418.0499999999997,1.6975147928994083,166
22335,HEART DECORATION PAINTED ZINC ,6360,4038.4700000000003,0.802,296
22336,DOVE DECORATION PAINTED ZINC ,2353,1542.24,0.8136,145
22337,ANGEL DECORATION PAINTED ZINC ,1597,976.4200000000001,0.7928205128205129,76
22338,STAR DECORATION PAINTED ZINC ,1471,963.44,0.793804347826087,91
22339,CHRISTMAS TREE PAINTED ZINC ,1083,723.5400000000001,0.773134328358209,66
22340,NOEL GARLAND PAINTED ZINC ,402,727.1999999999999,2.3485964912280703,57
22341,LOVE GARLAND PAINTED ZINC ,3028,4897.78,2.315748502994012,165
22342,HOME GARLAND PAINTED ZINC ,823,1419.7499999999998,2.319142857142857,105
22343,PARTY PIZZA DISH RED RETROSPOT,835,678.3399999999999,1.0119672131147541,61
22343,PARTY PIZZA DISH RED WHITE SPOT ,488,434.06999999999994,1.1191176470588236,34
22343,PARTY PIZZA DISH RED+WHITE SPOT ,12,10.2,0.85,1
22344,PARTY PIZZA DISH PINK POLKADOT,84,78.69,1.197142857142857,14
22344,PARTY PIZZA DISH PINK RETROSPOT,185,181.54999999999998,1.01875,24
22344,PARTY PIZZA DISH PINK WHITE SPOT ,75,78.72999999999999,1.1973684210526316,19
22344,PARTY PIZZA DISH PINK+WHITE SPOT ,24,20.4,0.85,2
22345,PARTY PIZZA DISH BLUE POLKADOT,80,72.05,1.1615384615384614,13
22345,PARTY PIZZA DISH BLUE RETROSPOT,206,178.33999999999997,0.9657142857142856,28
22345,PARTY PIZZA DISH BLUE WHITE SPOT ,53,54.28,1.2429411764705882,17
22345,PARTY PIZZA DISH BLUE+WHITE SPOT ,24,20.4,0.85,2
22346,PARTY PIZZA DISH GREEN POLKADOT,137,108.71,0.999,10
22346,PARTY PIZZA DISH GREEN RETROSPOT,89,80.50999999999999,1.063157894736842,19
22346,PARTY PIZZA DISH GREEN WHITE SPOT ,40,42.3,1.2386666666666666,15
22346,PARTY PIZZA DISH GREEN+WHITE SPOT ,12,10.2,0.85,1
22347,PIZZA DISH SLICE ,36,45.0,1.25,2
22347,PIZZA SLICE DISH,2680,3074.18,1.6698230088495576,113
22348,TEA BAG PLATE RED RETROSPOT,1356,1190.85,1.09,155
22348,TEA BAG PLATE RED SPOTTY ,7126,5934.19,1.0631063829787233,465
22349,"DOG BOWL , CHASING BALL DESIGN",754,3014.3,4.172205882352941,136
22349,DOG BOWL CHASING BALL DESIGN,469,2212.22,4.095809523809524,104
22350,CAT BOWL ,946,2521.24,2.9835245901639342,121
22350,ILLUSTRATED CAT BOWL ,505,1608.6499999999999,3.159019607843137,101
22351,DOTCOMGIFTSHOP TEA TOWEL,2,6.72,3.36,1
22352,LUNCH BOX WITH CUTLERY RETROSPOT ,2673,6724.5599999999995,3.060421545667447,427
22352,LUNCHBOX WITH CUTLERY RETROSPOT ,1413,3481.89,2.8957021276595745,232
22353,LUNCH BOX WITH CUTLERY FAIRY CAKES ,1529,4167.21,3.265595667870036,274
22353,LUNCHBOX WITH CUTLERY FAIRY CAKES ,1451,3597.68,3.0384848484848486,196
22354,RETRO SPOT PADDED SEAT CUSHION,475,1718.93,3.952142857142857,56
22354,RETROSPOT PADDED SEAT CUSHION,1032,3983.4,4.178896551724138,144
22355,"CHARLOTTE BAG , SUKI DESIGN",4417,3796.59,1.0869208211143695,341
22355,CHARLOTTE BAG SUKI DESIGN,10112,13534.25,1.1122423146473779,550
22356,"CHARLOTTE BAG , PINK/WHITE SPOTS",4454,3740.38,1.0589722222222222,360
22356,CHARLOTTE BAG PINK POLKADOT,1715,2125.45,1.1649462365591396,183
22356,CHARLOTTE BAG PINK WITH WHITE SPOTS,4345,3959.52,1.0377570093457944,321
22357,KINGS CHOICE BISCUIT TIN,1626,7270.78,4.992945205479452,292
22358,KINGS CHOICE TEA CADDY ,1989,5990.030000000001,3.598216216216217,366
22359,GLASS JAR KINGS CHOICE,1067,3369.75,3.6270247933884296,121
22359,"GLASS JAR, KINGS CHOICE SOAP",42,123.9,2.95,8
22359,temp,100,0.0,0.0,1
22360,GLASS JAR ENGLISH CONFECTIONERY,1517,4431.28,3.6094170403587444,222
22360,"GLASS JAR, ENGLISH CONFECTIONERY",2,5.9,2.95,1
22360,temp,100,0.0,0.0,1
22361,GLASS JAR DAISY FRESH COTTON WOOL,1132,3482.34,3.9897899159663868,237
22361,temp,100,0.0,0.0,1
22362,GLASS JAR PEACOCK BATH SALTS,360,1131.24,3.445,124
22363,GLASS JAR MARMALADE ,303,928.5000000000001,3.4898901098901103,90
22363,temp,100,0.0,0.0,1
22364,GLASS JAR DIGESTIVE BISCUITS,1448,4529.78,3.66572192513369,186
22365,DOOR MAT RESPECTABLE HOUSE,380,2765.69,8.205887096774193,124
22365,DOORMAT RESPECTABLE HOUSE,1187,6984.21,8.316535947712419,153
22366,DOOR MAT AIRMAIL ,461,3366.71,8.24669014084507,142
22366,DOORMAT AIRMAIL ,1308,8021.5599999999995,8.680818181818182,220
22367,CHILDRENS APRON SPACEBOY DESIGN,2081,4139.46,2.1795015576323986,321
22367,CHILDS APRON SPACEBOY DESIGN,2325,4412.87,2.046121794871795,310
22371,AIRLINE BAG VINTAGE TOKYO 78,789,4106.19,5.538025078369905,318
22372,AIRLINE BAG VINTAGE WORLD CHAMPION ,342,1860.26,5.553225806451613,155
22374,AIRLINE BAG VINTAGE JET SET RED,492,2752.95,5.932935779816513,217
22375,AIRLINE BAG VINTAGE JET SET BROWN,264,1453.04,5.8726153846153855,129
22376,AIRLINE BAG VINTAGE JET SET WHITE,293,1588.02,5.67007299270073,135
22377,BOTTLE BAG RETROSPOT ,2291,4759.95,2.5346982758620693,231
22378,WALL TIDY RETROSPOT ,1493,3271.25,2.7207984790874526,263
22379,RECYCLING BAG RETROSPOT ,9157,19755.17,2.655081585081585,847
22380,TOY TIDY SPACEBOY  ,3674,7458.96,2.3186298076923078,415
22381,TOY TIDY PINK POLKADOT,1450,2996.8,2.640676691729323,130
22381,TOY TIDY PINK RETROSPOT  ,4553,9529.53,2.4802912621359225,511
22382,LUNCH BAG SPACEBOY DESIGN ,9316,15263.68,1.7739034205231388,981
22382,LUNCHBAG SPACEBOY DESIGN ,644,1022.6,1.641111111111111,45
22383,LUNCH BAG SUKI  DESIGN ,12475,20688.89,1.991343943412909,1114
22383,LUNCHBAG SUKI  DESIGN ,410,661.63,1.742,35
22384,LUNCH BAG PINK POLKADOT,1469,2448.69,1.9233640552995392,211
22384,LUNCH BAG PINK POLKADOTS,10,16.5,1.65,1
22384,LUNCH BAG PINK RETROSPOT,8916,14391.72,1.8455259975816203,812
22384,LUNCHBAG PINK RETROSPOT,108,179.91,1.772142857142857,14
22385,JUMBO BAG SPACEBOY DESIGN,8554,15663.61,2.1848885077186964,578
22386,JUMBO BAG PINK POLKADOT,4159,8405.710000000001,2.4232692307692307,259
22386,JUMBO BAG PINK WITH WHITE SPOTS,14202,26242.66,2.151664611590629,802
22389,PAPERWEIGHT SAVE THE PLANET,321,634.5699999999999,2.504489795918367,49
22390,PAPERWEIGHT CHILDHOOD MEMORIES,553,1023.4799999999999,2.5464583333333333,48
22391,PAPERWEIGHT HOME SWEET HOME,165,389.60999999999996,2.785135135135135,37
22393,PAPERWEIGHT VINTAGE COLLAGE,329,747.79,2.9883018867924527,53
22394,PAPERWEIGHT KINGS CHOICE ,179,318.66999999999996,2.5475757575757574,33
22395,PAPERWEIGHT VINTAGE PAISLEY,85,208.89999999999998,3.0217391304347827,23
22396,MAGNETS PACK OF 4 RETRO PHOTO,684,817.98,1.3439344262295083,60
22398,MAGNETS PACK OF 4 SWALLOWS,1745,2202.14,1.3504568527918783,193
22399,MAGNETS PACK OF 4 CHILDHOOD MEMORY,2938,3447.52,1.2864324324324325,184
22400,MAGNETS PACK OF 4 HOME SWEET HOME,1069,1335.47,1.2917441860465118,85
22402,MAGNETS PACK OF 4 VINTAGE COLLAGE,1726,1999.64,1.2991428571428572,102
22403,MAGNETS PACK OF 4 VINTAGE LABELS ,408,527.88,1.427912087912088,91
22405,MONEY BOX POCKET MONEY DESIGN,1276,1588.04,1.325897435897436,152
22405,TIN CAN POCKET MONEY DESIGN,24,30.0,1.25,2
22406,MONEY BOX KINGS CHOICE DESIGN,2125,2727.15,1.4421323529411765,134
22406,TIN CAN KINGS CHOICE DESIGN,36,45.0,1.25,3
22407,MONEY BOX FIRST ADE DESIGN,344,421.84000000000003,1.4401960784313725,51
22408,MONEY BOX CONFECTIONERY DESIGN,505,636.23,1.4511940298507464,66
22408,TIN CAN CONFECTIONERY DESIGN,12,15.0,1.25,1
22409,MONEY BOX BISCUITS DESIGN,1436,1965.76,1.598148148148148,107
22409,TIN CAN BISCUITS DESIGN,48,60.0,1.25,4
22410,MONEY BOX HOUSEKEEPING DESIGN,1102,1390.04,1.3842028985507246,138
22410,TIN CAN HOUSEKEEPING DESIGN,24,30.0,1.25,2
22411,JUMBO SHOPPER VINTAGE RED PAISLEY,15096,29572.25,2.178702147525677,1058
22412,METAL SIGN NEIGHBOURHOOD WITCH ,1497,3232.11,2.589809885931559,260
22413,METAL SIGN TAKE IT OR LEAVE IT ,3263,8841.85,3.285266393442623,485
22414,DOOR MAT NEIGHBOURHOOD WITCH ,96,783.87,9.153269230769231,52
22414,DOORMAT NEIGHBOURHOOD WITCH ,818,4419.59,8.639358974358974,78
22415,WHITE TISSUE REAM,307,2440.65,7.95,197
22416,36 DOILIES SPACEBOY DESIGN ,709,1005.3699999999999,1.5557142857142858,56
22416,SET OF 36 DOILIES SPACEBOY DESIGN ,395,551.6,1.6119565217391303,46
22417,PACK OF 60 SPACEBOY CAKE CASES,13205,6686.85,0.664631751227496,596
22418,10 COLOUR SPACEBOY PEN,6142,5184.469999999999,0.9808163265306122,291
22418,"PEN, 10 COLOURS - SPACEBOY",24,20.4,0.85,1
22419,LIPSTICK PEN RED,3720,1697.67,0.5984108527131783,253
22420,LIPSTICK PEN BABY PINK,784,408.55,0.5905982905982905,113
22421,LIPSTICK PEN FUSCHIA,2219,1050.27,0.5674178403755868,205
22422,TOOTHPASTE TUBE PEN,1512,1027.89,0.9418562874251497,165
22423,REGENCY CAKESTAND 3 TIER,13691,169912.75999999998,14.364833005893908,2020
22424,ENAMEL BREAD BIN CREAM,686,8909.38,14.522558139534883,300
22425,ENAMEL COLANDER CREAM,286,1488.5600000000002,5.625528455284553,122
22425,ENAMEL COLLANDER CREAM,122,567.12,5.085652173913044,23
22426,ENAMEL WASH BOWL CREAM,630,2340.03,4.345542857142857,175
22427,ENAMEL FLOWER JUG CREAM,1137,6816.3,6.4125000000000005,311
22428,ENAMEL FIRE BUCKET CREAM,249,1678.8700000000001,7.28731182795699,92
22429,ENAMEL MEASURING JUG CREAM,1071,4549.21,4.758007380073801,269
22430,ENAMEL WATERING CAN CREAM,793,3590.15,5.405433526011561,172
22431,WATERING CAN BLUE ELEPHANT,1353,2860.47,2.3925666666666667,299
22432,WATERING CAN GREEN DINOSAUR,48,93.6,1.95,6
22432,WATERING CAN PINK BUNNY,1796,3347.89,2.292938775510204,245
22433,WATERING CAN GREEN DINOSAUR,1355,2469.0099999999998,2.2839393939393937,196
22433,WATERING CAN PINK BUNNY,54,105.3,1.95,5
22434,BALLOON PUMP WITH 10 BALLOONS,1786,3225.48,1.9725,162
22435,SET OF 9 HEART SHAPED BALLOONS,2245,2850.99,1.3914137931034483,282
22436,12 COLOURED PARTY BALLOONS,2140,1326.24,0.6532592592592592,133
22437,SET OF 9 BLACK SKULL BALLOONS,3736,3084.77,0.9487606837606837,227
22438,BALLOON ART MAKE YOUR OWN FLOWERS,469,915.37,2.1347619047619046,79
22439,6 ROCKET BALLOONS ,2058,1348.67,0.6850282485875706,174
22440,BALLOON WATER BOMB PACK OF 35,2576,1050.83,0.44436241610738253,144
22441,GROW YOUR OWN BASIL IN ENAMEL MUG,1671,3598.4,2.3233211678832117,271
22442,GROW YOUR OWN FLOWERS SET OF 3,579,3595.5699999999997,8.022079207920791,100
22443,GROW YOUR OWN HERBS SET OF 3,534,4153.66,8.389945945945946,184
22444,GROW YOUR OWN PLANT IN A CAN ,9580,13123.28,1.5501445783132528,414
22445,PENCIL CASE GINGHAM FOREST,36,106.20000000000002,2.95,4
22445,PENCIL CASE LIFE IS BEAUTIFUL,742,2303.46,3.42843137254902,148
22446,PIN CUSHION BABUSHKA PINK,64,214.4,3.35,22
22446,PIN CUSHION RUSSIAN DOLL PINK,122,422.45000000000005,3.7544117647058823,34
22447,PIN CUSHION BABUSHKA BLUE,47,164.29000000000002,3.7775,16
22447,PIN CUSHION RUSSIAN DOLL BLUE,68,238.06,3.7960869565217394,23
22448,PIN CUSHION BABUSHKA RED,161,553.0300000000001,3.6757142857142857,42
22448,PIN CUSHION RUSSIAN DOLL RED,395,1230.67,3.4316216216216215,36
22449,SILK PURSE BABUSHKA PINK,419,1424.17,3.580561797752809,88
22449,SILK PURSE RUSSIAN DOLL PINK,461,1530.6200000000001,3.709892473118279,91
22450,SILK PURSE BABUSHKA BLUE,301,1022.0300000000001,3.5511764705882354,67
22450,SILK PURSE RUSSIAN DOLL BLUE,375,1245.93,3.5370422535211268,69
22451,SILK PURSE BABUSHKA RED,567,1964.3700000000001,3.9914754098360654,119
22451,SILK PURSE RUSSIAN DOLL RED,605,1975.27,3.5667032967032966,88
22452,MEASURING TAPE BABUSHKA PINK,443,1246.29,3.094705882352941,68
22452,MEASURING TAPE RUSSIAN DOLL PINK,182,551.7,3.2583333333333333,48
22453,MEASURING TAPE BABUSHKA BLUE,321,897.6700000000001,2.9816279069767444,43
22453,MEASURING TAPE RUSSIAN DOLL BLUE,103,306.81000000000006,3.0557142857142856,28
22454,MEASURING TAPE BABUSHKA RED,595,1683.65,3.094186046511628,84
22454,MEASURING TAPE RUSSIAN DOLL RED,654,1796.42,3.2675,64
22456,NATURAL SLATE CHALKBOARD LARGE ,2730,12324.56,5.89951871657754,373
22457,NATURAL SLATE HEART CHALKBOARD ,6568,20431.640000000003,3.4212352941176474,843
22458,CAST IRON HOOK GARDEN FORK,1015,2394.02,2.783248407643312,157
22459,CAST IRON HOOK GARDEN TROWEL,1008,2401.99,2.8152229299363056,155
22460,EMBOSSED GLASS TEALIGHT HOLDER,2275,3082.95,1.499421965317919,171
22461,SAVOY ART DECO CLOCK,177,2268.95,13.847959183673469,98
22464,HANGING METAL HEART LANTERN,4522,7643.949999999999,1.8874945054945054,446
22465,HANGING METAL STAR LANTERN,2588,4357.86,1.8523711340206184,279
22466,FAIRY TALE COTTAGE NIGHTLIGHT,2807,5200.73,2.2654,199
22467,22719,2,0.0,0.0,1
22467,GUMBALL COAT RACK,4286,10121.13,2.8007064017660044,443
22468,BABUSHKA LIGHTS STRING OF 10,1260,8213.460000000001,7.64726618705036,278
22469,HEART OF WICKER SMALL,11091,18993.559999999998,1.886219281663516,1029
22470,HEART OF WICKER LARGE,8628,25673.910000000003,3.1512156166814553,1096
22471,TV DINNER TRAY AIR HOSTESS ,224,1176.29,6.086385542168675,83
22472,"TRAY FOR TV DINNER , DOLLY GIRL",6,29.700000000000003,4.95,1
22472,TV DINNER TRAY DOLLY GIRL,795,3699.4300000000003,5.688145695364239,151
22473,TV DINNER TRAY VINTAGE PAISLEY,331,1587.13,5.446542056074766,107
22474,SPACEBOY TV DINNER TRAY,676,3164.2400000000002,5.597388059701492,132
22474,"TRAY FOR TV DINNER ,SPACEBOY",6,29.700000000000003,4.95,1
22475,SKULL DESIGN TV DINNER TRAY,465,2334.81,6.166614173228346,125
22476,EMPIRE UNION JACK TV DINNER TRAY,477,2577.11,6.470880503144653,158
22477,WATERING CAN GARDEN MARKER,1069,1417.6299999999999,1.550448717948718,155
22478,BIRDHOUSE GARDEN MARKER ,1241,1649.07,1.4960773480662986,181
22479,DAISY GARDEN MARKER,805,1041.39,1.4305833333333333,119
22480,RED TEA TOWEL CLASSIC DESIGN,1786,2169.62,1.2706763285024154,203
22481,BLACK TEA TOWEL CLASSIC DESIGN,476,598.76,1.2758762886597939,94
22482,BLUE TEA TOWEL CLASSIC DESIGN,1887,2231.07,1.2424,171
22483,RED GINGHAM TEDDY BEAR ,1131,3208.4300000000003,3.103789473684211,190
22485,SET OF 2 WOODEN MARKET CRATES,583,7589.49,14.494837209302325,214
22486,PLASMATRONIC LAMP,35,435.45,12.6375,16
22487,WHITE WOOD GARDEN PLANT LADDER,861,8640.119999999999,10.616770833333332,478
22488,NATURAL SLATE RECTANGLE CHALKBOARD,3756,6300.539999999999,1.853679012345679,404
22489,PACK OF 12 TRADITIONAL CRAYONS,8341,3534.97,0.4769060773480663,355
22491,PACK OF 12 COLOURED PENCILS,3594,2873.1899999999996,0.8924175824175824,179
22492,MINI PAINT SET VINTAGE ,17700,11300.17,0.76,349
22492,MINI PAINT SET VINTAGE  BOY+ GIRL,1260,761.4,0.6444444444444444,18
22493, PAINT YOUR OWN CANVAS SET,492,744.5999999999999,1.5833333333333333,18
22493,PAINT YOUR OWN CANVAS SET,1857,3007.6499999999996,1.7946231155778893,188
22494,EMERGENCY FIRST AID TIN ,1771,2283.71,1.5222083333333332,237
22495,SET OF 2 ROUND TINS CAMEMBERT ,672,1980.7200000000003,3.295931034482759,143
22496,SET OF 2 ROUND TINS DUTCH CHEESE,479,1463.93,3.181724137931035,115
22497,SET OF 2 TINS VINTAGE BATHROOM ,722,3204.18,4.999894736842105,189
22498,WOODEN REGATTA BUNTING,815,4823.650000000001,6.812851063829787,233
22499,WOODEN UNION JACK BUNTING,1516,9106.49,6.42696,374
22500,SET OF 2 TINS JARDIN DE PROVENCE,340,1719.8600000000001,5.444953271028037,106
22501,PICNIC BASKET WICKER LARGE,1062,11466.33,12.45657894736842,341
22501,mailout,100,0.0,0.0,1
22502,PICNIC BASKET WICKER SMALL,1991,10057.7,5.810627530364373,490
22502,mailout,100,0.0,0.0,1
22503,CABIN BAG VINTAGE PAISLEY,50,1437.08,30.801304347826086,23
22504,CABIN BAG VINTAGE RETROSPOT,127,3550.0099999999998,30.3772,50
22505,MEMO BOARD COTTAGE DESIGN,2361,11233.66,5.37594298245614,451
22507,MEMO BOARD RETROSPOT  DESIGN,2734,12433.210000000001,5.64410480349345,456
22508,DOORSTOP RETROSPOT HEART,1329,5224.41,4.278723404255319,416
22509,SEWING BOX RETROSPOT DESIGN ,183,3082.5699999999997,17.995384615384616,103
22510,DOORSTOP RUSSIAN DOLL GINGHAM,44,188.22,4.579285714285715,28
22510,GINGHAM BABUSHKA DOORSTOP,70,260.61,3.9095454545454547,22
22511,DOORSTOP RUSSIAN DOLL RETROSPOT,102,371.1,3.733783783783784,36
22511,RETROSPOT BABUSHKA DOORSTOP,54,210.36,4.0644,25
22512,DOORSTOP RACING CAR DESIGN,264,694.08,3.9775,36
22513,DOORSTOP FOOTBALL DESIGN,440,1377.42,4.0777777777777775,107
22514,CHILDS GARDEN SPADE BLUE,793,1519.4700000000003,2.1707857142857145,140
22515,CHILDS GARDEN SPADE PINK,790,1550.23,2.400916030534351,129
22516,CHILDS GARDEN RAKE BLUE,637,1216.23,2.3574038461538462,104
22517,CHILDS GARDEN RAKE PINK,609,1150.2,2.3403529411764707,85
22518,CHILDS GARDEN BRUSH BLUE,1051,2156.21,2.4956923076923077,194
22519,CHILDS GARDEN BRUSH PINK,1036,2112.48,2.421043956043956,180
22520,CHILDS GARDEN TROWEL BLUE ,1576,1389.1799999999998,0.932442748091603,257
22521,CHILDS GARDEN TROWEL PINK,1682,1466.59,0.9467153284671532,269
22522,CHILDS GARDEN FORK BLUE ,1309,1133.22,0.9147846889952153,206
22523,CHILDS GARDEN FORK PINK,1321,1133.99,0.9173777777777777,219
22524,CHILDRENS GARDEN GLOVES BLUE,1322,1853.0,1.544841628959276,220
22525,CHILDRENS GARDEN GLOVES PINK,1483,2154.69,1.6467415730337078,266
22526,WHEELBARROW FOR CHILDREN ,420,4994.9,13.176692307692308,129
22528,GARDENERS KNEELING PAD,5824,7623.41,1.4907692307692308,554
22529,MAGIC DRAWING SLATE GO TO THE FAIR ,1521,606.26,0.451123595505618,88
22529,MAGIC SLATE GO TO THE FAIR ,96,40.32,0.42,2
22530,MAGIC DRAWING SLATE DOLLY GIRL ,6450,2746.06,0.4968253968253968,248
22530,MAGIC SLATE DOLLY GIRL ,192,80.64,0.42,4
22531,MAGIC DRAWING SLATE CIRCUS PARADE  ,4728,2093.89,0.4898666666666667,221
22531,MAGIC SLATE CIRCUS PARADE  ,192,80.64,0.42,4
22532,MAGIC DRAWING SLATE LEAP FROG ,1751,718.4,0.4622935779816514,106
22532,MAGIC SLATE LEAP FROG ,96,40.32,0.42,2
22533,MAGIC DRAWING SLATE BAKE A CAKE ,2840,1180.21,0.48694267515923567,152
22533,MAGIC SLATE BAKE A CAKE ,48,20.16,0.42,1
22534,MAGIC DRAWING SLATE SPACEBOY ,8435,3631.82,0.4907142857142857,337
22534,MAGIC SLATE SPACEBOY ,288,120.96000000000001,0.42,6
22535,MAGIC DRAWING SLATE BUNNIES ,2458,1075.15,0.45981927710843373,163
22535,MAGIC SLATE BUNNIES AT HOME ,288,120.96000000000001,0.42,6
22536,MAGIC DRAWING SLATE FIDO,360,151.2,0.42,8
22536,MAGIC DRAWING SLATE PURDEY,4810,1901.24,0.4689041095890411,210
22536,MAGIC SLATE FIDO,288,120.96000000000001,0.42,6
22537,MAGIC DRAWING SLATE DINOSAUR,3872,1532.8400000000001,0.4872538860103627,186
22537,MAGIC SLATE DINOSAUR,144,60.480000000000004,0.42,3
22538,MINI JIGSAW GO TO THE FAIR,1043,447.71,0.5238297872340425,47
22539,MINI JIGSAW DOLLY GIRL,2826,1183.92,0.534390243902439,123
22540,MINI JIGSAW CIRCUS PARADE ,3767,1503.23,0.48056603773584905,106
22541,MINI JIGSAW LEAP FROG,743,302.82,0.5615151515151515,32
22543,MINI JIGSAW BAKE A CAKE ,1845,772.97,0.5202941176470588,68
22544,MINI JIGSAW SPACEBOY,5023,2110.38,0.5002222222222221,180
22545,MINI JIGSAW BUNNIES,1906,816.84,0.5324528301886792,105
22545,MINI JIGSAW BUNNIES AT HOME,432,181.44,0.42,9
22546,MINI JIGSAW FIDO,672,282.24,0.42000000000000004,10
22546,MINI JIGSAW PURDEY,1606,683.68,0.5170454545454546,87
22547,MINI JIGSAW DINOSAUR ,1223,531.72,0.554375,94
22548,HEADS AND TAILS SPORTING FUN,1604,2126.66,1.3782926829268294,237
22549,PICTURE DOMINOES,3492,5169.679999999999,1.7560313315926892,378
22550,HOLIDAY FUN LUDO,924,3618.57,4.370892857142858,223
22551,PLASTERS IN TIN SPACEBOY,7666,12818.64,1.763353115727003,667
22553,PLASTERS IN TIN SKULLS,3767,6273.389999999999,1.8505190311418684,569
22554,PLASTERS IN TIN WOODLAND ANIMALS,6019,9948.289999999999,1.8272222222222223,603
22555,PLASTERS IN TIN MR STRONG ,228,357.0,1.6318181818181818,11
22555,PLASTERS IN TIN STRONGMAN,5644,9041.189999999999,1.767728237791932,465
22556,PLASTERS IN TIN CIRCUS PARADE ,7658,12589.369999999999,1.768817365269461,652
22557,PLASTERS IN TIN VINTAGE PAISLEY ,5886,10035.72,1.7664878048780486,595
22558,CLOTHES PEGS RETROSPOT PACK 24 ,5587,6810.78,1.3975744680851063,463
22559,SEASIDE FLYING DISC,774,993.5600000000001,1.446,98
22559,SEASIDE FRISBEE ,308,370.54,1.3807692307692307,26
22560,TRADITIONAL MODELLING CLAY,7048,8698.23,1.3285271317829457,375
22561,WOODEN SCHOOL COLOURING SET,5889,9998.97,1.7095573440643863,487
22562,MONSTERS STENCIL CRAFT,2591,2951.4300000000003,1.272680412371134,191
22563,HAPPY STENCIL CRAFT,3162,3630.6800000000003,1.286544117647059,264
22564,ALPHABET STENCIL CRAFT,1926,2230.38,1.2807142857142857,167
22565,FELTCRAFT HAIRBANDS PINK + WHITE ,72,61.199999999999996,0.85,6
22565,FELTCRAFT HAIRBANDS PINK AND WHITE ,1120,1003.0899999999999,0.9583823529411765,133
22566,FELTCRAFT HAIRBAND PINK AND PURPLE,1921,1550.77,0.9338562091503267,151
22566,"FELTCRAFT HAIRBAND S/2, PINK/PURPLE",96,81.6,0.85,8
22567,20 DOLLY PEGS RETROSPOT,3336,4025.52,1.3844884488448845,301
22568,FELTCRAFT CUSHION OWL,2310,8608.86,4.163557046979865,446
22569,FELTCRAFT CUSHION BUTTERFLY,2958,10761.630000000001,4.170144329896907,478
22570,FELTCRAFT CUSHION RABBIT,2709,10337.32,4.321320346320347,462
22571,ROCKING HORSE RED CHRISTMAS ,3646,3250.6,1.0233797909407665,281
22572,ROCKING HORSE GREEN CHRISTMAS ,2288,2066.7999999999997,1.028632075471698,203
22573,STAR WOODEN CHRISTMAS DECORATION,2438,2204.08,1.0664928909952607,208
22574,HEART WOODEN CHRISTMAS DECORATION,3049,2727.02,1.0306451612903227,214
22575,METAL MERRY CHRISTMAS WREATH,2532,5599.78,2.072509505703422,251
22576,SWALLOW WOODEN CHRISTMAS DECORATION,1822,1627.3799999999999,1.030967741935484,172
22577,WOODEN HEART CHRISTMAS SCANDINAVIAN,3516,3173.93,0.9292901234567901,312
22577,WOODEN HEART CHRISTMAS SCANDISPOT,36,30.599999999999998,0.85,1
22578,WOODEN STAR CHRISTMAS SCANDINAVIAN,2878,2581.4,0.9279513888888888,271
22578,WOODEN STAR CHRISTMAS SCANDISPOT,72,61.199999999999996,0.85,2
22579,WOODEN TREE CHRISTMAS SCANDINAVIAN,2023,1851.28,0.9705416666666665,230
22579,WOODEN TREE CHRISTMAS SCANDISPOT,96,81.6,0.85,3
22580,ADVENT CALENDAR GINGHAM SACK,1027,6429.530000000001,6.630766283524904,260
22581,WOOD STOCKING CHRISTMAS SCANDISPOT,2073,1800.24,1.0088546255506607,221
22582,PACK OF 6 SWEETIE GIFT BOXES,1479,3731.3599999999997,2.7673429951690816,202
22583,PACK OF 6 HANDBAG GIFT BOXES,1314,3433.6,2.8766023166023165,247
22584,PACK OF 6 PANNETONE GIFT BOXES,2941,7480.83,2.761002444987775,404
22585,PACK OF 6 BIRDY GIFT TAGS,12068,15299.78,1.3279396325459318,726
22586,FELTCRAFT HAIRBAND PINK AND BLUE,1266,1074.3899999999999,0.9524161073825503,145
22587,FELTCRAFT HAIRBAND RED AND BLUE,1055,914.4799999999999,0.97575,153
22587,"FELTCRAFT HAIRBAND, S/2, RED/BLUE",204,154.67999999999998,0.8283333333333333,6
22588,CARD HOLDER GINGHAM HEART,2132,5667.36,2.9309146341463412,321
22588,CARDHOLDER GINGHAM HEART,102,216.90000000000003,2.325,2
22589,CARDHOLDER GINGHAM STAR,1006,2622.5,2.8810982658959534,170
22591,CARDHOLDER GINGHAM CHRISTMAS TREE,938,2354.94,2.7654032258064514,123
22592,CARDHOLDER HOLLY WREATH METAL,1341,5014.71,3.955,178
22593,CHRISTMAS GINGHAM STAR,3494,3036.77,1.026271186440678,236
22594,CHRISTMAS GINGHAM TREE,3002,2691.6499999999996,1.0539914163090127,233
22595,CHRISTMAS GINGHAM HEART,6220,5243.889999999999,0.9746388888888889,357
22596,CHRISTMAS STAR WISH LIST CHALKBOARD,2855,2360.7799999999997,0.865111111111111,176
22597,CHRISTMAS MUSICAL ZINC HEART ,1832,1561.5,0.9654867256637167,111
22598,CHRISTMAS MUSICAL ZINC TREE,805,689.9,0.9601923076923077,51
22599,CHRISTMAS MUSICAL ZINC STAR,1182,1023.53,0.905,69
22600,CHRISTMAS RETROSPOT STAR WOOD,3260,2774.27,0.9744881889763779,250
22601,CHRISTMAS RETROSPOT ANGEL WOOD,2943,2510.0099999999998,0.9957261410788382,238
22602,CHRISTMAS RETROSPOT HEART WOOD,4281,3499.1099999999997,0.9501403508771928,277
22603,CHRISTMAS RETROSPOT TREE WOOD,2836,2398.48,1.013347280334728,235
22604,SET OF 4 NAPKIN CHARM CUTLERY,18,45.9,2.55,3
22604,SET OF 4 NAPKIN CHARMS CUTLERY,766,1917.9599999999998,2.640322580645161,124
22605,WOODEN CROQUET GARDEN SET,1064,12454.81,13.632861189801698,353
22606,WOODEN SKITTLES GARDEN SET,758,10275.38,16.285338983050845,234
22607,WOODEN ROUNDERS GARDEN SET ,1217,10498.48,9.410934343434343,394
22608,PENS ASSORTED FUNKY JEWELED ,525,460.83,1.21,27
22609,PENS ASSORTED SPACEBALL,1219,1056.3999999999999,1.0979591836734692,49
22610,PENS ASSORTED FUNNY FACE,3149,2575.04,1.082027027027027,74
22611,VINTAGE UNION JACK SHOPPING BAG,683,3271.77,5.081493506493507,150
22612,TEA COSY VINTAGE UNION JACK,1001,3984.99,4.2005405405405405,109
22613,PACK OF 20 SPACEBOY NAPKINS,1523,1206.46,0.9228676470588235,131
22614,PACK OF 12 SPACEBOY TISSUES,2846,978.04,0.380807453416149,159
22615,PACK OF 12 CIRCUS PARADE TISSUES ,1790,528.3399999999999,0.40086956521739125,91
22616,PACK OF 12 LONDON TISSUES ,13987,4771.25,0.3916666666666666,342
22617,BAKING SET SPACEBOY DESIGN,2175,10393.09,5.12866935483871,493
22618,COOKING SET RETROSPOT,671,6531.719999999999,10.424185022026432,226
22619, SET Of 6 SOLDIER SKITTLES,16,60.0,3.75,3
22619,SET OF 6 SOLDIER SKITTLES,1659,6257.28,4.180376712328767,287
22620,4 TRADITIONAL SPINNING TOPS,3459,4542.84,1.468112244897959,383
22621,TRADITIONAL KNITTING NANCY,2616,3793.41,1.6773498233215547,276
22622,BOX OF VINTAGE ALPHABET BLOCKS,1898,18212.73,10.808328358208955,332
22623,BOX OF VINTAGE JIGSAW BLOCKS ,1416,7429.27,5.3149999999999995,322
22624,IVORY KITCHEN SCALES,1358,11631.460000000001,9.157150735294117,541
22625,RED KITCHEN SCALES,1102,9769.03,9.750633484162895,442
22626,BLACK KITCHEN SCALES,344,2978.1,9.287337662337663,154
22627,MINT KITCHEN SCALES,784,6834.79,9.426050955414013,313
22628,PICNIC BOXES SET OF 3 RETROSPOT ,783,3787.57,5.665092024539878,163
22629,SPACEBOY LUNCH BOX ,6944,12972.679999999998,2.151174168297456,504
22630,DOLLY GIRL LUNCH BOX,6618,12313.66,2.258852772466539,515
22631,CIRCUS PARADE LUNCH BOX ,2649,5166.49,2.3480212014134274,279
22631,CIRCUS PARADE LUNCHBOX ,1,1.95,1.95,1
22632,HAND WARMER RED POLKA DOT,2592,4876.2,1.9858695652173914,46
22632,HAND WARMER RED RETROSPOT,4106,8475.44,2.2226905829596415,427
22633,HAND WARMER UNION JACK,4647,9497.410000000002,2.2150501002004006,468
22634,CHILDS BREAKFAST SET SPACEBOY ,954,9062.199999999999,10.031746575342465,292
22635,CHILDS BREAKFAST SET DOLLY GIRL ,1008,9681.66,10.276483870967741,309
22636,CHILDS BREAKFAST SET CIRCUS PARADE,1062,8752.17,8.714837662337663,304
22637,PIGGY BANK RETROSPOT ,1851,4771.15,2.916972789115646,293
22638,SET OF 4 NAPKIN CHARMS CROWNS ,114,276.3,2.5326923076923076,26
22639,SET OF 4 NAPKIN CHARMS HEARTS,868,2147.08,2.6395652173913042,135
22640,SET OF 4 NAPKIN CHARMS 3 KEYS ,122,323.65,2.626060606060606,32
22641,SET OF 4 NAPKIN CHARMS INSTRUMENT,152,380.72999999999996,2.6928124999999996,32
22641,SET OF 4 NAPKIN CHARMS INSTUMENT   ,12,30.599999999999998,2.55,2
22642,SET OF 4 NAPKIN CHARMS STARS   ,727,1769.96,2.5479999999999996,92
22643,SET OF 4 NAPKIN CHARMS LEAVES   ,230,574.61,2.5920408163265303,49
22644,CERAMIC CHERRY CAKE MONEY BANK,2846,4414.0199999999995,1.8540947075208913,355
22645,CERAMIC HEART CAKE MONEY BANK,120,159.6,1.41,5
22645,CERAMIC HEART FAIRY CAKE MONEY BANK,3352,5656.15,1.8284223300970872,410
22646,CERAMIC STRAWBERRY CAKE MONEY BANK,5096,7467.04,1.7463825757575755,519
22647,CERAMIC LOVE HEART MONEY BANK,327,456.81,1.7410526315789472,38
22649,STRAWBERRY CAKE TEAPOT,16,79.2,4.95,4
22649,STRAWBERRY FAIRY CAKE TEAPOT,1517,7486.04,5.617181208053691,294
22650,CERAMIC PIRATE CHEST MONEY BANK,988,1481.6699999999998,1.7775496688741719,148
22651,GENTLEMAN SHIRT REPAIR KIT ,1083,968.9699999999999,1.2153781512605042,117
22652,TRAVEL SEWING KIT,5056,8625.16,1.8335235732009925,391
22653,BUTTON BOX ,1200,2334.24,2.248181818181818,143
22654,DELUXE SEWING KIT ,1271,8242.92,7.022659932659932,294
22655,VINTAGE RED KITCHEN CABINET,17,5015.0,295.0,16
22656,VINTAGE BLUE KITCHEN CABINET,19,5605.0,295.0,17
22657,HEN & 2 CHICKS IN BASKET,59,50.15,0.85,7
22659,LUNCH BOX I LOVE LONDON,5333,10358.97,2.3605437352245864,415
22659,LUNCHBOX I LOVE LONDON,1,1.95,1.95,1
22660,DOORMAT I LOVE LONDON,524,3222.58,8.265,98
22661,CHARLOTTE BAG DOLLY GIRL DESIGN,3093,2488.4,0.9292207792207793,228
22662,LUNCH BAG DOLLY GIRL DESIGN,3331,5307.43,1.89644578313253,329
22663,JUMBO BAG DOLLY GIRL DESIGN,2372,4476.63,2.1932128514056224,247
22664,TOY TIDY DOLLY GIRL DESIGN,732,1533.93,2.6382882882882885,111
22665,RECIPE BOX BLUE SKETCHBOOK DESIGN,1508,4651.650000000001,3.52544235924933,369
22666,RECIPE BOX PANTRY YELLOW DESIGN,2660,8201.25,3.4232166666666672,594
22667,RECIPE BOX RETRO SPOT DESIGN,959,2694.65,2.9388268156424586,178
22667,RECIPE BOX RETROSPOT ,1149,3274.3500000000004,2.93326359832636,237
22668,PINK BABY BUNTING,1414,4255.54,3.667666666666667,240
22669,RED BABY BUNTING ,1306,4264.62,3.5617857142857146,221
22670,FRENCH WC SIGN BLUE METAL,2608,3071.36,1.4362857142857142,134
22671,FRENCH LAUNDRY SIGN BLUE METAL,754,1250.55,1.885648148148148,107
22672,FRENCH BATHROOM SIGN BLUE METAL,1393,2263.0799999999995,1.773726708074534,157
22673,FRENCH GARDEN SIGN BLUE METAL,556,687.69,1.3894117647058823,68
22674,FRENCH TOILET SIGN BLUE METAL,1048,1286.1200000000001,1.346140350877193,114
22675,FRENCH KITCHEN SIGN BLUE METAL,995,1219.8700000000001,1.3038181818181818,109
22676,FRENCH BLUE METAL DOOR SIGN 1,116,167.71,1.7228124999999999,32
22676,"FRENCH BLUE METAL DOOR SIGN, 1",577,742.67,1.439,79
22677,FRENCH BLUE METAL DOOR SIGN 2,79,112.61,1.74,18
22677,"FRENCH BLUE METAL DOOR SIGN, 2",509,656.41,1.4463636363636365,77
22678,FRENCH BLUE METAL DOOR SIGN 3,66,98.88,1.8275,24
22678,"FRENCH BLUE METAL DOOR SIGN, 3",501,645.15,1.4629577464788732,71
22679,FRENCH BLUE METAL DOOR SIGN 4,62,80.07,1.5821052631578947,19
22679,"FRENCH BLUE METAL DOOR SIGN, 4",468,596.34,1.4125806451612903,62
22680,FRENCH BLUE METAL DOOR SIGN 5,60,80.05,1.5866666666666664,15
22680,"FRENCH BLUE METAL DOOR SIGN, 5",477,610.11,1.4050769230769231,65
22681,FRENCH BLUE METAL DOOR SIGN 6,31,40.03,1.503,10
22681,"FRENCH BLUE METAL DOOR SIGN, 6",430,550.1,1.4710526315789472,56
22682,FRENCH BLUE METAL DOOR SIGN 7,49,70.08,1.7907142857142857,14
22682,"FRENCH BLUE METAL DOOR SIGN, 7",443,560.05,1.3586206896551725,58
22683,FRENCH BLUE METAL DOOR SIGN 8,36,51.33,1.8808333333333334,12
22683,"FRENCH BLUE METAL DOOR SIGN, 8",458,586.36,1.4271875,63
22684,FRENCH BLUE METAL DOOR SIGN 9,36,52.56,1.7899999999999998,14
22684,"FRENCH BLUE METAL DOOR SIGN, 9",450,572.58,1.3645454545454545,54
22685,FRENCH BLUE METAL DOOR SIGN 0,32,47.56,1.8099999999999998,9
22685,"FRENCH BLUE METAL DOOR SIGN, 0",461,577.51,1.272909090909091,54
22686,FRENCH BLUE METAL DOOR SIGN No,63,87.59,1.7147368421052631,19
22686,"FRENCH BLUE METAL DOOR SIGN, No",356,468.94,1.5912499999999998,48
22687,DOORMAT CHRISTMAS VILLAGE,305,2430.45,9.011443298969072,97
22687,amazon adjustment,2,0.0,0.0,1
22688,DOORMAT PEACE ON EARTH BLUE,194,1480.94,8.057164179104479,67
22689,DOORMAT MERRY CHRISTMAS RED ,421,3206.37,8.351932773109244,119
22690,DOORMAT HOME SWEET HOME BLUE ,927,5978.63,7.951069182389937,159
22691,DOORMAT WELCOME SUNRISE,389,2527.78,8.284600000000001,100
22692,DOORMAT WELCOME TO OUR HOME,620,4485.78,9.18622754491018,167
22693,GROW A FLYTRAP OR SUNFLOWER IN TIN,1655,2571.63,1.3102127659574467,46
22694,WICKER STAR ,3273,7280.280000000001,2.3003386454183268,496
22695,WICKER WREATH SMALL,759,1144.3799999999999,1.7355462184873949,116
22696,WICKER WREATH LARGE,747,1466.27,2.1794193548387097,153
22697,GREEN REGENCY TEACUP AND SAUCER,2628,8203.67,3.68869918699187,366
22697,TEACUP AND SAUCER REGENCY GREEN,174,472.5,2.8576923076923078,13
22698,PINK REGENCY TEACUP AND SAUCER,2262,6548.01,3.6693916349809887,260
22698,TEACUP AND SAUCER REGENCY PINK,144,384.0,2.816666666666667,9
22699,ROSES REGENCY TEACUP AND SAUCER ,3240,9437.52,3.5682642487046636,381
22699,TEACUP AND SAUCER REGENCY ROSES,210,566.7,2.835714285714286,14
22700,BLACK AND WHITE DOG BOWL,196,579.7800000000001,3.1208163265306124,49
22701,PINK DOG BOWL,128,406.54,3.539555555555556,45
22702,BLACK AND WHITE CAT BOWL,228,475.87000000000006,2.3156250000000003,47
22703,PINK CAT BOWL,154,340.58000000000004,2.4446511627906977,43
22704,WRAP RED APPLES ,3550,1459.0,0.41873015873015873,126
22705,WRAP GREEN PEARS ,1975,829.5,0.42,79
22706,WRAP COWBOYS  ,2215,866.3,0.41571428571428565,56
22707,WRAP MONSTER FUN ,900,378.0,0.42,34
22708,WRAP DOLLY GIRL,2575,1001.5,0.41737704918032786,61
22709,WRAP WEDDING DAY,1474,571.08,0.41368421052631577,38
22710,WRAP I LOVE LONDON ,2708,1057.3600000000001,0.4154285714285714,70
22711,WRAP CIRCUS PARADE,2475,1007.5,0.418974358974359,78
22712,CARD DOLLY GIRL ,2940,1215.09,0.5545933014354066,209
22713,CARD I LOVE LONDON ,2732,1218.29,0.58472049689441,160
22714,CARD BIRTHDAY COWBOY,1828,759.0,0.5310071942446043,139
22715,CARD WEDDING DAY,1176,489.99,0.504,90
22716,CARD CIRCUS PARADE,2117,893.79,0.501578947368421,171
22717,CARD DOG AND BALL ,1203,495.27,0.5249438202247191,89
22718,CARD CAT AND TREE ,1022,445.99,0.5484,100
22719,"GUMBALL COATHOOK., BLACK & WHITE ",20,25.0,1.25,4
22719,GUMBALL MONOCHROME COAT RACK,876,1135.38,1.7505343511450382,130
22722,SET OF 6 SPICE TINS PANTRY DESIGN,6,23.700000000000003,3.95,1
22725,ALARM CLOCK BAKELIKE CHOCOLATE,600,2440.35,4.61822695035461,139
22726,ALARM CLOCK BAKELIKE GREEN,1516,6511.06,4.276923076923077,347
22727,ALARM CLOCK BAKELIKE RED ,1765,7212.74,4.292207084468665,357
22728,ALARM CLOCK BAKELIKE PINK,1005,4186.37,4.359732142857143,220
22729,ALARM CLOCK BAKELIKE ORANGE,770,3184.93,4.420507614213198,195
22730,ALARM CLOCK BAKELIKE IVORY,983,4080.64,4.373857142857143,209
22731,3D CHRISTMAS STAMPS STICKERS ,942,1417.42,1.5724770642201835,107
22731,3D STICKERS CHRISTMAS STAMPS,940,1137.0,1.2388235294117647,34
22732,3D STICKERS VINTAGE CHRISTMAS,1060,1268.0,1.24,38
22732,3D VINTAGE CHRISTMAS STICKERS ,1149,1682.01,1.6256923076923078,127
22733,3D STICKERS TRADITIONAL CHRISTMAS ,980,1187.0,1.2394444444444443,36
22733,3D TRADITIONAL CHRISTMAS STICKERS,960,1257.69,1.5881599999999998,123
22734,SET OF 6 RIBBONS VINTAGE CHRISTMAS,6559,16429.78,2.9849137931034484,340
22734,amazon,50,0.0,0.0,2
22734,amazon adjustment,16,0.0,0.0,1
22734,amendment,20,0.0,0.0,1
22735,RIBBON REEL SOCKS AND MITTENS,743,1266.8899999999999,2.1279824561403506,114
22736,RIBBON REEL MAKING SNOWMEN ,1336,2321.38,2.0617874396135263,205
22736,"RIBBON REEL, MAKING SNOWMEN ",60,99.0,1.65,5
22737,RIBBON REEL CHRISTMAS PRESENT ,1991,3383.12,1.9596197718631179,260
22738,RIBBON REEL SNOWY VILLAGE,2442,4518.22,2.0485826771653546,254
22739,RIBBON REEL CHRISTMAS SOCK BAUBLE,1641,2990.29,2.120909090909091,272
22739,"RIBBON REEL, XMAS SOCK/BAUBLE",700,1131.0,1.6456521739130436,46
22740,POLKA DOT PEN,1248,1060.8,0.85,24
22740,POLKADOT PEN,5490,4775.469999999999,1.095546218487395,118
22740,POLKADOT PENS,48,40.8,0.85,1
22741,FUNKY DIVA PEN,2174,1884.83,1.1096923076923075,65
22742,MAKE YOUR OWN PLAYTIME CARD KIT,374,1193.0600000000002,3.246091954022989,85
22743,MAKE YOUR OWN FLOWERPOWER CARD KIT,601,2252.07,3.5402439024390246,158
22744,MAKE YOUR OWN MONSOON CARD KIT,690,2307.9,3.364344827586207,142
22745,POPPY'S PLAYHOUSE BEDROOM ,2052,5331.87,2.4066769230769234,318
22746,POPPY'S PLAYHOUSE LIVINGROOM ,1519,3595.0800000000004,2.329400749063671,261
22747,POPPY'S PLAYHOUSE BATHROOM,1127,2507.17,2.2973711340206187,192
22748,POPPY'S PLAYHOUSE KITCHEN,2128,5515.860000000001,2.3287392550143267,342
22749,FELTCRAFT PRINCESS CHARLOTTE DOLL,1493,6513.67,4.015112781954887,260
22750,FELTCRAFT PRINCESS LOLA DOLL,1213,4543.39,3.955,260
22751,FELTCRAFT PRINCESS OLIVIA DOLL,762,2888.73,4.022755102040817,193
22752,SET 7 BABUSHKA NESTING BOXES,1986,16308.78,9.131141304347826,361
22753,SMALL YELLOW BABUSHKA NOTEBOOK ,1355,1192.4199999999998,0.9487745098039215,200
22754,SMALL RED BABUSHKA NOTEBOOK ,2029,1760.62,1.0081781376518217,244
22755,SMALL PURPLE BABUSHKA NOTEBOOK ,2138,1860.2299999999998,0.9857037037037036,264
22756,LARGE YELLOW BABUSHKA NOTEBOOK ,616,753.2,1.3829,99
22757,LARGE RED BABUSHKA NOTEBOOK ,1622,1948.8400000000001,1.5487116564417178,158
22758,LARGE PURPLE BABUSHKA NOTEBOOK  ,1264,1545.68,1.5906578947368422,148
22759,SET OF 3 NOTEBOOKS IN PARCEL,4088,7148.599999999999,1.9125245098039214,398
22760,"TRAY, BREAKFAST IN BED",85,1104.25,13.767674418604651,43
22761,CHEST 7 DRAWER MA CAMPAGNE,18,425.09999999999997,24.404545454545453,11
22762,CUPBOARD 3 DRAWER MA CAMPAGNE,45,682.0699999999999,16.493076923076924,26
22763,KEY CABINET MA CAMPAGNE,467,3374.15,10.470294117647057,34
22764,"RUSTIC WOODEN CABINET, GLASS DOORS",178,3287.72,23.39818181818182,22
22765,NEWSPAPER STAND,311,3508.3,17.09075471698113,53
22766,PHOTO FRAME CORNICE,1169,3339.3500000000004,3.151025641025641,154
22767,TRIPLE PHOTO FRAME CORNICE ,248,2494.21,10.50965909090909,86
22768,FAMILY PHOTO FRAME CORNICE,328,3205.5699999999997,10.208660714285713,111
22769,CHALKBOARD KITCHEN ORGANISER,168,3428.95,27.700256410256408,39
22770,MIRROR CORNICE,20,313.84,16.299090909090907,11
22771,CLEAR DRAWER KNOB ACRYLIC EDWARDIAN,1103,1421.75,1.3861176470588235,83
22771,DRAWER KNOB ACRYLIC EDWARDIAN CLEAR,24,30.0,1.25,1
22772,DRAWER KNOB ACRYLIC EDWARDIAN PINK,24,30.0,1.25,1
22772,PINK DRAWER KNOB ACRYLIC EDWARDIAN,687,950.91,1.5984931506849316,73
22773,DRAWER KNOB ACRYLIC EDWARDIAN GREEN,24,30.0,1.25,1
22773,GREEN DRAWER KNOB ACRYLIC EDWARDIAN,384,536.88,1.6386956521739129,46
22774,RED DRAWER KNOB ACRYLIC EDWARDIAN,691,939.53,1.4447169811320753,53
22775,DRAWERKNOB ACRYLIC EDWARDIAN PURPLE,24,30.0,1.25,1
22775,PURPLE DRAWERKNOB ACRYLIC EDWARDIAN,616,834.4399999999999,1.4713793103448276,56
22776,"CAKESTAND, 3 TIER, LOVEHEART",46,405.5,9.328571428571427,7
22776,SWEETHEART CAKESTAND 3 TIER,472,4590.4,10.38185628742515,167
22777,GLASS BELL JAR LARGE,2,17.0,8.5,1
22777,GLASS CLOCHE LARGE,127,1106.53,9.659183673469387,49
22778,GLASS BELL JAR SMALL,4,15.8,3.95,1
22778,GLASS CLOCHE SMALL,233,956.87,4.99952380952381,61
22779,WOODEN OWLS LIGHT GARLAND ,483,1859.79,4.223962264150943,52
22780,LIGHT GARLAND BUTTERFILES PINK,502,1910.54,4.213846153846154,52
22781,GUMBALL MAGAZINE RACK,268,2060.76,8.63,86
22782,SET 3 WICKER STORAGE BASKETS ,13,312.35,24.65,10
22783,SET 3 WICKER OVAL BASKETS W LIDS,26,482.7,19.3875,16
22784,LANTERN CREAM GAZEBO ,316,1573.5800000000002,5.590000000000001,85
22785,CUSHION COVER PINK UNION FLAG,120,792.0600000000001,7.452142857142857,28
22785,SQUARECUSHION COVER PINK UNION FLAG,62,438.96,7.480714285714286,28
22786,CUSHION COVER PINK UNION JACK,64,421.52,7.003103448275862,27
22786,PILLOWCUSHION COVER PINK UNION JACK,67,408.83000000000004,6.412727272727273,22
22788,BROCANTE COAT RACK,266,2047.45,11.483225806451612,31
22789,T-LIGHT HOLDER SWEETHEART HANGING,408,794.34,2.081875,61
22790,"MIRROR, ARCHED GEORGIAN",200,3884.0000000000005,19.42,1
22791,T-LIGHT GLASS FLUTED ANTIQUE,1891,2337.83,1.5119469026548673,113
22792,FLUTED ANTIQUE CANDLE HOLDER,811,726.9699999999999,1.076338028169014,71
22794,SWEETHEART WIRE MAGAZINE RACK,76,614.34,8.383142857142857,35
22795,SWEETHEART RECIPE BOOK STAND,450,3126.06,7.664904458598727,156
22796,PHOTO FRAME 3 CLASSIC HANGING,237,2396.19,10.66186813186813,91
22797,CHEST OF DRAWERS GINGHAM HEART ,87,1523.8999999999999,18.39090909090909,55
22798,ANTIQUE GLASS DRESSING TABLE POT,688,2176.1600000000003,3.66,112
22799,SWEETHEART WIRE FRUIT BOWL,47,406.26,9.3055,20
22800,ANTIQUE TALL SWIRLGLASS TRINKET POT,336,1345.13,4.533095238095238,84
22801,ANTIQUE GLASS PEDESTAL BOWL,336,1368.36,4.460816326530613,95
22802,FAUX FUR CHOCOLATE THROW,33,678.36,21.061666666666667,18
22803,IVORY EMBROIDERED QUILT ,24,887.4,37.550000000000004,14
22804,CANDLEHOLDER PINK HANGING HEART,2246,6311.13,3.112690582959641,217
22805,BLUE DRAWER KNOB ACRYLIC EDWARDIAN,426,589.2,1.5985106382978722,47
22806,SET OF 6 T-LIGHTS WEDDING CAKE ,182,507.38,3.3172727272727274,21
22807,SET OF 6 T-LIGHTS TOADSTOOLS,594,1795.7400000000002,3.66929203539823,110
22808,SET OF 6 T-LIGHTS EASTER CHICKS,82,225.66,3.2060000000000004,10
22809,SET OF 6 T-LIGHTS SANTA,1392,4081.2000000000003,3.2287628865979383,193
22810,SET OF 6 T-LIGHTS SNOWMEN,1351,4019.8500000000004,3.2915544041450775,190
22811,SET OF 6 T-LIGHTS CACTI ,159,559.37,4.79,40
22812,PACK 3 BOXES CHRISTMAS PANNETONE,3324,7557.379999999999,2.414018987341772,310
22813,PACK 3 BOXES BIRD PANNETONE ,1659,3224.6499999999996,2.244696132596685,176
22814,CARD PARTY GAMES ,642,280.37,0.5513846153846154,65
22815,CARD PSYCHEDELIC APPLES,868,377.44,0.5405128205128205,78
22816,CARD MOTORBIKE SANTA,3363,1488.99,0.5168181818181818,197
22817,CARD SUKI BIRTHDAY,768,327.68,0.5678260869565217,69
22818,CARD CHRISTMAS VILLAGE,3001,1333.86,0.5052459016393442,183
22819,"BIRTHDAY CARD, RETRO SPOT",771,326.79,0.5546031746031745,63
22820,GIFT BAG BIRTHDAY,425,277.51000000000005,0.6870588235294117,34
22821,GIFT BAG PSYCHEDELIC APPLES,528,350.13000000000005,0.7735294117647059,51
22822,CREAM WALL PLANTER HEART SHAPED,173,940.12,6.090294117647058,33
22823,CHEST NATURAL WOOD 20 DRAWERS,8,910.0,116.0,5
22824,3 TIER SWEETHEART GARDEN SHELF,8,287.6,35.95,7
22825,DECORATIVE PLANT POT WITH FRIEZE,30,238.5,7.95,12
22827,GIANT SEVENTEEN DRAWER SIDEBOARD,8,1240.0,158.33333333333334,6
22827,RUSTIC  SEVENTEEN DRAWER SIDEBOARD,6,950.0,161.0,5
22828,REGENCY MIRROR WITH SHUTTERS,8,1200.0,153.0,5
22829,BROCANTE SHELF WITH HOOKS,1,9.95,9.95,1
22829,SWEETHEART WIRE WALL TIDY,21,242.79,11.685384615384615,13
22830,UTILTY CABINET WITH HOOKS,178,3713.76,27.20625,16
22831,WHITE BROCANTE SOAP DISH,74,233.10000000000002,3.69,20
22832,BROCANTE SHELF WITH HOOKS,17,193.23000000000002,12.06,8
22832,SWEETHEART WIRE WALL TIDY,12,122.6,10.483333333333333,3
22833,HALL CABINET WITH 3 DRAWERS,117,3963.64,42.603,10
22834,HAND WARMER BABUSHKA DESIGN,2592,5559.620000000001,2.4147959183673473,281
22834,MINI HAND WARMER BABUSHKA DESIGN,108,214.8,2.05,5
22835,HOT WATER BOTTLE I AM SO POORLY,2083,10563.02,5.262828784119107,401
22837,HOT WATER BOTTLE BABUSHKA ,2707,12503.44,5.16930930930931,327
22837,HOT WATER BOTTLE BABUSHKA LARGE,128,580.8000000000001,4.61923076923077,13
22838,3 TIER CAKE TIN RED AND CREAM,219,3370.85,16.78352380952381,105
22838,"CAKE TIN, 3 TIER RED/IVORY",28,383.4,14.399999999999999,8
22839,3 TIER CAKE TIN GREEN AND CREAM,137,2170.67,17.611714285714285,70
22839,"CAKE TIN, 3 TIER MINT/IVORY",13,176.75,14.399999999999999,4
22840,"CAKE TIN, ROUND, VINTAGE RED,CREAM",59,421.05,7.55,10
22840,ROUND CAKE TIN VINTAGE RED,376,2938.46,8.325074626865671,134
22841,"CAKE TIN, ROUND, VINTAGE MINT,IVORY",27,190.65,7.45,4
22841,ROUND CAKE TIN VINTAGE GREEN,228,1813.91,8.417777777777777,99
22842,BISCUIT TIN VINTAGE RED,217,1423.57,6.797631578947368,75
22842,"BISCUIT TIN, RED,IVORY, VINTAGE",37,230.55,6.521428571428571,7
22843,BISCUIT TIN VINTAGE GREEN,150,987.74,6.950714285714286,54
22843,"BISCUIT TIN, MINT,IVORY, VINTAGE",1,6.75,6.75,1
22844,"DOG FOOD CONTAINER , VINTAGE",10,85.0,8.5,3
22844,VINTAGE CREAM DOG FOOD CONTAINER,198,1733.76,9.547411764705881,83
22844,VINTAGE DOG FOOD CONTAINER,36,308.64,8.61,6
22845,"CAT FOOD CONTAINER , VINTAGE",10,63.49999999999999,6.349999999999999,3
22845,VINTAGE CAT FOOD CONTAINER,34,218.14,6.462000000000001,5
22845,VINTAGE CREAM CAT FOOD CONTAINER,179,1276.6299999999999,7.677142857142857,83
22846,BREAD BIN DINER STYLE RED ,188,3022.8999999999996,17.235897435897435,77
22846,"BREAD BIN, DINER STYLE, RED ",3,50.849999999999994,16.95,2
22847,BREAD BIN DINER STYLE IVORY,241,3818.0,16.52990654205607,107
22847,"BREAD BIN, DINER STYLE, IVORY",45,682.7499999999999,15.55,10
22848,BREAD BIN DINER STYLE PINK,67,1056.7,16.83653846153846,26
22848,"BREAD BIN, DINER STYLE, PINK",8,127.6,16.28333333333333,3
22849,BREAD BIN DINER STYLE MINT,81,1319.05,17.341666666666665,36
22849,"BREAD BIN, DINER STYLE, MINT",13,196.35,15.45,4
22850,BREAD BIN DINER STYLE BLACK,8,123.6,15.95,1
22851,SET 20 NAPKINS FAIRY CAKES DESIGN ,2454,1859.37,0.8793684210526315,185
22852,DOG BOWL VINTAGE CREAM,91,374.75,4.233333333333333,30
22852,"DOG BOWL, ENAMEL , CREAM COLOUR",8,34.0,4.25,2
22852,ENAMEL DOG BOWL CREAM,76,300.48,4.206666666666667,3
22853,CAT BOWL VINTAGE CREAM,110,356.06,3.5015384615384613,26
22853,"CAT BOWL, ENAMEL , CREAM COLOUR",12,39.0,3.25,2
22853,ENAMEL CAT BOWL CREAM,52,157.8,3.15,3
22854,CREAM SWEETHEART EGG HOLDER,406,1992.47,5.66876404494382,89
22855,FINE WICKER HEART ,2365,2956.07,1.4150710900473933,206
22856,ASSORTED EASTER DECORATIONS  BELLS,308,330.28000000000003,1.2120000000000002,5
22857,ASSORTED EASTER GIFT TAGS,85,82.41999999999999,2.884,5
22858,EASTER TIN KEEPSAKE,9,16.56,2.22,3
22859,EASTER TIN BUNNY BOUQUET,57,102.6,2.2718181818181815,11
22860,EASTER TIN CHICKS PINK DAISY,25,46.379999999999995,1.9919999999999998,5
22862,LOVE HEART NAPKIN BOX ,610,2673.56,4.7435294117647056,165
22863,SOAP DISH BROCANTE,430,1222.74,3.1020000000000003,69
22864,Found,384,0.0,0.0,1
22864,MUG AND COASTER SET RED CIRCLES,378,158.76,0.42,2
22865,HAND WARMER OWL DESIGN,7032,15608.78,2.346164179104478,634
22866,HAND WARMER SCOTTY DOG DESIGN,7112,15957.12,2.308446153846154,613
22867,HAND WARMER BIRD DESIGN,6993,15422.430000000002,2.347201907790143,602
22868,NUMBER TILE COTTAGE GARDEN 0 ,4,12.32,3.08,4
22868,"NUMBER TILE COTTAGE GARDEN, 0 ",57,113.40999999999998,2.703333333333333,3
22869,NUMBER TILE COTTAGE GARDEN 1,4,7.8,1.95,2
22869,"NUMBER TILE COTTAGE GARDEN, 1",67,139.69,2.7718181818181815,11
22870,NUMBER TILE COTTAGE GARDEN 2,6,18.48,3.306,5
22870,"NUMBER TILE COTTAGE GARDEN, 2",57,113.40999999999998,2.703333333333333,3
22871,NUMBER TILE COTTAGE GARDEN 3 ,4,16.84,4.21,3
22871,"NUMBER TILE COTTAGE GARDEN, 3 ",56,109.19999999999999,1.95,2
22872,NUMBER TILE COTTAGE GARDEN 4,8,24.64,3.2414285714285715,7
22872,"NUMBER TILE COTTAGE GARDEN, 4",56,109.19999999999999,1.95,2
22873,NUMBER TILE COTTAGE GARDEN 5,4,10.06,2.703333333333333,3
22873,"NUMBER TILE COTTAGE GARDEN, 5",57,111.14999999999999,1.95,3
22874,NUMBER TILE COTTAGE GARDEN 6,5,12.01,2.402,5
22874,"NUMBER TILE COTTAGE GARDEN, 6",56,109.19999999999999,1.95,2
22875,NUMBER TILE COTTAGE GARDEN 7,4,10.06,2.703333333333333,3
22875,"NUMBER TILE COTTAGE GARDEN, 7",57,113.41,2.703333333333333,3
22876,NUMBER TILE COTTAGE GARDEN 8,4,14.58,3.645,4
22876,"NUMBER TILE COTTAGE GARDEN, 8",56,109.19999999999999,1.95,2
22877,NUMBER TILE COTTAGE GARDEN 9,6,16.22,2.515,4
22877,"NUMBER TILE COTTAGE GARDEN, 9",59,117.30999999999999,2.402,5
22878,NUMBER TILE COTTAGE GARDEN No,8,27.35,3.607142857142857,7
22878,"NUMBER TILE COTTAGE GARDEN, No",45,98.72000000000001,2.944,5
22879,NUMBER TILE VINTAGE FONT 0,4,14.58,3.645,4
22879,"NUMBER TILE VINTAGE FONT, 0",8,17.36,2.17,1
22880,NUMBER TILE VINTAGE FONT 1,7,20.43,2.854,5
22880,"NUMBER TILE VINTAGE FONT, 1",8,17.36,2.17,1
22881,NUMBER TILE VINTAGE FONT 2,2,3.9,1.95,1
22881,"NUMBER TILE VINTAGE FONT, 2",8,17.36,2.17,1
22882,NUMBER TILE VINTAGE FONT 3,11,28.23,2.7975,8
22882,"NUMBER TILE VINTAGE FONT, 3",8,17.36,2.17,1
22883,NUMBER TILE VINTAGE FONT 4,2,8.42,4.21,2
22883,"NUMBER TILE VINTAGE FONT, 4",8,17.36,2.17,1
22884,NUMBER TILE VINTAGE FONT 5,6,18.48,3.08,4
22884,"NUMBER TILE VINTAGE FONT, 5",8,17.36,2.17,1
22885,NUMBER TILE VINTAGE FONT 6 ,9,24.33,2.9185714285714286,7
22885,"NUMBER TILE VINTAGE FONT, 6 ",8,17.36,2.17,1
22886,NUMBER TILE VINTAGE FONT 7,3,10.370000000000001,3.456666666666667,3
22886,"NUMBER TILE VINTAGE FONT, 7",8,17.36,2.17,1
22887,NUMBER TILE VINTAGE FONT 8,6,16.22,3.08,4
22887,"NUMBER TILE VINTAGE FONT, 8",8,17.36,2.17,1
22888,NUMBER TILE VINTAGE FONT 9 ,3,5.85,1.95,2
22889,NUMBER TILE VINTAGE FONT No ,5,16.83,3.6825,4
22889,"NUMBER TILE VINTAGE FONT, No ",23,50.7,2.175,3
22890,NOVELTY BISCUITS CAKE STAND 3 TIER,447,4203.95,10.742452830188677,106
22891,TEA FOR ONE POLKADOT,266,1245.76,5.373333333333333,78
22892,SALT AND PEPPER SHAKERS TOADSTOOLS,397,486.35,1.3696666666666666,30
22892,SET OF SALT AND PEPPER TOADSTOOLS,687,859.11,1.5001449275362317,69
22893,MINI CAKE STAND T-LIGHT HOLDER,902,399.47999999999996,0.5372727272727272,44
22894,TABLECLOTH RED APPLES DESIGN ,263,2192.9,9.05,73
22895,SET OF 2 TEA TOWELS APPLE AND PEARS,828,2452.92,3.220070921985816,139
22896,PEG BAG APPLE DESIGN,287,664.3499999999999,2.501785714285714,28
22896,PEG BAG APPLES DESIGN,216,568.4599999999999,3.061551724137931,58
22897,OVEN MITT APPLE DESIGN,343,485.0,1.5732352941176468,34
22897,OVEN MITT APPLES DESIGN,279,422.90999999999997,1.6833898305084745,59
22898,CHILDRENS APRON APPLE DESIGN,291,524.71,2.0023076923076926,26
22898,CHILDRENS APRON APPLES DESIGN,544,1102.3,2.2264948453608246,97
22899,CHILDREN'S APRON DOLLY GIRL ,664,1384.65,2.4361818181818182,109
22899,CHILDRENS APRON DOLLY GIRL ,107,226.81000000000003,2.2241176470588235,17
22900, SET 2 TEA TOWELS I LOVE LONDON ,1442,5521.08,3.5420661157024798,231
22902,TOTE BAG I LOVE LONDON,491,1009.8000000000001,2.444736842105263,74
22902,dotcom email,200,0.0,0.0,1
22903,CALENDAR FAMILY FAVORITES,20,59.0,2.95,4
22903,CALENDAR FAMILY FAVOURITES,534,1453.22,3.193809523809524,21
22904,CALENDAR PAPER CUT DESIGN,1682,5488.580000000001,3.390574162679426,208
22905,CALENDAR IN SEASON DESIGN,508,1493.2400000000002,3.2145454545454544,88
22906,12 MESSAGE CARDS WITH ENVELOPES,1710,3414.77,1.9685840707964601,213
22907,PACK OF 20 NAPKINS PANTRY DESIGN,2154,1644.6899999999998,0.9020588235294117,168
22908,PACK OF 20 NAPKINS RED APPLES,1286,1014.17,0.93575,119
22909,SET OF 20 VINTAGE CHRISTMAS NAPKINS,8708,7719.65,0.9607103825136611,531
22910,PAPER CHAIN KIT VINTAGE CHRISTMAS,8986,28828.0,3.2252148997134675,689
22911,PAPER CHAIN KIT LONDON,407,1146.41,3.1623076923076927,78
22912,YELLOW COAT RACK PARIS FASHION,51,264.59000000000003,5.624444444444445,18
22913,RED COAT RACK PARIS FASHION,110,506.24,5.515263157894737,19
22914,BLUE COAT RACK PARIS FASHION,131,610.19,5.320344827586206,29
22915,ASSORTED BOTTLE TOP  MAGNETS ,309,164.34,2.1847619047619045,21
22916,HERB MARKER THYME,98,81.88,1.0384615384615385,26
22917,HERB MARKER ROSEMARY,97,78.2,1.0539999999999998,25
22918,HERB MARKER PARSLEY,99,81.52,0.9996153846153846,25
22919,HERB MARKER MINT,76,57.480000000000004,0.9866666666666666,21
22920,HERB MARKER BASIL,98,80.87,1.0136,25
22921,HERB MARKER CHIVES ,85,72.42,1.0708333333333333,24
22922,FRIDGE MAGNETS US DINER ASSORTED,522,396.9,0.8221428571428572,14
22923,FRIDGE MAGNETS LES ENFANTS ASSORTED,302,261.44,2.038823529411765,17
22924,FRIDGE MAGNETS LA VIE EN ROSE,268,252.88,2.74875,15
22925,BLUE GIANT GARDEN THERMOMETER,56,345.04,6.607777777777778,18
22926,IVORY GIANT GARDEN THERMOMETER,164,975.32,6.558510638297872,46
22927,GREEN GIANT GARDEN THERMOMETER,72,517.2,7.3789655172413795,29
22928,YELLOW GIANT GARDEN THERMOMETER,13,83.27,6.9366666666666665,6
22929,SCHOOL DESK AND CHAIR ,4,260.0,65.0,4
22930,BAKING MOULD HEART MILK CHOCOLATE,91,199.65000000000003,2.475,6
22931,BAKING MOULD HEART WHITE CHOCOLATE,87,189.45000000000002,2.46,5
22932,BAKING MOULD TOFFEE CUP CHOCOLATE,79,169.05000000000004,2.4,3
22933,BAKING MOULD EASTER EGG MILK CHOC,12,35.400000000000006,2.95,1
22935,BAKING MOULD ROSE MILK CHOCOLATE,81,227.25,3.0833333333333335,3
22936,BAKING MOULD ROSE WHITE CHOCOLATE,9,29.25,3.25,2
22937,BAKING MOULD CHOCOLATE CUP CAKES,12,30.599999999999998,2.55,2
22937,BAKING MOULD CHOCOLATE CUPCAKES,38,96.89999999999999,2.55,4
22938,CUPCAKE LACE PAPER SET 6,1379,2517.6699999999996,2.0316326530612243,97
22939,APRON APPLE DELIGHT,236,1152.83,5.837166666666667,60
22940,FELTCRAFT CHRISTMAS FAIRY,1738,8119.04,4.549354838709677,303
22941,CHRISTMAS LIGHTS 10 REINDEER,1037,8823.9,9.439186602870814,208
22942,CHRISTMAS LIGHTS 10 SANTAS ,663,5439.14,8.889298245614036,114
22943,CHRISTMAS LIGHTS 10 VINTAGE BAUBLES,1246,6028.35,5.6305555555555555,178
22944,CHRISTMAS METAL POSTCARD WITH BELLS,1526,1787.98,1.8113461538461537,50
22945,CHRISTMAS METAL TAGS ASSORTED ,4836,4687.7699999999995,2.424766839378238,187
22946,WOODEN ADVENT CALENDAR CREAM,537,8421.1,19.19081632653061,147
22947,WOODEN ADVENT CALENDAR RED,280,4397.61,19.51694117647059,84
22948,METAL DECORATION NAUGHTY CHILDREN ,644,689.4799999999999,2.7137037037037035,54
22949,36 DOILIES DOLLY GIRL,1060,1453.9299999999998,1.8024675324675323,77
22950,36 DOILIES VINTAGE CHRISTMAS,2680,3763.6899999999996,1.5539053254437871,165
22950,SET OF 36 DOILIES VINTAGE CHRISTMAS,444,557.4,1.35,2
22951,60 CAKE CASES DOLLY GIRL DESIGN,2769,1426.3500000000001,0.6964102564102564,191
22951,72 CAKE CASES DOLLY GIRL DESIGN,943,471.85,0.5448000000000001,25
22952,60 CAKE CASES VINTAGE CHRISTMAS,12645,7793.77,0.7051540041067762,472
22952,72 CAKE CASES VINTAGE CHRISTMAS,4346,2178.1400000000003,0.5397029702970297,101
22952,SET 72 CAKE CASES VINTAGE CHRISTMAS,672,291.6,0.5175000000000001,4
22953,BIRTHDAY BANNER TAPE,24,30.0,1.25,2
22953,BIRTHDAY PARTY CORDON BARRIER TAPE,315,372.69,1.4232142857142858,28
22954,HEN PARTY BANNER TAPE,12,15.0,1.25,1
22954,HEN PARTY CORDON BARRIER TAPE,29,37.51,1.39,9
22955,36 FOIL STAR CAKE CASES ,439,899.1200000000001,2.157230769230769,59
22956,36 FOIL HEART CAKE CASES,557,1127.14,2.187529411764706,80
22959,WRAP CHRISTMAS VILLAGE,4825,1962.5,0.41776223776223775,142
22959,"WRAPPING PAPER, XMAS VILLAGE",25,10.5,0.42,1
22960,JAM MAKING SET WITH JARS,594,2557.18,4.755316455696203,79
22960,mailout addition,100,0.0,0.0,1
22961,JAM MAKING SET PRINTED,1673,2580.46,1.6787931034482757,115
22961,mailout,100,0.0,0.0,1
22962,JAM JAR WITH PINK LID,734,583.9399999999999,0.9821052631578947,37
22962,Mailout,100,0.0,0.0,1
22963,JAM JAR WITH BLUE LID,2,1.7,0.85,1
22963,JAM JAR WITH GREEN LID,662,524.12,0.9994871794871794,38
22963,Mailout,100,0.0,0.0,1
22964,3 PIECE SPACEBOY COOKIE CUTTER SET,225,485.16,2.311,49
22965,3 TRADITIONAL COOKIE CUTTERS  SET,204,392.4000000000001,2.06875,8
22965,3 TRADITIONAl BISCUIT CUTTERS  SET,313,629.7400000000001,2.2417857142857143,27
22966,GINGERBREAD MAN COOKIE CUTTER,1046,1277.98,1.3904166666666666,93
22968,ROSE COTTAGE KEEPSAKE BOX ,400,4100.28,11.54943661971831,142
22969,HOMEMADE JAM SCENTED CANDLES,2555,3670.7,1.6370093457943924,107
22972,CHILDREN'S SPACEBOY MUG,125,235.31999999999996,2.2199999999999998,30
22972,CHILDRENS SPACEBOY MUG,72,118.79999999999998,1.65,5
22973,CHILDREN'S CIRCUS PARADE MUG,131,228.11999999999998,2.1,19
22973,CHILDRENS CIRCUS PARADE MUG,36,59.39999999999999,1.6499999999999997,3
22974,CHILDRENS DOLLY GIRL MUG,140,248.09999999999997,2.0627586206896553,28
22975,SPACEBOY CHILDRENS EGG CUP,118,163.88,1.708181818181818,22
22976,CIRCUS PARADE CHILDRENS EGG CUP ,144,187.56,1.53,18
22977,DOLLY GIRL CHILDRENS EGG CUP,110,143.8,1.6205882352941174,17
22983,CARD BILLBOARD FONT,302,128.54,0.5723999999999999,25
22983,"CARD, BILLBOARD FONT",1300,543.34,0.5289108910891089,100
22984,CARD GINGHAM ROSE ,85,36.13,0.48142857142857143,7
22984,"CARD, GINGHAM ROSE ",596,249.44,0.46446808510638293,47
22985,"WRAP, BILLBOARD FONTS DESIGN",990,415.8,0.42,39
22986,GINGHAM ROSE WRAP,1740,698.8,0.41843137254901963,51
22987,"WRAP , SUMMER ROSE DESIGN",150,63.0,0.42,6
22988,SOLDIERS EGG CUP ,611,815.41,1.5499999999999998,62
35015,JACOBS LADDER SMALL,2072,134.08,0.09128205128205129,39
35071,ASSORTED SANTA CHRISTMAS DECORATION,50,51.13999999999999,2.084285714285714,7
35160,BUDDHA INCENSE HOLDER ASSORTED,2180,1590.6399999999999,0.8171428571428571,56
35233,PASTA ENAMEL/BRASS CONTAINER,10,37.5,3.75,8
35240,ENAMEL BLUE RIM OVAL TRAY SET/2,49,416.01,8.49,39
35241,ENAMEL BLUE RIM BISCUIT BIN,209,1121.0,6.157977528089888,89
35265,COLOURFUL FLOWER FRUIT BOWL,4,27.8,6.95,4
35400,WOODEN BOX ADVENT CALENDAR ,1425,13909.6,10.492224880382775,414
35443,RASTA IN BATH W SPLIFF ASHTRAY,8,6.8,0.85,4
35537,CANDLE RING W/CLEAR BEADS,13,5.46,0.42,3
35594,WOODEN CHRISTMAS TREE 3 HANGING,165,103.06,0.9984615384615384,39
35596,WOOD XMAS TREE 9 FIG SHELVES,29,24.65,0.85,4
35644,PAIR PINK/BLACK COATHANGERS,21,40.95,1.95,7
35645,VINTAGE BEAD PINK JEWEL BOX,57,284.81,5.622903225806452,31
35646,VINTAGE BEAD PINK EVENING BAG,28,131.66,5.305000000000001,12
35647,VINTAGE BEAD PINK SHADE ,550,731.99,1.7797260273972602,72
35648,VINTAGE BEAD PINK PURSE ,76,251.49,4.466111111111111,18
35649,VINTAGE BEAD COSMETIC BAG ,1769,1206.05,3.782777777777778,18
35650,VINTAGE BEAD PINK JEWEL STAND,2,9.9,4.95,2
35651,VINTAGE BEAD PINK SCARF ,9,87.91,10.676666666666668,6
35652,VINTAGE BEAD CHAISE LONG JEWEL BOX,18,21.5,3.625,2
35653,VINTAGE BEAD NOTEBOOK,170,587.73,4.121969696969697,66
35654,VINTAGE BEAD FILLED PINK CUSHION,12,59.400000000000006,4.95,5
35793,S/3 PUPPIES CHRISTMAS DECORATIONS,108,216.33,3.776875,15
35832,WOOLLY HAT SOCK GLOVE ADVENT STRING,1737,5341.85,3.7067368421052636,188
35837,SET OF SIX SILVER+RED FLOCK BAUBLES,2,1.7,0.85,1
35840,FLAT GLASS  BAUBLE WHITE FLOCK ,45,107.13,3.7590909090909093,11
35914,PINK CHICK EGG WARMER + EGG CUP,50,126.19000000000001,2.8821052631578947,17
35920,FOUR RABBIT EASTER DECORATIONS,998,191.5,1.1277777777777778,9
35921,EASTER BUNNY HANGING GARLAND,115,197.09,2.661111111111111,26
35922,EASTER BUNNY WREATH,69,437.39,7.943076923076924,26
35923,CANDY HEART HANGING DECORATION,227,333.25,1.8847999999999998,50
35924,HANGING FAIRY CAKE DECORATION,1348,2577.72,2.9038016528925623,119
35930,PINK HEART CHRISTMAS DECORATION,1,0.38,0.38,1
35931,PINK STAR CHRISTMAS DECORATION,156,78.12,0.48466666666666663,15
35932,PINK CHRISTMAS TREE DECORATION,37,15.63,0.537,10
35933,PINK STOCKING CHRISTMAS DECORATION,93,39.17,0.8055555555555556,9
35936,CERISE+GOLD CHRISTMAS TREE DEC,36,13.68,0.38,9
35937,CERISE+GOLD CHRISTMAS STOCKING DEC,188,71.44,0.38,17
35945,GOLD CHRISTMAS STOCKING DECORATION,1,1.95,1.95,1
35950,FOLKART HEART CHRISTMAS DECORATIONS,1,1.25,1.25,1
35951,FOLKART BAUBLE CHRISTMAS DECORATION,1352,717.99,1.1871739130434782,46
35953,FOLKART STAR CHRISTMAS DECORATIONS,336,434.8,1.798148148148148,27
35954,SMALL FOLKART STAR CHRISTMAS DEC,1080,581.07,1.5887878787878789,66
35955,SMALL FOLKART CHRISTMAS TREE DEC,135,34.620000000000005,0.374,4
35957,SMALLFOLKART BAUBLE CHRISTMAS DEC,3087,1025.93,1.1738333333333333,120
35958,FOLKART ZINC STAR CHRISTMAS DEC,1131,984.6299999999999,0.9695180722891567,82
35961,FOLKART ZINC HEART CHRISTMAS DEC,8535,7002.82,1.1567874396135265,409
35962,12 ASS ZINC CHRISTMAS DECORATIONS,487,1148.0500000000002,2.950759493670886,76
35962,SET/12 ZINC CHRISTMAS DECORATIONS,94,203.73000000000002,2.2241176470588235,16
35963,FOLKART ZINC CLIP ON ANGEL WINGS,101,38.38,0.38,11
35964,FOLKART CLIP ON STARS,406,289.0,1.925142857142857,34
35965,FOLKART HEART NAPKIN RINGS,277,919.1300000000001,3.858392857142857,112
35966,FOLKART CHRISTMAS TREE T-LIGHT HOLD,228,101.08000000000001,0.7066666666666667,24
35967,FOLK ART METAL STAR T-LIGHT HOLDER,481,255.26000000000002,0.8789999999999999,50
35968,FOLK ART METAL HEART T-LIGHT HOLDER,622,290.36,0.7732203389830508,58
35969,FOLKART CROWN TABLE DECORATIONS,523,542.47,1.9160526315789475,76
35970,ZINC FOLKART SLEIGH BELLS,3350,5665.1,1.9773170731707317,238
35971,ROSE FOLKART HEART DECORATIONS,1535,1393.09,1.7712142857142856,134
35972,DAISY FOLKART HEART DECORATION,344,491.38,1.8795774647887322,71
35973,GERANIUM FOLKART HEART DECORATION,49,61.25,1.25,13
35974,S/6 CHRISTMAS TREE PLACE SETTING,1,3.75,3.75,1
35979,SIX STRING SCANDINAVIAN HEART DECS,94,311.03000000000003,3.823571428571429,27
35991,SET/6 BLACK SNOWFLAKE T-LIGHTS ,402,232.08,0.8748214285714286,54
35995,SET/6 BLACK GLITTER REINDEER CANDLE,5,3.7800000000000002,0.756,5
35999,S/6 SCANDINAVIAN HEART T-LIGHT,1,2.55,2.55,1
37112,YELLOW BIRDS FELT DES FOODCOVER,10,37.5,3.75,5
37326,FAIRY DESIGN MUGS,2,4.609999999999999,2.3049999999999997,2
37327,ASSTD MULTICOLOUR CIRCLES MUG,167,221.75,1.5499999999999998,8
37330,BIG POLKADOT MUG,74,134.42,2.6533333333333333,6
37330,SPOTS MUG,437,790.6999999999999,2.2990476190476192,21
37333,"RETRO ""TEA FOR ONE"" ",127,694.01,7.183181818181819,44
37340,MULTICOLOUR SPRING FLOWER MUG,11130,2231.2200000000003,4.898000000000001,75
37342,POLKADOT COFFEE CUP & SAUCER PINK,19,88.61,5.17,8
37342,SPOTTY COFFEE CUP & SAUCER,40,153.78,4.660000000000001,14
37343,POLKADOT MUG PINK ,134,213.11999999999998,1.973,20
37343,SPOTS DESIGN MUG W PINK INSIDE,917,1445.78,2.097972972972973,74
37345,ASSTD HEARTS DESIGN MUGS,321,561.05,4.038888888888889,9
37348,SET OF 4 PASTEL STACKING MUGS,14,35.7,2.55,7
37351,ORANGE FLOWER MUG ,5394,603.4499999999999,4.405555555555555,9
37352,BIRD IN TREE MUG ,4643,504.55,1.10625,8
37370,RETRO COFFEE MUGS ASSORTED,4911,7710.05,5.734631578947368,376
37399,"ASS RETROSPOOF MUGS,SPORTS",143,75.0,0.9733333333333333,6
37408,ASSORTED DESIGN GEISHA GIRL MUGS,5,6.25,1.25,1
37409,ASSORTED DESIGN FLOWER MUGS,7,5.949999999999999,0.85,3
37410,BLACK AND WHITE PAISLEY FLOWER MUG,25707,3288.65,7.556969696969697,33
37422,WHITE WITH BLACK CATS BOWL,434,292.08,1.3546575342465754,73
37423,WHITE WITH BLACK CATS PLATE,6090,810.6999999999999,1.3655223880597014,67
37424,WHITE WITH BLACK CATS MUG,5249,1134.68,1.2837037037037036,108
37432,MUG PINK AND PURPLE ARABIC DESIGN,6,3.9000000000000004,0.65,1
37438,FUNKY FLOWER COFFEE POT,1,3.75,3.75,1
37441,ASSORTED WHITE EMBOSSED CHINA MUGS,700,1639.8000000000002,5.037777777777778,54
37446,MINI CAKE STAND WITH HANGING CAKES,2446,3507.14,1.9579324894514767,237
37447,CERAMIC CAKE DESIGN SPOTTED PLATE,2110,3306.25,1.9533720930232557,256
37448,CERAMIC CAKE DESIGN SPOTTED MUG,3168,4724.88,1.8043055555555554,347
37449,CERAMIC CAKE STAND + HANGING CAKES,1852,17555.32,11.777952522255193,336
37450,CERAMIC CAKE BOWL + HANGING CAKES,1753,4988.25,3.3645895522388063,263
37451,CERAMIC CAKE TEAPOT WITH CHERRY,1,4.95,4.95,1
37461,FUNKY MONKEY MUG,742,778.64,1.61,95
37464,ROBOT MUG IN DISPLAY BOX,314,428.68,1.774390243902439,81
37467,PIG MUG IN TWO COLOUR DESIGNS,116,206.66,3.0553061224489797,49
37468,HARDMAN MUG 3 ASSORTED,1,7.78,7.78,1
37471,MULTICOLOUR DOTS PLATE,692,99.02,4.694999999999999,6
37471,MULTICOLOUR POLKADOT PLATE,684,68.4,0.1,1
37474,SET/4 2 TONE EGG SHAPE MIXING BOWLS,63,651.05,10.812222222222221,44
37475,SET/4 COLOURFUL MIXING BOWLS,46,498.58,11.662413793103447,29
37476,CONDIMENT TRAY 4 BOWLS AND 4 SPOONS,175,1667.6200000000001,11.409444444444444,54
37481,CUBIC MUG TEATIME CAKES,12,15.299999999999999,1.275,2
37483,ENGLISH ROSE MUG IN GIFT BOX,143,232.89,2.46,10
37484,ENGLISH ROSE TEA FOR ONE GIFT BOX,1,6.75,6.75,1
37485,ENGLISH ROSE TEA SET IN GIFT BOX,49,207.69,4.5975,15
37495,FAIRY CAKE BIRTHDAY CANDLE SET,1140,4185.36,4.187663934426229,243
37500,TEA TIME TEAPOT IN GIFT BOX,507,4509.04,10.721354838709678,154
37501,TEA TIME TEA SET IN GIFT BOX,354,2550.98,7.582290076335878,131
37502,TEA TIME MUG IN GIFT BOX,868,2599.79,3.311387283236994,171
37503,TEA TIME CAKE STAND IN GIFT BOX,2465,25428.329999999998,11.723193116634798,522
37506,NEW ENGLAND MILK JUG W GIFT BOX,32,190.4,5.950000000000001,26
37508,NEW ENGLAND CERAMIC CAKE SERVER,89,229.57,2.60695652173913,46
37509,NEW ENGLAND MUG W GIFT BOX,28,71.39999999999999,2.55,14
40001, WHITE BAMBOO RIBS LAMPSHADE,233,182.14,1.0269230769230768,13
40001,WHITE BAMBOO RIBS LAMPSHADE,1438,1063.51,1.0658928571428572,56
40002,WHITE BAMBOO RIBS LAMPSHADE,78,66.3,0.85,1
40003,WHITE BAMBOO RIBS LAMPSHADE,996,1079.04,1.481086956521739,46
40016,CHINESE DRAGON PAPER LANTERNS,10126,3462.7599999999998,1.6625324675324678,153
44228,CANNABIS LEAF BEAD CURTAIN,12,10.2,0.85,1
44230,SQUARE MIRROR CURTAIN,347,3381.6200000000003,9.157547169811322,53
44234,ASSORTED CIRCULAR MOBILE,527,109.99,0.3589655172413793,25
44235,ASS COL CIRCLE MOBILE ,283,105.89999999999999,0.414,10
44236,PINK/PURPLE CIRCLE CURTAIN,12,55.800000000000004,4.65,6
44265,M/COLOUR POM-POM CURTAIN,6,25.5,4.25,3
45013,FOLDING SHOE TIDY,45,123.15,2.8833333333333333,6
45014,FOLDING SHIRT TIDY,1,4.65,4.65,1
45016,DECORATIVE NET CANOPY LEOPARD,101,423.73,5.946923076923077,25
46118,FUNKY MONKEY CUSHION COVER,142,204.88,3.584285714285714,27
46307,ROSES BLUE BASE CUSHION COVER ,51,246.03,5.2645454545454555,33
47016,LIGHT DECORATION BATTERY OPERATED,29,60.900000000000006,2.1,4
47420,ASSORTED COLOUR SUCTION CUP HOOK,164,31.16,0.19,19
47421,ASSORTED COLOUR LIZARD SUCTION HOOK,493,189.78,0.4114285714285715,20
47422,ASSORTED MONKEY SUCTION CUP HOOK,561,212.58,0.41,22
47469,ASSORTED SHAPES PHOTO CLIP SILVER ,751,355.67,0.627,17
47471,RAINBOW PEGS PHOTO CLIP STRING,141,108.63000000000001,0.9022222222222221,27
47480,HANGING PHOTO CLIP ROPE LADDER,989,1580.6599999999999,2.0815151515151515,66
47481,50CM METAL STRING WITH  7 CLIPS,102,95.74,1.2027272727272729,22
47502,POLKADOT CUTLERY 24 PCS IN TRAY,640,6855.75,14.809113924050632,79
47505,MINATURE COLOURED GARDENING SET,737,3527.42,5.334722222222222,178
47554,S/3 COLOURS FLOCK TEA TOWELS,1,2.55,2.55,1
47556,SET/2 SPOTTY + ROSE TEA TOWELS ,1,2.55,2.55,1
47562,ENGLISH ROSE IRONING BOARD COVER,104,390.0,3.75,41
47566,PARTY BUNTING,10092,49664.12,5.604830261881669,1014
47568,ENGLISH ROSE DESIGN PEG BAG,2384,4983.02,2.543430656934307,410
47569,ENGLISH ROSE DESIGN SHOPPING BAG,1,2.55,2.55,1
47570,ENGLISH ROSE TABLE CLOTH,220,2373.01,12.235696202531646,78
47579,TEA TIME BREAKFAST BASKET,185,420.87,2.5601785714285716,55
47580,TEA TIME DES TEA COSY,1305,3278.54,3.087028112449799,246
47589,CONGRATULATIONS BUNTING,170,937.88,5.603783783783784,73
47597,NEW ENGLAND TEATOWELS,322,644.88,1.9637301587301585,124
47598,NEW ENGLAND EGG WARMER,138,89.12,0.7571875,32
48103,DOOR MAT KISS MY.......,13,95.15,7.305,8
48103,DOORMAT KISS MY.......,22,106.58,6.035,2
48111,DOOR MAT 3 SMILEY CATS,1830,10532.27,7.744666666666666,285
48111,DOORMAT 3 SMILEY CATS,1301,8243.24,9.273244444444444,225
48116,DOOR MAT MULTICOLOUR STRIPE,1102,7078.28,8.278953974895398,239
48116,DOORMAT MULTICOLOUR STRIPE,867,4628.76,7.970483870967742,62
48129,DOOR MAT TOPIARY,1043,6681.38,7.605406698564593,207
48129,DOORMAT TOPIARY,1201,7061.75,8.308417266187051,139
48138,DOOR MAT UNION FLAG,3776,24770.81,7.36928888888889,674
48138,DOORMAT UNION FLAG,2632,17324.79,7.826982543640898,400
48175,DOOR MAT CAMOUFLAGE,39,158.04,5.02,2
48179,DOOR MAT SWEET HOME,34,214.47,9.736363636363636,11
48184,DOOR MAT ENGLISH ROSE ,1482,9816.33,7.739815950920245,326
48184,DOORMAT ENGLISH ROSE ,1257,7434.84,8.138106060606061,132
48185,DOOR MAT FAIRY CAKE,1729,11532.31,8.218333333333334,387
48185,DOORMAT FAIRY CAKE,1513,10645.77,9.299678714859438,248
48187,DOOR MAT NEW ENGLAND,2023,13201.61,7.542844827586207,464
48187,DOORMAT NEW ENGLAND,1565,9716.85,8.229243697478992,238
48188,?,106,0.0,0.0,1
48188,DOOR MAT WELCOME PUPPIES,1459,8429.7,8.004132841328413,271
48188,DOORMAT WELCOME PUPPIES,1367,8238.49,8.796802721088437,147
48189,DOOR MAT FRIENDSHIP ,470,3420.2400000000002,8.07232044198895,181
48189,DOORMAT FRIENDSHIP ,828,4615.91,9.39525,80
48194,DOOR MAT HEARTS,1709,10298.44,7.8927499999999995,318
48194,DOORMAT HEARTS,2720,17129.61,8.207640692640693,461
48195,DOOR MAT GREEN PAISLEY ,268,1613.56,8.110813953488371,86
48195,DOORMAT GREEN PAISLEY ,1,14.43,14.43,1
48197,DOOR MAT BIRD ON THE WIRE,673,4691.77,9.546029411764707,204
48197,DOORMAT BIRD ON THE WIRE,231,1213.8700000000001,9.351304347826087,23
51008,AFGHAN SLIPPER SOCK PAIR,2346,7488.7,3.385483870967742,62
62018,SOMBRERO ,5155,6739.85,1.7876811594202897,69
70006,LOVE HEART POCKET WARMER,1774,2365.64,2.1802673796791443,182
70007,HI TEC ALPINE HAND WARMER,524,892.26,2.2201694915254238,116
71038,WHITE HANGING BEADS CANDLE HOLDER,485,2582.4500000000003,5.417676767676768,99
71050,SMALL SINGLE FLAME CANDLE HOLDER,18,6.299999999999999,0.35,2
71053,WHITE METAL LANTERN,3032,11235.54,4.255068493150685,428
71143,SILVER BOOK MARK WITH BEADS,178,335.65999999999997,2.2030303030303027,66
71215,METAL BASE FOR CANDLES,167,63.9,0.4081818181818182,11
71270,PHOTO CLIP LINE,139,196.67,1.5757142857142856,34
71279,PINK GLASS CANDLEHOLDER,125,437.35,4.086904761904762,42
71403,"PINK/WHITE ""KEEP CLEAN"" BULLET BIN",102,377.99000000000007,4.667105263157895,38
71459,HANGING JAM JAR T-LIGHT HOLDER,19852,16231.619999999999,1.2524828767123286,583
71477,COLOUR GLASS. STAR T-LIGHT HOLDER,8971,25868.47,3.577514018691589,523
71510,SQUARE METAL CANDLEHOLDER BASE,125,75.53,0.7788888888888889,9
72008,FROSTED BOX 9 WHITE T-LIGHT CANDLES,3819,1531.3999999999999,0.441,215
72122,COFFEE SCENT PILLAR CANDLE,263,258.48999999999995,1.071904761904762,60
72127,COLUMBIAN CANDLE ROUND ,224,269.08,1.33025,39
72128,COLUMBIAN CANDLE ROUND,531,298.69,0.8791228070175439,54
72129,COLUMBIAN CANDLE ROUND ,74,49.11000000000001,0.7061111111111111,18
72130,COLUMBIAN CANDLE ROUND,595,208.34,0.6313888888888889,34
72131,COLUMBIAN CANDLE RECTANGLE,625,481.22999999999996,1.5709302325581396,41
72132,COLUMBIAN CUBE CANDLE,533,430.95,1.551111111111111,18
72133,COLUMBIAN CANDLE RECTANGLE,70,66.62,1.1988235294117646,16
72134,COLUMBIAN  CUBE CANDLE ,235,77.89,0.8875,19
72232,FENG SHUI PILLAR CANDLE,3061,581.59,0.19,58
72267,PREMIUM CHURCH CANDLE,265,530.16,2.175869565217391,45
72484,ROSES IN WHITE HEART CANDLE ,1818,991.3800000000001,1.21,64
72487,ROSES WHITE ROUND CANDLE,827,355.05,1.1528571428571428,14
72586,"S/6 HALLOWEEN GHOST T LIGHTS, 5CM H",1059,453.99,0.5444827586206896,58
72586,SET OF 6 HALLOWEEN GHOST T-LIGHTS,557,241.67999999999998,0.5508695652173913,46
72598,SET/12 TAPER CANDLES,663,569.26,1.0828378378378378,73
72708,SCULPTED ROUND IVORY CANDLE ,44,9.24,0.21000000000000002,5
72709,IVORY SCULPTED RND CANDLE ,48,40.8,0.85,8
72715,SPHERICAL IVORY CANDLE ,88,36.96,0.42,13
72724,SET/6 CHRISTMAS ICICLE T-LIGHTS,36,45.0,1.25,10
72728,ROSE SCENT CANDLES IN GLASS,643,523.15,0.8452727272727273,54
72741,GRAND CHOCOLATECANDLE,14155,19624.88,1.7995725190839695,653
72756, FAIRY CAKE CANDLES,153,202.05,1.37,2
72756,FAIRY CAKE CANDLES,3859,5257.43,1.4711023622047246,127
72772,SET/4 SCENTED CANDLES IN RAMEKINS,457,615.84,2.531111111111111,9
72779,SET/6 BLACK ROSE T-LIGHT CANDLES,48,81.12,1.69,15
72780,BLACK SILOUETTE CANDLE PLATE,377,301.73,0.8337499999999999,24
72781,BLACK SILOUETTE CANDLE PLATE ,121,229.5,2.0453333333333332,15
72783,BLACK SIL'T SQU CANDLE PLATE ,27,56.7,2.1,7
72789,BASKET/8 SCENTED LOVE TOKEN CANDLES,122,461.53,3.837608695652174,45
72793,BLACK BOX MIRROR LANTERN,55,268.75,5.5600000000000005,10
72805,VANILLA CANDLE IN EMBOSSED ZINC POT,10,16.9,1.6900000000000002,3
72811,SMALL ZINC/GLASS CANDLEHOLDER,392,261.52,1.2349999999999999,14
72812,LARGE ZINC GLASS CANDLEHOLDER,44,107.17,3.059090909090909,11
72812,LARGE ZINC/GLASS CANDLEHOLDER,27,65.23,2.8133333333333335,9
72814,SET OF 3 CHRISTMAS BRIAR CANDLES,176,626.39,3.8603125,31
72814,SET/3 CHRISTMAS BRIAR CANDLES,90,341.53,3.925217391304348,23
72815,3 WICK CHRISTMAS BRIAR CANDLE ,280,1075.86,4.003428571428572,69
72816,SET/3 CHRISTMAS DECOUPAGE CANDLES,562,818.52,1.9734146341463414,82
72817,SET OF 2 CHRISTMAS DECOUPAGE CANDLE,338,446.83,1.5185,59
72817,SET/2 CHRISTMAS DECOUPAGE CANDLES,40,50.0,1.25,6
72818,CHRISTMAS DECOUPAGE CANDLE,594,501.02,0.9351612903225806,58
72819,CUPID DESIGN SCENTED CANDLES,484,708.2099999999999,3.065,54
72821,CUPID SCENTED CANDLE IN GLASS,50,82.49999999999999,1.65,10
75011,BLUE DAISY MOBILE,9,33.75,3.75,3
75131,METAL TUBE CHIME ON BAMBOO,730,1020.56,1.7025000000000001,56
75172,PAINTED SEA SHELL METAL WINDCHIME,4,15.0,3.75,3
75178,ASSTD COL BUTTERFLY/CRYSTAL W/CHIME,38,55.06,1.67,12
77079,DOLPHIN WINDMILL,63,133.56,2.12,11
77081,FLOWER WINDMILL,242,308.38,1.7766666666666666,33
78026,SEAGRASS S/3 SQU LAUNDRY BOX,12,139.95,19.975,2
78027,SEAGRASS S/2 CORNER LAUNDRY ,6,100.15,18.03,5
78033,FLAG OF ST GEORGE CHAIR,118,185.3,4.0181818181818185,11
78056,CAMOUFLAGE BACKPACK ON WHEELS,3,29.849999999999998,9.95,2
78124,MAGAZINE RACK GEBRA ASSORTED ,538,729.61,2.650714285714286,14
79000,MOROCCAN TEA GLASS,8012,6552.18,1.5130599369085174,317
79029,GLASS HONEYPOT WASP CATCHER,2944,5473.82,2.2632378223495704,343
79067,CORONA MEXICAN TRAY,1490,5870.39,4.87343085106383,374
79072,TEATIME CAKE TIN WITH HANDLE,284,3083.2,12.714485981308412,107
79140,ASS WINDPROOF MARIJUANA LIGHTERS,15,6.3,0.42,2
79160,HEART SHAPE WIRELESS DOORBELL,515,1208.74,2.6340236686390535,165
79163,BLACK CHAMPAGNE GLASS,316,634.0799999999999,4.801612903225807,30
79164,BLACK WINE GLASS,2011,2537.99,8.027297297297297,74
79301,FEATHER HEART LIGHTS,1,2.95,2.95,1
79320, FLAMINGO LIGHTS,380,1715.18,5.633684210526316,57
79320,FLAMINGO LIGHTS,548,2642.2,5.973297872340425,94
79321,CHILLI LIGHTS,6465,31061.2,5.55578640776699,515
79328,BLUE FLOCK GLASS CANDLEHOLDER,594,260.76,1.4888235294117647,17
79329,PINK FLOCK GLASS CANDLEHOLDER,88,53.76,1.396,5
79331,PINK FLOCK GLASS CANDLEHOLDER,34,56.099999999999994,1.6499999999999997,6
79336,LIGHT PINK FLOCK GLASS CANDLEHOLDER,804,356.1,1.635,18
79337,BLUE FLOCK GLASS CANDLEHOLDER,556,251.97,1.405833333333333,12
79338,DARK PINK FLOCK GLASS CANDLEHOLDER,553,252.29000000000002,1.4692307692307693,13
79341,WILLOW BRANCH LIGHTS.,725,4423.6900000000005,8.0465,79
79403,FROSTED WHITE BASE ,122,115.16,1.2218181818181817,22
79406,FROSTED WHITE BASE ,115,31.5,0.4107692307692308,13
79413,GLASS WINE GLASS DECORATIONS,30,37.5,1.25,9
79532,MOSAIC GLASS BALL CANDLEHOLDER,97,121.25,1.25,18
79534,MULTICOLOUR GLASS PLATE,116,63.800000000000004,0.55,16
82069,BEECH WOOD P/FRAME,17,109.85,6.275454545454545,11
82072,WHITE WOOD SINGLE P/FRAME,5,6.25,1.25,3
82076,BEECH WOOD PHOTO FRAME ,290,403.64,2.726842105263158,19
82081,PINK HEARTS PHOTO ALBUM,174,451.35,5.259130434782609,23
82093,HEART SHAPE BUTTON FRAME ,139,283.49,3.1478571428571427,28
82095,HEART BUTTONS JEWELLERY BOX,32,244.8,7.650000000000001,18
82482,WOODEN PICTURE FRAME WHITE FINISH,8155,19338.97,2.709532224532224,947
82483,WOOD 2 DRAWER CABINET WHITE FINISH,2686,14890.52,6.074214743589743,618
82484,WOOD BLACK BOARD ANT WHITE FINISH,5034,26811.8,6.96546845124283,522
82486,WOOD S/3 CABINET ANT WHITE FINISH,2717,20660.88,8.196875871687586,707
82551,LAUNDRY 15C METAL SIGN,2771,3619.5099999999998,1.6006474820143886,415
82552,WASHROOM METAL SIGN,4024,4970.84,1.4550225225225224,441
82553,POP'S GREASY SPOON METAL SIGN,114,237.73,2.5773809523809526,42
82567,"AIRLINE LOUNGE,METAL SIGN",517,1145.5600000000002,2.4532038834951457,206
82578,KITCHEN METAL SIGN,3577,1937.0400000000002,0.6862740384615384,410
82580,BATHROOM METAL SIGN,7495,4071.9500000000003,0.7147035040431268,732
82581,TOILET METAL SIGN,4580,2531.96,0.6642613636363637,521
82582,AREA PATROLLED METAL SIGN,3255,6567.280000000001,2.323090909090909,381
82583,HOT BATHS METAL SIGN,5750,11378.35,2.579054726368159,593
82585,SWEET VALENCIA CANDLE+CUP,164,235.9,1.8791836734693876,47
82587,TEXRIO TOMATOES CANDLE+CUP,128,166.78,1.4558536585365853,40
82597,BOMBS AWAY METAL SIGN,1210,2569.6600000000003,2.577926267281106,215
82599,FANNY'S REST STOPMETAL SIGN,2063,4459.39,2.681479591836735,389
82600,NO SINGING METAL SIGN,6874,13335.580000000002,2.304108187134503,681
82605,OLD DOC RUSSEL METAL SIGN,213,482.73,2.457878787878788,98
82605,OLD DOC.RUSSEL METAL SIGN,41,82.94,2.185,24
82615,PINK MARSHMALLOW SCARF KNITTING KIT,582,1603.97,3.277444444444445,90
84006,MAGIC TREE -PAPER FLOWERS,1044,994.05,1.1698319327731093,119
84007,MAGIC GARDEN MOUNT FUJI,157,413.12,2.6815384615384614,39
84012,MAGIC SHEEP WOOL GROWING FROM PAPER,574,1349.54,2.638153846153846,65
84016,FLAG OF ST GEORGE CAR FLAG,18973,3779.51,49.95454545454545,60
84033,FLAG OF ST GEORGE ,468,697.43,3.6256818181818176,42
84050,PINK HEART SHAPE EGG FRYING PAN,7285,10665.64,2.1617525773195876,481
84051,ASS COLOUR GLOWING TIARAS,469,396.17,0.9127777777777778,36
84077,WORLD WAR 2 GLIDERS ASSTD DESIGNS,55058,11383.97,0.24304950495049504,503
84081,WHITE CERAMIC PARTY SET (5PCS),100,389.3,5.212000000000001,20
84192,ASSORTED COLOUR METAL CAT ,127,147.35,1.2228571428571429,14
84199,GLOW IN DARK DOLPHINS,416,92.1,0.23049999999999998,38
84212,"ASSORTED FLOWER COLOUR ""LEIS""",14480,7027.27,0.8091071428571429,167
84218,BOX/12 CHICK & EGG IN BASKET,138,280.4,2.148245614035088,55
84219,BOX/12 MOTHER & CHICK IN BASKET/BOW,137,303.86,2.5967857142857143,28
84226,HEN HOUSE W FAMILY IN BARN & NEST,26,22.099999999999998,0.85,8
84227,HEN HOUSE W CHICK IN NEST,111,46.620000000000005,0.42,12
84228,HEN HOUSE W CHICK STANDING,59,33.66,0.7619047619047619,21
84231,EASTER BUNNY WITH BASKET ON BACK,122,93.58,0.9580000000000001,30
84270,ASSTD DESIGN BUBBLE GUM RING,22936,4824.3,0.2478361344537815,476
84292,ROSE PINK METAL FOLDING CHAIR,44,385.98,10.534285714285714,14
84306,S/3 PINK SQUARE PLANTERS ROSES,38,469.26,13.366363636363637,22
84311,CAMOFLAGE CUSHION COVER,11,18.15,1.65,1
84340,LARGE FIBRE OPTIC CHRISTMAS TREE,21,65.76,4.346363636363637,11
84347,ROTATING SILVER ANGELS T-LIGHT HLDR,23037,47954.49,3.2676815642458097,347
84352,SILVER CHRISTMAS TREE BAUBLE STAND ,182,3106.7799999999997,17.985272727272726,110
84356,POMPOM CURTAIN,327,1653.8400000000001,7.280576923076923,52
84358,FLOOR LAMP SHADE WOOD BASE,89,794.73,14.089411764705881,17
84360,TABLE LAMP WHITE SHADE WOOD BASE,139,702.07,5.885652173913043,22
84366,VENDETTA CANVAS PICTURE,3,11.25,3.75,3
84367,LA STREGA CANVAS PICTURE ,74,126.29999999999998,2.175,8
84371,BIG PINK POODLE,30,257.1,17.375,6
84375,SET OF 20 KIDS COOKIE CUTTERS,3578,7080.07,2.52015923566879,311
84378,SET OF 3 HEART COOKIE CUTTERS,5429,7048.9800000000005,1.5621333333333334,591
84380,SET OF 3 BUTTERFLY COOKIE CUTTERS,4734,6175.47,1.6054646017699115,449
84388,WISE MAN STAR SHAPE EGG PAN,47,77.55,1.65,17
84396,6 HOOK JEWELLERY STAND BLACK DRESS,552,1380.52,5.774400000000001,49
84422,PINK/BLUE DISC/MIRROR STRING,217,185.44,1.0779166666666666,24
84447,6 RABBIT CHAIN EASTER,69,72.42,1.361578947368421,19
84452,METAL RABBIT LADDER EASTER ,124,123.25999999999999,1.3541379310344825,28
84454,WOBBLING METAL CHICKEN EASTER,93,85.53,1.075,18
84455,SET OF 3 RABBIT CARROTS EASTER,85,77.96,1.014,20
84456,SET OF 3 RABBIT EGG EASTER,37,33.15,0.9562499999999999,16
84457,SET/3 RABBITS FLOWER SKIPPPING ROPE,165,166.17,1.255,38
84458,S/3 RABBIT FLOWER/EGG/CARROT ROPE,124,105.39999999999999,0.85,20
84461,12 PINK HEN+CHICKS IN BASKET,58,149.23999999999998,2.6388461538461536,26
84462,3 PINK HEN+CHICKS IN BASKET,88,99.86,1.38375,8
84464,S/60 PINK FLUFFY CHICKS IN BOX,82,179.1,2.4954545454545456,11
84465,15 PINK FLUFFY CHICKS IN BOX,22,67.01,3.081875,16
84466,TOP SECRET PEN SET,1210,1290.86,1.7023809523809523,63
84467,ENGLISH ROSE DESIGN QUILTED THROW,816,17477.66,24.040602409638552,83
84469,ROSE DES PADDED FLOOR CUSHION,664,2249.41,5.513863636363637,44
84472,PINK AND LILAC QUILTED THROW ,87,3402.32,46.424,30
84482,BUTTONS DESIGN JEWELLERY BOX,75,293.02,4.106666666666667,32
84493,BLUE/PINK NEST STRIPE BOX,1142,111.11999999999999,1.5619999999999998,5
84497,BUTTONS AND STRIPES NOTEBOOK ,87,349.63,4.21,32
84499,BLACK FLOWER CANDLE PLATE,319,266.21999999999997,1.2587179487179487,39
84522,PINK PARTY SUNGLASSES,167,277.05,1.9,15
84526,GIANT BLACK SUNGLASSES,538,1503.6399999999999,2.112058823529412,34
84527,FLAMES SUNGLASSES PINK LENSES,25,51.01,2.1006666666666667,14
84539,KNITTED RABBIT DOLL ,39,64.35,1.65,10
84546,CROCHET POODLE KEYRING,21,34.64999999999999,1.6499999999999997,3
84548,CROCHET BEAR RED/BLUE  KEYRING,26,42.89999999999999,1.65,9
84549,CROCHET WHITE RABBIT KEYRING ,37,67.88999999999999,2.22,9
84550,CROCHET LILAC/RED BEAR KEYRING,14,23.099999999999998,1.65,4
84551,CROCHET DOG KEYRING,26,42.89999999999999,1.6499999999999997,6
84564,6 SEGMENT COLOURED SNACK BOWL ,21,175.48000000000002,8.725454545454546,11
84567,FROSTED GLASS WITH SILVER SURROUND,9,14.85,1.65,1
84568,GIRLS ALPHABET IRON ON PATCHES ,24692,5139.58,0.36253012048192773,166
84572,6 HOOK JEWEL STAND LILAC DRESS,1,8.49,8.49,1
84576,BLUE CAT BISCUIT BARREL PINK HEART,30,188.72,7.064666666666667,15
84578,ELEPHANT TOY WITH BLUE T-SHIRT,222,854.91,3.86859649122807,112
84580,MOUSE TOY WITH PINK T-SHIRT,693,2666.02,3.8852203389830513,290
84581,DOG TOY WITH PINK CROCHET SKIRT,324,1230.44,3.8566887417218543,149
84582,PINK CROCHET CAT WITH SCARF,14,59.5,4.25,11
84584,PINK GINGHAM CAT WITH SCARF,138,382.23999999999995,3.168444444444444,45
84592,CROCHET ROSE PURSE WITH SUEDE BACK,97,295.16,3.3104,25
84593,CROCHET ROSE DES CLOTHES HANGER,20,59.0,2.9500000000000006,6
84598,BOYS ALPHABET IRON ON PATCHES,18824,3814.42,0.36196721311475405,122
84599,CANDY STRIPE ROSE FLOOR CUSHION,15,160.15,12.04,6
84600,NEW BAROQUE JEWELLERY BOX ,55,471.38,9.769629629629629,27
84608,ORNATE EDWARDIAN CANDLE HOLDER,6,47.7,7.95,4
84609,TALL ROCOCO CANDLE HOLDER,51,535.63,12.536315789473685,19
84615,PINK ROUND BUTTERFLY MIRROR ,240,748.48,5.614285714285714,21
84616,SILVER ROCCOCO CHANDELIER,58,968.3,21.1625,16
84617, NEW BAROQUE BLACK BOXES,6,76.5,12.75,3
84617,NEW BAROQUE BLACK BOXES,2,25.5,12.75,1
84619,BLUE GINGHAM ROSE QUILT ,72,1622.96,35.91413793103448,29
84620,BLUE GINGHAM ROSE CUSHION COVER,119,734.71,6.547142857142857,49
84621,BLUE GINGHAM ROSE FLOOR CUSHION ,29,247.26,9.064,15
84622,PINK GINGHAM ROSE CUSHION COVER,23,152.6,7.699999999999999,9
84623,PINK GINGHAM ROSE FLOOR CUSHION,56,310.44,8.072142857142858,14
84626,CANDY STRIPE ROSE QUILT,1,45.95,45.95,1
84627,CANDY STRIPE ROSE C/COVER ,50,297.5,5.95,19
84629,WHITE 3 FRAME BIRDS AND TREE ,4,87.8,21.95,3
84630,FLOWERS AND BIRDS WALL PLAQUE,2,15.9,7.95,1
84631,FRUIT TREE AND BIRDS WALL PLAQUE,248,765.58,10.256923076923076,26
84632,DECORATIVE HANGING SHELVING UNIT,9,499.55,58.28333333333334,6
84637,KITCHEN FLOWER POTS WALL PLAQUE,470,847.62,7.3225,32
84638,SMALL KITCHEN FLOWER POTS PLAQUE,350,770.05,8.4515625,32
84648,NEW BAROQUE WALL MIRROR,1,12.75,12.75,1
84653,GREEN ROSE QUILT ,14,750.48,54.88166666666667,12
84656,WHITE ROSE C/COVER,22,130.9,5.950000000000001,13
84657,GREEN ROSE CUSHION COVER,246,517.48,4.4990000000000006,20
84658,WHITE STITCHED CUSHION COVER,168,863.88,6.796222222222222,45
84664,CHERRY BLOSSOM BATHROOM CABINET,193,955.35,4.95,51
84665,SQUARE CHERRY BLOSSOM CABINET,125,763.75,6.595161290322581,31
84666,SQUARE CHERRY BLOSSOM CABINET,202,797.9000000000001,3.95,29
84670,JAPANESE CROCHETED ANIMAL,5196,2128.72,0.4957671957671958,182
84674,FLYING PIG WATERING CAN,274,732.59,3.208032786885246,61
84675,FROG KING WATERING CAN,197,545.1600000000001,3.7210000000000005,60
84676,BATH DUCK WATERING CAN,848,2102.46,3.1355454545454546,110
84678,CLASSICAL ROSE SMALL VASE,478,941.5999999999999,2.902027027027027,71
84679,CLASSICAL ROSE TABLE LAMP,8,47.6,5.95,2
84680,CLASSICAL ROSE URN,94,372.3,7.06764705882353,17
84682,CLASSICAL ROSE DISH,295,596.94,3.3329411764705887,49
84683,CLASSICAL ROSE CANDLESTAND,368,387.16,1.69,36
84684,BEACH HUT PHOTO FRAME,609,720.6999999999999,3.28775,40
84685,BEACH HUT KEY CABINET,404,1207.83,5.70822429906542,107
84686,BEACH HUT MIRROR,340,961.4,6.310294117647059,68
84687,BEACH HUT SHELF W 3 DRAWERS,233,703.63,6.266190476190476,42
84688,BEACH HUT DESIGN BLACKBOARD,381,1110.45,5.75909090909091,66
84689,S/2 BEACH HUT TREASURE CHESTS,309,732.9499999999999,5.371052631578947,38
84690,S/2 BEACH HUT STOOLS,27,214.65,7.95,14
84691,PACK 20 DOLLY PEGS,2505,2051.0,1.0316810344827585,231
84692,BOX OF 24 COCKTAIL PARASOLS,11547,5187.5599999999995,0.5756603773584906,572
84715,SET OF 6 ICE CREAM SKITTLES,225,687.69,3.4238636363636363,44
84720,DOT MATRIX CANVAS ART PICTURE,35,147.05,6.883333333333333,3
84721,MANHATTAN CANVAS ART PICTURE,20,87.8,8.35,2
84723,CHERRY BLOSSOM CANVAS ART PICTURE,13,103.35000000000001,7.95,6
84725,FREESTYLE CANVAS ART PICTURE,94,181.09999999999997,3.6,12
84726,LILLIES CANVAS PICTURE,233,394.84999999999997,2.17,5
84731,3 BIRDS CANVAS SCREEN,1,1.65,1.65,1
84744,S/6 SEW ON CROCHET FLOWERS,58,73.76,1.316315789473684,17
84746,PINK EASTER HENS+FLOWER,9,33.75,3.75,7
84748,FOLK FELT HANGING MULTICOL GARLAND,966,1210.26,3.873030303030303,32
84754,S/15 SILVER GLASS BAUBLES IN BAG,1653,2082.93,1.4907954545454545,171
84755,COLOUR GLASS T-LIGHT HOLDER HANGING,24302,14899.6,0.9212518853695324,650
84757,ENCHANTED GARDEN WROUGHT IRON TABLE,5,74.75,14.95,4
84761,IVORY HANGING BIRD PLANTER ,276,768.8499999999999,3.122295081967213,61
84763,ZINC FINISH 15CM PLANTER POTS,1037,1291.45,1.4167226890756304,118
84765,SILVER ROCOCO CANDELABRA,9,140.23,16.996666666666666,6
84766,SILVER ROCOCO CANDLE STICK,54,297.3,5.8730769230769235,13
84767,ZINC POLICE BOX LANTERN,195,806.22,7.395,6
84770,ROUND GEORGIAN SILVER MIRROR,135,419.25000000000006,3.825,16
84773,RED ROSE AND LACE C/COVER,190,560.5,2.95,48
84789,ENCHANTED BIRD PLANT CAGE,260,925.29,4.049870129870129,77
84791,GINGHAM HEART DECORATION,334,1086.13,3.791320754716981,106
84792,ENCHANTED BIRD COATHANGER 5 HOOK,1492,6284.7300000000005,5.034982698961938,289
84799,SPRIG LAVENDER ARTIFICIAL FLOWER,454,368.3,1.0523809523809524,21
84807,RED POPPY ARTIFICIAL FLOWER,233,215.93,1.5414285714285714,7
84813,SET OF 4 DIAMOND NAPKIN RINGS,260,1970.71,12.49031746031746,63
84815,SET OF 3 DANISH ROSE PLANTERS,926,1183.8200000000002,5.385094339622642,53
84816,DANISH ROSE BEDSIDE CABINET,20,759.0,38.95,10
84817,DANISH ROSE DECORATIVE PLATE,108,226.8,2.1,24
84818,DANISH ROSE PHOTO FRAME,366,923.99,2.635603448275862,116
84819,DANISH ROSE ROUND SEWING BOX,102,437.72,4.370571428571428,35
84820,DANISH ROSE TRINKET TRAYS,64,416.32,7.23695652173913,23
84821,DANISH ROSE DELUXE COASTER,383,335.34999999999997,1.0179411764705881,34
84823,DANISH ROSE FOLDING CHAIR,8,319.6,39.95,4
84824,DANISH ROSE UMBRELLA STAND,36,644.55,18.615,30
84826,ASSTD DESIGN 3D PAPER STICKERS,632,530.7,0.819047619047619,21
84827,ASS DES PHONE SPONGE CRAFT STICKER,580,377.0,0.65,18
84828,JUNGLE POPSICLES ICE LOLLY HOLDERS,1417,1810.19,1.6275842696629212,178
84830,LARGE ENGLISH ARBORETUM,113,1195.15,15.357142857142858,7
84832,ZINC WILLIE WINKIE  CANDLE STICK,3961,3516.2799999999997,1.0741131105398458,381
84836,ZINC METAL HEART DECORATION,14120,17145.1,1.3876739130434783,902
84837,WHITE SWEETHEARTS CABINET 4 DRAWERS,251,3210.04,13.428888888888888,143
84838,ANT WHITE HIGH RISE BIRD BOX,50,312.5,7.875,4
84839,SWEETHEART KEY CABINET,1523,8747.05,7.216472081218274,393
84840,SWEETHEART CARRY-ALL BASKET,279,2405.32,9.013649635036497,137
84842,HELLO SAILOR BATHROOM SET,1491,691.6500000000001,4.671538461538462,26
84843,WHITE SOAP RACK WITH 2 BOTTLES,110,773.16,7.457619047619048,63
84847,FLORAL BATHROOM SET,2310,1074.73,4.673421052631579,38
84854,GIRLY PINK TOOL SET,381,2079.4700000000003,6.568198198198199,110
84855,BLOKEY SILVER TOOL SET,36,196.70000000000002,5.875,15
84865,NEW BAROQUE BLACK PHOTO ALBUM,54,535.69,10.295,38
84869,CANDY BUTTON PHOTO ALBUM,302,703.54,5.044615384615384,26
84879,ASSORTED COLOUR BIRD ORNAMENT,45236,72890.19,1.9944289693593316,1413
84880,WHITE WIRE EGG HOLDER,1490,8262.52,6.464117647058823,305
84881,BLUE WIRE SPIRAL CANDLE HOLDER,42,273.07,6.685263157894736,19
84882,GREEN WIRE STANDING CANDLE HOLDER,28,132.09,5.04,18
84886,BLUE METAL WALL SHELF,12,119.39999999999999,9.95,9
84893,ANT WHITE IRON BASKET,33,186.35000000000002,5.883333333333334,15
84901,BLACK FACE LAMB WITH PANTS,123,471.13,3.8594594594594596,74
84902,PINK KNITTED COW STUFFED TOY,84,326.33,3.930377358490566,53
84905,PINK BUTTERFLY C/COVER ,10,70.82,7.596666666666667,6
84905,PINK BUTTERFLY CUSHION COVER ,224,763.61,4.851772151898734,79
84906,PINK B'FLY C/COVER W BOBBLES,32,190.4,5.95,10
84907,PINK YELLOW PATCH CUSHION COVER,354,735.9,4.8,8
84907,PINK/YELLOW PATCH CUSHION COVER,8,82.34,11.878,5
84915,HAND TOWEL PINK FLOWER AND DAISY,24,135.5,5.408888888888889,18
84916,HAND TOWEL PALE BLUE W FLOWERS,44,223.52,4.977647058823529,34
84917,WHITE HAND TOWEL WITH BUTTERFLY,48,232.35999999999999,4.654137931034483,29
84918,CREAM C/COVER W YELLOW/GREEN FLOWER,10,69.5,6.95,3
84918,CREAM CUSHION COVER WITH FLOWERS,198,925.62,6.020666666666667,60
84919,BLUE CUSHION COVER WITH FLOWER,225,1163.75,6.35,10
84919,L BLUE C/COVER W PINK/YELLOW FLOWER,8,74.31,11.6275,4
84920,PINK FLOWER FABRIC PONY,91,377.9,4.7369047619047615,42
84921,CREAM AND PINK FLOWERS PONY ,17,63.75,3.75,10
84922,PINK BUTTERFLY WASHBAG,333,765.93,6.380000000000001,11
84923,PINK BUTTERFLY HANDBAG W BOBBLES,85,400.75,4.638999999999999,60
84929,ASSTD FRUIT+FLOWERS FRIDGE MAGNETS,684,369.96000000000004,0.5453571428571429,28
84934,ASSTD DESIGN POP ART SLIM PEN,687,586.5,0.9153846153846155,13
84937,KASHMIR FOLKART TUMBLERS,2542,5394.54,4.990161290322581,124
84942,KASHMIR FOLKART HEART DISHES,3,5.07,1.6900000000000002,3
84944,?sold individually?,486,0.0,0.0,1
84944,SET OF 6 KASHMIR FOLKART BAUBLES,444,2114.37,5.15344537815126,118
84945,MULTI COLOUR SILVER T-LIGHT HOLDER,12092,9852.119999999999,1.2132537313432836,332
84946,ANTIQUE SILVER TEA GLASS ETCHED,18710,25305.09,1.5383061889250813,907
84947,ANTIQUE SILVER TEA GLASS ENGRAVED,7413,8825.77,1.418259668508287,349
84948,SILVER HANGING T-LIGHT HOLDER DOME,273,459.2099999999999,1.7905405405405406,36
84949,SILVER HANGING T-LIGHT HOLDER,7443,11856.72,1.8108372093023255,422
84950,ASSORTED COLOUR T-LIGHT HOLDER,4300,2954.82,0.9813124999999999,160
84962,SET/3 COLOUR PAINTED KASHMIRI STOOL,3,179.85000000000002,59.95,2
84969,ASSORTED COLOUR SET 6 TEASPOONS,268,1232.02,5.184418604651163,86
84969,BOX OF 6 ASSORTED COLOUR TEASPOONS,172,823.84,5.380357142857143,56
84974,S/2 ZINC HEART DESIGN PLANTERS,50,491.49999999999994,9.916666666666666,29
84975,HEART SHAPED MIRROR,1990,3266.4,2.0309345794392524,212
84976,RECTANGULAR SHAPED MIRROR,163,279.97,2.266,20
84977,WIRE FLOWER T-LIGHT HOLDER,222,280.08,1.31,43
84978,HANGING HEART JAR T-LIGHT HOLDER,9326,12176.04,1.5417015341701532,707
84987,SET OF 36 TEATIME PAPER DOILIES,5099,7419.73,1.6979633401221994,487
84988,SET OF 72 PINK HEART PAPER DOILIES,4082,6387.95,2.0486666666666666,522
84990,60 GOLD AND SILVER FAIRY CAKE CASES,4246,2061.09,0.6457360406091371,191
84991,60 TEATIME FAIRY CAKE CASES,36348,18151.4,0.6518148688046648,1336
84992,72 SWEETHEART FAIRY CAKE CASES,21790,10907.43,0.6901779755283649,871
85006,SET 4 NURSERY DES ROUND BOXES,2994,1232.06,2.867142857142857,28
85007,SET OF 3 VINTAGE TEA TIME BOXES,143,399.62,4.180454545454546,21
85008,SET OF 3 CONEY ISLAND OVAL BOXES,260,1017.62,5.278936170212766,93
85015,SET OF 12  VINTAGE POSTCARD SET,743,1069.35,2.4966101694915253,118
85016,SET OF 6 VINTAGE NOTELETS KIT,1125,1496.05,2.47515625,128
85020,ROUND PINK HEART MIRROR,166,369.88000000000005,2.5915384615384616,39
85030,FRENCH CHATEAU OVAL PLATTER,196,502.2,5.863043478260869,23
85038,6 CHOCOLATE LOVE HEART T-LIGHTS,1836,3869.5800000000004,2.4818320610687024,254
85041,SET/4 PINK ORCHID CANDLES IN BOWL,1853,2489.87,1.7864210526315787,92
85042,ANTIQUE LILY FAIRY LIGHTS,2694,12234.56,4.947550335570471,293
85043,RED HEART CANDY POP LIGHTS,1,4.95,4.95,1
85044,RED REINDEER STRING OF 20 LIGHTS,149,801.4,6.930249999999999,40
85045,GREEN CHRISTMAS TREE STRING 20LIGHT,434,2072.9900000000002,5.712105263157895,74
85047,WHITE BEADED GARLAND STRING 20LIGHT,1048,6645.28,7.066302521008403,234
85048,15CM CHRISTMAS GLASS BALL 20 LIGHTS,1390,10868.59,9.168900709219859,279
85050,FRENCH ENAMEL SOAP DISH WITH LID,48,100.80000000000001,2.1,1
85053,FRENCH ENAMEL CANDLEHOLDER,344,732.73,2.673939393939394,65
85054,FRENCH ENAMEL POT W LID,332,1076.2,3.5153191489361704,91
85055,FRENCH ENAMEL UTENSIL HOLDER,324,1300.6,4.604081632653061,97
85059,FRENCH ENAMEL WATER BASIN,291,1130.53,4.556235294117648,84
85060,WOOD FAN WITH FLOWER DESIGN,1448,1745.62,1.405909090909091,87
85062,PEARL CRYSTAL PUMPKIN T-LIGHT HLDR,2509,4080.0499999999997,1.8076041666666667,189
85063,CREAM SWEETHEART MAGAZINE RACK,308,5426.74,18.89911111111111,180
85064,CREAM SWEETHEART LETTER RACK,1571,7328.96,6.118943396226415,265
85065,CREAM SWEETHEART TRAYS,620,7524.44,13.5696875,256
85066,CREAM SWEETHEART MINI CHEST,1348,16579.45,13.842018561484918,426
85067,CREAM SWEETHEART WALL CABINET,495,8183.04,20.335371428571428,174
85068,CREAM SWEETHEART SHELF + HOOKS,960,6647.24,8.65251256281407,197
85069,CREAM SWEETHEART DOUBLE SHELF,3,50.849999999999994,16.95,1
85070,ANT WHITE SWEETHEART TABLE W 3 DRAW,3,320.0,106.66666666666667,3
85072,OCCASIONS GIFT CARD ASSORTMENT,120,66.0,0.55,1
85077,KISSING REINDEER TABLE RUNNER,1,5.95,5.95,1
85078,SCANDINAVIAN 3 HEARTS NAPKIN RING,352,382.64000000000004,3.045,40
85079,EMBROIDERED REINDEER DECORATION,23,32.25,1.4144444444444444,8
85080,PADDED RED HEART DECORATION,113,55.76,0.5331818181818182,22
85081,PADDED HOLLY CHRISTMAS DECORATION ,104,46.17,0.45772727272727276,21
85083,KISS REINDEER SCANDINAVIAN STOCKING,5,12.75,2.55,2
85084,HOLLY TOP CHRISTMAS STOCKING,662,664.4,1.085875,77
85087,CANDY SPOT CUSHION COVER,82,271.12,4.696363636363636,22
85088,CANDY SPOT HAND BAG,88,189.02,2.2562962962962962,27
85089,CANDY SPOT BUNNY,86,279.19,4.0912,24
85090,CANDY SPOT APRON,106,559.2800000000001,5.87925925925926,53
85091,CANDY SPOT BREAD BASKETS,343,548.81,5.513,20
85092,CANDY SPOT TEA COSY,364,582.52,4.218181818181818,22
85093,CANDY SPOT EGG WARMER HARE,654,618.54,1.6324615384615384,65
85094,CANDY SPOT EGG WARMER RABBIT,121,121.37,1.6157894736842104,19
85095,THREE CANVAS LUGGAGE TAGS,25,17.55,1.3,2
85096,HILDA CANDY SPOT RABBIT,141,582.93,4.568653846153846,52
85103, SILVER T-LIGHT SETTING,43,321.87,7.522941176470589,17
85103,SILVER T-LIGHT SETTING,131,907.27,8.116190476190477,42
85104,SILVER GLASS T-LIGHT SET,158,522.34,3.087674418604651,40
85106,CUT GLASS HEXAGON T-LIGHT HOLDER,553,1176.1299999999999,2.5442857142857145,41
85107,CUT GLASS T-LIGHT HOLDER OCTAGON,966,1764.0,2.372045454545454,44
85109,PINK BOUDOIR T-LIGHT HOLDER,4199,465.23,0.7836842105263158,19
85110,BLACK SILVER FLOWER T-LIGHT HOLDER,11520,1138.04,0.6665217391304348,23
85111,SILVER GLITTER FLOWER VOTIVE HOLDER,1510,531.56,1.5014285714285713,21
85112,S/3 TEAR DROP CUT GLASS DECORATION,465,412.77,1.6549999999999998,34
85113,POLKA DOT PISTACHIO PAIL,285,591.6600000000001,2.310612244897959,48
85116,BLACK CANDELABRA T-LIGHT HOLDER,1099,1374.02,1.6568224299065422,106
85117,NIGHTINGALE COATHOOK WHITE,347,594.3199999999999,2.2267213114754094,61
85118,HEART T-LIGHT HOLDER,1978,1034.9,1.1952702702702702,74
85119,WATERING CAN SINGLE HOOK PISTACHIO,413,567.48,1.7169999999999999,39
85125,SMALL ROUND CUT GLASS CANDLESTICK,152,759.8000000000001,5.746774193548387,31
85126,LARGE ROUND CUTGLASS CANDLESTICK,154,1042.02,6.903529411764706,33
85127,SMALL SQUARE CUT GLASS CANDLESTICK,102,678.9200000000001,6.907714285714286,35
85128,PLANTPOT SINGLE HOOK PISTACHIO,167,188.95000000000002,2.4125,4
85141,JARDIN ETCHED GLASS FRUITBOWL,62,666.5,10.75,32
85142,JARDIN ETCHED GLASS GINGER JAR,57,502.58,9.403823529411765,34
85144,JARDIN ETCHED GLASS BUTTER DISH,68,471.4,7.191935483870967,30
85145,JARDIN ETCHED GLASS LARGE BELL JAR,54,645.3,12.538235294117648,17
85146,JARDIN ETCHED GLASS SMALL BELL JAR,73,428.27000000000004,6.184285714285714,20
85147,JARDIN ETCHED GLASS CANDLEHLDR LONG,61,301.95,4.95,16
85150,LADIES & GENTLEMEN METAL SIGN,4475,11266.949999999999,2.9610526315789474,661
85151,WELCOME METAL SIGN,44,55.0,1.25,8
85152,HAND OVER THE CHOCOLATE   SIGN ,8357,16047.830000000002,2.2737864077669903,814
85157,SET OF 2 CHESTS CHOCOLAT AU LAIT,1,12.72,12.72,1
85161,ACRYLIC GEOMETRIC LAMP,16,295.2,18.78333333333333,12
85165,CANDY PINK FRENCH BOUDOIR CLOCK,90,872.76,10.221379310344828,58
85171,S/2 HYACINTH BULB CANDLES,1,2.55,2.55,1
85172,HYACINTH BULB T-LIGHT CANDLES,3133,1778.8,1.4076785714285713,111
85173,SET/6 FROG PRINCE T-LIGHT CANDLES,542,1046.23,3.005223880597015,67
85174,S/4 CACTI CANDLES,908,4563.96,6.350135746606336,213
85175,CACTI T-LIGHT CANDLES,10521,4495.88,1.182233009708738,307
85176,SEWING SUSAN 21 NEEDLE SET,1858,1450.9099999999999,1.090625,144
85177,BASKET OF FLOWERS SEWING KIT,1025,889.0699999999999,0.9834117647058824,85
85178,VICTORIAN SEWING KIT,3105,3389.49,1.3571204188481674,185
85187,S/12 MINI RABBIT EASTER,143,261.59999999999997,2.057142857142857,41
85189,HANGING BUTTERFLY  EGG,1167,960.3,0.9456923076923077,65
85190,PINK FLOWER HANGING HEART ,138,122.46,1.153529411764706,17
85195,HANGING HEART BASKET,135,246.34000000000003,2.2278571428571428,14
85196,EASTER BUNNIES ON A STICK,1564,831.0400000000001,0.875492957746479,71
85197,SET OF 12 MINI BUNNIES IN A BUCKET,1635,888.0600000000001,2.0459649122807018,55
85198,ASSORTED FARMYARD ANIMALS IN BUCKET,3769,1394.9199999999998,0.9984090909090909,42
85200,BUNNY EGG BOX,862,1090.34,1.3884810126582279,79
85202,HANGING WOOD AND FELT HEART,545,264.52,0.6205504587155963,105
85203,HANGING WOOD AND FELT BUTTERFLY ,572,260.28,0.5697029702970297,99
85204,HANGING WOOD AND FELT FLOWER,304,136.38,0.5309433962264151,51
85208,SET/12 FUNKY FELT FLOWER PEG IN BAG,201,428.43000000000006,2.250714285714286,42
85211,S/4 GROOVY CAT MAGNETS,157,292.23999999999995,2.185576923076923,51
85212,MINI PAINTED GARDEN DECORATION ,384,363.04999999999995,1.172093023255814,43
85213,MINI  ZINC GARDEN DECORATIONS ,550,500.10999999999996,1.2177083333333332,48
85214,TUB 24 PINK FLOWER PEGS,367,643.2399999999999,1.9114406779661015,116
85215,ASSORTED CHEESE FRIDGE MAGNETS,615,467.73,1.8960784313725492,50
85216,ASSORTED CAKES FRIDGE MAGNETS,2806,2126.27,2.0759116022099446,180
85217,ASSORTED ICE CREAM FRIDGE MAGNETS,2869,1981.8500000000001,1.7262424242424241,164
85218,S/5 MINI ICE CREAM FRIDGE MAGNETS,1992,625.1999999999999,0.875,2
85220,SMALL FAIRY CAKE FRIDGE MAGNETS,12236,6875.0,1.3,5
85221,ASSORTED COLOUR SILK COIN PURSE,3558,1685.46,1.0245833333333334,47
85222,ASSORTED COLOUR SILK COSMETIC PURSE,1406,1579.68,2.2184615384615385,50
85224,ASSORTED COLOUR SILK GLASSES CASE,2001,1114.66,1.9339682539682541,60
85225,BLING KEY RING STAND,13,16.25,1.25,8
85227,SET OF 6 3D KIT CARDS FOR KIDS,1451,1328.9299999999998,1.1044502617801046,186
85227,SET/6 3D KIT CARDS FOR KIDS,592,480.69,1.1601960784313725,50
90020,FILIGREE DIAMANTE CHAIN,5,63.75,12.75,3
90021,LASER CUT MULTI STRAND NECKLACE,4,47.8,11.949999999999998,3
90022,EDWARDIAN DROP EARRINGS JET BLACK,16,60.9,3.81,15
90023,FILIGREE DIAMANTE EARRINGS,19,80.96000000000001,4.266153846153847,13
90028,NEW BAROQUE LARGE NECKLACE BLK/WHIT,15,127.61,8.509166666666667,12
90029,NEW BAROQUE SMALL NECKLACE BLACK,18,153.0,8.5,8
90031,BILI NUT AND WOOD NECKLACE,2,12.010000000000002,6.005000000000001,2
90032,IVORY SHELL HEART NECKLACE,27,168.75,6.25,16
90033,IVORY SHELL HEART EARRINGS,13,33.36,2.5669999999999997,10
90034,WHITE SILVER NECKLACE SHELL GLASS,4,40.5,10.125,4
90041,PEARL AND CHERRY QUARTZ BRACLET,2,7.4,3.7,2
90043,COPPER AND BRASS BAG CHARM,6,29.700000000000003,4.95,4
90046,WHITE WITH METAL BAG CHARM,10,49.5,4.95,6
90048,GREEN WITH METAL BAG CHARM,28,144.04,5.727142857142858,7
90049,IVORY GOLD METAL BAG CHARM,15,79.47,6.69,3
90050,CRACKED GLAZE NECKLACE IVORY,3,21.39,7.13,3
90051,CRACKED GLAZE NECKLACE RED,7,49.73,7.085,6
90052,CRACKED GLAZE NECKLACE BROWN,5,35.44,7.18,3
90053,CRACKED GLAZE EARRINGS IVORY,7,17.79,2.5414285714285714,7
90054,CRACKED GLAZE EARRINGS RED,10,25.53,2.553,10
90055,CRACKED GLAZE EARRINGS BROWN,5,12.75,2.55,5
90056,CHUNKY CRACKED GLAZE NECKLACE IVORY,16,175.48000000000002,11.066363636363636,11
90057,DIAMANTE RING ASSORTED IN BOX.,796,1364.52,2.4633333333333334,15
90062,CARNIVAL BRACELET,163,2071.64,12.664367816091954,86
90068,"RUBY GLASS NECKLACE 42""",1,7.5,7.5,1
90069,RUBY GLASS CLUSTER NECKLACE,9,67.5,7.5,4
90070,RUBY GLASS CLUSTER BRACELET,43,262.51,6.240952380952381,21
90071,RUBY GLASS CLUSTER EARRINGS,48,60.67,1.2644186046511627,43
90072,RUBY DROP CHANDELIER EARRINGS,23,92.89,4.134375,16
90073,VINTAGE ENAMEL & CRYSTAL EARRINGS,25,125.82000000000001,5.057222222222222,18
90074,BLACK DIAMOND CLUSTER NECKLACE,4,36.62,9.155,4
90075,MONTANA DIAMOND CLUSTER NECKLACE,6,54.519999999999996,9.113999999999999,5
90076,MONTANA DIAMOND CLUSTER EARRINGS,3,8.879999999999999,2.9599999999999995,3
90077,BLACK DIAMOND CLUSTER EARRINGS,3,8.54,2.8466666666666662,3
90078,PINK/WHITE GLASS DEMI CHOKER,7,52.64,7.535,4
90079,VINTAGE ENAMEL & CRYSTAL NECKLACE,11,55.010000000000005,5.012222222222222,9
90083,CRYSTAL CZECH CROSS PHONE CHARM,27,24.61,1.1266666666666667,6
90084,PINK CRYSTAL GUITAR PHONE CHARM,63,53.55,0.85,8
90085,CRYSTAL STILETTO PHONE CHARM,279,242.08999999999997,1.0852380952380951,21
90086,CRYSTAL FROG PHONE CHARM,117,109.16999999999999,1.3128571428571427,21
90087,CRYSTAL SEA HORSE PHONE CHARM,206,191.42,1.3116666666666668,30
90088,CRYSTAL KEY+LOCK PHONE CHARM,101,86.69999999999999,0.9107142857142857,14
90089,PINK CRYSTAL SKULL PHONE CHARM,85,79.61999999999999,1.2144444444444444,18
90090,PINK CRYSTAL HEART PHONE CHARM,263,227.72,1.0168,22
90091,CRYSTAL DRAGONFLY PHONE CHARM,3,2.55,0.85,2
90092,BLUE CRYSTAL BOOT PHONE CHARM,101,85.85,0.85,9
90093,CLEAR CRYSTAL STAR PHONE CHARM,158,138.42999999999998,1.055,16
90094,NECKLACE+BRACELET SET FRUIT SALAD ,61,154.47,2.529259259259259,26
90095,NECKLACE+BRACELET SET PINK BLOSSOM,8,22.909999999999997,3.3866666666666667,3
90096,NECKLACE+BRACELET SET BLUE BLOSSOM,68,154.23,2.4692857142857143,26
90098,NECKLACE+BRACELET PINK BUTTERFLY,108,227.32999999999998,2.2675555555555555,45
90099,NECKLACE+BRACELET SET BLUE HIBISCUS,22,78.69,4.014166666666666,12
90100,NECKLACE+BRACELET SET PINK DAISY,29,73.94999999999999,2.55,11
90101,WHITE FRANGIPANI NECKLACE,14,35.63,2.5446153846153843,13
90102,WHITE FRANGIPANI HAIR CLIP,9,7.609999999999999,0.8433333333333333,3
90103,PURPLE FRANGIPANI NECKLACE,15,38.19,2.545714285714286,14
90104,PURPLE FRANGIPANI HAIRCLIP,105,88.27,0.8355,39
90108,BLUE BLOSSOM HAIR CLIP,39,43.870000000000005,1.3744444444444444,9
90111,BLUE HIBISCUS  HAIR CLIP,7,7.35,1.05,6
90112,PINK DOLLY HAIR CLIPS,82,89.15,1.111,19
90114,SUMMER DAISIES BAG CHARM,40,101.24,2.5243999999999995,25
90115,SUMMER BUTTERFLIES BAG CHARM,61,162.0,2.7628125,32
90116,FRUIT SALAD BAG CHARM,44,85.02,2.141,20
90118,PINK DAISY BAG CHARM,12,32.75,2.7729999999999997,10
90119,METALIC LEAVES BAG CHARMS,14,38.01,2.9549999999999996,6
90131,PINK/AMETHYST/GOLD NECKLACE,5,34.75,6.95,3
90132,LIGHT TOPAZ TEAL/AQUA COL NECKLACE,5,25.56,5.112,5
90133,TEAL/FUSCHIA COL BEAD NECKLACE,28,142.03,5.099130434782609,23
90134,OLD ROSE COMBO BEAD NECKLACE,73,216.38,2.9663461538461537,52
90135,ORANGE/WHT/FUSCHIA STONES NECKLACE,1,5.09,5.09,1
90136,PALE PINK/AMETHYST STONE NECKLACE,1,10.62,10.62,1
90137,PINK COMBO MINI CRYSTALS NECKLACE,23,116.21000000000001,5.1466666666666665,12
90138,WHITE/PINK MINI CRYSTALS NECKLACE,15,78.73,5.306363636363636,11
90139,FLOWER BROOCH 4 ASSORTED COLOURS,23,118.24000000000001,5.152222222222223,18
90140,PINK SWEETIE NECKLACE,8,60.42,7.57,6
90143,SILVER BRACELET W PASTEL FLOWER,49,370.02,7.605,24
90144,SILVER DROP EARRINGS WITH FLOWER,35,132.09,3.7942105263157897,19
90145,SILVER HOOP EARRINGS WITH FLOWER,48,293.81,6.193571428571429,28
90146,FINE SILVER NECKLACE W PASTEL FLOWE,24,181.14,7.587692307692308,12
90147,CHUNKY SILVER NECKLACE PASTEL FLOWE,61,613.4399999999999,10.130277777777778,35
90148,LONG SILVER NECKLACE PASTEL FLOWER,19,242.25,12.75,12
90149,SILVER FLOWR PINK SHELL NECKLACE,9,67.5,7.5,5
90150,BLUE SHELL+SILVER NECKLACE,13,97.5,7.5,8
90151,SILVER/NATURAL SHELL NECKLACE,13,110.67,8.524285714285714,7
90154,LAZER CUT NECKLACE W PASTEL BEADS,2,17.9,8.95,2
90155,RESIN NECKLACE W PASTEL BEADS,21,158.54,7.574285714285714,14
90156,RESIN BRACELET W PASTEL BEADS,21,117.57000000000001,6.188181818181818,11
90157,RIVIERA NECKLACE,43,213.69,4.9868421052631575,19
90158,ST TROPEZ NECKLACE,34,172.38,5.081333333333333,30
90159,COTE D'AZURE NECKLACE,32,158.79000000000002,4.976,15
90166,PINK & WHITE ROSEBUD RING,20,85.14,4.253529411764706,17
90167,BEADED LOVE HEART JEWELLERY SET,2197,1801.1699999999998,1.088198198198198,111
90168,2 DAISIES HAIR COMB,25,74.16000000000001,2.974615384615385,13
90169,DAISY HAIR COMB,23,58.65,2.5485714285714285,14
90170,DAISY HAIR BAND,66,110.94,1.6913513513513514,37
90171,DAISY RING,47,59.650000000000006,1.2725925925925925,27
90173,PAIR BUTTERFLY HAIR CLIPS,57,216.54,3.8084615384615383,38
90174,BUTTERFLY HAIR BAND,13,33.24,2.5574999999999997,12
90188,DROP EARRINGS W FLOWER & LEAF,15,38.46,2.562142857142857,14
90191,SILVER LARIAT 40CM,14,178.78,12.775454545454545,11
90192,JADE DROP EARRINGS W FILIGREE,55,275.21000000000004,5.045483870967741,31
90194,SILVER LARIAT BLACK STONE EARRINGS,17,72.21,4.246666666666667,12
90203,SILVER CHARM NECKLACE 70CM,71,534.27,7.547941176470588,34
90204,PAIR OF ENAMEL BUTTERFLY HAIRCLIP,22,74.95,3.405,20
90208,PAIR OF ENAMEL FLOWER CLUSTER SLIDE,105,251.59,2.5366666666666666,30
90208,PAIR OF PINK FLOWER CLUSTER SLIDE,3,7.62,2.54,3
10002R,ROBOT PENCIL SHARPNER,4,20.57,5.133333333333333,3
10123C,HEARTS WRAPPING TAPE ,646,251.81,0.7952459016393444,61
10123G,ARMY CAMO WRAPPING TAPE,2251,165.55999999999997,0.8205882352941177,16
10124A,SPOTS ON RED BOOKCOVER TAPE,46,19.32,0.42,14
10124G,ARMY CAMO BOOKCOVER TAPE,21,9.24,0.48,7
15044A,PINK PAPER PARASOL ,4506,11771.83,3.547364864864865,148
15044B,BLUE PAPER PARASOL ,1352,3709.11,3.5759848484848487,132
15044C,PURPLE PAPER PARASOL,657,2019.0400000000002,3.8097945205479453,145
15044D,RED PAPER PARASOL,953,2745.8,3.5158904109589044,144
15056BL,EDWARDIAN PARASOL BLACK,6756,31999.350000000002,6.14704424778761,553
15056N,EDWARDIAN PARASOL NATURAL,7416,36251.1,6.717600671140939,591
15056P,EDWARDIAN PARASOL PINK,1750,8124.55,6.141225490196078,203
15056bl,EDWARDIAN PARASOL BLACK,39,496.64000000000004,12.738064516129032,31
15056n,EDWARDIAN PARASOL NATURAL,53,674.1600000000001,12.72,37
15056p,EDWARDIAN PARASOL PINK,17,216.24,12.72,15
15058A,BLUE WHITE SPOTS GARDEN PARASOL,276,1485.24,7.573833333333334,59
15058B,PINK POLKADOT GARDEN PARASOL,6,47.7,7.95,3
15058B,PINK WHITE SPOTS GARDEN PARASOL,204,1394.7,9.42125,56
15058C,ICE CREAM DESIGN GARDEN PARASOL,230,1323.9,10.1472,50
15059A,ENGLISH ROSE EDWARDIAN PARASOL,509,1567.0,10.5,4
15060B,FAIRY CAKE DESIGN UMBRELLA,986,4747.28,5.766000000000001,330
15060b,FAIRY CAKE DESIGN UMBRELLA,2,16.94,8.47,2
16020C,CLEAR STATIONERY BOX SET ,76,64.6,0.85,22
16151A,FLOWER DES BLUE HANDBAG/ORANG HANDL,3,11.25,3.75,2
16151A,found,50,0.0,0.0,1
16156L,"WRAP, CAROUSEL",475,199.5,0.42,18
16156N,"WRAP, FRIENDSHIP ON GREEN",1475,619.5,0.42,56
16156S,WRAP PINK FAIRY CAKES ,10961,4269.62,0.414375,256
16161C,WRAP SPEED DEMONS ,450,45.0,0.1,2
16161E,WRAP BOUDOIR ,750,75.0,0.1,9
16161G,WRAP BAD HAIR DAY,275,27.5,0.1,11
16161M,WRAP  PINK FLOCK,1050,439.0,0.41794871794871796,39
16161P,WRAP ENGLISH ROSE ,6022,2465.48,0.41834196891191705,193
16161U,WRAP SUKI AND FRIENDS,2651,1055.42,0.4168421052631579,76
16161U,"WRAP,SUKI AND FRIENDS",3350,1363.0,0.41709090909090907,110
16162L,THE KING GIFT BAG,8081,557.4300000000001,0.7859090909090909,22
16162M,THE KING GIFT BAG 25x24x12cm,60,25.2,0.42000000000000004,5
16168M,FUNKY MONKEY GIFT BAG MEDIUM,1342,351.89,0.5715873015873015,63
16168S,FUNKY MONKEY GIFT BAG SMALL,1283,126.82999999999998,0.31363636363636366,11
16169A,WRAP CHRISTMAS DECOUPAGE,25,10.5,0.42,1
16169C,WRAP BLUE REINDEER,1350,567.0,0.42,43
16169D,WRAP WINTER FOREST,250,105.0,0.42,9
16169F,WRAP BLIZZARD,975,409.5,0.42,34
16169G,WRAP ROMANTIC DECOUPAGE,25,10.5,0.42,1
16169K,WRAP FOLK ART,1900,585.25,0.3549056603773585,53
16169M,WRAP DAISY CARPET ,1400,363.75,0.305,34
16169N,WRAP BLUE RUSSIAN FOLKART,2025,626.25,0.3501785714285714,56
16169P,WRAP GREEN RUSSIAN FOLKART ,1700,512.75,0.355,46
16201A,PASTEL PINK PHOTO ALBUM,101,213.37,3.7744444444444443,9
16201B,PASTEL BLUE PHOTO ALBUM,34,81.1,2.838,5
16202A,PASTEL PINK PHOTO ALBUM ,655,286.95,4.904736842105263,19
16202B,PASTEL BLUE PHOTO ALBUM ,1010,514.06,5.196,20
16202C,BEIGE PHOTO ALBUM,97,230.59,3.9766666666666666,12
16202E,BLACK PHOTO ALBUM ,67,155.23,4.184545454545455,11
16206B,RED PURSE WITH PINK HEART,89,107.65,1.2285714285714284,14
16207A,PINK STRAWBERRY HANDBAG ,83,260.43,3.203809523809524,42
16207B,PINK HEART RED HANDBAG,236,381.51,2.6260714285714286,28
16243B,BROWN COZY SQUARE PHOTO ALBUM,212,441.77,5.49625,8
16244A,MAXWELL 2 TONE PINK 60 PAGE PHOTO A,186,479.40999999999997,4.073571428571428,28
16244B,MAXWELL 2 TONE BLUE 60 PAGE PHOTO A,338,757.17,4.068148148148148,26
16245A,PINK MINI STATIONERY SET W CASE,11,13.75,1.25,7
16248B,BLUE HOLE PUNCH,68,85.0,1.25,5
16256B,FLOWER PENCIL/RUBBER+5 MINI PENCILS,524,232.35,0.5841666666666667,35
16256C,HEARTS PENCIL/RUBBER+5 MINI PENCILS,169,70.98,0.42000000000000004,10
16258A,SWIRLY CIRCULAR RUBBERS IN BAG,596,200.32,0.44021276595744674,45
16258B,DAISY ERASERS IN BAG,1016,221.06,0.36,15
17007B,S/3 POT POURI CUSHIONS BLUE COLOURS,22,46.2,2.1,5
17011A,ORIGAMI VANILLA INCENSE+FLOWER ,261,179.56,2.7708333333333335,12
17011B,ORIGAMI JASMINE INCENSE+FLOWER ,19,11.100000000000001,1.2,2
17011C,ORIGAMI LAVENDER INCENSE+FLOWER,335,221.4,2.475,2
17011D,ORIGAMI ROSE INCENSE+FLOWER,209,135.70000000000002,1.8375,4
17011E,ORIGAMI OPIUM SCENT INCENSE+FLOWER,124,80.60000000000001,0.65,1
17011F,ORIGAMI SANDLEWOOD INCENSE+FLOWER,305,274.05,2.542857142857143,14
17012A,ORIGAMI VANILLA INCENSE/CANDLE SET ,408,442.78,2.7930303030303025,33
17012B,ORIGAMI JASMINE INCENSE/CANDLE SET,203,289.16999999999996,2.8,46
17012C,ORIGAMI LAVENDER INCENSE/CANDL SET ,441,481.15,2.7399999999999998,32
17012D,ORIGAMI ROSE INCENSE/CANDLE SET ,61,116.49999999999999,2.5638095238095238,21
17012E,ORIGAMI OPIUM INCENSE/CANDLE SET ,226,251.71999999999997,2.565,24
17012F,ORIGAMI SANDLEWOOD INCENSE/CAND SET,143,162.6,2.4738888888888884,18
17013B,ORIGAMI JASMINE INCENSE IN TUBE,256,221.03,1.7066666666666668,3
17013C,ORIGAMI LAVENDER INCENSE IN TUBE,213,89.46000000000001,0.42,2
17013D,ORIGAMI ROSE INCENSE IN TUBE,534,307.94,2.1121052631578947,19
17013F,ORIGAMI SANDLEWOOD INCENSE IN TUBE,62,26.7,1.38,5
17014A,ORIGAMI VANILLA INCENSE CONES,122,102.29999999999998,2.4788888888888887,9
17014C,ORIGAMI LAVENDER INCENSE CONES,97,43.75,1.925,2
17014D,ORIGAMI ROSE INCENSE CONES,479,204.36,1.7966666666666664,8
17014E,ORIGAMI OPIUM INCENSE CONES,95,36.599999999999994,1.4249999999999998,6
17014F,ORIGAMI SANDLEWOOD INCENSE CONES,61,23.699999999999996,1.3125,4
17027A,INCENSE BAZAAR CANNABIS,228,84.84,0.355,2
17084A,TRANQUILITY MASALA INCENSE,242,50.82,0.21,11
17084G,MOON INCENSE,50,10.5,0.21,2
17084J,LOVE POTION MASALA INCENSE,256,53.76,0.21,13
17084N,FAIRY DREAMS INCENSE ,1534,334.35,0.33844444444444444,90
17084P,DRAGONS BLOOD INCENSE,593,123.99,0.33515151515151514,33
17084R,ASSORTED INCENSE PACK,8033,1438.53,0.20249999999999999,40
17090A,LAVENDER INCENSE 40 CONES IN TIN,106,113.3,1.2055555555555555,18
17090D,VANILLA INCENSE 40 CONES IN TIN,66,77.7,1.2289473684210528,18
17091A,LAVENDER INCENSE IN TIN,1921,1195.73,1.0953191489361702,94
17091B,JASMINE TEA INCENSE IN TIN,276,316.98,1.4219230769230768,51
17091F,SANDALWOOD INCENSE IN TIN,19,27.71,1.58,8
17091J,VANILLA INCENSE IN TIN,2002,1377.32,1.1325555555555555,89
17107D,"FLOWER FAIRY,5 SUMMER B'DRAW LINERS",160,408.0,2.55,43
17108D,FLOWER FAIRY SUMMER BOUQUET SACHET,355,149.1,0.42,23
17109A,FLOWER FAIRY INCENSE LILY,709,333.61,1.1861538461538461,13
17109B,FLOWER FAIRY INCENSE LAVENDER,4542,896.3399999999999,1.316470588235294,17
17109B,found,72,0.0,0.0,1
17109C,FLOWER FAIRY INCENSE ROSE,3124,661.23,1.238,15
17109D,FLOWER FAIRY INCENSE BOUQUET,1198,569.34,1.486,34
17129C,SKY BLUE COLOUR GLASS GEMS IN BAG,86,57.98,0.8309090909090909,11
17129C,wrong invc,70,0.0,0.0,1
17129D,CLEAR COLOUR GLASS GEMS IN BAG,1125,1351.1799999999998,1.2087179487179487,39
17129F,BLUE GLASS GEMS IN BAG,327,342.92999999999995,1.448888888888889,27
17129F,DEEP BLUE GLASS GEMS IN BAG,669,794.4599999999999,1.4227692307692306,64
17136A,BLUE STONES ON WIRE FOR CANDLE,391,32.19,0.11058823529411764,17
17164B,ASS COL SMALL SAND GECKO P'WEIGHT,1595,636.06,0.4164864864864865,73
17164D,ASS COL SMALL SAND FROG P'WEIGHT,1150,447.0,0.41516129032258065,28
17165B,ASS COL LARGE SAND GECKO P'WEIGHT,810,751.6800000000001,1.0298360655737704,57
17165D,ASS COL LARGE SAND FROG P'WEIGHT,689,653.97,1.033372093023256,82
17191A,ROSE FLOWER CANDLE+INCENSE 16X16CM,29,108.75,3.75,10
18094C,WHITE AND BLUE CERAMIC OIL BURNER,221,274.93,1.7184444444444444,45
18094C,WHITE/BLUE RECT CERAMIC OIL BURNER,33,58.05,2.15,13
18096C,WHITE ROUND PORCELAIN TLIGHT HOLDER,117,298.7,3.4455,20
18096c,WHITE ROUND PORCELAIN TLIGHT HOLDER,8,41.14,5.151666666666666,6
18097A,PINK TALL PORCELAIN T-LIGHT HOLDER ,13,33.15,2.55,9
18097B,BLUE TALL PORCELAIN T-LIGHT HOLDER,7,17.849999999999998,2.55,3
18097C,WHITE TALL PORCELAIN T-LIGHT HOLDER,1116,2458.8199999999997,2.6983333333333333,149
18098A,PINK PORCELAIN B'FLY OIL BURNER,2,5.9,2.95,2
18098B,BLUE PORCELAIN B'FLY OIL BURNER,3,8.850000000000001,2.9500000000000006,3
18098C,PORCELAIN BUTTERFLY OIL BURNER,1040,2681.61,3.2052709359605913,198
18098c,PORCELAIN BUTTERFLY OIL BURNER,280,1418.8899999999999,5.067615384615384,130
30086C,ASSORTED FRUIT STRAWS,1,1.7,1.7,1
35001B,HAND OPEN SHAPE BLACK,17,59.330000000000005,3.49,6
35001G,HAND OPEN SHAPE GOLD,560,1728.76,4.4112,75
35001P,HAND OPEN SHAPE PINK,2,6.98,3.49,2
35001W,HAND OPEN SHAPE DECO.WHITE,877,2794.69,4.096439790575917,189
35004B,SET OF 3 BLACK FLYING DUCKS,923,3997.34,7.0164880952380955,168
35004C,SET OF 3 COLOURED  FLYING DUCKS,2886,15139.130000000001,7.9762883435582825,326
35004G,SET OF 3 GOLD FLYING DUCKS,236,990.26,6.582982456140352,56
35004P,SET OF 3 PINK FLYING DUCKS,119,633.52,6.838095238095238,42
35004S,SET OF 3 SILVER FLYING DUCKS,145,505.4,7.283333333333332,24
35004c,SET OF 3 COLOURED  FLYING DUCKS,27,343.72,12.731200000000001,25
35004p,SET OF 3 PINK FLYING DUCKS,1,12.72,12.72,1
35004s,SET OF 3 SILVER FLYING DUCKS,1,13.0,13.0,1
35051B,PINK BEADED CONE CHRISTMAS,14,5.88,0.42,2
35085E,IVORY ROSE LAMPSHADE ,39,44.25,1.1666666666666667,9
35095A,BLUE VICTORIAN FABRIC OVAL BOX,888,340.35,0.5689855072463768,69
35095B,RED VICTORIAN FABRIC OVAL BOX,1095,418.59,0.5777108433734939,83
35096A,BLUE VICTORIAN FABRIC HEART BOX,765,272.45,0.6742,50
35096B,RED VICTORIAN FABRIC HEART BOX,293,106.49000000000001,0.46759999999999996,25
35271S,GOLD PRINT PAPER BAG,420,85.97,0.23399999999999999,20
35471A,SET OF 3 BIRD L.BLUE FEATHER,421,499.31,1.6135294117647059,83
35471D,SET OF 3 BIRD LIGHT PINK FEATHER ,403,632.81,1.8286363636363636,132
35591T,TURQUOISE CHRISTMAS TREE ,14,17.5,1.25,6
35597A,DUSTY PINK CHRISTMAS TREE 30CM,10,12.5,1.25,4
35597B,BLACKCHRISTMAS TREE 30CM,78,224.1,1.5514285714285714,7
35597D,PINK/WHITE CHRISTMAS TREE 30CM,12,7.800000000000001,0.65,5
35598A,DUSTY PINK CHRISTMAS TREE 60CM,1,2.95,2.95,1
35598B,BLACK CHRISTMAS TREE 60CM,400,442.28000000000003,3.0733333333333333,36
35598C,WHITE CHRISTMAS TREE 60CM,1,2.95,2.95,1
35598D,PINK/WHITE CHRISTMAS TREE 60CM,1080,866.16,1.7917142857142856,70
35599B,BLACK CHRISTMAS TREE 120CM,59,470.96000000000004,8.051785714285716,28
35599D,PINK AND WHITE CHRISTMAS TREE 120CM,208,831.1400000000001,5.123888888888889,72
35600D,PINK AND WHITE CHRISTMAS TREE 180CM,141,497.70000000000005,7.084615384615384,13
35603B,S/16 BLACK SHINY/MAT BAUBLES,50,21.0,0.42,2
35603C,SET/16 WHITE SHINY & MATT BAUBLES,83,48.3,0.6888,24
35607A,PINK FLUFFY CHRISTMAS DECORATION,528,110.61,0.29137931034482756,29
35607B,BLACK FEATHER CHRISTMAS DECORATION,216,44.06,0.341,10
35609A,PINK FEATHER CHRISTMAS DECORATION,446,130.72,0.7482608695652173,23
35610A,PINK CHRISTMAS FLOCK DROPLET ,134,92.92,1.468,10
35610B,BLACK CHRISTMAS FLOCK DROPLET ,155,114.07,1.1223076923076922,12
35610C,WHITE CHRISTMAS FLOCK DROPLET ,69,49.05,1.3316666666666668,6
35611B,BLACK ASSORTED DROPLET DECORATION,62,45.760000000000005,2.23,3
35633B,BLUE TINSEL GARLAND ,130,24.7,0.19000000000000003,12
35637A,IVORY STRING CURTAIN WITH POLE ,382,1023.96,7.946153846153847,26
35637C,PINK STRING CURTAIN WITH POLE,70,230.28,6.7780000000000005,10
35638A,PINK AND BLACK STRING CURTAIN,1,5.95,5.95,1
35638B,PINK/BLUE STRING CURTAIN ,61,184.95999999999998,7.618333333333333,6
35751C,PURPLE CURRENT CANDLE RING,31,12.61,0.47,2
35751D,PINK CURRENT CANDLE RING,28,5.32,0.19,1
35809A,ENAMEL PINK TEA CONTAINER,718,1182.93,2.7961206896551727,116
35809B,ENAMEL BLUE RIM TEA CONTAINER,96,218.36,2.6623333333333337,30
35809a,ENAMEL PINK TEA CONTAINER,2,8.42,4.21,2
35810A,ENAMEL PINK COFFEE CONTAINER,572,964.65,2.891875,96
35810B,ENAMEL BLUE RIM COFFEE CONTAINER,174,345.72,2.6306976744186046,43
35811A,ENAMEL PINK SUGAR CONTAINER,434,762.97,2.913809523809524,84
35815B,"ACRYLIC JEWEL SNOWFLAKE,BLUE",95,43.940000000000005,1.6866666666666665,3
35815P,"ACRYLIC JEWEL SNOWFLAKE, PINK",6,12.6,2.1,2
35816B,"ACRYLIC JEWEL ANGEL,BLUE",139,58.07,1.4000000000000001,3
35816P,"ACRYLIC JEWEL ANGEL,PINK",219,107.79,1.3614285714285714,7
35817B,"ACRYLIC JEWEL SNOWFLAKE,BLUE",143,61.3,2.6999999999999997,3
35817P,"ACRYLIC JEWEL SNOWFLAKE,PINK",402,196.84,1.6233333333333333,9
35818B,"ACRYLIC JEWEL ICICLE, BLUE",377,168.26999999999998,1.4425,8
35818C,"ACRYLIC JEWEL ICICLE, CLEAR ",1,3.43,3.43,1
35818P,"ACRYLIC JEWEL ICICLE, PINK",297,139.68,2.0828571428571427,7
35819B,"ACRYLIC HANGING JEWEL,BLUE",117,86.25,1.30625,8
35821B,"JEWELLED DECORATION,BLUE",150,57.0,0.38000000000000006,3
35821P,"JEWELLED DECORATION,PINK",2,5.9,2.95,2
35822B,"ACRYLIC BEAD CHAIN, BLUE",229,87.02,0.38,1
35822P,"ACRYLIC BEAD CHAIN, PINK",114,43.32,0.38,1
35823P,"ACRYLIC BEAD GARLAND,PINK",2,5.9,2.95,2
35824B,"HANGING FLOWERS+MIRROR,BLUE",528,203.24,0.8133333333333334,6
35824C,"HANGING FLOWERS+MIRROR,CLEAR",235,117.05,0.935,8
35824P,"HANGING FLOWERS+MIRROR,PINK",324,136.44,0.75,3
35833G,4 GOLD FLOCK CHRISTMAS BALLS,134,220.66,1.657058823529412,34
35833P,4 PINK FLOCK CHRISTMAS BALLS,139,261.67,2.3768888888888893,45
35838A,S/6 MULTICOLOUR ORNAMENETAL CANDLE,180,184.4,1.175,20
35838B,S/6 SILVER ORNAMENETAL CANDLE,100,85.0,0.85,23
35909A,RABBIT EASTER DECORATION,12,35.400000000000006,2.95,2
35909B,PINK FLOWERS RABBIT EASTER,8,23.6,2.95,4
35910A,MULTICOLOUR EASTER RABBIT ,33,64.35,1.9500000000000002,9
35910B,PINK FLOWERS RABBIT EASTER,16,35.72,2.854,5
35911A,MULTICOLOUR RABBIT EGG WARMER,69,174.62,2.8848148148148147,26
35911B,PINK/FLOWER RABBIT EGG WARMER ,40,84.0,2.1,9
35912B,WHITE/PINK CHICK DECORATION,36,54.32,2.182,10
35913B,WHITE/PINK CHICK EASTER DECORATION,64,56.91,1.043076923076923,11
35915A,CREAM KNITTED HEN,288,365.76,1.27,1
35915B,BLUE KNITTED HEN ,343,456.51,1.6288888888888888,17
35915C,PEACH KNITTED HEN ,347,476.86,2.18,22
35916A,YELLOW FELT HANGING HEART W FLOWER,48,54.60999999999999,1.4717647058823529,17
35916B,BLUE FELT HANGING HEART W FLOWER,42,44.65,1.4466666666666665,15
35916C,PINK FELT HANGING HEART W FLOWER,53,63.15,1.535,24
35918B,BLUE FLORIBUNDA EGG WARMER,10,12.5,1.25,5
35976B,WHITE SCANDINAVIAN HEART CHRISTMAS,1,1.25,1.25,1
35980B,RED TOP SCANDINAVIAN HEART ,4,1.52,0.38,2
35980C,REDWHITE STRIPE SCANDINAVIAN HEART ,377,147.64000000000001,0.4555172413793103,29
35980C,checked,170,0.0,0.0,1
35981C,WHITE SNOW SCANDINAVIAN STOCKING ,589,297.62,0.6566666666666667,67
37379A,PINK CHERRY BLOSSOM CUP & SAUCER,35,151.7,8.446666666666665,15
37379B,BLUE CHERRY BLOSSOM CUP & SAUCER,1122,181.5,0.8833333333333333,3
37444A,YELLOW BREAKFAST CUP AND SAUCER,2661,520.71,4.091379310344828,29
37444B,BLUE BREAKFAST CUP AND SAUCER ,2008,403.7,3.8815384615384616,26
37444C,PINK BREAKFAST CUP AND SAUCER ,1636,646.22,5.057708333333333,48
37462B,"PET MUG, BUDGIE",170,87.28,0.754375,32
37462E,"PET MUG, GOLDFISH",74,36.54,0.6766666666666666,18
37477B,"FLOWER FAIRY MUG+COASTER,LAVENDER",11,41.25,3.75,8
37477C,"FLOWER FAIRY MUG+COASTER,ROSE",6,22.5,3.75,1
37479B,CUBIC MUG FLOCK BLUE ON BROWN,1125,1025.41,5.508461538461538,13
37479B,tk maxx mix up with pink,180,0.0,0.0,1
37479P,CUBIC MUG FLOCK PINK ON BROWN,9,22.95,2.55,3
37482B,CUBIC MUG BLUE POLKA DOT,1251,1127.9099999999999,5.19,9
37482P,CUBIC MUG PINK POLKA DOT,118,416.71,6.839259259259259,27
37482P,CUBIC MUG PINK POLKADOT,56,142.79999999999998,2.55,10
37482b,CUBIC MUG BLUE POLKA DOT,1,17.35,17.35,1
37482p,CUBIC MUG PINK POLKA DOT,2,34.7,17.35,2
37488A,YELLOW PINK FLOWER DESIGN BIG BOWL,3,8.850000000000001,2.95,2
37489A,YELLOW/PINK FLOWER DESIGN BIG MUG,14,34.08,2.402,10
37489B,BLUE/YELLOW FLOWER DESIGN BIG MUG,8,15.6,1.95,6
37489C,GREEN/BLUE FLOWER DESIGN BIG MUG,5,14.36,2.872,5
37489D,PINK/GREEN FLOWER DESIGN BIG MUG,7,13.65,1.95,5
37491A,YELLOW/PINK CERAMIC CANDLE HOLDER,13,31.849999999999998,2.5119999999999996,10
37491B,BLUE/YELLOW CERAMIC CANDLE HOLDER,10,23.48,2.392857142857143,7
37491C,GREEN/BLUE CERAMIC CANDLE HOLDER,50,154.32000000000002,2.22,9
37491D,PURPLE/BLUE CERAMIC CANDLE HOLDER,22,53.4,2.738181818181818,11
37492A,YELLOW RED FLOWER PIGGY BANK,108,216.07,4.274545454545454,11
37492B,BLUE YELLOW FLOWER PIGGY BANK,489,946.7199999999999,3.6697727272727274,44
37492C,GREEN BLUE FLOWER PIGGY BANK,242,477.29999999999995,3.81,24
37492D,PURPLE GREEN FLOWER PIGGY BANK,361,682.9899999999999,4.201538461538462,26
37494A,FAIRY CAKE CERAMIC BUTTER DISH,237,793.44,4.476274509803922,51
37494a,FAIRY CAKE CERAMIC BUTTER DISH,4,24.16,6.04,3
40005B,BLUE ORGANDY ROUND LAMPSHADE W BEA,22,18.7,0.85,10
40018E,TEA TIME PAPER LANTERNS,384,837.02,2.8451851851851853,81
40018F,CHERRY DESIGN PAPERLANTERNS,1092,2100.33,2.2838655462184874,117
40046A,RED DAISY PAPER LAMPSHADE,305,409.57,1.8560714285714286,56
40046C,PINK BUTTERFLY PAPER LAMPSHADE,3,3.75,1.25,3
44089A,PINK GAUZE BUTTERFLY LAMPSHADE,25,10.5,0.42,9
44089C,LILAC GAUZE BUTTERFLY LAMPSHADE,44,18.48,0.42,12
44091A,BLUE CRUSOE CHECK LAMPSHADE,9,3.7800000000000002,0.42,3
44091C,MULTICOLOUR CRUSOE CHECK LAMPSHADE,61,30.66,0.5682352941176471,17
44092B,BLUE WHITE PLASTIC RINGS LAMPSHADE,1,0.85,0.85,1
44092C,PURPLE/COPPER HANGING LAMPSHADE,3,2.55,0.85,2
44217M,MULTICOLOUR FEATHERS CURTAIN,72,236.40000000000003,3.616666666666667,3
44241C,BLUE BUTTERFLY ON SPRING,70,59.5,0.85,8
44242A,LILAC FEATHERS CURTAIN,2,2.5,1.25,1
44242B,PINK FEATHERS CURTAIN,57,71.25,1.25,6
45008C,DECORATIVE NET CANOPY CREAM,83,792.0699999999999,12.162647058823529,34
46000M,POLYESTER FILLER PAD 45x45cm,2524,2349.8,1.502202643171806,227
46000P,POLYESTER FILLER PAD 65CMx65CM,207,837.25,4.155555555555556,45
46000R,POLYESTER FILLER PAD 45x30cm,206,211.7,1.3962962962962961,27
46000S,POLYESTER FILLER PAD 40x40cm,2650,2798.5,1.4142857142857141,203
46000U,POLYESTER FILLER PAD 30CMx30CM,164,180.0,1.2019230769230769,26
46037A,PINK CANVAS DES CUSHION COVER ,6,7.5,1.25,2
46115B,GREEN POP ART MAO CUSHION COVER ,280,53.2,0.19,21
46126A,ELVIS WALLHANGING / CURTAIN,265,350.15,1.5965,40
46137D,GREEN CHENILLE SHAGGY RUG,45,132.75,2.95,4
46138B,BLUE CHENILLE SHAGGY CUSHION COVER ,28,113.14,4.196153846153846,13
46138D,GREEN CHENILLE SHAGGY C/COVER,1,1.95,1.95,1
46775A,BUBBLE GUM CHUNKY KNITTED THROW ,83,1044.23,14.045,32
46775B,BERRIES CHUNKY KNITTED THROW ,5,84.75,16.95,4
46775D,SUNSET COLOUR CHUNKY KNITTED THROW,94,1228.28,13.438070175438597,57
46775E,CANDY POP CHUNKY KNITTED THROW ,101,1282.9,13.26686274509804,51
46776A,WOVEN BUBBLE GUM CUSHION COVER,253,639.7,4.570961538461538,52
46776B,WOVEN BERRIES CUSHION COVER ,271,706.4,4.325441176470588,68
46776C,WOVEN FROST CUSHION COVER,143,420.73,4.4712499999999995,39
46776D,WOVEN SUNSET CUSHION COVER ,64,279.78,4.354358974358974,39
46776E,WOVEN CANDY CUSHION COVER ,140,382.09,4.144390243902439,41
46776F,WOVEN ROSE GARDEN CUSHION COVER ,277,792.61,4.207058823529412,68
47013A,WINE BOTTLE DRESSING LT.BLUE,127,36.83,0.29,21
47013C,WINE BOTTLE DRESSING DARK BLUE,95,27.549999999999997,0.29,15
47021G,SET/6 BEAD COASTERS GAUZE BAG GOLD,134,240.22,2.4143478260869564,45
47310M,"SMALL POP BOX,FUNKY MONKEY",337,435.74,1.8826923076923079,52
47341A,FUSCHIA TABLE RUN FLOWER ,2,7.5,3.75,2
47341B,BLUE TABLE RUN FLOWER,3,11.25,3.75,3
47343A,FUSCHIA FLOWER PURSE WITH BEADS,47,70.03,1.49,11
47344B,BLUE FLOWER DES PURSE,10,12.5,1.25,4
47347B,BLUE FLOWER T-LIGHT HOLDER,240,179.88,1.64,11
47348A,FUSCHIA VOILE POINTY SHOE DEC,7,13.649999999999999,1.95,2
47351B,BLUE  VOILE LAMPSHADE,12,35.400000000000006,2.95,5
47367B,PAIR PADDED HANGERS PINK CHECK,134,472.90000000000003,3.626607142857143,55
47369A,PINK GREEN EMBROIDERY COSMETIC BAG,19,61.970000000000006,3.6900000000000004,8
47369B,BLUE GREEN EMBROIDERY COSMETIC BAG,20,59.00000000000001,2.95,8
47503A,ASS FLORAL PRINT MULTI SCREWDRIVER,119,151.39,1.29125,32
47503E,ASS FLORAL PRINT SCISSORS,6842,1186.9,1.206,25
47503F,ASS FLORAL PRINT TORCH,2567,729.9499999999999,1.5227272727272727,11
47503G,ASS FLORAL PRINT TAPE MEASURE,284,367.36,1.5697222222222222,35
47503H,ASS FLORAL PRINT SPIRIT LEVEL ,62,141.42,2.6804,25
47503J,SET/3 FLORAL GARDEN TOOLS IN BAG,343,2703.25,10.901891891891893,74
47503J ,SET/3 FLORAL GARDEN TOOLS IN BAG,1,16.13,16.13,1
47503K,ASSORTED FLORAL SECATEURS,3177,1389.44,2.262325581395349,42
47504E,ENGLISH ROSE SCISSORS,4387,931.86,1.849375,48
47504F,ENGLISH ROSE TORCH,527,196.45999999999998,1.6721428571428572,14
47504G,ENGLISH ROSE TAPE MEASURE,266,366.81,1.92859649122807,57
47504H,ENGLISH ROSE SPIRIT LEVEL ,53,154.54,3.9976,25
47504J,ENGLISH ROSE SET/3 GARDEN TOOLS,5,67.25,14.825,4
47504K,ENGLISH ROSE GARDEN SECATEURS,653,1087.09,2.583962264150943,105
47518F,ICON PLACEMAT POP ART ELVIS,76,39.5,1.6833333333333333,6
47518f,ICON PLACEMAT POP ART ELVIS,4,17.02,4.255,4
47552A,DOTS IRONING BOARD COVER,12,23.4,1.95,11
47556B,TEA TIME TEA TOWELS ,2601,7646.02,3.2026444444444446,447
47556b,TEA TIME TEA TOWELS ,4,23.64,5.91,4
47559B,TEA TIME OVEN GLOVE,3144,3870.64,1.3801136363636364,432
47559b,TEA TIME OVEN GLOVE,68,225.93,3.2655555555555558,18
47563A,RETRO LONGBOARD IRONING BOARD COVER,61,300.68,5.085714285714286,49
47563B,WAVELINE SURF IRONING BOARD COVER,8,30.0,3.75,6
47566B,TEA TIME PARTY BUNTING,3452,14679.18,5.06338199513382,405
47566B,correct previous adjustment,144,0.0,0.0,1
47566b,TEA TIME PARTY BUNTING,18,152.46,8.47,14
47567B,TEA TIME KITCHEN APRON,1585,8400.49,6.154803493449782,226
47567b,TEA TIME KITCHEN APRON,3,38.72,12.906666666666666,3
47570B,TEA TIME TABLE CLOTH,792,7937.64,11.847323232323232,196
47570b,TEA TIME TABLE CLOTH,7,148.61,21.23,7
47574A,ENGLISH ROSE SCENTED HANGING FLOWER,28,140.28,5.31625,16
47574B,ENGLISH ROSE SCENTED HANGING HEART,45,191.25,4.25,25
47578A,ENGLISH ROSE SMALL SCENTED FLOWER,102,89.25,0.8793103448275862,25
47581B,FAIRY CAKE WICKER PICNIC BASKET ,46,753.77,16.319444444444443,36
47583A,SET OF 3 WICKER BASKET ROSE,71,612.8199999999999,26.30333333333333,6
47583B,SET OF 3 WICKER BASKET TEA AND CAKE,27,332.6,21.958333333333332,6
47585A,PINK FAIRY CAKE CUSHION COVER,820,1483.44,3.956769230769231,65
47586A,PINK FAIRY CAKE CUSHION COVER,181,221.98,2.2468181818181816,22
47587A,PINK FAIRY CAKE COASTER,2706,1099.88,1.231153846153846,26
47590A,BLUE HAPPY BIRTHDAY BUNTING,2836,14051.130000000001,5.697467532467532,307
47590B,PINK HAPPY BIRTHDAY BUNTING,3445,17482.81,5.674134419551935,486
47590a,BLUE HAPPY BIRTHDAY BUNTING,1,11.02,11.02,1
47590b,PINK HAPPY BIRTHDAY BUNTING,1,11.02,11.02,1
47591A,CAROUSEL CHILDRENS APRON,29,47.97,1.6566666666666665,12
47591A,CAROUSEL DES CHILD'S APRON,134,221.57,1.654310344827586,58
47591B,SCOTTIES CHILDRENS APRON,600,941.63,1.651142857142857,139
47591B,SCOTTIES DES CHILD'S APRON,300,500.83,1.706734693877551,98
47591C,BLUE FAIRY CAKE CHILD'S APRON,1047,2004.6299999999999,2.0950967741935482,155
47591C,BLUE FAIRY CAKE CHILDRENS APRON,4,7.8,1.95,4
47591D,PINK FAIRY CAKE CHILD'S APRON,3438,6339.17,2.085051282051282,389
47591D,PINK FAIRY CAKE CHILDRENS APRON,2868,5293.6,2.117426900584795,333
47591b,SCOTTIES CHILDRENS APRON,7,29.47,4.21,3
47591c,BLUE FAIRY CAKE CHILD'S APRON,4,16.84,4.21,3
47591d,PINK FAIRY CAKE CHILDRENS APRON,156,789.3599999999999,5.06,18
47592A,CAROUSEL CHILDRENS OVERALL,74,139.56,1.7251851851851852,27
47592A,CAROUSEL DES CHILD'S OVERALL,257,497.81,1.8847297297297296,74
47592B,SCOTTIE DOGS CHILDRENS OVERALL,3,6.300000000000001,2.1,1
47592B,SCOTTIES DESIGN CHILD'S OVERALL,64,125.60000000000001,1.9271428571428573,28
47593A,CAROUSEL DESIGN BABY BIB,164,169.4,0.9556603773584905,53
47593A,CAROUSEL PONIES BABY BIB,106,122.9,1.0560606060606061,32
47593B,SCOTTIE DOGS BABY BIB,185,184.45,0.9427536231884057,67
47593B,SCOTTIES DESIGN BABY BIB,194,212.06,1.0496226415094339,52
47593a,CAROUSEL DESIGN BABY BIB,1,2.51,2.51,1
47594A,CAROUSEL DESIGN WASHBAG,238,484.61999999999995,2.2687719298245614,57
47594B,SCOTTIES DESIGN WASHBAG,238,493.84,2.3663636363636367,66
47594a,CAROUSEL DESIGN WASHBAG,1,4.21,4.21,1
47599A,PINK PARTY BAGS,3587,6692.78,2.2993838862559244,209
47599B,BLUE PARTY BAGS ,2087,3997.7200000000003,2.248238636363636,173
48173A,DOOR MAT BLUE FLOCK,1,6.75,6.75,1
48173C,DOOR MAT BLACK FLOCK ,1234,7100.21,7.327237569060774,181
48173C,DOORMAT BLACK FLOCK ,1067,6194.95,8.200985915492957,141
48173C,damaged,13,0.0,0.0,1
48173c,DOOR MAT BLACK FLOCK ,16,218.58,13.666666666666666,12
48173c,DOORMAT BLACK FLOCK ,47,787.86,16.5975,20
49031B,CHROME EURO HOOK 20cm,400,0.0,0.0,1
51012C,"FEATHER DUSTER, COAL BLACK",171,213.75,1.25,27
51012L,"FEATHER DUSTER, LIGHT PINK",10,12.5,1.25,6
51014A,"FEATHER PEN,HOT PINK",2868,2585.14,1.1123776223776223,143
51014C,"FEATHER PEN,COAL BLACK",1694,1430.6899999999998,1.0272727272727273,98
51014L,"FEATHER PEN,LIGHT PINK",1398,1163.4099999999999,1.0132051282051282,78
51020A,SUMMER FUN DESIGN SHOWER CAP,979,348.22999999999996,0.9881818181818182,33
51020B,STRIPY DESIGN SHOWER CAP,890,421.29999999999995,1.0661702127659574,47
62043B,BLUE CHECK BAG W HANDLE 34X20CM,37,61.05,1.65,5
62074B,ELEPHANT CLIP W SUCTION CUP,22,9.24,0.42,8
62086A,PINK RETRO BIG FLOWER BAG,25,48.75,1.95,10
62094B,TURQ ICE CREAM BUM BAG ,287,619.8399999999999,3.9351666666666665,60
62095B,TURQOISE ICE CREAM SUNHAT,292,310.83,1.558095238095238,21
62096A,PINK/YELLOW FLOWERS HANDBAG,289,475.28999999999996,2.3192941176470585,83
62096B,PURPLE/TURQ FLOWERS HANDBAG,255,439.49,2.3285365853658537,81
62097A,PINK STRIPES SHOULDER BAG,3,8.850000000000001,2.9500000000000006,3
62097B,BLUE STRIPES SHOULDER BAG,2,5.9,2.95,1
71028B,SILVER BLUE EGG T-LIGHT HOLDER,494,227.48000000000002,1.8407692307692307,13
71101A,ANGEL ON KNEES METAL POLE 100CM H,6,5.1,0.85,1
71101E,STANDING FAIRY POLE SUPPORT ,431,347.63,0.84,25
71406C,BLACK ORANGE SQUEEZER,85,37.42,0.5275,16
71434B,"BLACK RND BULLET""KEEP CLEAN"" BIN",2,5.1,2.55,2
71495A,CD WALL TIDY BLUE OFFICE,122,47.58,0.59,12
71495B,CD WALL TIDY RED FLOWERS,143,55.56,0.5290909090909091,11
71496A,A4 WALL TIDY BLUE OFFICE,133,80.81,1.055,8
71496B,A4 WALL TIDY RED FLOWERS,2,1.3,0.65,2
72023F,RED ORGANIC CANDLE IN GLASS,640,669.62,1.3499999999999999,49
72024U,LILAC VOTIVE CANDLE,148,31.08,0.21,8
72038P,PRICE'S CANDLE PEACH,1050,116.5,0.15222222222222223,9
72045D,ROSES ON BLUE TEACUP CANDLE ,539,918.65,2.98,6
72051S,BAG OF SILVER STONES,175,103.88,0.6695454545454546,43
72083A,STRAWBERY SWIRL FLARE CANDLE,24,50.400000000000006,2.1,7
72084B,CHOCOLATE ICE CREAM CANDLE,2,3.9,1.95,1
72140E,BEST DAD CANDLE LETTERS,187,130.37,0.909047619047619,21
72140F,HAPPY ANNIVERSARY CANDLE LETTERS,175,69.17999999999999,0.41600000000000004,14
72225C,LAVENDER SCENT CAKE CANDLE,1302,300.78,0.2595238095238095,21
72225D,VANILLA SCENT CAKE CANDLE ,962,219.45999999999998,0.26818181818181813,11
72349B,SET/6 PURPLE BUTTERFLY T-LIGHTS,1292,2630.51,2.408444444444444,178
72349b,SET/6 PURPLE BUTTERFLY T-LIGHTS,59,248.84,4.219230769230769,39
72351A,SET/6 TURQUOISE BUTTERFLY T-LIGHTS,2482,4909.84,2.3065873015873017,251
72351B,SET/6 PINK  BUTTERFLY T-LIGHTS,3720,7252.6900000000005,2.3701834862385325,321
72351a,SET/6 TURQUOISE BUTTERFLY T-LIGHTS,25,105.25,4.21,18
72369A,PINK CLEAR GLASS CANDLE PLATE,37,61.37,1.8099999999999998,9
72529W,WHITE ADVENT CANDLE,464,918.75,2.4578723404255323,47
72529w,WHITE ADVENT CANDLE,1,4.3,4.3,1
72606A,BROWN ANTIQUE CUBE CANDLE,226,94.92,0.42,18
72739B,WHITE CHOCOLATE SCENT CANDLE,394,328.39000000000004,1.835357142857143,28
72739C,DARK CHOCOLATE SCENTCANDLE,326,279.08,1.6782608695652175,23
72740A,LARGE STRAWBERRY CHOCOLATE CANDLE,65,141.23,3.8616666666666664,12
72740B,LARGE WHITE CHOCOLATE CANDLE,1,5.06,5.06,1
72750A,"F.FAIRY S/3 CANDLE/GLASS,LILY/VALLY",177,349.15000000000003,2.45,8
72750A,FLOWER FAIRY SET OF 3 LILY CANDLES,206,417.7,2.45,8
72750B,"F.FAIRY S/3 CANDLE/GLASS,LAVENDER",193,380.35,2.3944444444444444,9
72750B,FLOWER FAIRY SET 3 CANDLES LAVENDER,303,666.85,3.283333333333333,30
72750C,"F.FAIRY S/3 CANDLE/GLASS, ROSE",232,476.4,2.75,15
72750D,F.FAIRY S/3 CANDLE/GLASS,110,226.5,2.6772727272727272,11
72751A,"F.FAIRY S/3 SML CANDLE,LILY/VALLEY",1,5.95,5.95,1
72751B,"F.FAIRY S/3 SML CANDLE, LAVENDER",1,5.95,5.95,1
72751C,"F.FAIRY S/3 SML CANDLE, ROSE",1,5.95,5.95,1
72752A,"F.FAIRY,CANDLE IN GLASS,LILY/VALLEY",1,4.25,4.25,1
72752B,"F.FAIRY,CANDLE IN GLASS,LAVENDER",3,12.75,4.25,2
72753A,S/3 FLWR FAIRY LILLY CANDLES,315,690.24,3.735,14
72753B,S/3 FLWR FAIRY LAVENDER CANDLES,445,957.73,3.3414285714285716,14
72753C,S/3 FLWR FAIRY ROSE CANDLES,43,107.68,4.021666666666667,6
72753D,S/3 FLWR FAIRY SUMMER CANDLES,144,302.40000000000003,2.1,9
72754A,FLOWER FAIRY POTPOURRI CUSHION LILY,292,201.24,1.066,5
72754B,F FAIRY POTPOURRI CUSHIONS LAVENDER,170,137.54000000000002,1.17,8
72754D,F FAIRY POTPOURRI CUSHIONS SUMMER,1,1.69,1.69,1
72755C,FLOWER FAIRY OIL BURNER SET ROSE,592,767.0,1.8928571428571428,14
72755D,FLOWER FAIRY OIL BURNER SET SUMMER,533,693.25,1.9423076923076923,13
72760B,VINTAGE CREAM 3 BASKET CAKE STAND,1305,12424.16,10.714257142857143,348
72771B,BURG FLOCK GOLD CUP/CANDLE ,117,56.9,1.2822222222222222,8
72771C,BLACK FLOCK GOLD CANDLE,54,42.08,1.7133333333333332,6
72785A,S/4 CONTEMPORY PINK ROSEBUD CANDLES,8,16.8,2.1,4
72785B,S/4 CONTEMPORY RED ROSEBUD CANDLES,9,10.9,1.5666666666666667,3
72796A,S/3 ENGLISH LAVENDER SQU CANDLE,11,18.15,1.6499999999999997,5
72796B,S/3 FRENCH VANILLA SQU CANDLE,27,44.55,1.65,12
72796C,S/3 ROSE GARDEN SCENT SQU CANDLE,1,1.65,1.65,1
72798C,SET/4 GARDEN ROSE DINNER CANDLE,22,43.21,2.1815384615384614,13
72799A,BLACK PILLAR CANDLE SILVER FLOCK,612,877.8000000000001,2.4555555555555557,18
72799B,PURPLE PILLAR CANDLE BLACK FLOCK,322,467.71000000000004,3.664375,16
72799C,PINK PILLAR CANDLE SILVER FLOCK,390,653.63,3.4913793103448274,29
72799D,BLUE PILLAR CANDLE SILVER FLOCK,78,260.67,3.742105263157895,18
72799E,IVORY PILLAR CANDLE SILVER FLOCK,807,1761.5800000000002,3.029909090909091,109
72799F,IVORY PILLAR CANDLE GOLD FLOCK,990,1688.98,3.1333333333333333,77
72800A,S/4 BLACK DINNER CANDLE SILVER FLOC,674,743.26,2.9821739130434786,46
72800B, 4 PURPLE FLOCK DINNER CANDLES,207,298.10999999999996,2.5847619047619044,21
72800B,S/4 PURPLE DINNER CANDLE BLK FLOCK,650,728.6700000000001,2.823611111111111,34
72800C,4 PINK DINNER CANDLE SILVER FLOCK,136,170.73,2.712,15
72800C,S/4 PINK DINNER CANDLE SILVER FLOCK,394,494.39,2.642333333333333,28
72800D,4 BLUE DINNER CANDLES SILVER FLOCK,138,289.56,2.9444999999999997,20
72800D,S/4 BLUE DINNER CANDLE SILVER FLOCK,418,534.58,2.5780555555555553,36
72800E,4 IVORY DINNER CANDLES SILVER FLOCK,898,1529.23,2.417818181818182,158
72800F,4 IVORY DINNER CANDLES GOLD FLOCK,822,1060.19,2.497391304347826,67
72801C,4 ROSE PINK DINNER CANDLES,404,188.79999999999998,1.044,10
72801C,S/4 ROSE PINK DINNER CANDLES,171,176.91,1.3485714285714285,28
72801D,4 SKY BLUE DINNER CANDLES,318,159.72,1.2166666666666666,12
72801D,S/4 SKY BLUE DINNER CANDLES,172,188.24,1.454375,32
72801E,4 FESTIVE GREEN DINNER CANDLES,51,23.91,0.835,2
72801E,S/4 FESTIVE GREEN DINNER CANDLES,718,380.84,1.231818181818182,22
72801F,S/4 FESTIVE RED DINNER CANDLES,234,292.5,1.25,25
72801G,4 BURGUNDY WINE DINNER CANDLES,494,265.24,1.282962962962963,26
72801G,S/4 BURGUNDY WINE DINNER CANDLES,786,475.91999999999996,1.4284615384615384,26
72801c,4 ROSE PINK DINNER CANDLES,3,7.529999999999999,2.51,1
72801c,S/4 ROSE PINK DINNER CANDLES,20,50.199999999999996,2.51,10
72801d,4 SKY BLUE DINNER CANDLES,13,32.629999999999995,2.5100000000000002,7
72801d,S/4 SKY BLUE DINNER CANDLES,15,37.65,2.51,10
72801e,4 FESTIVE GREEN DINNER CANDLES,2,5.02,2.51,1
72801e,S/4 FESTIVE GREEN DINNER CANDLES,5,12.549999999999999,2.51,3
72801g,4 BURGUNDY WINE DINNER CANDLES,8,20.08,2.51,1
72801g,S/4 BURGUNDY WINE DINNER CANDLES,2,5.02,2.51,2
72802A,ROSE SCENT CANDLE IN JEWELLED BOX,618,2574.74,4.36392,125
72802B,OCEAN SCENT CANDLE IN JEWELLED BOX,561,2397.21,4.571294964028777,138
72802C,VANILLA SCENT CANDLE JEWELLED BOX,831,3554.75,4.619550561797753,177
72802a,ROSE SCENT CANDLE IN JEWELLED BOX,2,16.94,8.47,2
72803A,ROSE SCENT CANDLE JEWELLED DRAWER,200,852.28,4.463793103448276,58
72803B,OCEAN SCENT CANDLE JEWELLED DRAWER,92,407.88,4.472105263157895,36
72803b,OCEAN SCENT CANDLE JEWELLED DRAWER,1,8.47,8.47,1
72807A,SET/3 ROSE CANDLE IN JEWELLED BOX,578,2626.8,5.792903225806452,123
72807B,SET/3 OCEAN SCENT CANDLE JEWEL BOX,695,2968.07,5.198412698412699,124
72807C,SET/3 VANILLA SCENTED CANDLE IN BOX,1297,5518.19,5.434729064039409,200
72807a,SET/3 ROSE CANDLE IN JEWELLED BOX,1,8.47,8.47,1
72807b,SET/3 OCEAN SCENT CANDLE JEWEL BOX,22,187.78000000000003,8.542,15
72807c,SET/3 VANILLA SCENTED CANDLE IN BOX,55,470.53000000000003,8.52076923076923,39
75013B,"STRING OF 8 BUTTERFLIES,PINK",370,636.6199999999999,2.0476,72
75049L,LARGE CIRCULAR MIRROR MOBILE,6867,6343.33,1.3843055555555557,140
75149N,STRING CRYSTALS NATURAL,272,340.0,1.25,25
77101A,UNION FLAG WINDSOCK,699,834.03,1.5480882352941177,67
78034B,BLUE NETTING STORAGE HANGER,8,15.6,1.95,4
79026B,"S/4 ICON COASTER,ELVIS LIVES",44,78.64,1.9528571428571428,28
79030A,"TUMBLER, ENGLISH ROSE",171,438.25,5.692424242424242,33
79030D,"TUMBLER, BAROQUE",435,384.03,4.351875000000001,16
79030G,"TUMBLER, NEW ENGLAND",351,745.4799999999999,4.4225,56
79051A,SMOKEY GREY COLOUR D.O.F. GLASS,119,93.39,1.5935294117647059,14
79051a,SMOKEY GREY COLOUR D.O.F. GLASS,1,6.04,6.04,1
79065A,TEATIME ROUND CAKE TINS ,4,39.8,9.95,1
79066K,RETRO MOD TRAY,639,550.78,1.0895098039215685,101
79066k,RETRO MOD TRAY,10,16.599999999999998,1.66,7
79070b,ENGLISH ROSE SQUARE CAKE TINS,1,11.26,11.26,1
79071B,ENGLISH ROSE METAL WASTE BIN,122,374.70000000000005,3.2190909090909092,55
79144B,PAINTED LIGHTBULB STAR+ MOON,178,82.84,0.5662790697674418,42
79144C,PAINTED LIGHTBULB RAINBOW DESIGN,159,86.22,0.6859183673469388,49
79149B,SILICON STAR BULB  BLUE,12,5.04,0.42000000000000004,5
79151B,"SILICON CUBE 25W, BLUE",1,0.42,0.42,1
79157B,UBO-LIGHT TRIOBASE BLUE,1,0.85,0.85,1
79161A,ST GEORGE SET OF 10 PARTY LIGHTS,49,144.55,2.95,14
79172D,PURPLE TINT ACRYLIC FLOWER VASE,24,20.4,0.85,4
79190A,RETRO PLASTIC 70'S TRAY,424,193.31,0.5440677966101695,59
79190B,RETRO PLASTIC POLKA TRAY,796,323.57,0.5146913580246913,81
79190D,RETRO PLASTIC DAISY TRAY,392,176.32,0.5243283582089553,67
79191B,RETRO PLASTIC POLKA TRAY,326,264.98,1.1166666666666667,42
79191C,RETRO PLASTIC ELEPHANT TRAY,516,482.92999999999995,1.0788421052631578,94
79191D,RETRO PLASTIC DAISY TRAY,103,106.25999999999999,1.176,40
79192A,RETRO PLASTIC 70'S TRAY,111,148.89,1.4427272727272726,33
79302M,"ART LIGHTS,FUNK MONKEY",284,823.0600000000001,3.8970588235294117,51
79302m,"ART LIGHTS,FUNK MONKEY",4,23.77,5.9425,4
79303A,WHITE ROHMBIC BLOCK TABLE LAMP,2,5.9,2.95,1
79303B,BLUE STAR BLOCK TABLE LAMP,109,339.57,4.752000000000001,10
79303D,LILAC FLOWER BLOCK TABLE LAMP,78,272.45,4.860526315789474,19
79308B,MOSAIC CANDLE DISH BLUE PURPLE,144,122.39999999999999,0.85,2
79315W,FLYING SAUCER TABLE LIGHT IN WHITE,199,611.5100000000001,4.3561538461538465,13
79323B,BLACK CHERRY LIGHTS,234,1511.7,7.744385964912281,57
79323G,GOLD  CHERRY LIGHTS,314,2007.88,7.712295081967213,61
79323GR,GREEN CHERRY LIGHTS,532,3209.36,7.097469879518073,83
79323LP,LIGHT PINK CHERRY LIGHTS,1433,8481.19,6.871764705882353,170
79323P,PINK CHERRY LIGHTS,2277,13760.93,7.285924528301886,264
79323S, SILVER CHERRY LIGHTS,274,1732.3000000000002,8.156363636363636,44
79323S,SILVER CHERRY LIGHTS,60,352.02,6.993333333333333,12
79323W, WHITE CHERRY LIGHTS,2026,12198.66,7.111803278688525,243
79323W,WHITE CHERRY LIGHTS,978,5850.06,6.841698113207547,106
79342B,BROWN FLOWER LIGHTS,119,824.95,8.726470588235294,34
79342b,BROWN FLOWER LIGHTS,1,13.57,13.57,1
81950B,FLOWER BLUE CLOCK W/SUCKER,100,93.1,1.1615384615384614,26
81950V,FLOWER PURPLE CLOCK W/SUCKER,12,10.2,0.85,4
81952B,ROUND BLUE CLOCK W/SUCKER,54,46.56,1.1254545454545453,11
81952V,ROUND PURPLE CLOCK W/SUCKER,99,90.52,1.2840909090909092,22
81953B,ROUND ARTICULATED BLUE CLOCK W/SUCK,3,2.55,0.85,3
81953P,ROUND ARTICULATED PINK CLOCK W/SUCK,5,4.25,0.85,3
81985A,"ICON ALARM CLOCK,FUSCHIA  PIN UP",23,58.64999999999999,2.55,7
82001S,VINYL RECORD FRAME SILVER,1374,4896.66,4.135871559633028,108
82001s,VINYL RECORD FRAME SILVER,3,22.86,7.62,2
82011A,"BATHROOM SCALES, TROPICAL BEACH",41,179.08,4.692272727272727,22
82011B,BATHROOM SCALES RUBBER DUCKS,51,205.70000000000002,4.666071428571429,28
82011C,BATHROOM SCALES FOOTPRINTS IN SAND,82,430.63,5.773396226415095,53
82011E,"BATHROOM SCALES, FAG BREAK",2,7.5,3.75,2
82494L,WOODEN FRAME ANTIQUE WHITE ,8866,25067.61,3.1438536155202823,1113
82494l,WOODEN FRAME ANTIQUE WHITE ,160,1333.95,8.02925925925926,27
82545A,COGNAC AUX OEUFS METAL 1 HOOK,31,38.75,1.25,11
82607A,GLASS BONBON JAR PARFUME AUX FLEURE,663,923.72,1.8113207547169812,159
82607C,GLASS BONBON JAR. SUPERFINES,115,175.60999999999999,1.901627906976744,43
82607E,GLASS BONBON JAR. D'AMANDES,101,126.25,1.25,25
82613A,"METAL SIGN,CUPCAKE SINGLE HOOK",421,575.09,1.6430612244897957,98
82613B,"METAL SIGN,CUPCAKE SINGLE HOOK",321,504.15,1.9795,120
82613C,"METAL SIGN,CUPCAKE SINGLE HOOK",238,389.18,2.071875,96
82613D,METAL SIGN CUPCAKE SINGLE HOOK,500,772.72,1.935149700598802,167
82613a,"METAL SIGN,CUPCAKE SINGLE HOOK",2,5.02,2.51,2
82613b,"METAL SIGN,CUPCAKE SINGLE HOOK",10,25.099999999999998,2.5100000000000002,7
82613c,"METAL SIGN,CUPCAKE SINGLE HOOK",8,20.08,2.51,8
82616A,BUBBLE GUM SCARF KNITTING KIT,316,624.21,2.9890384615384615,52
82616B,FRAPPUCINO SCARF KNITTING KIT,268,488.68,2.606896551724138,58
82616C,MIDNIGHT GLAMOUR SCARF KNITTING KIT,314,538.6,2.611612903225806,62
84029C,BROWN FURRY HOT WATER BOTTLE,204,766.19,4.5562499999999995,48
84029D,LEOPARD PRINT HOT WATER BOTTLE,51,183.98000000000002,4.223333333333334,15
84029E,RED WOOLLY HOTTIE WHITE HEART.,7023,25454.100000000002,4.082208588957055,805
84029G,KNITTED UNION FLAG HOT WATER BOTTLE,3988,15779.09,4.500753532182103,620
84029c,BROWN FURRY HOT WATER BOTTLE,1,7.78,7.78,1
84030B,KNITTED POM POM HOT WATER BOTTLE,5,18.75,3.75,3
84030C,KNITTED RAINBOW HOT WATER BOTTLE,21,82.78,4.421666666666667,6
84030E,ENGLISH ROSE HOT WATER BOTTLE,741,3151.32,4.7545,178
84030b,KNITTED POM POM HOT WATER BOTTLE,1,8.46,8.46,1
84030c,KNITTED RAINBOW HOT WATER BOTTLE,32,248.0,7.718461538461539,13
84030e,ENGLISH ROSE HOT WATER BOTTLE,20,169.4,8.47,7
84031A,CHARLIE+LOLA RED HOT WATER BOTTLE ,721,2740.71,4.899879518072289,164
84031B,CHARLIE LOLA BLUE HOT WATER BOTTLE ,564,1988.27,4.834825174825175,141
84032A,CHARLIE+LOLA PINK HOT WATER BOTTLE,2417,6021.99,3.1875,373
84032B,CHARLIE + LOLA RED HOT WATER BOTTLE,2488,5788.8,3.0822343324250685,366
84078A,SET/4 WHITE RETRO STORAGE CUBES ,714,27558.210000000003,46.58971264367816,174
84086B,YELLOW/BLUE RETRO RADIO,8,23.6,2.95,5
84086C,PINK/PURPLE RETRO RADIO,83,279.32,3.7023076923076927,39
84201B,HAPPY BIRTHDAY CARD STRIPEY TEDDY,26,4.94,0.19000000000000003,6
84201C,HAPPY BIRTHDAY CARD TEDDY/CAKE,5,0.95,0.19,2
84205C,HAPPY BIRTHDAY GINGER CAT CARD,2,0.38,0.19,1
84206A,3 BLACK CATS W HEARTS BLANK CARD,55,10.450000000000001,0.19,6
84206B,CAT W SUNGLASSES BLANK CARD,4,0.76,0.19,1
84206C,CHAMPAGNE TRAY BLANK CARD,2,0.38,0.19,2
84247C,PACK/12 BLUE REINDEER CARD,72,212.40000000000003,2.95,22
84247E,PACK/12 XMAS FUN CARD,239,688.8100000000001,3.000196078431373,51
84247G,"DECOUPAGE,GREETING CARD,",1130,475.13,0.46797468354430377,79
84247H,PACK/12 DECOUPAGE CARD,42,109.13000000000001,2.317,20
84247J,PACK/12 RUSSIAN DOLL CARDS,10,12.780000000000001,1.3244444444444445,9
84247K,"FOLK ART GREETING CARD,pack/12",54,171.53000000000003,3.407,20
84247L,FAWN AND MUSHROOM GREETING CARD,1021,441.19,0.49923913043478263,92
84247N,PACK/12 BLUE FOLKART CARDS,93,238.48000000000002,2.1516216216216217,37
84249A,"GREETING CARD,SQUARE, DOUGHNUTS",78,32.76,0.42,7
84249D,FAIRY CAKE GREETINGS CARD,823,347.3,0.4790625,64
84250M,"GREETING CARD, BLACKPOOL ROCK",28,15.9,0.7992307692307693,13
84251B,"GREETING CARD, STICKY GORDON",76,15.760000000000002,0.32199999999999995,10
84251C,"GREETING CARD, TWO SISTERS.",120,22.800000000000004,0.19,13
84251F,"GREETING CARD, RITA",341,83.97,0.4414,50
84251G,"GREETING CARD, OVERCROWDED POOL.",203,53.71,0.5276923076923077,39
84251J,"GREETING CARD, THE BLACK CAT",74,37.04,0.7458823529411764,17
84255A,PINK GLASS COCKTAIL LAMP,2,4.2,2.1,2
84255B,ORANGE COCKTAIL GLASS LAMP,65,190.16,4.4911111111111115,18
84279B,CHERRY BLOSSOM DECORATIVE FLASK,616,2302.2200000000003,4.184109589041096,146
84279P, CHERRY BLOSSOM  DECORATIVE FLASK,313,1111.67,4.3613333333333335,30
84279P,CHERRY BLOSSOM  DECORATIVE FLASK,463,1848.17,4.536351351351351,148
84288B,SET/2 BLUE  NOODLE BASKETS,61,118.95,1.95,24
84292B,BLUE COL METAL FOLDING CHAIR,8,51.8,7.359999999999999,5
84313A,PINK TV TRAY TABLE ,38,212.42,6.26,19
84313B,BLUE TV TRAY TABLE ,102,679.39,8.129347826086956,46
84313C,ORANGE TV TRAY TABLE ,44,276.48,6.808333333333334,30
84327A,PINK JUMPER LARRY THE LAMB,959,1820.2700000000002,2.0976422764227642,123
84341B,SMALL PINK MAGIC CHRISTMAS TREE,1141,667.6899999999999,1.0003260869565218,89
84402B,PURPLE DRESS JEWELLERY STAND,1,2.95,2.95,1
84402D,PINK DRESS JEWELLERY STAND ,373,358.92999999999995,2.2946153846153847,13
84405A,S/3 PINK COL METAL BASKET W HANDLE,129,1042.16,11.7106,50
84406B,CREAM CUPID HEARTS COAT HANGER,5368,16163.48,3.431333333333334,590
84406b,CREAM CUPID HEARTS COAT HANGER,2,13.82,6.91,2
84414B,FUSCHIA/GREEN STRIPE WOOLLY BLANKET,78,536.24,13.965555555555556,9
84415A,PINK FLOCK SUEDE CUSHION COVER ,15,56.25,3.75,4
84415B,BLUE FLOCK CUSHION COVER ,18,67.5,3.75,5
84424A,FOUR PICTURE WHITE GLASS FRAME,23,86.25,3.75,10
84425A,WHITE GLASS TV TRIPLE FRAME,18,76.6,4.2555555555555555,9
84427B,BLACK GLASS TV DOUBLE P/FRAME 15X10,17,72.25,4.25,5
84429A,MEDIUM PINK BUDDHA HEAD ,57,201.10000000000002,4.178636363636364,22
84437A,S/6 PINK EASTER DECS IN BOX,106,90.94999999999999,0.8924999999999998,18
84450A,PINK RABBIT SITTING EASTER,52,24.18,0.49799999999999994,5
84450B,PINK/YELLOW RABBIT SAT EASTER,88,61.92,0.7427586206896551,29
84450B,YELLOW RABBIT SAT EASTER,51,22.63,0.6216666666666667,6
84459A,PINK METAL CHICKEN HEART ,553,1003.67,2.477017543859649,114
84459B,YELLOW METAL CHICKEN HEART ,759,1278.8999999999999,2.1820930232558142,126
84507B,STRIPES DESIGN MONKEY DOLL,1310,1645.3,2.802446808510638,93
84507C,BLUE CIRCLES DESIGN MONKEY DOLL,369,464.01,2.644545454545454,44
84508A,CAMOFLAGE DESIGN TEDDY,1586,3368.92,2.541555555555555,44
84508A,CAMOUFLAGE DESIGN TEDDY,594,1279.6100000000001,2.5886666666666667,30
84508B,STRIPES DESIGN TEDDY,120,328.81,2.970625,48
84508C,BLUE CIRCLES DESIGN TEDDY,52,140.13,2.9265,20
84509A,ENGLISH ROSE PLACEMATS,117,455.18,4.470625,32
84509A,SET OF 4 ENGLISH ROSE PLACEMATS,521,2085.93,4.728639455782313,147
84509B,FAIRY CAKE PLACEMATS,107,409.94,4.573571428571428,28
84509B,SET OF 4 FAIRY CAKE PLACEMATS,333,1270.56,4.5805319148936166,93
84509C,DOTTY PLACEMATS ,58,218.29000000000002,4.6061538461538465,13
84509C,SET OF 4 DOTTY PLACEMATS ,70,297.48,5.061304347826087,23
84509C,SET OF 4 POLKADOT PLACEMATS ,20,78.87,4.137,10
84509E,CAROUSEL PLACEMATS ,4,23.060000000000002,5.093333333333334,3
84509E,SET OF 4 CAROUSEL PLACEMATS ,66,116.85,5.913333333333334,6
84509F,NEW ENGLAND PLACEMATS,32,120.0,3.75,10
84509F,SET OF 4 NEW ENGLAND PLACEMATS,2749,2336.1,3.989166666666667,36
84509G,FAIRY CAKE PLACEMATS ,82,315.55,4.586296296296296,27
84509G,SET OF 4 FAIRY CAKE PLACEMATS ,207,794.41,4.181764705882353,68
84509a,ENGLISH ROSE PLACEMATS,2,15.56,7.78,1
84509a,SET OF 4 ENGLISH ROSE PLACEMATS,7,53.34,7.62,6
84509c,DOTTY PLACEMATS ,1,7.78,7.78,1
84509c,SET OF 4 DOTTY PLACEMATS ,15,114.3,7.620000000000001,11
84509c,SET OF 4 POLKADOT PLACEMATS ,14,106.68,7.62,9
84509e,SET OF 4 CAROUSEL PLACEMATS ,2,15.24,7.62,1
84510A,SET OF 4 ENGLISH ROSE COASTERS,1235,1668.8899999999999,1.6255785123966942,241
84510B,SET OF 4 FAIRY CAKES COASTERS ,1171,1481.05,1.673157894736842,147
84510C,SET OF 4 POLKADOT COASTERS,21,28.77,1.565,8
84510C,SET OF 4 POLKADOTS COASTERS,122,164.0,1.56325,40
84510E,SET OF 4 GREEN CAROUSEL COASTERS,114,69.48,2.0225,12
84510F,SET OF 4 NEW ENGLAND COASTERS ,1099,432.75,1.4618421052631578,38
84510a,SET OF 4 ENGLISH ROSE COASTERS,23,57.73,2.51,19
84510b,SET OF 4 FAIRY CAKES COASTERS ,1,2.15,2.15,1
84510c,SET OF 4 POLKADOT COASTERS,9,22.589999999999996,2.51,5
84510c,SET OF 4 POLKADOTS COASTERS,10,25.099999999999998,2.51,8
84510e,SET OF 4 GREEN CAROUSEL COASTERS,13,32.629999999999995,2.51,5
84519A,TOMATO CHARLIE+LOLA COASTER SET,695,1906.51,3.341282051282051,117
84519B,CARROT CHARLIE+LOLA COASTER SET,398,1127.97,3.652921348314607,89
84520B,PACK 20 ENGLISH ROSE PAPER NAPKINS,6898,5870.0,1.0322322775263952,653
84520D,PACK OF 20 FAIRY CAKE PAPER NAPKINS,699,639.4699999999999,1.1359574468085107,94
84520b,PACK 20 ENGLISH ROSE PAPER NAPKINS,110,257.4,2.085,10
84529A,PINK KNITTED KIDS RUCKSACK,50,290.78,6.563684210526316,19
84529B,BLUE KNITTED KID'S RUCKSACK,13,62.35,5.226,5
84529C,YELLOW KNITTED KIDS RUCKSACK,78,414.74,5.033783783783784,37
84531A,PINK KNITTED EGG COSY,50,104.36999999999999,2.2935,18
84531B,BLUE KNITTED EGG COSY,43,86.2,2.096875,16
84532B,FAIRY CAKES RECTANGLUAR BOXES,54,417.58,7.502903225806452,31
84533B,FAIRY CAKES ROUND NESTING BOXES,59,377.93,7.096666666666667,24
84534B,FAIRY CAKE NOTEBOOK A5 SIZE,817,773.8599999999999,1.2016129032258065,186
84534b,FAIRY CAKE NOTEBOOK A5 SIZE,4,6.64,1.66,3
84535A,ENGLISH ROSE NOTEBOOK A6 SIZE,208,160.37,0.9254545454545454,43
84535B,FAIRY CAKES NOTEBOOK A6 SIZE,1395,916.33,0.8043010752688172,181
84536A,ENGLISH ROSE NOTEBOOK A7 SIZE,2052,936.3199999999999,0.5368813559322033,287
84536B,FAIRY CAKES NOTEBOOK A7 SIZE,1449,695.77,0.5944725738396623,234
84536a,ENGLISH ROSE NOTEBOOK A7 SIZE,11,8.91,0.81,8
84536b,FAIRY CAKES NOTEBOOK A7 SIZE,8,6.48,0.81,4
84537B,FAIRY CAKES GIFT BAG,117,49.14,0.42,11
84555A,YELLOW VW BEETLE CERAMIC MONEY BOX,47,133.85000000000002,2.926470588235294,16
84558A,3D DOG PICTURE PLAYING CARDS,978,2800.0200000000004,3.1751515151515153,128
84558a,3D DOG PICTURE PLAYING CARDS,18,107.68,5.975,16
84559A,3D SHEET OF DOG STICKERS,959,849.3499999999999,1.032896551724138,144
84559B,3D SHEET OF CAT STICKERS,997,884.7299999999999,1.0494630872483222,148
84559D,3D SHEET OF SEA WORLD STICKERS,147,126.71,0.9067741935483871,31
84559a,3D SHEET OF DOG STICKERS,30,50.699999999999996,1.69,20
84559b,3D SHEET OF CAT STICKERS,10,16.9,1.6900000000000002,6
84559d,3D SHEET OF SEA WORLD STICKERS,2,3.38,1.69,1
84562A,PINK/WHITE RIBBED MELAMINE JUG,167,1362.3600000000001,9.391948051948052,76
84562B,BLUE/WHITE RIBBED MELAMINE JUG,10,106.59,10.530000000000001,7
84563A,PINK & WHITE BREAKFAST TRAY,46,333.16,7.592068965517241,29
84563B,BLUE & WHITE BREAKFAST TRAY,35,249.69,7.295454545454546,22
84569A,PACK 3 IRON ON DOG PATCHES,282,366.6,1.521153846153846,50
84569B,PACK 3 FIRE ENGINE/CAR PATCHES,373,470.03,1.313,60
84569C,PACK 4 FLOWER/BUTTERFLY PATCHES,414,583.68,1.798863636363636,88
84569D,PACK 6 HEART/ICE-CREAM PATCHES,577,755.69,1.554090909090909,86
84570B,WHITE SATIN DRESS JEWEL STAND,4,19.8,4.95,2
84575A,PINK DOG CANNISTER,10,59.5,5.95,9
84575B,BROWN DOG CANNISTER W BONE,4,23.8,5.95,3
84586L,"PINK ROSES/GINGHAM PATCH RABBIT 8""",15,44.25000000000001,2.95,9
84595B,LARGE TRIFLE DESIGN L BLUE BOWL,230,408.9,3.09375,16
84595E,LARGE TORTILLA DESIGN RED BOWL,289,568.89,3.8328571428571427,21
84596B,SMALL DOLLY MIX DESIGN ORANGE BOWL,1221,1558.52,1.4663942307692308,208
84596E,SMALL LICORICE DES PINK BOWL,568,733.67,1.4129457364341087,127
84596F,SMALL MARSHMALLOWS PINK BOWL,994,1265.35,1.4568047337278105,169
84596G,SMALL CHOCOLATES PINK BOWL,376,498.75,1.417090909090909,108
84596I,WRAP SWEETS LIGHT PINK SMALL BOWL,72,80.62,1.3472727272727274,10
84596J,MIXED NUTS LIGHT GREEN BOWL,245,331.56,1.550821917808219,73
84596K,JELLY BABIES YELLOW SMALL BOWL,428,543.41,1.4280645161290322,93
84596L,BISCUITS SMALL BOWL LIGHT BLUE,286,390.84,1.506551724137931,87
84596b,SMALL DOLLY MIX DESIGN ORANGE BOWL,6,15.059999999999999,2.51,5
84596e,SMALL LICORICE DES PINK BOWL,25,62.74999999999999,2.51,16
84596f,SMALL MARSHMALLOWS PINK BOWL,3,7.529999999999999,2.51,2
84596g,SMALL CHOCOLATES PINK BOWL,2,5.02,2.51,1
84596j,MIXED NUTS LIGHT GREEN BOWL,2,5.02,2.51,2
84597B,RETRO BROWN BALL ASHTRAY ,164,208.12,1.6954545454545453,22
84597C,RETRO PINK BALL ASHTRAY ,319,394.73,1.5418749999999999,32
84601A,NEW BAROQUE IVORY CUSHION COVER ,260,638.34,3.6726666666666667,15
84611B,BLACK NEW BAROQUE FLOCK BOX,7,41.65,5.95,4
84612B,SET/4 BLACK  BAROQUE FLOCK COASTER,20,51.0,2.55,4
84613A,PINK NEW BAROQUE FLOCK CANDLESTICK,16,74.4,4.65,7
84613C,BLUE NEW BAROQUE FLOCK CANDLESTICK,62,258.06,4.580000000000001,12
84614A,PINK BAROQUE FLOCK CANDLE HOLDER,17,124.83,7.726000000000001,10
84614C,BLUE BAROQUE FLOCK CANDLE HOLDER,3,17.85,5.95,1
84625A,PINK NEW BAROQUECANDLESTICK CANDLE,383,682.01,3.2589361702127664,47
84625B,BLCK NEW BAROQUE CANDLESTICK CANDLE,180,279.0,2.3323529411764707,17
84625C,BLUE NEW BAROQUE CANDLESTICK CANDLE,355,593.96,2.998372093023256,43
84625D,WHITE NEWBAROQUE CANDLESTICK CANDLE,650,793.34,2.3296153846153844,51
84659A,WHITE TRAVEL ALARM CLOCK,329,845.9499999999999,2.614722222222222,143
84660A,WHITE STITCHED WALL CLOCK,17,71.81,4.645555555555556,9
84660B,BLACK STITCHED WALL CLOCK,38,166.2,4.878571428571429,21
84660C,PINK STITCHED WALL CLOCK,65,302.28,4.988780487804878,41
84660a,WHITE STITCHED WALL CLOCK,3,22.86,7.62,3
84660b,BLACK STITCHED WALL CLOCK,6,45.72,7.62,5
84660c,PINK STITCHED WALL CLOCK,16,121.92,7.62,15
84661A,WHITE SQUARE TABLE CLOCK,118,141.2,3.0413043478260864,23
84661B,BLACK SQUARE TABLE CLOCK,129,235.04,3.1286956521739127,23
84661C,PINK SQUARE TABLE CLOCK,79,74.91,2.619090909090909,11
84661a,WHITE SQUARE TABLE CLOCK,1,5.06,5.06,1
84661c,PINK SQUARE TABLE CLOCK,2,10.12,5.06,2
84663A,GRASS HOPPER WOODEN WALL CLOCK ,103,384.09000000000003,6.0512500000000005,32
84671B,CROCHET BEAR WITH BLUE STRIPES,109,306.77,3.185151515151515,32
84673A,PINK FLY SWAT,408,251.12,0.7694736842105263,56
84673B,BLUE FLY SWAT,328,239.8,0.9359154929577466,70
84705A,ENGLISH ROSE PHOTO FRAME ,14,65.10000000000001,4.65,7
84705B,FAIRY CAKES PHOTO FRAME,84,113.27,4.006666666666667,3
84705C,PINK FLOCK PHOTO FRAME ,150,212.33,4.311428571428571,7
84705D,CHERRY BLOSSOM PHOTO FRAME ,22,97.9,4.386,14
84705F,RED PEONY PHOTO FRAME ,8,37.2,4.65,5
84705b,FAIRY CAKES PHOTO FRAME,2,6.86,3.43,2
84706A,ENGLISH ROSE TABLE CLOCK,137,325.88,7.339999999999999,7
84706B,FAIRY CAKES TABLE CLOCK,20,188.73,10.03111111111111,9
84706C,PINK FLOCK TABLE CLOCK ,84,170.8,3.6999999999999997,4
84706D,CHERRY BLOSSOM TABLE CLOCK ,213,488.48999999999995,5.422307692307692,13
84706F,RED PEONY TABLE CLOCK,18,161.1,8.95,7
84707A,SILVER JEWELLED MIRROR TRINKET TRAY,34,390.45,12.035999999999998,20
84707B,PINK JEWELLED MIRROR TRINKET TRAY,47,426.39,8.898,35
84708B,PINK JEWELLED PHOTO FRAME ,80,406.44,5.099142857142857,34
84709A,SILVER OVAL JEWELLED MIRROR,23,136.85,5.95,13
84709B,PINK OVAL JEWELLED MIRROR,158,907.38,5.922435897435897,77
84711A,SILVER OVAL SHAPE TRINKET BOX,19,189.04999999999998,9.95,8
84711B,PINK OVAL SHAPE TRINKET BOX,19,171.07,8.979411764705883,17
84712B,PINK JEWELLED PHOTO FRAME,71,559.45,7.856585365853658,41
84732B,CUTE BIRD CEATURE SCREEN,6,9.899999999999999,1.65,4
84732D,CUTE RABBIT CEATURE SCREEN ,4,6.6,1.65,4
84741C,CITRUS GARLAND FELT FLOWERS ,125,255.14,2.190263157894737,37
84743C,ORANGE FELT VASE + FLOWERS,8,10.0,1.25,4
84745A,PINK HANGING GINGHAM EASTER HEN,40,16.8,0.42,10
84745B,BLUE HANGING GINGHAM EASTER HEN,51,21.42,0.42,12
84750A,PINK SMALL GLASS CAKE STAND,520,1142.4299999999998,3.082307692307692,104
84750B,BLACK SMALL GLASS CAKE STAND,548,1087.03,2.676969696969697,66
84751B,BLACK MEDIUM GLASS CAKE STAND,21,78.75,3.75,11
84753A,PINK EAU DE COLOGNE BOTTLE,97,92.16999999999999,1.1537499999999998,24
84760L,LARGE HANGING GLASS+ZINC LANTERN,560,896.0,1.6,1
84760S,SMALL HANGING GLASS+ZINC LANTERN,191,315.26,2.0851724137931034,29
84762A,WHITE PICNIC BARBECUE BUCKET,59,517.4300000000001,9.866551724137931,29
84762B,PINK PICNIC BARBECUE BUCKET,113,837.77,8.7825,48
84762C,GREEN PICNIC BARBECUE BUCKET,105,761.25,8.556511627906977,43
84782A,PINK 3 TIER GLASS PLATE STAND,119,840.45,9.903846153846153,26
84782B,BLACK 3 TIER GLASS PLATE STAND,10,127.5,12.75,6
84782C,GREEN 3 TIER GLASS PLATE STAND,74,509.9,9.616666666666667,18
84795A,PASTEL STRIPE HAMMOCK ,208,1696.02,9.646056338028169,70
84795B,SUNSET CHECK HAMMOCK,130,1052.05,8.800400000000002,50
84795C,OCEAN STRIPE HAMMOCK ,323,2736.69,9.489618320610688,130
84795D,SEASIDE STRIPE HAMMOCK,189,1538.79,8.78421686746988,83
84795E,RIO PINK STRIPE HAMMOCK,10,79.5,7.95,5
84795b,SUNSET CHECK HAMMOCK,3,50.94,16.98,3
84796A,PINK HAWAIIAN PICNIC HAMPER FOR 2,223,1504.8200000000002,9.70985294117647,68
84796B,BLUE SAVANNAH PICNIC HAMPER FOR 2,344,2606.2000000000003,9.21241379310345,56
84796a,PINK HAWAIIAN PICNIC HAMPER FOR 2,11,93.17,8.47,8
84796b,BLUE SAVANNAH PICNIC HAMPER FOR 2,2,17.12,8.56,2
84797A,PINK HAWAIIAN PICNIC HAMPER FOR 4,481,3361.25,11.095227272727273,44
84797B,BLUE SAVANNAH PICNIC HAMPER FOR 4,323,1845.2,10.58848484848485,33
84797a,PINK HAWAIIAN PICNIC HAMPER FOR 4,18,198.84,11.048235294117646,17
84797b,BLUE SAVANNAH PICNIC HAMPER FOR 4,21,232.62,11.083157894736841,19
84798A,PINK FOXGLOVE ARTIIFCIAL FLOWER,172,373.80000000000007,2.475,6
84798B,PURPLE FOXGLOVE ARTIIFCIAL FLOWER,315,464.85,1.9428571428571428,7
84798C,WHITE FOXGLOVE ARTIIFCIAL FLOWER,16,40.8,2.55,3
84800L,LARGE WHITE/PINK ROSE ART FLOWER,290,331.43,1.775625,16
84800M,MEDIUM WHITE/PINK ROSE ART FLOWER,123,182.91,1.625,16
84800S,SMALL WHITE/PINK ROSE ART FLOWER,281,171.97,1.001,10
84801A,PINK HYDRANGEA ART FLOWER,226,330.84000000000003,1.9140000000000001,10
84801B,WHITE HYDRANGEA ART FLOWER,192,298.8,2.0033333333333334,15
84802A,WHITE ANEMONE ARTIFICIAL FLOWER,183,309.27000000000004,1.69,23
84802B,PURPLE ANEMONE ARTIFICIAL FLOWER,407,383.03000000000003,1.53125,16
84803A,PINK ALLIUM  ARTIFICIAL FLOWER,109,184.21,1.69,16
84803B,WHITE ALLIUM  ARTIFICIAL FLOWER,25,42.25,1.69,7
84804A,CREAM DELPHINIUM ARTIFICIAL FLOWER,148,215.8,2.72,10
84804B,BLUE DELPHINIUM ARTIFICIAL FLOWER,256,313.6,2.6214285714285714,13
84805A,CREAM CLIMBING HYDRANGA ART FLOWER,115,152.85,3.025,4
84805B,BLUE CLIMBING HYDRANGA ART FLOWER,302,498.90000000000003,2.65,6
84806A,PINK CANDYSTUFT ARTIFICIAL FLOWER,182,165.01999999999998,1.221111111111111,9
84806B,WHITE CANDYSTUFT ARTIFICIAL FLOWER,142,156.45999999999998,1.3641666666666667,12
84809A,WHITE CHRYSANTHEMUMS ART FLOWER,233,384.54,1.9893333333333334,15
84809B,PINK CHRYSANTHEMUMS ART FLOWER,278,313.8,1.7428571428571427,7
84814A,HEXAGONAL CRYSTAL PERFUME BOTTLE,1,1.95,1.95,1
84814B,RHOMBUS CRYSTAL PERFUME BOTTLE,7,13.65,1.95,3
84845A,HOLLYHOCK SQUARE HANDY TIN,1,1.25,1.25,1
84845C,CARNATION SQUARE HANDY TIN,42,52.5,1.25,14
84845D,GERANIUM SQUARE HANDY TIN,41,51.25,1.25,11
84846A,SCENTED CANDLE IN DIGITALIS TIN,207,470.93000000000006,2.585681818181818,44
84849A,HELLO SAILOR BLUE SOAP HOLDER,303,511.2,2.090566037735849,52
84849B,FAIRY SOAP SOAP HOLDER,1706,2831.16,2.018711111111111,224
84849D,HOT BATHS SOAP HOLDER,1078,1782.93,1.9205369127516776,149
84856L,LARGE TAHITI BEACH BAG,237,1486.33,7.77075,80
84856S,SMALL TAHITI BEACH BAG,463,1858.61,4.9890625,32
84857A,SILVER MONTE CARLO HANDBAG,8,68.0,8.5,3
84857C,PINK MONTE CARLO HANDBAG,99,212.7,3.8214285714285716,7
84858A,NATURAL RIVIERA HANDBAG,53,128.83,6.135,8
84858B,BLUE RIVIERA HANDBAG,326,431.0,2.816666666666667,9
84858C,PINK RIVIERA HANDBAG,161,349.39,5.66,24
84859A,SILVER DISCO HANDBAG,164,340.54,4.751666666666667,23
84859B,BLUE DISCO HANDBAG,251,368.65,3.75,7
84859C,PINK DISCO HANDBAG,220,372.2,3.788888888888889,17
84864A,PINK PAISLEY PHOTO ALBUM,7,67.71000000000001,8.455,4
84867A,PINK BABY GIRLS PHOTO ALBUM,16,105.82000000000001,8.355,4
84867a,PINK BABY GIRLS PHOTO ALBUM,1,13.57,13.57,1
84867b,BLUE BABY BOY'S PHOTO ALBUM,2,27.14,13.57,1
84868A,PINK BABY GIRL'S MEMORY BOX,2,13.9,6.95,2
84868B,BLUE BABY BOY'S MEMORY BOX,5,34.75,6.95,4
84870B,BLUE GEISHA GIRL ,52,199.03,3.973888888888889,18
84870C,GREEN GEISHA GIRL ,53,206.81,4.001875,16
84872A,TEATIME FUNKY FLOWER BACKPACK FOR 2,138,1533.46,11.115352112676055,71
84872a,TEATIME FUNKY FLOWER BACKPACK FOR 2,38,420.44,11.069655172413793,29
84873A,FUNKY FLOWER PICNIC BAG FOR 4,30,360.25,12.714285714285714,14
84873a,FUNKY FLOWER PICNIC BAG FOR 4,88,973.36,11.064745762711864,59
84874B,BLUE TRAVEL FIRST AID KIT,46,75.89999999999999,1.6499999999999997,23
84875A,PINK SQUARE COMPACT MIRROR,16,60.0,3.75,12
84875B,GREEN SQUARE COMPACT MIRROR,246,322.5,1.4880952380952381,21
84875D,BLUE SQUARE COMPACT MIRROR,320,420.0,1.853448275862069,29
84876B,GREEN HEART COMPACT MIRROR,126,172.5,2.3214285714285716,7
84876C,SILVER HEART COMPACT MIRROR,7,26.25,3.75,4
84876D,BLUE HEART COMPACT MIRROR,207,398.02,3.5885,20
84877A,PINK ROUND COMPACT MIRROR,34,127.5,3.75,13
84877B,GREEN ROUND COMPACT MIRROR,147,293.87,3.027727272727273,22
84877D,BLUE ROUND COMPACT MIRROR,70,243.03,3.4585714285714286,28
84884A,ANT WHITE WIRE HEART SPIRAL,1421,5110.71,4.456371308016878,237
84884a,ANT WHITE WIRE HEART SPIRAL,18,152.46,8.47,13
84891B,GREEN WIRE GOBLET CANDLEHOLDER,11,87.45,7.95,6
84898F,YELLOW FLOWERS FELT HANDBAG KIT,126,268.82,2.157027027027027,37
84899E,YELLOW + BROWN BEAR FELT PURSE KIT,39,52.65,1.51,15
84899E,YELLOW BROWN BEAR FELT PURSE KIT,14,21.28,1.88,6
84899F,YELLOW PURPLE DAISY FELT PURSE KIT,121,192.17,1.899811320754717,53
84908A,PINK 5 PATCH FLOWER CUSHION COVER ,432,1045.16,5.822222222222222,36
84908B,BLUE 5 PATCH FLOWER CUSHION COVER,435,1052.29,5.516857142857143,35
84909A,PINK PAISLEY QUILT ,209,2797.55,17.176666666666666,30
84910A,PINK PAISLEY CUSHION COVER ,408,1050.15,6.027027027027027,37
84912A,PINK ROSE WASHBAG,941,2447.07,3.6659006211180127,160
84912B,GREEN ROSE WASHBAG,822,2008.55,3.6118691588785046,107
84912a,PINK ROSE WASHBAG,2,15.56,7.78,1
84913A,SOFT PINK ROSE TOWEL ,356,1334.43,3.769066666666667,150
84913B,MINT GREEN ROSE TOWEL,246,918.3,3.7195967741935485,124
84914A,PINK ROSE PICNIC RUG,6,155.7,25.95,5
84924A,WAKE UP COCKEREL CALENDAR SIGN ,58,244.91,4.6065625,32
84924D,LA PALMIERA METAL SIGN CALENDAR,764,272.61,3.7993333333333337,15
84924D,eurobargain invc/credit,372,0.0,0.0,1
84924F,PSYCHEDELIC METAL SIGN CALENDAR,965,266.65,3.8785714285714286,7
84925A,WAKE UP COCKEREL WALL THERMOMETER,179,339.28999999999996,2.808235294117647,17
84925C,FAIRY CAKES  WALL THERMOMETER,28,71.39999999999999,2.55,10
84925D,LA PALMIERA WALL THERMOMETER,438,641.75,2.1999999999999997,17
84925E,FLOWERS WALL THERMOMETER,75,130.04999999999998,2.2666666666666666,3
84925F,PSYCHEDELIC WALL THERMOMETER,636,765.73,2.4633333333333334,21
84926A,WAKE UP COCKEREL TILE COASTER,69,95.07,1.6478947368421053,19
84926B,SCOTTS ROSES TILE COASTER,54,67.5,1.25,10
84926C,FAIRY CAKES TILE COASTER,138,189.6,1.7590322580645161,31
84926D,LA PALMIERA TILE COASTER,68,93.82,1.754,14
84926E,FLOWERS TILE COASTER,113,143.76999999999998,1.4438461538461538,13
84926F,PSYCHEDELIC TILE COASTER,54,82.67999999999999,1.8842857142857141,14
84927A,WAKE UP COCKEREL TILE HOOK,177,91.37,2.506875,16
84927D,LA PALMIERA TILE HOOK,907,163.64000000000001,2.112,15
84927E,FLOWERS TILE HOOK,435,144.15,2.243125,16
84927F,PSYCHEDELIC TILE HOOK,37,94.58,2.988421052631579,19
84931A,PINK SCOTTIE DOG W FLOWER PATTERN,71,196.25,3.0283870967741935,31
84931B,BLUE SCOTTIE DOG W FLOWER PATTERN,97,264.65,3.0435294117647054,34
84932A,SMALL GREEN PEONY FOLDING STOOL,262,602.6,3.860416666666667,24
84932B,SMALL PINK PEONY FOLDING STOOL,189,401.3,3.105882352941176,17
84932C,SMALL ORIENTAL BLUE FOLDING STOOL,282,615.4,3.105882352941176,34
84932D,SMALL ORIENTAL RED FOLDING STOOL,239,574.71,4.629047619047619,21
84933A,LARGE GREEN PEONY FOLDING STOOL,131,314.35,4.716666666666666,6
84933B,LARGE PINK PEONY FOLDING STOOL,136,309.15000000000003,3.408333333333333,6
84933C,LARGE BLUE ORIENTAL FOLDING STOOL,136,317.0,4.716666666666667,6
84951A,S/4 PISTACHIO LOVEBIRD COASTERS,106,166.1,1.9474999999999998,24
84951A,SET OF 4 PISTACHIO LOVEBIRD COASTER,41,129.64999999999998,3.9444444444444446,18
84951B,S/4 BLACK LOVEBIRD COASTERS,88,171.60999999999999,2.1678571428571427,28
84951B,SET OF 4 BLACK LOVEBIRD COASTERS,26,76.33999999999999,3.554,10
84951b,S/4 BLACK LOVEBIRD COASTERS,9,46.2,5.115,4
84951b,SET OF 4 BLACK LOVEBIRD COASTERS,1,5.06,5.06,1
84952A,CLEAR LOVE BIRD T-LIGHT HOLDER,75,203.18,3.405333333333333,15
84952B,BLACK LOVE BIRD T-LIGHT HOLDER,241,369.59999999999997,3.1521052631578947,19
84952C,MIRROR LOVE BIRD T-LIGHT HOLDER,269,510.13,3.17,34
84963A,PINK PAINTED KASHMIRI CHAIR,23,763.35,41.738888888888894,9
84963B,BLUE PAINTED KASHMIRI CHAIR,15,441.65000000000003,41.56,5
84964A,PINK PAINTED KASHMIRI TABLE,11,630.0,45.0,2
84964B,BLUE PAINTED KASHMIRI TABLE ,17,990.0,45.0,2
84965A,PINK KASHMIRI COFFEE TABLE ,20,1050.0,40.0,3
84965B,BLUE KASHMIRI COFFEE TABLE ,27,1359.95,62.4875,4
84966A,PINK KASHMIRI BOXED MIRROR,13,225.95,25.4875,4
84966B,BLUE KASHMIRI BOXED MIRROR,33,428.0,16.0,4
84966C,GREEN KASHMIRI BOXED MIRROR,23,276.0,12.0,2
84966C,Sold as A/B,16,0.0,0.0,1
84967A,PINK KASHMIRI OCCASIONAL TABLE,3,174.9,58.300000000000004,3
84967B,BLUE KASHMIRI OCCASIONAL TABLE,24,1249.45,65.87272727272727,11
84967C,GREEN KASHMIRI OCCASIONAL TABLE,9,419.85,67.4625,4
84968A,S/16 VINTAGE ROSE CUTLERY,190,2511.24,14.674,85
84968A,SET OF 16 VINTAGE ROSE CUTLERY,76,938.54,13.205833333333333,24
84968B,S/16 VINTAGE IVORY CUTLERY,423,5617.66,14.94753846153846,130
84968B,SET OF 16 VINTAGE IVORY CUTLERY,3,38.25,12.75,3
84968C,S/16 VINTAGE PISTACHIO CUTLERY,262,3177.2999999999997,14.377758620689654,58
84968C,SET OF 16 VINTAGE PISTACHIO CUTLERY,65,967.9499999999999,16.09470588235294,33
84968D,S/16 VINTAGE RED CUTLERY,287,3349.7599999999998,14.493684210526316,38
84968D,SET OF 16 VINTAGE RED CUTLERY,30,407.98,14.448666666666666,15
84968E,S/16 VINTAGE BLACK CUTLERY,225,2585.45,12.53875,40
84968E,SET OF 16 VINTAGE BLACK CUTLERY,30,382.5,12.75,14
84968F,S/16 VINTAGE SKY BLUE CUTLERY,84,1092.42,13.50450980392157,51
84968F,SET OF 16 VINTAGE SKY BLUE CUTLERY,40,624.66,16.996666666666666,18
84968a,S/16 VINTAGE ROSE CUTLERY,1,25.49,25.49,1
84968a,SET OF 16 VINTAGE ROSE CUTLERY,1,25.49,25.49,1
84968b,S/16 VINTAGE IVORY CUTLERY,1,25.49,25.49,1
84968b,SET OF 16 VINTAGE IVORY CUTLERY,1,25.49,25.49,1
84968d,S/16 VINTAGE RED CUTLERY,1,25.49,25.49,1
84968e,S/16 VINTAGE BLACK CUTLERY,4,101.96,25.49,4
84968e,SET OF 16 VINTAGE BLACK CUTLERY,5,127.44999999999999,25.49,4
84968f,SET OF 16 VINTAGE SKY BLUE CUTLERY,1,25.49,25.49,1
84970L,SINGLE HEART ZINC T-LIGHT HOLDER,11497,10947.97,1.2063636363636363,643
84970S,HANGING HEART ZINC T-LIGHT HOLDER,17877,14407.07,1.066237731733915,908
84970l,SINGLE HEART ZINC T-LIGHT HOLDER,46,97.97999999999999,2.13,21
84970s,HANGING HEART ZINC T-LIGHT HOLDER,149,317.37,2.13,37
84971L,LARGE HEART FLOWERS HOOK   ,585,723.51,1.5720338983050848,58
84971S,SMALL HEART FLOWERS HOOK ,4826,4045.0699999999997,1.0583112582781458,296
84971s,SMALL HEART FLOWERS HOOK ,6,9.959999999999999,1.66,3
84972L,GIANT PINK HEART MEMO HOLDER,117,462.15000000000003,3.95,46
84984A,GREEN PEONY CUSHION COVER,236,315.4,2.9500000000000006,6
84984A,GREEN PEONY DES C/COVER,11,58.370000000000005,6.093999999999999,5
84984B,RED PEONY CUSHION COVER ,292,401.8,3.21,5
84984B,RED PEONY DES C/COVER ,13,60.45,4.65,6
84984C,ORIENTAL BLUE C/COVER ,13,89.59,7.390000000000001,8
84984C,ORIENTAL BLUE CUSHION COVER ,219,311.57,4.2775,8
84984D,ORIENTAL RED C/COVER ,27,165.11,7.966363636363636,11
84984D,ORIENTAL RED CUSHION COVER ,119,179.35,3.516666666666667,6
84985A,SET OF 72 GREEN PAPER DOILIES,611,970.28,1.7985106382978724,140
84985B,SET OF 72 BLACK PAPER DOILIES ,128,194.95999999999998,1.77625,24
84985a,SET OF 72 GREEN PAPER DOILIES,10,29.8,2.98,8
84985b,SET OF 72 BLACK PAPER DOILIES ,1,2.98,2.98,1
84986B,SET OF 36 SILVER PAPER DOILIES,432,639.06,1.5328947368421053,75
84986b,SET OF 36 SILVER PAPER DOILIES,6,17.88,2.98,5
84989A,75 GREEN FAIRY CAKE CASES,2093,1078.57,0.7022463768115943,135
84989B,75 BLACK FAIRY CAKE CASES,1009,510.15000000000003,0.6828070175438596,57
84989a,75 GREEN FAIRY CAKE CASES,33,65.19,1.9300000000000002,17
84989b,75 BLACK FAIRY CAKE CASES,10,12.8,1.28,6
84993A,75 GREEN PETIT FOUR CASES,1155,501.1,0.5103174603174603,125
84993B,75 BLACK PETIT FOUR CASES,506,224.76,0.46885714285714286,70
84993a,75 GREEN PETIT FOUR CASES,19,16.15,0.85,11
84993b,75 BLACK PETIT FOUR CASES,20,16.99,0.8492307692307691,13
84997A,GREEN 3 PIECE MINI DOTS CUTLERY SET,1918,6948.650000000001,3.8622500000000004,238
84997A,GREEN 3 PIECE POLKADOT CUTLERY SET,771,2810.79,3.9512727272727273,108
84997B,RED 3 PIECE MINI DOTS CUTLERY SET,4205,15324.35,3.911322645290581,493
84997B,RED 3 PIECE RETROSPOT CUTLERY SET,959,3579.2400000000002,3.941629213483146,176
84997C,BLUE 3 PIECE MINI DOTS CUTLERY SET,3970,14438.97,3.907193347193347,476
84997C,BLUE 3 PIECE POLKADOT CUTLERY SET,1099,4006.86,3.8869811320754715,153
84997D,PINK 3 PIECE MINI DOTS CUTLERY SET,4353,15759.53,3.936065934065934,447
84997D,PINK 3 PIECE POLKADOT CUTLERY SET,1290,4763.25,4.025129533678757,187
84997a,GREEN 3 PIECE MINI DOTS CUTLERY SET,43,357.41,8.006363636363638,11
84997a,GREEN 3 PIECE POLKADOT CUTLERY SET,29,245.63000000000002,8.47,5
84997b,RED 3 PIECE MINI DOTS CUTLERY SET,49,414.18,8.348571428571429,7
84997b,RED 3 PIECE RETROSPOT CUTLERY SET,126,1067.22,8.47,13
84997c,BLUE 3 PIECE MINI DOTS CUTLERY SET,3,25.410000000000004,8.47,2
84997c,BLUE 3 PIECE POLKADOT CUTLERY SET,69,584.4300000000001,8.47,12
84997d,PINK 3 PIECE MINI DOTS CUTLERY SET,1,7.62,7.62,1
84997d,PINK 3 PIECE POLKADOT CUTLERY SET,70,592.9000000000001,8.47,10
85014A,BLACK/BLUE DOTS RUFFLED UMBRELLA,2967,12363.970000000001,6.266611842105263,302
85014A,BLACK/BLUE POLKADOT UMBRELLA,530,2981.8100000000004,6.093057851239669,121
85014B,RED RETROSPOT UMBRELLA,830,4735.75,6.871655629139074,151
85014B,RED/WHITE DOTS RUFFLED UMBRELLA,3456,15400.28,6.543149038461539,416
85014C,BLUE/BROWN DOTS RUFFLED UMBRELLA,547,2270.73,6.527916666666666,72
85014D,PINK/BROWN DOTS RUFFLED UMBRELLA,1918,6664.45,6.064444444444446,90
85014a,BLACK/BLUE DOTS RUFFLED UMBRELLA,10,127.2,12.72,9
85014a,BLACK/BLUE POLKADOT UMBRELLA,9,114.48,12.72,8
85014b,RED RETROSPOT UMBRELLA,14,178.08,12.72,11
85014b,RED/WHITE DOTS RUFFLED UMBRELLA,6,76.60000000000001,12.776,5
85017A,ENVELOPE 50 ROMANTIC IMAGES,1150,786.2199999999999,0.8264912280701755,171
85017B,ENVELOPE 50 BLOSSOM IMAGES,1174,807.0999999999999,0.8276190476190476,168
85017C,ENVELOPE 50 CURIOUS IMAGES,1043,697.75,0.8263963963963964,110
85018A,S/6 PAPER BOXES ROMANTIC IMAGES,15,63.75,4.25,10
85018B,S/6 PAPER BOXES BLOSSOM IMAGES ,15,63.75,4.25,10
85018C,S/6 PAPER BOXES CURIOUS IMAGES ,36,127.2,4.035,4
85018D,YULETIDE IMAGES S/6 PAPER BOXES,784,962.25,2.181298701298701,77
85019A,ROMANTIC IMAGES NOTEBOOK SET,237,367.69,4.040588235294117,17
85019B,BLOSSOM  IMAGES NOTEBOOK SET,206,299.5,3.4318181818181817,11
85019C,CURIOUS  IMAGES NOTEBOOK SET,244,393.22,3.731333333333333,15
85023A,CRYSTAL LARGE JEWELLED PHOTO FRAME,22,56.099999999999994,2.55,10
85023B,EAU DE NILE JEWELLED PHOTOFRAME,188,447.0,2.532,25
85023C,PINK LARGE JEWELED PHOTOFRAME,23,58.65,2.55,11
85024A,CRYSTAL SMALL JEWELLED PHOTOFRAME,1,1.65,1.65,1
85024B,EAU DE NILE JEWELLED PHOTOFRAME,25,41.24999999999999,1.65,8
85024C,PINK SMALL JEWELLED PHOTOFRAME,88,145.2,1.65,34
85025B,EAU DE NILE HEART SHAPE PHOTO FRAME,242,433.64,2.043606557377049,58
85025C,PINK HEART SHAPE PHOTO FRAME,407,781.6199999999999,2.061195652173913,91
85026B,EAU DE NILE JEWELLED T-LIGHT HOLDER,231,305.78,1.1526315789473685,19
85027L,FRENCH CHATEAU LARGE PLATTER ,121,385.95,6.123913043478261,23
85028L,FRENCH CHATEAU LARGE FRUIT BOWL ,261,634.51,6.543913043478261,23
85028S,FRENCH CHATEAU SMALL FRUITBOWL,406,605.22,3.727692307692308,25
85031A,ROMANTIC IMAGES SCRAP BOOK SET,461,897.54,3.517894736842105,95
85031B,BLOSSOM IMAGES SCRAP BOOK SET,495,891.14,3.361190476190476,84
85031C,CURIOUS IMAGES SCRAP BOOK SET,478,1002.63,3.4947169811320755,105
85032A,ROMANTIC IMAGES GIFT WRAP SET,658,559.62,2.2044444444444444,27
85032B,BLOSSOM IMAGES GIFT WRAP SET,196,213.35000000000002,2.5789473684210527,19
85032C,CURIOUS IMAGES GIFT WRAP SET,209,240.65000000000003,2.5136363636363637,22
85032D,YULETIDE IMAGES GIFT WRAP SET,503,850.14,1.9432692307692307,52
85033G,SET/6 GOLD REINDEER T-LIGHT CANDLES,236,376.05,2.742424242424242,32
85033S,SET/6 SILVER REINDEER T-LIGHTS,258,317.35,1.567,49
85034A,3 GARDENIA MORRIS BOXED CANDLES,358,1495.92,5.282424242424242,65
85034B,3 WHITE CHOC MORRIS BOXED CANDLES,246,1011.86,5.4141176470588235,34
85034C,3 ROSE MORRIS BOXED CANDLES,192,838.12,5.4727906976744185,43
85035A,GARDENIA 3 WICK MORRIS BOXED CANDLE,383,1630.51,4.821509433962264,105
85035B,CHOCOLATE 3 WICK MORRIS BOX CANDLE,377,1531.91,4.595074626865672,67
85035C,ROSE 3 WICK MORRIS BOX CANDLE,228,979.88,4.626266666666667,73
85035a,GARDENIA 3 WICK MORRIS BOXED CANDLE,2,16.94,8.47,2
85035b,CHOCOLATE 3 WICK MORRIS BOX CANDLE,5,42.35,8.47,5
85035c,ROSE 3 WICK MORRIS BOX CANDLE,2,16.94,8.47,2
85036A,GARDENIA 1 WICK MORRIS BOXED CANDLE,411,1687.61,4.2604587155963305,106
85036B,CHOCOLATE 1 WICK MORRIS BOX CANDLE,243,974.23,4.182307692307693,39
85036C,ROSE 1 WICK MORRIS BOXED CANDLE,139,574.91,4.2312765957446805,47
85036b,CHOCOLATE 1 WICK MORRIS BOX CANDLE,2,16.94,8.47,2
85039A,SET/4 RED MINI ROSE CANDLE IN BOWL,760,677.31,1.6540625,96
85039B,S/4 IVORY MINI ROSE CANDLE IN BOWL,860,1025.4199999999998,1.728118811881188,100
85039C,S/4 BLACK MINI ROSE CANDLE IN BOWL,240,265.44,1.8720754716981132,53
85039a,SET/4 RED MINI ROSE CANDLE IN BOWL,27,90.72,3.36,18
85039b,S/4 IVORY MINI ROSE CANDLE IN BOWL,4,13.44,3.36,1
85040A,S/4 PINK FLOWER CANDLES IN BOWL,1179,2039.2899999999997,1.9414574898785424,237
85040B,SET/4 BLUE FLOWER CANDLES IN BOWL,2328,3610.83,1.7537219730941704,219
85040a,S/4 PINK FLOWER CANDLES IN BOWL,19,64.47,3.3815384615384616,13
85040b,SET/4 BLUE FLOWER CANDLES IN BOWL,7,23.519999999999996,3.36,3
85049A,TRADITIONAL CHRISTMAS RIBBONS,3327,4508.79,1.4261757105943151,378
85049B,LUSH GREENS RIBBONS,2078,2593.3,1.3185106382978724,327
85049C,ROMANTIC PINKS RIBBONS ,1803,2278.11,1.3330902777777778,284
85049D,BRIGHT BLUES RIBBONS ,1825,2280.47,1.3287788778877887,298
85049E,SCANDINAVIAN REDS RIBBONS,3651,4950.15,1.472698072805139,453
85049F,BABY BOOM RIBBONS ,1755,2185.41,1.32,231
85049G,CHOCOLATE BOX RIBBONS ,2282,2799.46,1.346828358208955,264
85049H,URBAN BLACK RIBBONS ,1227,1210.59,1.2800645161290323,154
85049a,TRADITIONAL CHRISTMAS RIBBONS,255,856.8,3.36,17
85049b,LUSH GREENS RIBBONS,2,5.02,2.51,1
85049e,SCANDINAVIAN REDS RIBBONS,189,629.98,3.1686363636363635,21
85049g,CHOCOLATE BOX RIBBONS ,2,5.02,2.51,1
85061W,WHITE JEWELLED HEART DECORATION,4234,3633.8599999999997,1.0703154574132492,310
85071A,BLUE CHARLIE+LOLA PERSONAL DOORSIGN,872,850.1600000000001,2.465135135135135,37
85071B,RED CHARLIE+LOLA PERSONAL DOORSIGN,1146,668.34,2.549268292682927,41
85071C,"CHARLIE+LOLA""EXTREMELY BUSY"" SIGN",608,424.53,2.9137837837837837,37
85071D,CHARLIE+LOLA MY ROOM DOOR SIGN,487,314.67,2.6793103448275857,29
85086A,CANDY SPOT HEART DECORATION,441,446.65,1.3245631067961166,102
85097B,BLUE ROCKING SINGING CANARY,106,417.17,4.135365853658537,40
85098B,BLUE FLYING SINGING CANARY,366,1456.94,4.695043478260869,114
85099B,JUMBO BAG RED RETROSPOT,30329,54368.82,2.1681942215088283,1223
85099B,JUMBO BAG RED WHITE SPOTTY ,14061,25043.62,2.185128676470588,535
85099B,RED RETROSPOT JUMBO BAG ,5417,9563.89,2.143490566037736,210
85099C,JUMBO  BAG BAROQUE BLACK WHITE,17253,32055.82,2.2203083247687565,960
85099F,JUMBO BAG STRAWBERRY,19835,35887.14,2.2296590909090908,1040
85099b,JUMBO BAG RED RETROSPOT,419,2111.64,4.89,25
85099c,JUMBO  BAG BAROQUE BLACK WHITE,17,85.17,4.975,10
85099f,JUMBO BAG STRAWBERRY,167,845.02,5.06,17
85114A,BLACK ENCHANTED FOREST PLACEMAT,761,1236.6299999999999,1.8650980392156862,51
85114B,IVORY ENCHANTED FOREST PLACEMAT,1589,2828.9,2.1050649350649353,153
85114C,RED ENCHANTED FOREST PLACEMAT,705,1415.56,1.9958333333333333,93
85114a,BLACK ENCHANTED FOREST PLACEMAT,7,23.94,3.395,2
85114b,IVORY ENCHANTED FOREST PLACEMAT,20,67.9,3.3880000000000003,5
85114c,RED ENCHANTED FOREST PLACEMAT,26,88.06,3.38625,8
85115B,S/4 BLACK DISCO PARTITION PANEL,3,12.75,4.25,1
85121B,RETRO LAUNDRY TUB PINK,86,936.74,12.071875,48
85121C,RETRO LAUNDRY TUB PISTACHIO,98,918.91,9.960943396226416,53
85123A,WHITE HANGING HEART T-LIGHT HOLDER,58387,158305.72,3.0475888625592416,3282
85123a,WHITE HANGING HEART T-LIGHT HOLDER,305,2039.9099999999999,6.365294117647059,34
85123b,ZINC HANGING HEART T-LITE HLDR,1,6.04,6.04,1
85124A,PINK JUICY FRUIT PHOTO FRAME,377,1037.1299999999999,3.2044210526315786,95
85124B,BLUE JUICY FRUIT PHOTO FRAME,273,707.56,2.847424242424242,66
85124C,GREEN JUICY FRUIT PHOTO FRAME,355,923.16,3.0259090909090904,88
85124a,PINK JUICY FRUIT PHOTO FRAME,10,50.599999999999994,5.06,9
85124b,BLUE JUICY FRUIT PHOTO FRAME,2,10.23,5.115,2
85124c,GREEN JUICY FRUIT PHOTO FRAME,3,15.18,5.06,2
85129A,"WHITE PEARL BEADED HEART, SMALL",444,569.16,1.427,75
85129B,BEADED CRYSTAL HEART GREEN SMALL,135,174.03,1.5041379310344827,29
85129C,BEADED CRYSTAL HEART BLUE SMALL,337,437.93,1.574259259259259,53
85129D,BEADED CRYSTAL HEART PINK SMALL,589,857.09,1.8731132075471697,106
85130A,BEADED PEARL HEART WHITE LARGE,635,1093.79,1.8840740740740738,79
85130B,BEADED CRYSTAL HEART GREEN LARGE,78,161.26,2.6636363636363636,22
85130C,BEADED CRYSTAL HEART BLUE  LARGE,177,300.66999999999996,1.964090909090909,22
85130D,BEADED CRYSTAL HEART PINK LARGE,228,397.80999999999995,2.1460416666666666,46
85131A,BEADED PEARL HEART WHITE ON STICK,1086,785.4,1.0649411764705883,84
85131B,BEADED CRYSTAL HEART GREEN ON STICK,356,235.98,0.9318867924528302,53
85131C,BEADED CRYSTAL HEART BLUE ON STICK,253,147.25,1.0770833333333332,23
85131D,BEADED CRYSTAL HEART PINK ON STICK,595,354.85,0.8422033898305085,59
85131D,BEADED CRYSTAL HEART PINK\ON STICK,20,31.299999999999997,1.5936363636363637,11
85132A,CHARLIE + LOLA BISCUITS TINS,814,3687.91,7.835170068027211,147
85132B,CHARLIE AND LOLA TABLE TINS,393,1639.73,7.289999999999999,51
85132C,CHARLIE AND LOLA FIGURES TINS,549,2318.87,7.359489795918368,98
85132a,CHARLIE + LOLA BISCUITS TINS,4,85.39,21.3475,4
85132b,CHARLIE AND LOLA TABLE TINS,1,21.23,21.23,1
85132c,CHARLIE AND LOLA FIGURES TINS,1,21.23,21.23,1
85135A,YELLOW DRAGONFLY HELICOPTER,75,603.54,8.044363636363636,55
85135B,BLUE DRAGONFLY HELICOPTER,109,888.45,8.1475,87
85135C,RED DRAGONFLY HELICOPTER,73,603.45,8.294363636363636,55
85136A,YELLOW SHARK HELICOPTER,84,688.7,8.203125,64
85136B,BLUE SHARK HELICOPTER,57,457.87,8.023777777777777,45
85136C,RED SHARK HELICOPTER,137,1112.0900000000001,8.151720430107527,93
85159A,"BLACK TEA,COFFEE,SUGAR JARS",41,478.33000000000004,12.051111111111112,36
85159B,"WHITE TEA,COFFEE,SUGAR JARS",37,369.0,10.752758620689654,29
85159b,"WHITE TEA,COFFEE,SUGAR JARS",1,13.0,13.0,1
85160A,WHITE BIRD GARDEN DESIGN MUG,8810,1486.25,5.542903225806451,31
85160B,BLACK BIRD GARDEN DESIGN MUG,6049,970.46,4.9105,20
85160a,WHITE BIRD GARDEN DESIGN MUG,7,112.91,16.13,2
85160b,BLACK BIRD GARDEN DESIGN MUG,1,16.13,16.13,1
85162A,SILVER RETRODISC LAMPSHADE,607,1234.27,3.6155,20
85162B,BLACK RETRODISC LAMPSHADE,977,1905.15,1.9499999999999997,13
85162C,WHITE RETRODISC LAMPSHADE,904,1841.7,3.1149999999999998,46
85163A,WHITE BAROQUE WALL CLOCK ,37,499.16999999999996,13.6972,25
85163B,BLACK BAROQUE WALL CLOCK ,31,484.98,15.741000000000001,30
85164B,BLACK BAROQUE CUCKOO CLOCK,140,1825.1799999999998,16.834,65
85164b,BLACK BAROQUE CUCKOO CLOCK,1,26.04,26.04,1
85166A,WHITE METAL BAROQUE PHOTO FRAME,77,158.9,4.676666666666667,12
85166B,BLACK METAL BAROQUE PHOTO FRAME,510,864.1,3.8473684210526313,38
85167A,WHITE GRAND BAROQUE PHOTO FRAME,176,396.8,4.235714285714286,14
85167B,BLACK GRAND BAROQUE PHOTO FRAME,677,1383.59,4.229642857142857,55
85168A,WHITE BAROQUE CARRIAGE CLOCK,22,218.89999999999998,9.95,15
85168B,BLACK BAROQUE CARRIAGE CLOCK,21,219.38,10.563529411764705,17
85169A,IVORY LOVE BIRD CANDLE,469,610.31,1.4929577464788732,68
85169B,BLACK LOVE BIRD CANDLE,152,215.62,1.6542105263157894,37
85169C,EAU DE NIL LOVE BIRD CANDLE,77,116.47,1.6884615384615385,26
85169D,PINK LOVE BIRD CANDLE,171,250.41,1.77,39
85170A,SET/6 IVORY BIRD T-LIGHT CANDLES,848,1585.06,2.5583333333333336,84
85170B,SET/6 BLACK BIRD T-LIGHT CANDLES,78,180.16000000000003,2.8978260869565218,23
85170C,SET/6 EAU DE NIL BIRD T-LIGHTS,214,401.32,3.0405405405405403,37
85170D,SET/6 PINK BIRD T-LIGHT CANDLES,276,514.1,3.105090909090909,55
85179A,GREEN BITTY LIGHT CHAIN,28,153.55,5.650714285714286,14
85179B,WHITE BITTY LIGHT CHAIN ,246,1056.6,5.192666666666667,45
85179C,PINK BITTY LIGHT CHAIN,10,55.84,5.817500000000001,4
85179a,GREEN BITTY LIGHT CHAIN,1,9.32,9.32,1
85180A,RED HEARTS LIGHT CHAIN ,126,593.76,5.405,36
85180B,PINK HEARTS LIGHT CHAIN ,94,444.28000000000003,6.328181818181818,20
85183A,CHARLIE & LOLA WASTEPAPER BIN BLUE,845,1423.71,3.6241818181818184,55
85183B,CHARLIE & LOLA WASTEPAPER BIN FLORA,779,1475.8899999999999,3.6926785714285715,56
85184B,SET 4 EASTER DECOUPAGE OVAL BOXES,14,41.300000000000004,2.95,7
85184C,S/4 VALENTINE DECOUPAGE HEART BOX,636,1944.2200000000003,3.5286538461538464,154
85184D,S/4 BLUE ROUND DECOUPAGE BOXES,8311,4546.78,3.496818181818182,66
85184c,S/4 VALENTINE DECOUPAGE HEART BOX,4,23.77,5.9425,4
85184d,S/4 BLUE ROUND DECOUPAGE BOXES,1,5.91,5.91,1
85185B,PINK HORSE SOCK PUPPET,316,1016.8700000000001,3.585983606557377,121
85185C,COW  SOCK PUPPET,58,171.10000000000002,2.95,27
85185D,FROG SOCK PUPPET,182,597.76,3.8441666666666667,60
85185E,DUCK SOCK PUPPET,4,11.8,2.95,2
85185F,LION SOCK PUPPET,37,109.15,2.95,19
85186A,EASTER BUNNY GARLAND OF FLOWERS,909,414.78000000000003,0.6056626506024096,83
85186B,BUNNY BUNCH OF FLOWERS,14,5.88,0.42,2
85186C,BUNNY EGG GARLAND,872,389.02,0.5537662337662338,74
85188A,GREEN METAL SWINGING BUNNY,625,546.8,1.0542857142857143,63
85188B,PINK METAL SWINGING BUNNY,670,592.18,1.083181818181818,64
85192S,HANGING SPRING FLOWER HEART SMALL,3,1.9500000000000002,0.65,2
85194L,HANGING SPRING FLOWER EGG LARGE,871,737.7399999999999,1.0654054054054054,74
85194S,HANGING SPRING FLOWER EGG SMALL,563,400.29,0.9480327868852458,59
85199L,LARGE HANGING IVORY & RED WOOD BIRD,2568,1680.72,0.8319354838709678,183
85199S,SMALL HANGING IVORY/RED WOOD BIRD,3483,1547.68,0.5782572614107884,236
85205A,IVORY FELT EASTER RABBIT GARLAND,66,168.29999999999998,2.55,21
85205B,PINK FELT EASTER RABBIT GARLAND,119,346.22999999999996,3.4946875,32
85206A,CREAM FELT EASTER EGG BASKET,1377,2453.58,1.8351923076923076,205
85206B,PINK FELT EASTER EGG BASKET,1524,2454.2,1.819388888888889,179
85226A,WHITE/BLUE PULL BACK RACING CAR,1714,933.07,0.7360264900662251,144
85226C,BLUE PULL BACK RACING CAR,989,522.3100000000001,0.7651190476190476,83
85230A,OPIUM SCENTED VOTIVE CANDLE,1152,293.76,0.2713333333333333,30
85230B,CINNAMON SCENTED VOTIVE CANDLE,904,248.71999999999997,0.27999999999999997,32
85230C,ROSE SCENTED VOTIVE CANDLE,24,6.959999999999999,0.29,1
85230D,VANILLA SCENTED VOTIVE CANDLE,24,6.959999999999999,0.29,1
85230E,STRAWBRY SCENTED VOTIVE CANDLE,1344,360.96,0.28047619047619043,42
85230F,JASMINE VOTIVE CANDLE,2632,642.3199999999999,0.2774509803921568,51
85230G,ORANGE VOTIVE CANDLE,696,182.64,0.2691304347826087,23
85231B,CINAMMON SET OF 9 T-LIGHTS,1285,1199.8,1.0432549019607842,252
85231E,STRAWBERRY SCENTED SET/9 T-LIGHTS,835,695.23,0.9473831775700935,106
85231G,ORANGE SCENTED SET/9 T-LIGHTS,902,802.79,0.994812834224599,183
85231L,LAVENDER SCENTED SET/9 T-LIGHTS,1039,838.3499999999999,0.914915254237288,116
85231b,CINAMMON SET OF 9 T-LIGHTS,1,1.66,1.66,1
85231e,STRAWBERRY SCENTED SET/9 T-LIGHTS,1,1.66,1.66,1
85232A,SET/3 POLKA DOT STACKING TINS,262,1311.42,5.2723157894736845,94
85232A,SET/3 POLKADOT STACKING TINS,35,188.91000000000003,5.994,15
85232B,SET OF 3 BABUSHKA STACKING TINS,840,4213.04,5.629030303030303,164
85232B,SET/3 RUSSIAN DOLL STACKING TINS,1968,9867.140000000001,5.845614973262033,371
85232C,RUSSIAN FOLKART STACKING TINS,1,4.95,4.95,1
85232D,SET/3 DECOUPAGE STACKING TINS,517,2704.35,6.019937106918239,159
85232a,SET/3 POLKA DOT STACKING TINS,2,20.34,10.17,2
85232b,SET OF 3 BABUSHKA STACKING TINS,9,91.53,10.17,8
85232b,SET/3 RUSSIAN DOLL STACKING TINS,16,162.94,10.185714285714285,14
85232d,SET/3 DECOUPAGE STACKING TINS,1,10.17,10.17,1
90000A,RASPBERRY ANT COPPER FLOWER NECKLAC,20,121.07000000000001,6.066923076923077,13
90000B,MIDNIGHT BLUE COPPER FLOWER NECKLAC,19,115.83,6.1353333333333335,15
90000C,OPAL WHITE/SILVER FLOWER NECKLACE,2,12.32,6.16,2
90000D,COPPER/OLIVE GREEN FLOWER NECKLACE,33,203.01,6.233636363636364,22
90001A,ANTIQUE RASPBERRY FLOWER EARRINGS,6,25.65,4.2749999999999995,6
90001B,ANTIQUE MID BLUE FLOWER EARRINGS,8,33.97,4.2457142857142856,7
90001C,ANTIQUE OPAL WHITE FLOWER EARRINGS,7,29.810000000000002,4.260000000000001,6
90001D,ANTIQUE OLIVE GREEN FLOWER EARRINGS,14,59.47,4.2457142857142856,7
90002A,FLOWER BURST SILVER RING OPAL,36,135.0,3.75,14
90002B,FLOWER BURST SILVER RING ROSE,22,82.74,3.771818181818182,11
90002C,FLOWER BURST SILVER RING MIDN'T BLU,33,124.38,3.783157894736842,19
90002D,FLOWER BURST SILVER RING CRYSTAL,97,339.53,3.7600000000000002,28
90002E,FLOWER BURST SILVER RING GREEN,18,67.77,3.774545454545455,11
90003B,ROSE COLOUR PAIR HEART HAIR SLIDES,30,113.31,3.7905882352941176,16
90003C,MIDNIGHT BLUE PAIR HEART HAIR SLIDE,21,79.32,3.793846153846154,13
90003D,CRYSTAL PAIR HEART HAIR SLIDES,30,113.91,3.808125,16
90003E,GREEN PAIR HEART HAIR SLIDES,10,38.01,3.8066666666666666,9
90004A,JADE GREEN PAIR ENAMEL HAIR SLIDES,1,3.75,3.75,1
90005A,JADE GREEN ENAMEL HAIR COMB,94,193.07,2.094081632653061,49
90010A,MIDNIGHT BLUE GLASS/SILVER BRACELET,32,285.5,8.829374999999999,16
90010B,BLACK/WHITE GLASS/SILVER BRACELET,54,496.65,9.382068965517242,29
90010E,AMBER GLASS/SILVER BRACELET,35,311.12,8.785,20
90011A,MIDNIGHT BLUE CRYSTAL DROP EARRINGS,9,26.77,2.9744444444444444,9
90011B,BLACK CRYSTAL DROP EARRINGS,8,23.79,2.97375,8
90011C,GREEN CRYSTAL DROP EARRINGS,10,29.53,2.9560000000000004,5
90011D,PURPLE CRYSTAL DROP EARRINGS,2,5.99,2.995,2
90011E,AMBER CRYSTAL DROP EARRINGS,5,14.85,2.9699999999999998,5
90012A,MIDNIGHT BLUE DROP CRYSTAL NECKLACE,2,20.619999999999997,10.309999999999999,2
90012B,BLACK DROP CRYSTAL NECKLACE,4,40.55,10.116666666666665,3
90013A,MIDNIGHT BLUE VINTAGE EARRINGS,66,250.38,3.81,47
90013B,BLACK VINTAGE EARRINGS,72,296.47,4.207843137254902,51
90013C,GREEN VINTAGE EARRINGS ,53,212.43,4.1259375,32
90013D,PURPLE VINTAGE EARRINGS,40,152.94,3.96,14
90013E,AMBER VINTAGE EARRINGS ,2,8.57,4.285,2
90014A,SILVER/MOP ORBIT NECKLACE,28,284.41999999999996,10.221052631578948,19
90014B,GOLD M PEARL  ORBIT NECKLACE,18,185.58999999999997,10.301428571428572,14
90014C,SILVER/BLACK ORBIT NECKLACE,24,241.48,10.1175,16
90016A,SILVER/M.O.P PENDANT ORBIT NECKLACE,12,102.15,8.516666666666667,9
90016B,GOLD/M.O.P PENDANT ORBIT NECKLACE,15,127.48,8.498181818181818,11
90016C,SILVER/BLACK PENDANT ORBIT NECKLACE,14,119.11,8.510909090909092,11
90018A,SILVER M.O.P ORBIT DROP EARRINGS,31,132.14,4.2647619047619045,21
90018B,GOLD M.O.P ORBIT DROP EARRINGS,19,80.82000000000001,4.2543750000000005,16
90018C,SILVER BLACK ORBIT DROP EARRINGS,16,68.11,4.260909090909092,11
90019A,SILVER M.O.P ORBIT BRACELET,32,168.52,5.3324,25
90019B,GOLD M.O.P ORBIT BRACELET,15,77.61,5.255454545454546,11
90019C,SILVER BLACK ORBIT BRACELET,29,155.67,5.39,25
90024A,NEW BAROQUE B'FLY NECKLACE BLACK,5,42.5,8.5,4
90024B,NEW BAROQUE B'FLY NECKLACE RED,17,144.96,8.52875,16
90024C,NEW BAROQUE B'FLY NECKLACE GREEN,8,68.16,8.52,8
90024D,NEW BAROQUE B'FLY NECKLACE PINK,13,110.68,8.516363636363637,11
90024E,NEW BAROQUE B'FLY NECKLACE MONTANA,14,119.17,8.518888888888888,9
90024F,NEW BAROQUE B'FLY NECKLACE CRYSTAL,3,25.48,8.495000000000001,2
90025B,BAROQUE BUTTERFLY EARRINGS RED,2,7.5600000000000005,3.7800000000000002,2
90025C,BAROQUE BUTTERFLY EARRINGS GREEN,6,22.56,3.76,6
90025D,BAROQUE BUTTERFLY EARRINGS PINK,2,7.5,3.75,2
90025E,BAROQUE BUTTERFLY EARRINGS MONTANA,6,22.77,3.795,6
90025F,BAROQUE BUTTERFLY EARRINGS CRYSTAL,4,15.27,3.8175,4
90026A,GLASS BEAD HOOP NECKLACE BLACK,9,76.47,8.49625,8
90026B,GLASS BEAD HOOP NECKLACE MONTANA,5,42.5,8.5,4
90026C,GLASS BEAD HOOP NECKLACE GREEN,4,34.0,8.5,3
90026D,GLASS BEAD HOOP NECKLACE AMETHYST,7,59.5,8.5,5
90027A,GLASS BEAD HOOP EARRINGS BLACK,4,11.82,2.955,4
90027B,GLASS BEAD HOOP EARRINGS MONTANA,10,29.520000000000003,2.9528571428571433,7
90027C,GLASS BEAD HOOP EARRINGS GREEN,9,26.67,2.967142857142857,7
90027D,GLASS BEAD HOOP EARRINGS AMETHYST,14,43.78,3.1470000000000002,10
90030A,SPOTTED WHITE NATURAL SEED NECKLACE,7,41.760000000000005,5.986666666666667,3
90030B,RED KUKUI COCONUT SEED NECKLACE,18,107.29,5.965833333333333,12
90030C,BROWN KUKUI COCONUT SEED NECKLACE,11,65.54,5.965,6
90035A,"PEARL & SHELL 42""NECKL. GREEN",19,203.93,10.725384615384616,13
90035B,"PEARL & SHELL 42""NECKL. PINK",43,380.89,10.185,4
90035C,"PEARL & SHELL 42""NECKL. IVORY",26,279.5,10.75,4
90036A,FLOWER GARLAND NECKLACE RED,21,168.06,8.019375,16
90036B,"FLOWER GLASS GARLAND NECKL.36""GREEN",14,111.30000000000001,7.95,8
90036C,"FLOWER GLASS GARLAND NECKL.36""BLUE",22,175.43,8.003,10
90036D,"FLOWER GLASS GARLAND NECKL.36""BLACK",27,214.89000000000001,7.97,12
90036E,"FLOWER GLASS GARLD NECKL36""AMETHYST",31,247.92000000000002,8.036470588235295,17
90036F,"FLOWER GLASS GARLD NECKL36""TURQUOIS",18,144.23000000000002,8.044166666666667,12
90037A,TINY CRYSTAL BRACELET RED,25,63.83,2.557272727272727,11
90037B,TINY CRYSTAL BRACELET GREEN,18,45.89,2.5479999999999996,5
90037C,TINY CRYSTAL BRACELET BLUE,21,53.559999999999995,2.55125,8
90037D,TINY CRYSTALS BRACELET BLACK,14,35.87,2.56625,8
90038A,GLASS AND PAINTED BEADS BRACELET TO,21,79.65,3.8249999999999997,12
90038B,GLASS AND PAINTED BEADS BRACELET OL,8,30.42,3.8340000000000005,5
90038C,GLASS AND BEADS BRACELET IVORY,10,37.77,3.804,5
90039A,FIRE POLISHED GLASS BRACELET RED,2,7.65,3.825,2
90039B,FIRE POLISHED GLASS BRACELET MONTAN,11,41.49,3.7900000000000005,6
90039C,FIRE POLISHED GLASS BRACELET BLACK,18,67.98,3.8185714285714285,7
90039D,FIRE POLISHED GLASS BRACELET GREEN,23,87.78,3.826875,16
90040A,MURANO STYLE GLASS BRACELET RED,39,152.76,4.032068965517242,29
90040B,MURANO STYLE GLASS BRACELET BLACK,55,196.89,3.651111111111111,27
90040C,MURANO STYLE GLASS BRACELET GOLD,27,96.14,3.6366666666666667,12
90040D,MURANO STYLE GLASS BRACELET PINK,41,148.87,3.7148000000000003,25
90042A,FRESHWATER PEARL BRACELET GOLD,60,153.14,2.5545161290322578,31
90042B,FRESHWATER PEARL BRACELET PINK,17,43.349999999999994,2.55,6
90042C,FRESHWATER PEARL BRACELET IVORY,54,137.51,2.5438095238095237,21
90058A,CRYSTAL STUD EARRINGS CLEAR DISPLAY,252,95.75999999999999,0.38000000000000006,6
90058B,CRYSTAL STUD EARRINGS ASSORTED COL ,470,276.52000000000004,0.5742857142857144,14
90059A,DIAMANTE HAIR GRIP PACK/2 CRYSTAL,51,85.83,1.6904347826086954,23
90059B,DIAMANTE HAIR GRIP PACK/2 BLACK DIA,15,25.029999999999998,1.681111111111111,9
90059C,DIAMANTE HAIR GRIP PACK/2 MONTANA,27,45.03999999999999,1.6821428571428572,14
90059D,DIAMANTE HAIR GRIP PACK/2 PERIDOT,40,66.97999999999999,1.6895454545454547,22
90059E,DIAMANTE HAIR GRIP PACK/2 RUBY,32,53.58,1.6829999999999998,20
90059F,DIAMANTE HAIR GRIP PACK/2 LT ROSE,27,45.18,1.6861538461538461,13
90060B,FIRE POLISHED GLASS NECKL GOLD,5,29.75,5.95,3
90060C,FIRE POLISHED GLASS NECKL SILVER,7,41.65,5.95,3
90060D,FIRE POLISHED GLASS NECKL BRONZE,10,59.5,5.95,6
90060F,FIRE POLISHED GLASS NECKL GREEN,23,136.92000000000002,5.955384615384616,13
90063A,WHITE VINT ART DECO CRYSTAL NECKLAC,9,76.48,8.496,5
90063B,BLACK VINT ART DEC CRYSTAL NECKLACE,11,93.85,8.54375,8
90064A,WHITE VINTAGE CRYSTAL EARRINGS,10,40.44,4.158333333333334,6
90064B,BLACK VINTAGE  CRYSTAL EARRINGS,9,33.75,3.75,5
90065A,WHITE VINTAGE CRYSTAL BRACELET,19,133.21,7.163333333333334,12
90065B,BLACK VINT ART DEC CRYSTAL BRACELET,20,141.37,7.038571428571429,14
90066A,PINK VINTAGE VICTORIAN CHOKER,5,33.75,6.75,2
90067A,PINK VINTAGE VICTORIAN EARRINGS,19,56.09,2.9544444444444444,9
90067B,BROWN VINTAGE VICTORIAN EARRINGS,14,41.32000000000001,2.955,4
90081A,LILY BROOCH AMETHYST COLOUR,35,173.5,4.964705882352941,17
90081B,LILY BROOCH WHITE/SILVER COLOUR,6,29.700000000000003,4.95,2
90081C,LILY BROOCH OLIVE COLOUR,31,155.96,5.0640909090909085,22
90082A,DIAMANTE BOW BROOCH GREEN COLOUR,30,192.26,6.4673333333333325,15
90082B,DIAMANTE BOW BROOCH RED COLOUR,39,247.64999999999998,6.35,17
90082C,DIAMANTE BOW BROOCH WHITE COLOUR,3,19.93,6.6433333333333335,3
90082D,DIAMANTE BOW BROOCH BLACK COLOUR,99,638.0699999999999,6.512499999999999,48
90120A,PINK MURANO TWIST BRACELET,87,370.19,4.259230769230769,39
90120B,BLUE MURANO TWIST BRACELET,69,291.56,4.189642857142857,28
90120C,GREEN MURANO TWIST BRACELET,60,255.6,4.263947368421053,38
90120D,WHITE MURANO TWIST BRACELET,124,512.34,4.199142857142857,35
90121B,VINTAGE ROSE BEAD BRACELET BLUE,19,80.75,4.25,9
90122A,PINK CRYSTAL+GLASS BRACELET,34,169.36,5.012352941176471,17
90122B,JADE CRYSTAL+GLASS BRACELET,40,199.06,5.003,20
90122C,TURQUOISE CRYSTAL+GLASS BRACELET,30,149.87,5.022105263157894,19
90123A,PINK HEART OF GLASS BRACELET,21,124.95,5.95,10
90123B,TURQUOISE HEART OF GLASS BRACELET,17,101.27000000000001,5.965,8
90123C,GREEN HEART OF GLASS BRACELET,13,77.46000000000001,5.968333333333334,6
90123D,WHITE HEART OF GLASS BRACELET,23,137.07999999999998,5.975555555555555,9
90124A,PINK MURANO TWIST NECKLACE,22,219.61999999999998,10.001428571428571,14
90124B,BLUE MURANO TWIST NECKLACE,28,281.46,10.093,20
90124C,GREEN MURANO TWIST NECKLACE,11,110.66999999999999,10.1025,8
90125A,PINK BERTIE GLASS BEAD BAG CHARM,34,77.73,2.6275,8
90125B,AQUA BERTIE GLASS BEAD BAG CHARM,14,31.51,2.522,5
90125C,TURQUOISE BERTIE GLASS BEAD CHARM,15,31.500000000000004,2.1,3
90125D,PURPLE BERTIE GLASS BEAD BAG CHARM,41,113.71000000000001,3.475882352941176,17
90125E,AMBER BERTIE GLASS BEAD BAG CHARM,7,23.14,3.3057142857142856,7
90126A,PINK BERTIE MOBILE PHONE CHARM,19,33.78,2.024,4
90126B,BLUE BERTIE MOBILE PHONE CHARM,3,8.48,2.8266666666666667,3
90126C,AMBER BERTIE MOBILE PHONE CHARM,19,35.519999999999996,2.5425,4
90127A,PINK BEADS+HAND PHONE CHARM,12,15.0,1.25,1
90127B,BLUE BEADS+HAND PHONE CHARM,2,2.5,1.25,2
90128A,PINK LEAVES AND BEADS PHONE CHARM,29,41.29,1.67,9
90128B,BLUE LEAVES AND BEADS PHONE CHARM,18,23.759999999999998,1.46,6
90128C,GREEN LEAVES AND BEADS PHONE CHARM,16,22.58,1.766,5
90128D,PURPLE LEAVES AND BEADS PHONE CHAR,12,18.78,1.88,6
90129A,PINK GLASS TASSLE BAG CHARM ,111,220.7,1.9630357142857142,55
90129B,TURQUOISE GLASS TASSLE BAG CHARM ,93,215.21,2.074090909090909,44
90129C,GREEN GLASS TASSLE BAG CHARM,75,168.6,2.0922222222222224,36
90129D,AMBER GLASS TASSLE BAG CHARM,54,129.79000000000002,2.168214285714286,28
90129E,PURPLE GLASS TASSLE BAG CHARM,91,192.74,1.9661702127659573,46
90129F,RED GLASS TASSLE BAG CHARM,47,106.48,2.1520689655172416,29
90130A,WHITE STONE/CRYSTAL EARRINGS,22,65.01,2.961,10
90130B,TURQ STONE/CRYSTAL EARRINGS,27,80.04,2.9690000000000003,20
90130C,GREEN STONE/CRYSTAL EARRINGS,12,35.63,2.9691666666666667,12
90130D,RED STONE/CRYSTAL EARRINGS,10,29.610000000000007,2.972,5
90135A,ORANGE/FUSCHIA STONES NECKLACE,10,49.64,4.996666666666667,3
90141A,GREEN PENDANT TRIPLE SHELL NECKLACE,9,47.35,5.3,8
90141B,IVORY PENDANT TRIPLE SHELL NECKLACE,5,25.17,5.034000000000001,5
90141C,TURQ PENDANT TRIPLE SHELL NECKLACE,6,31.38,5.286,5
90141D,ROSE PENDANT TRIPLE SHELL NECKLACE,3,15.969999999999999,5.323333333333333,3
90141E,ORANGE PENDANT TRIPLE SHELL NECKLAC,5,25.310000000000002,5.136666666666667,3
90142A,GREEN PENDANT SHELL NECKLACE,4,20.36,5.09,3
90142B,IVORY PENDANT SHELL NECKLACE,1,5.09,5.09,1
90142C,ROSE PINK PENDANT SHELL NECKLACE,1,5.09,5.09,1
90142D,MOP PENDANT SHELL NECKLACE,1,4.95,4.95,1
90152A,SILVER/NAT SHELL NECKLACE W PENDANT,2,11.58,5.79,2
90152B,BLUE/GREEN SHELL NECKLACE W PENDANT,5,29.75,5.95,4
90152C,BLUE/NAT SHELL NECKLACE W PENDANT,6,35.7,5.95,3
90160A,PURPLE BOUDICCA LARGE BRACELET,14,97.57000000000001,6.976999999999999,10
90160B,RED BOUDICCA LARGE BRACELET,41,281.19,6.728823529411764,17
90160C,TURQ+RED BOUDICCA LARGE BRACELET,44,307.18,7.019,20
90160D,PINK BOUDICCA LARGE BRACELET,38,264.52000000000004,6.982307692307692,13
90161A,ANT COPPER RED BOUDICCA BRACELET,49,245.32,5.0496,25
90161B,ANT COPPER TURQ BOUDICCA BRACELET,74,371.55,5.058292682926829,41
90161C,ANT COPPER LIME BOUDICCA BRACELET,87,436.26,5.057254901960785,51
90161D,ANT COPPER PINK BOUDICCA BRACELET,77,383.90000000000003,4.991860465116279,43
90162A,ANT SILVER TURQUOISE BOUDICCA RING,24,70.80000000000001,2.95,10
90162B,ANT SILVER LIME GREEN BOUDICCA RING,29,85.55000000000001,2.95,11
90162C,ANT SILVER FUSCHIA BOUDICCA RING,28,82.60000000000001,2.95,9
90162D,ANT SILVER PURPLE BOUDICCA RING,20,59.0,2.95,10
90163A,PINK ROSEBUD & PEARL NECKLACE,25,190.39,7.646,15
90163B,WHITE ROSEBUD & PEARL NECKLACE,6,45.73,7.6475,4
90164A,PINK ROSEBUD PEARL BRACELET,13,99.72,7.6890909090909085,11
90164B,WHITE  ROSEBUD PEARL BRACELET,29,221.95999999999998,7.667,20
90165A,PINK ROSEBUD PEARL EARRINGS,26,66.50999999999999,2.5541666666666667,12
90165B,WHITE ROSEBUD  PEARL EARRINGS,33,84.22,2.5552941176470587,17
90175A,WHITE GLASS CHUNKY CHARM BRACELET,81,727.77,8.982368421052632,38
90175B,PINK GLASS CHUNKY CHARM BRACELET,27,240.51,8.89,19
90175C,BLUE GLASS CHUNKY CHARM BRACELET,30,270.3,9.0625,16
90175D,TIGRIS EYE CHUNKY CHARM BRACELET,37,335.68,9.110909090909091,22
90176A,CLASSIC DIAMANTE NECKLACE JET,7,53.4,7.617999999999999,5
90176B,DIAMANTE NECKLACE BLACK ,1,7.5,7.5,1
90176C,DIAMANTE NECKLACE,7,53.68,7.795,4
90176D,DIAMANTE NECKLACE PURPLE,4,30.31,7.603333333333333,3
90177A,CLASSIC DIAMANTE EARRINGS JET,5,14.79,2.9579999999999997,5
90177B,DROP DIAMANTE EARRINGS BLACK DIAMON,17,50.370000000000005,2.9683333333333333,12
90177C,DROP DIAMANTE EARRINGS CRYSTAL,14,41.67,2.9723076923076923,13
90177D,DROP DIAMANTE EARRINGS PURPLE,23,68.15,2.973076923076923,13
90177E,DROP DIAMANTE EARRINGS GREEN,15,44.589999999999996,2.9735714285714288,14
90178A,AMBER CHUNKY GLASS+BEAD NECKLACE,21,251.06,11.957333333333333,15
90178B,PURPLE CHUNKY GLASS+BEAD NECKLACE,15,179.45999999999998,11.971,10
90179A,AMBER FINE BEAD NECKLACE W TASSEL,6,35.690000000000005,5.9475,4
90179B,PURPLE FINE BEAD NECKLACE W TASSEL,8,47.72,5.97,6
90179C,BLACK FINE BEAD NECKLACE W TASSEL,14,83.29,5.949090909090909,11
90180A,BLACK+WHITE NECKLACE W TASSEL,28,279.34999999999997,9.9875,20
90180B,PURPLE AMETHYST NECKLACE W TASSEL,13,130.07,10.03,9
90181A,AMBER GLASS/SHELL/PEARL NECKLACE,7,64.6,9.228571428571428,7
90181B,AMETHYST GLASS/SHELL/PEARL NECKLACE,12,112.32,9.36,12
90181C,BLACK GLASS/SHELL/PEARL NECKLACE,4,37.78,9.445,4
90182A,AMBER 3 BEAD DROP EARRINGS,1,2.96,2.96,1
90182B,AMETHYST 3 BEAD DROP EARRINGS,1,3.03,3.03,1
90182C,BLACK 3 BEAD DROP EARRINGS,5,14.780000000000001,2.9575,4
90183A,AMBER DROP EARRINGS W LONG BEADS,14,41.370000000000005,2.957777777777778,9
90183B,AMETHYST DROP EARRINGS W LONG BEADS,8,23.81,2.97625,8
90183C,BLACK DROP EARRINGS W LONG BEADS,4,11.969999999999999,2.9924999999999997,4
90184A,AMBER CHUNKY BEAD BRACELET W STRAP,34,307.84,9.158235294117647,17
90184B,AMETHYST CHUNKY BEAD BRACELET W STR,41,372.28999999999996,9.147777777777778,27
90184C,BLACK CHUNKY BEAD BRACELET W STRAP,52,470.71,9.11090909090909,33
90185A,AMBER DIAMANTE EXPANDABLE RING,25,106.5,4.262142857142857,14
90185B,AMETHYST DIAMANTE EXPANDABLE RING,45,191.66,4.264347826086956,23
90185C,BLACK DIAMANTE EXPANDABLE RING,42,178.86,4.2644,25
90185D,CRYSTAL DIAMANTE EXPANDABLE RING,37,157.45,4.258076923076923,26
90186A,AMETHYST HOOP EARRING FLORAL LEAF,59,174.52,2.9619230769230773,25
90186B,CRYSTAL HOOP EARRING FLORAL LEAF,36,106.64000000000001,2.966470588235294,17
90187A,BLUE DROP EARRINGS W BEAD CLUSTER,7,23.720000000000002,3.395,6
90187B,GREEN DROP EARRINGS W BEAD CLUSTER,10,33.96,3.4025,8
90189A,SILVER 2 STRAND NECKLACE-LEAF CHARM,9,67.64,7.523333333333333,6
90189B,GOLD 2 STRAND NECKLACE-LEAF CHARMS,3,22.5,7.5,2
90190A,SILVER/CRYSTAL DROP EARRINGS W LEAF,28,82.83000000000001,2.9604761904761907,21
90190B,GOLD/AMBER DROP EARRINGS W LEAF,32,94.4,2.95,8
90190C,SILVER/AMETHYST DROP EARRINGS LEAF,38,112.27000000000001,2.9585,20
90195A,PURPLE GEMSTONE BRACELET,56,507.10999999999996,9.114166666666668,36
90195B,BLACK GEMSTONE BRACELET,50,448.60999999999996,8.99625,24
90196A,PURPLE GEMSTONE NECKLACE 45CM,16,204.0,12.75,8
90196B,BLACK GEMSTONE NECKLACE 45CM,15,191.25,12.75,10
90197B,BLACK GLASS BRACELET W HEART CHARMS,29,147.79,5.105833333333333,24
90197D,AMBER GLASS BRACELET HEART CHARMS,9,44.550000000000004,4.95,4
90198A,VINTAGE ROSE BEAD BRACELET RASPBERR,70,297.94,4.255121951219512,41
90198B,VINTAGE ROSE BEAD BRACELET BLACK,69,293.75,4.260303030303031,33
90199A,5 STRAND GLASS NECKLACE BLACK,14,88.94,6.353333333333333,12
90199B,5 STRAND GLASS NECKLACE AMETHYST,28,178.39,6.374583333333334,24
90199C,5 STRAND GLASS NECKLACE CRYSTAL,86,503.09999999999997,6.314166666666666,22
90199D,5 STRAND GLASS NECKLACE AMBER,16,101.66,6.356,10
90200A,PURPLE SWEETHEART BRACELET,104,442.47,4.258703703703704,54
90200B,BLACK SWEETHEART BRACELET,92,391.12,4.253157894736842,38
90200C,BLUE SWEETHEART BRACELET,161,684.41,4.252894736842106,76
90200D,PINK SWEETHEART BRACELET,160,680.9,4.257272727272727,77
90200E,GREEN SWEETHEART BRACELET,110,467.54,4.2508,50
90201A,PURPLE ENAMEL FLOWER RING,61,180.33,2.9646153846153847,26
90201B,BLACK ENAMEL FLOWER RING,70,207.33,2.9724242424242426,33
90201C,RED ENAMEL FLOWER RING,56,165.52,2.9624,25
90201D,GREEN ENAMEL FLOWER RING,57,168.49,2.9625925925925922,27
90202A,PURPLE ENAMEL FLOWER HAIR TIE,9,26.62,2.9575,8
90202B,WHITE ENAMEL FLOWER HAIR TIE,7,20.84,2.981666666666667,6
90202C,GREEN ENAMEL FLOWER HAIR TIE,12,35.71,2.9758333333333336,12
90202D,PINK ENAMEL FLOWER HAIR TIE,26,77.03000000000002,2.968461538461539,13
90205A,LARGE MINT DIAMANTE HAIRSLIDE,11,18.71,1.70125,8
90205C,LARGE CRYSTAL DIAMANTE HAIRSLIDE,49,74.1,1.6655555555555557,9
90206A,GOLD DIAMANTE STAR BROOCH,4,19.8,4.95,3
90206C,CRYSTAL DIAMANTE STAR BROOCH,36,182.97,5.105925925925926,27
90209A,PURPLE ENAMEL+GLASS HAIR COMB,89,161.7,1.9833333333333334,6
90209B,GREEN ENAMEL+GLASS HAIR COMB,205,394.01,2.103333333333333,48
90209C,PINK ENAMEL+GLASS HAIR COMB,139,280.29,2.1064864864864865,37
90210A,GREY ACRYLIC FACETED BANGLE,54,149.79000000000002,2.921818181818182,11
90210B,CLEAR ACRYLIC FACETED BANGLE,64,179.34,2.9370000000000003,20
90210C,RED   ACRYLIC FACETED BANGLE,20,59.010000000000005,2.9520000000000004,5
90210D,PURPLE ACRYLIC FACETED BANGLE,35,103.68,2.978666666666667,15
90211A,DIAMOND LAS VEGAS NECKLACE 45CM,19,113.42000000000002,5.976,15
90211B,JET BLACK LAS VEGAS NECKLACE 45CM,30,178.73000000000002,5.960909090909092,22
90212B,JET BLACK LAS VEGAS BRACELET ROUND,31,117.51,3.8072727272727276,22
90212C,PURPLE LAS VEGAS BRACELET ROUND,11,41.25,3.75,5
90214A,"LETTER ""A"" BLING KEY RING",89,107.09,1.2076470588235293,51
90214B,"LETTER ""B"" BLING KEY RING",43,52.21,1.2147619047619047,21
90214C,"LETTER ""C"" BLING KEY RING",85,99.51,1.1636585365853658,41
90214D,"LETTER ""D"" BLING KEY RING",35,43.47,1.2366666666666666,21
90214E,"LETTER ""E"" BLING KEY RING",76,91.17999999999999,1.2153658536585366,41
90214F,"LETTER ""F"" BLING KEY RING",19,22.55,1.1642857142857144,14
90214G,"LETTER ""G"" BLING KEY RING",44,56.38,1.2747619047619048,21
90214H,"LETTER ""H"" BLING KEY RING",40,45.2,1.092857142857143,28
90214I,"LETTER ""I"" BLING KEY RING",26,33.08,1.28625,16
90214J,"LETTER ""J"" BLING KEY RING",91,109.31,1.2092,50
90214K,"LETTER ""K"" BLING KEY RING",79,100.65,1.2979166666666666,48
90214L,"LETTER ""L"" BLING KEY RING",85,103.57,1.2051515151515153,33
90214M,"LETTER ""M"" BLING KEY RING",85,96.35,1.236923076923077,39
90214N,"LETTER ""N"" BLING KEY RING",40,49.72,1.2554545454545456,21
90214O,"LETTER ""O"" BLING KEY RING",21,25.45,1.1928571428571428,14
90214P,"LETTER ""P"" BLING KEY RING",41,48.91,1.2110526315789472,19
90214R,"LETTER ""R"" BLING KEY RING",55,69.97,1.3035714285714286,28
90214S,"LETTER ""S"" BLING KEY RING",96,116.64,1.2067999999999999,50
90214T,"LETTER ""T"" BLING KEY RING",33,42.11,1.316153846153846,13
90214U,"LETTER ""U"" BLING KEY RING",1,1.25,1.25,1
90214V,"LETTER ""V"" BLING KEY RING",14,15.1,1.0833333333333333,12
90214W,"LETTER ""W"" BLING KEY RING",3,3.35,1.1166666666666667,3
90214Y,"LETTER ""Y"" BLING KEY RING",3,3.35,1.1166666666666667,3
90214Z,"LETTER ""Z"" BLING KEY RING",10,10.5,1.0277777777777777,9
ADJUST,Adjustment by john on 26/01/2010 16,20,2334.43,116.72149999999999,20
ADJUST,Adjustment by john on 26/01/2010 17,16,6563.5,410.21875,16
ADJUST2,Adjustment by Peter on Jun 25 2010 ,3,731.0500000000001,243.68333333333337,3
AMAZONFEE,AMAZON FEE,2,20248.04,10124.02,2
BANK CHARGES, Bank Charges,2,30.0,15.0,2
BANK CHARGES,Bank Charges,21,339.24,16.154285714285713,21
C2,CARRIAGE,131,6625.0,50.57251908396947,131
D,Discount,196,397.89,41.378,5
DCGS0003,BOXED GLASS ASHTRAY,9,22.65,2.5166666666666666,9
DCGS0004,HAYNES CAMPER SHOULDER BAG,3,51.31,17.103333333333335,3
DCGS0037,KEY-RING CORKSCREW,1,12.72,12.72,1
DCGS0041,HAYNES MINI-COOPER PLAYING CARDS,1,5.06,5.06,1
DCGS0044,HANDZ-OFF CAR FRESHENER,1,2.57,2.57,1
DCGS0058,MISO PRETTY  GUM,42,34.82,0.8286666666666667,30
DCGS0062,ROAD-RAGE CAR FRESHENER,1,2.51,2.51,1
DCGS0066N,NAVY CUDDLES DOG HOODIE,2,17.3,8.65,2
DCGS0068,DOGS NIGHT COLLAR,2,17.12,8.56,2
DCGS0069,OOH LA LA DOGS COLLAR,4,64.52,16.13,4
DCGS0070,CAMOUFLAGE DOG COLLAR,1,12.72,12.72,1
DCGS0072,CAT CAMOUFLAGUE COLLAR,4,20.68,5.17,3
DCGS0075,CAMOUFLAGUE DOG LEAD,1,12.72,12.72,1
DCGS0076,SUNJAR LED NIGHT NIGHT LIGHT,15,243.7,16.264615384615386,13
DCGSSBOY,BOYS PARTY BAG,30,100.8,3.3600000000000003,10
DCGSSBOY,update,100,0.0,0.0,1
DCGSSGIRL,GIRLS PARTY BAG,45,151.2,3.3600000000000003,10
DCGSSGIRL,update,100,0.0,0.0,1
DOT,DOTCOM POSTAGE,733,116408.71,158.8113369713506,733
M,Manual,2765,262577.36,472.7917604355717,513
PADS,PADS TO MATCH ALL CUSHIONS,14,0.014,0.001,14
POST,POSTAGE,2310,49477.54,26.655191040843217,759
S,SAMPLES,1,73.8,73.8,1
SP1002,KID'S CHALKBOARD/EASEL,5,14.75,2.95,2
TEST001,This is a test product.,60,225.0,3.6818181818181817,11
TEST002,This is a test product.,1,1.0,1.0,1
gift_0001_10,Dotcomgiftshop Gift Voucher £10.00,6,51.239999999999995,8.54,6
gift_0001_20,Dotcomgiftshop Gift Voucher £20.00,18,304.01,16.86,17
gift_0001_30,Dotcomgiftshop Gift Voucher £30.00,17,434.56,25.56235294117647,17
gift_0001_40,Dotcomgiftshop Gift Voucher £40.00,2,65.39,32.695,2
gift_0001_50,Dotcomgiftshop Gift Voucher £50.00,2,86.03,43.015,2
gift_0001_70,Dotcomgiftshop Gift Voucher £70.00,1,59.57,59.57,1
gift_0001_80,Dotcomgiftshop Gift Voucher £80.00,1,69.56,69.56,1
m,Manual,4,12.5,3.125,3
