CustomerID,Recency,Frequency,Monetary,R_Score,F_Score,M_Score,RFM_Score,Spend_Rank
18102,0,89,349164.35,5,5,5,15,1
14646,9,78,248396.5,5,5,5,15,2
14156,6,102,196549.74,5,5,5,15,3
14911,0,205,152121.22,5,5,5,15,4
13694,8,94,131443.19,5,5,5,15,5
17511,2,31,84541.17,5,5,5,15,6
15061,2,86,83284.38,5,5,5,15,7
16684,14,27,80489.21,5,5,5,15,8
16754,7,29,65500.07,5,5,5,15,9
17949,6,74,60117.6,5,5,5,15,10
13089,3,109,57885.45,5,5,5,15,11
15311,0,121,55942.74,5,5,5,15,12
17450,2,7,52422.299999999996,5,5,5,15,13
17850,7,155,51208.87,5,5,5,15,14
13093,8,48,47111.18,5,5,5,15,16
16029,7,47,41184.3,5,5,5,15,17
15838,2,16,40519.92,5,5,5,15,18
14298,10,38,39667.19,5,5,5,15,19
13798,7,54,38683.02,5,5,5,15,20
15769,6,21,32451.6,5,5,5,15,22
13081,6,19,30867.77,5,5,5,15,23
13777,1,37,30501.260000000002,5,5,5,15,24
17841,0,91,29562.02,5,5,5,15,25
16422,4,59,28904.670000000002,5,5,5,15,27
14680,6,43,28615.27,5,5,5,15,28
13881,10,23,28019.58,5,5,5,15,29
17389,9,27,25381.65,5,5,5,15,31
14031,0,27,23632.72,5,5,5,15,33
13408,6,46,23616.422,5,5,5,15,34
16779,1,32,22554.22,5,5,5,15,36
12748,0,144,22457.9,5,5,5,15,37
13802,9,16,21659.69,5,5,5,15,39
12709,1,20,21107.94,5,5,5,15,40
17677,1,28,20329.68,5,5,5,15,41
17920,3,39,20137.24,5,5,5,15,42
12471,9,49,20129.54,5,5,5,15,43
16013,6,39,20009.84,5,5,5,15,44
15039,3,47,19960.3,5,5,5,15,45
17381,3,12,19726.76,5,5,5,15,46
12415,10,7,19543.84,5,5,5,15,47
12921,1,39,19333.95,5,5,5,15,49
14527,0,69,19257.08,5,5,5,15,50
14606,1,102,18482.1,5,5,5,15,51
13767,4,39,18320.170000000002,5,5,5,15,52
17675,2,40,17885.32,5,5,5,15,53
15856,0,26,17703.63,5,5,5,15,54
16210,3,19,17403.21,5,5,5,15,56
12681,2,24,17080.74,5,5,5,15,57
13078,1,32,16904.510000000002,5,5,5,15,58
12678,10,9,16652.72,5,5,5,15,60
17865,10,26,15785.87,5,5,5,15,62
13564,3,35,15310.35,5,5,5,15,63
14062,9,12,15120.800000000001,5,5,5,15,64
17428,3,18,14562.91,5,5,5,15,66
15808,4,18,14482.03,5,5,5,15,68
12647,2,27,14201.53,5,5,5,15,70
17377,0,60,14174.25,5,5,5,15,71
12939,14,12,13683.0,5,5,5,15,74
15513,0,18,12992.33,5,5,5,15,79
15498,1,19,12633.18,5,5,5,15,80
14667,0,31,12418.01,5,5,5,15,81
17243,4,44,11920.43,5,5,5,15,84
12682,0,23,11745.69,5,5,5,15,86
16525,1,23,11535.29,5,5,5,15,87
15640,7,15,11411.92,5,5,5,15,89
12472,4,13,11308.48,5,5,5,15,93
13319,0,34,11236.95,5,5,5,15,94
12621,0,16,11086.14,5,5,5,15,96
17044,9,11,11013.82,5,5,5,15,97
18087,14,15,10705.8,5,5,5,15,104
14299,0,19,10533.87,5,5,5,15,105
16191,10,11,10497.300000000001,5,5,5,15,106
17706,1,17,10245.49,5,5,5,15,111
17340,1,8,9935.93,5,5,5,15,112
15093,7,18,9729.09,5,5,5,15,117
14045,8,13,9653.28,5,5,5,15,118
14961,14,13,9365.47,5,5,5,15,124
15291,8,26,9178.26,5,5,5,15,125
12540,13,16,8854.25,5,5,5,15,129
15032,1,7,8821.55,5,5,5,15,130
15358,0,22,8703.210000000001,5,5,5,15,132
15738,7,26,8560.55,5,5,5,15,133
16133,11,23,8403.22,5,5,5,15,135
15044,14,18,8389.42,5,5,5,15,136
14739,2,19,8385.22,5,5,5,15,137
16126,14,11,8356.83,5,5,5,15,138
15601,7,17,8183.56,5,5,5,15,142
15078,3,23,8018.77,5,5,5,15,143
14849,8,21,7832.91,5,5,5,15,144
13013,6,18,7814.83,5,5,5,15,145
15382,9,6,7777.84,5,5,5,15,146
16782,0,26,7732.37,5,5,5,15,147
17581,7,20,7712.71,5,5,5,15,149
15005,1,29,7681.71,5,5,5,15,152
13468,3,38,7670.54,5,5,5,15,153
16713,1,18,7619.21,5,5,5,15,154
17858,4,19,7614.24,5,5,5,15,155
12668,13,6,7575.88,5,5,5,15,157
18225,0,15,7539.84,5,5,5,15,159
17364,11,17,7510.24,5,5,5,15,161
15260,7,20,7377.46,5,5,5,15,165
13715,7,13,7348.3,5,5,5,15,166
18260,9,17,7318.91,5,5,5,15,169
15555,0,22,7267.83,5,5,5,15,171
16161,3,25,7210.59,5,5,5,15,174
12583,8,13,7166.0599999999995,5,5,5,15,177
18092,0,8,7111.18,5,5,5,15,179
16550,3,14,7069.27,5,5,5,15,180
13735,11,9,6879.2300000000005,5,5,5,15,186
16327,4,11,6874.97,5,5,5,15,188
16168,4,40,6848.87,5,5,5,15,189
14051,1,15,6784.01,5,5,5,15,191
12481,0,6,6765.07,5,5,5,15,193
17160,9,11,6691.13,5,5,5,15,197
18226,13,15,6650.83,5,5,5,15,198
13174,4,10,6621.6,5,5,5,15,203
13488,2,11,6619.57,5,5,5,15,204
13199,1,30,6615.77,5,5,5,15,205
13050,1,19,6477.67,5,5,5,15,208
14866,1,8,6460.32,5,5,5,15,209
16131,10,6,6450.88,5,5,5,15,210
13113,1,14,6357.08,5,5,5,15,211
17085,11,23,6285.27,5,5,5,15,212
13327,0,14,6251.71,5,5,5,15,213
13758,1,10,6226.43,5,5,5,15,215
15281,13,7,6211.42,5,5,5,15,216
14415,14,10,6124.52,5,5,5,15,219
16923,10,13,6088.05,5,5,5,15,222
13418,7,15,6055.47,5,5,5,15,223
16709,14,9,6026.14,5,5,5,15,224
13941,7,11,6009.34,5,5,5,15,226
14422,9,13,6007.88,5,5,5,15,227
17809,6,11,5925.4800000000005,5,5,5,15,233
14030,1,14,5839.46,5,5,5,15,237
16814,4,16,5781.4400000000005,5,5,5,15,239
15984,3,21,5735.09,5,5,5,15,241
16839,4,11,5716.14,5,5,5,15,242
13448,8,9,5655.2,5,5,5,15,244
14085,3,16,5607.43,5,5,5,15,246
13999,9,17,5600.45,5,5,5,15,247
15144,14,12,5579.87,5,5,5,15,248
13047,8,17,5557.62,5,5,5,15,250
16558,1,19,5535.02,5,5,5,15,251
16985,11,13,5459.04,5,5,5,15,253
17017,0,13,5416.349999999999,5,5,5,15,254
17338,10,9,5395.79,5,5,5,15,256
15950,10,6,5376.2,5,5,5,15,258
15023,4,10,5287.64,5,5,5,15,260
15465,4,15,5281.53,5,5,5,15,262
13102,0,14,5272.83,5,5,5,15,263
17576,0,23,5266.77,5,5,5,15,265
14113,10,12,5252.1900000000005,5,5,5,15,268
13267,1,18,5236.77,5,5,5,15,269
15867,4,17,5224.81,5,5,5,15,270
12755,0,10,5218.71,5,5,5,15,271
13090,0,13,5189.32,5,5,5,15,274
13069,4,16,5185.51,5,5,5,15,275
15547,11,12,5146.45,5,5,5,15,277
15570,4,14,5105.32,5,5,5,15,279
12747,4,16,5061.03,5,5,5,15,282
12474,13,13,5048.66,5,5,5,15,283
16186,7,15,5019.17,5,5,5,15,284
13599,1,14,5013.96,5,5,5,15,285
14135,2,11,4953.61,5,5,5,15,289
17739,9,11,4939.24,5,5,5,15,290
14329,10,8,4912.38,5,5,5,15,292
15332,1,6,4892.68,5,5,5,15,294
14243,0,8,4842.28,5,5,5,15,297
13576,8,11,4834.400000000001,5,5,5,15,298
15194,3,14,4811.16,5,5,5,15,302
13831,4,13,4795.09,5,5,5,15,303
13555,13,9,4792.96,5,5,5,15,304
12971,1,33,4782.88,5,5,5,15,305
13958,14,8,4709.2300000000005,5,5,5,15,310
16556,10,10,4698.79,5,5,5,15,311
15298,1,12,4659.47,5,5,5,15,314
14395,7,12,4630.7,5,5,5,15,315
16456,8,9,4630.16,5,5,5,15,316
17873,8,14,4621.320000000001,5,5,5,15,317
15544,7,12,4615.72,5,5,5,15,318
17068,3,27,4601.69,5,5,5,15,319
13381,14,6,4585.06,5,5,5,15,321
17965,0,17,4558.01,5,5,5,15,323
18041,0,20,4536.29,5,5,5,15,326
12839,2,13,4480.31,5,5,5,15,332
13983,1,10,4479.82,5,5,5,15,333
12490,13,11,4405.71,5,5,5,15,337
18055,2,6,4381.78,5,5,5,15,338
12431,8,13,4370.52,5,5,5,15,341
18061,1,19,4369.56,5,5,5,15,342
14081,4,9,4369.47,5,5,5,15,343
13590,10,12,4354.12,5,5,5,15,345
15694,0,12,4331.41,5,5,5,15,348
15750,1,12,4330.461,5,5,5,15,349
13329,1,7,4323.97,5,5,5,15,350
12567,2,7,4308.58,5,5,5,15,351
16858,3,10,4292.59,5,5,5,15,352
16125,2,14,4292.35,5,5,5,15,353
17049,10,10,4287.5,5,5,5,15,355
14440,0,9,4281.05,5,5,5,15,357
13969,0,18,4266.88,5,5,5,15,360
16722,1,11,4258.2699999999995,5,5,5,15,361
17457,14,9,4247.11,5,5,5,15,362
15955,7,9,4242.1,5,5,5,15,363
12683,0,8,4220.21,5,5,5,15,364
12913,3,9,4217.2300000000005,5,5,5,15,365
13854,0,15,4144.44,5,5,5,15,377
17735,2,8,4134.91,5,5,5,15,379
15898,2,22,4129.26,5,5,5,15,380
14282,2,11,4120.32,5,5,5,15,381
13394,14,11,4101.68,5,5,5,15,382
16700,1,13,4091.16,5,5,5,15,384
14766,1,6,4082.76,5,5,5,15,385
15581,1,26,4076.97,5,5,5,15,386
13756,2,10,3999.2300000000005,5,5,5,15,396
16954,14,11,3996.7999999999997,5,5,5,15,397
17238,6,17,3982.66,5,5,5,15,400
14709,14,12,3965.29,5,5,5,15,402
17091,2,11,3961.44,5,5,5,15,403
13542,11,17,3959.4900000000002,5,5,5,15,405
14210,6,11,3955.6800000000003,5,5,5,15,408
14560,14,22,3876.2599999999998,5,5,5,15,418
14841,9,8,3867.2400000000002,5,5,5,15,420
16710,3,13,3823.78,5,5,5,15,425
17838,0,10,3786.7000000000003,5,5,5,15,430
17757,3,28,3773.11,5,5,5,15,433
17802,7,8,3761.38,5,5,5,15,435
18245,14,13,3757.92,5,5,5,15,436
16570,14,10,3695.91,5,5,5,15,444
16592,10,12,3694.23,5,5,5,15,445
13136,10,8,3666.9500000000003,5,5,5,15,448
15785,14,11,3640.96,5,5,5,15,449
15755,14,11,3628.87,5,5,5,15,452
14625,9,9,3598.25,5,5,5,15,454
13269,4,14,3545.47,5,5,5,15,460
18229,1,10,3526.81,5,5,5,15,463
14388,7,9,3488.16,5,5,5,15,469
13634,9,11,3486.41,5,5,5,15,470
15299,7,6,3484.53,5,5,5,15,471
12841,4,17,3472.61,5,5,5,15,477
13230,0,17,3457.83,5,5,5,15,479
14702,0,13,3427.44,5,5,5,15,483
14800,4,6,3415.38,5,5,5,15,486
14060,1,13,3378.66,5,5,5,15,493
13491,7,18,3350.7400000000002,5,5,5,15,499
17612,14,12,3346.41,5,5,5,15,500
13495,3,6,3329.39,5,5,5,15,502
16353,4,16,3323.75,5,5,5,15,504
13993,14,10,3309.35,5,5,5,15,507
13520,6,6,3285.05,5,5,5,15,511
17519,3,10,3265.4500000000003,5,5,5,15,513
14159,14,9,3230.45,5,5,5,15,518
13115,14,6,3199.92,5,5,5,15,523
15680,1,8,3173.9,5,5,5,15,529
18075,9,10,3171.54,5,5,5,15,530
17412,7,10,3159.46,5,5,5,15,531
14092,9,10,3152.54,5,5,5,15,532
17646,0,10,3141.4,5,5,5,15,535
12662,8,10,3138.2400000000002,5,5,5,15,536
13786,2,6,3127.99,5,5,5,15,539
15002,2,6,3127.9700000000003,5,5,5,15,540
16717,1,9,3127.85,5,5,5,15,541
17069,8,6,3084.58,5,5,5,15,551
12872,0,11,3062.52,5,5,5,15,557
13769,2,11,3003.9100000000003,5,5,5,15,570
17287,2,16,3000.5,5,5,5,15,572
17526,0,9,2970.14,5,5,5,15,579
13985,9,7,2960.73,5,5,5,15,581
14047,7,10,2946.42,5,5,5,15,584
17819,6,6,2907.65,5,5,5,15,592
14441,9,7,2898.8,5,5,5,15,593
14824,14,6,2895.2000000000003,5,5,5,15,594
15079,0,8,2871.74,5,5,5,15,599
14796,1,11,2865.05,5,5,5,15,601
13901,9,10,2809.14,5,5,5,15,611
12712,0,10,2797.53,5,5,5,15,615
17754,9,8,2786.57,5,5,5,15,617
14744,1,8,2785.1,5,5,5,15,618
15628,1,9,2782.02,5,5,5,15,619
13510,10,7,2766.73,5,5,5,15,623
14540,14,8,2756.98,5,5,5,15,626
15240,9,7,2753.41,5,5,5,15,629
14713,0,11,2752.5099999999998,5,5,5,15,630
17685,7,6,2751.64,5,5,5,15,631
16401,14,11,2750.83,5,5,5,15,632
12779,6,7,2740.91,5,5,5,15,635
17191,3,11,2726.77,5,5,5,15,640
17406,1,11,2704.63,5,5,5,15,646
17019,3,8,2703.03,5,5,5,15,648
14825,3,13,2698.17,5,5,5,15,650
12838,8,9,2694.75,5,5,5,15,651
17690,1,8,2685.2000000000003,5,5,5,15,652
14907,2,10,2664.69,5,5,5,15,655
17001,11,8,2651.23,5,5,5,15,659
14099,10,9,2646.7400000000002,5,5,5,15,660
16094,10,7,2617.33,5,5,5,15,667
12483,13,11,2612.2000000000003,5,5,5,15,669
14546,11,6,2610.91,5,5,5,15,670
15854,11,9,2609.1600000000003,5,5,5,15,671
12708,3,9,2601.19,5,5,5,15,673
14878,11,16,2600.41,5,5,5,15,675
17863,4,7,2585.2,5,5,5,15,677
17673,10,7,2578.91,5,5,5,15,680
15967,14,10,2568.32,5,5,5,15,683
13485,11,10,2564.98,5,5,5,15,685
12523,9,12,2562.58,5,5,5,15,687
15051,14,6,2543.55,5,5,5,15,693
18168,7,11,2538.7599999999998,5,5,5,15,696
16455,6,6,2535.69,5,5,5,15,698
16950,2,8,2535.21,5,5,5,15,699
15301,3,6,2533.09,5,5,5,15,702
17975,1,12,2527.17,5,5,5,15,704
16919,3,14,2515.76,5,5,5,15,706
13982,0,6,2511.08,5,5,5,15,707
17346,8,12,2509.84,5,5,5,15,709
15858,2,9,2508.77,5,5,5,15,710
13995,14,9,2508.32,5,5,5,15,712
14001,8,7,2487.01,5,5,5,15,716
16011,1,14,2486.0,5,5,5,15,717
16143,4,7,2485.89,5,5,5,15,718
12720,4,6,2478.94,5,5,5,15,722
15796,9,9,2463.02,5,5,5,15,726
17402,4,12,2461.68,5,5,5,15,727
15983,0,6,2458.9,5,5,5,15,728
12600,6,12,2444.88,5,5,5,15,735
14344,2,14,2443.77,5,5,5,15,736
16393,4,11,2441.61,5,5,5,15,737
16098,8,8,2435.67,5,5,5,15,738
17491,2,8,2422.2000000000003,5,5,5,15,742
12976,13,7,2417.7799999999997,5,5,5,15,744
15024,2,8,2414.18,5,5,5,15,745
16293,2,6,2408.96,5,5,5,15,746
17213,1,7,2401.07,5,5,5,15,747
15712,14,7,2400.05,5,5,5,15,748
14466,7,7,2374.5,5,5,5,15,753
15514,14,7,2368.34,5,5,5,15,755
13963,2,14,2347.33,5,5,5,15,762
16539,8,7,2343.2,5,5,5,15,765
16150,7,6,2342.57,5,5,5,15,766
15353,2,6,2336.0,5,5,5,15,767
13077,1,8,2326.35,5,5,5,15,771
17884,3,18,2325.92,5,5,5,15,772
12609,9,6,2309.01,5,5,5,15,777
12782,9,6,2287.32,5,5,5,15,787
16255,0,8,2284.34,5,5,5,15,790
14482,14,6,2283.91,5,5,5,15,791
17419,2,8,2273.95,5,5,5,15,795
13021,9,8,2270.86,5,5,5,15,797
15518,14,7,2268.44,5,5,5,15,799
15638,13,6,2265.2,5,5,5,15,801
13842,1,10,2244.29,5,5,5,15,809
12928,13,7,2242.19,5,5,5,15,811
17218,3,9,2226.96,5,5,5,15,821
14293,3,6,2221.37,5,5,5,15,824
16499,9,6,2212.89,5,5,5,15,827
13173,2,10,2212.11,5,5,5,15,828
16458,10,12,2208.15,5,5,5,15,830
14898,6,9,2195.14,5,5,5,15,835
16719,3,8,2174.13,5,5,5,15,845
15532,11,6,2174.12,5,5,5,15,846
18144,8,8,2169.25,5,5,5,15,849
17732,7,8,2166.42,5,5,5,15,851
17552,7,10,2154.88,5,5,5,15,855
15059,11,10,2153.48,5,5,5,15,856
15271,0,10,2146.95,5,5,5,15,858
12931,15,42,50291.38,4,5,5,14,15
16705,35,22,29480.061,4,5,5,14,26
14258,30,16,19381.36,4,5,5,14,48
15523,23,15,16847.18,4,5,5,14,59
14895,18,18,13980.83,4,5,5,14,72
16019,16,18,13542.92,4,5,5,14,76
17589,20,14,11433.77,4,5,5,14,88
16746,18,24,11366.64,4,5,5,14,90
12949,17,14,11359.48,4,5,5,14,92
14134,17,15,11123.35,4,5,5,14,95
14543,15,23,10988.14,4,5,5,14,98
15615,25,24,10974.23,4,5,5,14,99
16553,31,21,10864.19,4,5,5,14,102
17416,28,15,10405.03,4,5,5,14,107
13027,20,13,10327.2,4,5,5,14,109
17716,31,13,10300.98,4,5,5,14,110
18172,22,32,9905.56,4,5,5,14,113
13952,15,12,9572.45,4,5,5,14,119
14952,31,21,9529.86,4,5,5,14,121
12714,23,7,9384.85,4,5,5,14,122
14040,21,23,8963.49,4,5,5,14,126
17139,24,13,8915.99,4,5,5,14,127
12980,21,12,8870.880000000001,4,5,5,14,128
16549,32,24,8746.9,4,5,5,14,131
13178,32,10,8333.72,4,5,5,14,139
13206,35,13,8308.19,4,5,5,14,140
12437,30,21,7731.99,4,5,5,14,148
14828,23,10,7699.7,4,5,5,14,151
13162,15,12,7587.2,4,5,5,14,156
18223,22,12,7516.31,4,5,5,14,160
14049,22,9,7444.68,4,5,5,14,163
15497,17,7,7395.19,4,5,5,14,164
14194,27,15,7321.07,4,5,5,14,167
13097,23,18,7320.88,4,5,5,14,168
12476,31,12,7267.49,4,5,5,14,172
13316,27,6,7207.89,4,5,5,14,175
12433,1,5,7205.39,5,4,5,14,176
14016,31,7,7062.2,4,5,5,14,181
15874,22,14,6878.88,4,5,5,14,187
16258,22,10,6739.01,4,5,5,14,194
12557,6,4,6725.18,5,4,5,14,195
12524,23,9,6640.39,4,5,5,14,200
13668,18,14,6638.650000000001,4,5,5,14,201
14733,2,4,6579.26,5,4,5,14,206
17504,15,9,6493.14,4,5,5,14,207
14735,23,24,6174.47,4,5,5,14,217
15270,35,14,6145.37,4,5,5,14,218
13004,21,18,5994.94,4,5,5,14,231
13615,34,7,5854.84,4,5,5,14,236
14676,29,6,5808.55,4,5,5,14,238
15218,24,11,5711.9400000000005,4,5,5,14,243
17696,17,19,5393.88,4,5,5,14,257
15179,27,8,5284.97,4,5,5,14,261
13141,20,12,5267.33,4,5,5,14,264
14146,18,7,5259.3,4,5,5,14,266
15998,28,11,5193.92,4,5,5,14,273
15719,16,18,5165.9,4,5,5,14,276
14154,16,6,5115.08,4,5,5,14,278
14769,25,9,5097.13,4,5,5,14,281
16170,30,14,4983.95,4,5,5,14,286
14755,16,14,4962.27,4,5,5,14,287
12643,20,6,4960.18,4,5,5,14,288
13869,16,6,4913.22,4,5,5,14,291
12843,17,22,4881.1,4,5,5,14,295
16008,17,12,4860.35,4,5,5,14,296
16546,7,4,4819.32,5,4,5,14,300
13148,24,14,4814.56,4,5,5,14,301
16103,24,16,4762.07,4,5,5,14,307
12823,29,13,4742.0,4,5,5,14,308
15805,20,13,4660.75,4,5,5,14,313
14461,17,10,4573.85,4,5,5,14,322
16200,17,10,4539.23,4,5,5,14,324
13426,17,12,4526.06,4,5,5,14,327
12422,29,14,4428.24,4,5,5,14,336
15727,22,8,4212.65,4,5,5,14,366
13317,20,13,4212.411,4,5,5,14,367
16945,28,14,4202.66,4,5,5,14,368
16279,20,6,4195.5,4,5,5,14,369
17508,16,7,4191.92,4,5,5,14,371
13451,16,6,4191.8,4,5,5,14,372
17700,16,10,4145.33,4,5,5,14,375
15521,35,8,4098.04,4,5,5,14,383
17138,24,6,4036.77,4,5,5,14,391
14291,15,12,4020.85,4,5,5,14,392
13931,27,9,4019.85,4,5,5,14,393
17307,30,11,3999.8900000000003,4,5,5,14,395
14101,23,7,3985.14,4,5,5,14,398
13137,21,8,3983.65,4,5,5,14,399
16735,28,9,3970.0,4,5,5,14,401
15034,21,6,3957.04,4,5,5,14,407
12836,24,11,3949.37,4,5,5,14,409
17204,9,5,3940.13,5,4,5,14,411
17231,24,15,3940.08,4,5,5,14,412
16670,28,9,3934.25,4,5,5,14,413
14944,24,7,3884.42,4,5,5,14,415
15823,7,3,3882.17,5,4,5,14,416
16992,22,8,3862.19,4,5,5,14,421
16242,16,7,3824.79,4,5,5,14,424
12867,32,6,3819.92,4,5,5,14,426
15903,13,5,3813.0800000000004,5,4,5,14,427
12429,0,5,3735.51,5,4,5,14,438
16409,15,7,3629.76,4,5,5,14,451
15502,3,5,3548.34,5,4,5,14,459
15482,21,7,3537.6,4,5,5,14,462
13593,22,9,3481.41,4,5,5,14,472
18065,23,15,3473.8,4,5,5,14,475
15641,31,8,3458.35,4,5,5,14,478
17365,21,7,3417.13,4,5,5,14,485
15129,20,12,3412.78,4,5,5,14,488
17315,10,5,3318.35,5,4,5,14,506
15571,21,10,3241.92,4,5,5,14,516
14530,31,10,3226.76,4,5,5,14,519
17799,24,10,3207.76,4,5,5,14,521
15485,8,5,3186.01,5,4,5,14,526
17469,35,12,3180.28,4,5,5,14,527
17644,29,9,3132.96,4,5,5,14,538
15527,29,15,3126.36,4,5,5,14,542
14535,30,6,3118.39,4,5,5,14,545
15394,30,7,3103.26,4,5,5,14,546
16156,17,11,3096.14,4,5,5,14,547
17769,18,7,3095.95,4,5,5,14,548
12766,1,3,3078.65,5,4,5,14,553
13183,29,6,3078.4,4,5,5,14,554
17618,18,8,3071.36,4,5,5,14,555
14593,32,9,3048.38,4,5,5,14,558
13037,34,9,3033.88,4,5,5,14,561
13875,22,9,3027.58,4,5,5,14,562
17913,35,12,3020.64,4,5,5,14,564
17372,16,20,3010.13,4,5,5,14,567
16718,4,5,3006.08,5,4,5,14,568
16145,23,8,3005.9500000000003,4,5,5,14,569
17931,32,12,2993.88,4,5,5,14,573
17861,20,10,2990.41,4,5,5,14,575
16444,25,13,2971.21,4,5,5,14,578
14882,25,12,2956.9500000000003,4,5,5,14,582
13870,22,7,2941.14,4,5,5,14,587
14209,20,9,2919.84,4,5,5,14,588
15421,20,6,2854.98,4,5,5,14,602
16571,30,7,2827.05,4,5,5,14,608
15255,31,8,2815.17,4,5,5,14,609
14732,27,11,2814.58,4,5,5,14,610
13975,28,6,2795.16,4,5,5,14,616
16208,29,8,2776.19,4,5,5,14,621
16400,30,8,2755.92,4,5,5,14,627
18145,17,7,2748.19,4,5,5,14,633
17241,20,12,2736.64,4,5,5,14,636
12910,14,5,2721.48,5,4,5,14,642
12358,10,3,2719.01,5,4,5,14,643
17096,18,7,2675.8,4,5,5,14,653
14626,30,7,2619.65,4,5,5,14,665
14451,24,10,2614.78,4,5,5,14,668
16347,23,9,2595.51,4,5,5,14,676
15203,25,9,2572.38,4,5,5,14,682
15290,28,8,2553.06,4,5,5,14,691
17640,14,5,2547.28,5,4,5,14,692
16933,24,7,2536.07,4,5,5,14,697
17930,28,8,2534.7400000000002,4,5,5,14,700
13979,28,6,2510.06,4,5,5,14,708
16190,29,7,2508.4700000000003,4,5,5,14,711
17059,4,5,2506.54,5,4,5,14,713
17730,17,7,2475.32,4,5,5,14,725
18069,18,6,2455.68,4,5,5,14,730
15031,29,10,2449.75,4,5,5,14,731
13571,17,14,2448.32,4,5,5,14,732
17031,13,4,2393.5,5,4,5,14,749
17314,28,9,2376.51,4,5,5,14,751
15182,20,9,2376.1020000000003,4,5,5,14,752
17442,16,9,2371.74,4,5,5,14,754
16607,34,11,2359.16,4,5,5,14,756
12982,29,7,2354.27,4,5,5,14,759
17449,22,6,2348.94,4,5,5,14,761
13213,18,6,2330.94,4,5,5,14,770
15606,25,8,2310.83,4,5,5,14,775
17738,30,9,2304.51,4,5,5,14,779
13362,13,3,2303.33,5,4,5,14,781
12637,13,4,2280.91,5,4,5,14,793
12863,14,5,2271.35,5,4,5,14,796
12725,6,4,2266.76,5,4,5,14,800
16791,18,8,2251.85,4,5,5,14,805
14867,30,13,2241.78,4,5,5,14,812
17550,32,6,2239.48,4,5,5,14,815
17929,22,8,2239.1,4,5,5,14,816
17692,31,8,2234.86,4,5,5,14,818
16560,32,6,2206.9700000000003,4,5,5,14,832
14161,4,5,2182.46,5,4,5,14,839
16503,30,7,2182.41,4,5,5,14,840
16466,18,8,2171.13,4,5,5,14,848
12951,21,9,2149.65,4,5,5,14,857
13611,9,7,2143.53,5,5,4,14,863
14496,8,6,2129.42,5,5,4,14,873
15965,2,10,2119.26,5,5,4,14,879
16883,6,18,2101.61,5,5,4,14,886
12935,10,8,2083.16,5,5,4,14,893
13848,1,6,2080.0,5,5,4,14,894
13450,9,7,2076.32,5,5,4,14,895
17596,3,7,2075.7400000000002,5,5,4,14,896
14688,8,8,2056.3,5,5,4,14,905
15862,8,10,2033.64,5,5,4,14,914
13481,9,6,2026.28,5,5,4,14,918
15100,1,6,2018.6999999999998,5,5,4,14,922
13693,9,9,2011.82,5,5,4,14,925
16065,0,8,1992.13,5,5,4,14,937
15953,4,11,1990.8,5,5,4,14,939
16033,4,8,1985.6299999999999,5,5,4,14,941
17682,3,6,1982.45,5,5,4,14,942
17897,2,8,1968.75,5,5,4,14,946
15827,7,16,1957.98,5,5,4,14,951
15602,3,8,1932.64,5,5,4,14,967
16905,6,11,1923.57,5,5,4,14,972
15716,4,8,1913.55,5,5,4,14,981
15329,9,8,1909.13,5,5,4,14,984
13126,1,7,1898.6100000000001,5,5,4,14,988
18170,9,6,1897.69,5,5,4,14,989
15916,1,7,1874.83,5,5,4,14,1002
14032,1,6,1874.68,5,5,4,14,1003
15199,9,6,1853.7,5,5,4,14,1008
13534,14,10,1850.82,5,5,4,14,1009
18109,4,13,1828.24,5,5,4,14,1017
15380,0,7,1788.8,5,5,4,14,1034
16365,2,7,1766.78,5,5,4,14,1049
17811,9,8,1757.98,5,5,4,14,1058
13305,7,7,1751.75,5,5,4,14,1062
14748,3,7,1736.57,5,5,4,14,1072
16059,2,7,1718.66,5,5,4,14,1078
18077,1,8,1699.25,5,5,4,14,1089
17961,7,62,1697.85,5,5,4,14,1092
17470,2,7,1679.8,5,5,4,14,1100
13117,0,12,1658.9,5,5,4,14,1112
13911,14,11,1654.08,5,5,4,14,1119
14963,14,7,1651.23,5,5,4,14,1122
15550,13,8,1635.42,5,5,4,14,1132
17954,2,9,1618.93,5,5,4,14,1140
13824,14,7,1615.82,5,5,4,14,1142
14896,0,7,1614.45,5,5,4,14,1144
17460,7,12,1605.8400000000001,5,5,4,14,1152
17905,8,10,1580.3799999999999,5,5,4,14,1168
17720,2,7,1572.97,5,5,4,14,1179
14180,7,9,1570.73,5,5,4,14,1183
14608,14,7,1567.79,5,5,4,14,1184
15681,14,9,1563.54,5,5,4,14,1185
17262,1,7,1504.26,5,5,4,14,1229
14915,10,9,1503.77,5,5,4,14,1230
15860,3,10,1498.8,5,5,4,14,1235
18219,3,8,1493.1200000000001,5,5,4,14,1239
17396,6,7,1476.3,5,5,4,14,1250
15081,2,8,1460.92,5,5,4,14,1262
16233,1,7,1429.03,5,5,4,14,1285
14217,1,7,1411.91,5,5,4,14,1294
14404,4,8,1404.04,5,5,4,14,1304
15732,7,9,1387.95,5,5,4,14,1323
14987,0,7,1387.4499999999998,5,5,4,14,1324
15580,11,8,1375.39,5,5,4,14,1334
16904,2,7,1360.31,5,5,4,14,1353
16218,8,7,1355.29,5,5,4,14,1359
17235,7,7,1354.82,5,5,4,14,1361
16600,9,7,1339.89,5,5,4,14,1371
16221,2,7,1325.8,5,5,4,14,1381
17324,1,9,1311.64,5,5,4,14,1396
16010,11,8,1302.46,5,5,4,14,1404
14710,14,9,1300.31,5,5,4,14,1406
17894,1,11,1292.39,5,5,4,14,1415
15889,4,7,1279.6,5,5,4,14,1425
17228,2,7,1269.8899999999999,5,5,4,14,1434
13838,4,7,1245.91,5,5,4,14,1463
14821,1,7,1230.15,5,5,4,14,1477
15660,0,7,1212.13,5,5,4,14,1495
16891,6,7,1202.77,5,5,4,14,1503
16928,8,13,1199.08,5,5,4,14,1507
13984,1,8,1128.09,5,5,4,14,1579
17888,9,17,1091.44,5,5,4,14,1607
17227,3,7,1081.86,5,5,4,14,1613
16725,6,8,1052.14,5,5,4,14,1649
18008,50,14,17642.89,3,5,5,13,55
17404,44,8,15874.3,3,5,5,13,61
13001,39,20,14256.68,3,5,5,13,69
12454,30,4,13151.44,4,4,5,13,77
14277,46,6,13009.61,3,5,5,13,78
16652,39,9,10776.42,3,5,5,13,103
15251,49,10,9839.55,3,5,5,13,114
13225,56,9,9796.23,3,5,5,13,115
16843,57,19,9374.86,3,5,5,13,123
16656,55,15,8207.37,3,5,5,13,141
16873,64,6,7493.77,3,5,5,13,162
14110,70,21,7304.8,3,5,5,13,170
14426,38,7,7246.27,3,5,5,13,173
12477,34,3,7056.63,4,4,5,13,182
17409,56,8,7021.66,3,5,5,13,183
15296,55,6,6650.17,3,5,5,13,199
12989,59,18,6627.64,3,5,5,13,202
12435,31,4,6096.04,4,4,5,13,221
14505,39,11,6019.65,3,5,5,13,225
12835,62,41,5996.83,3,5,5,13,229
15981,36,13,5954.29,3,5,5,13,232
16984,39,7,5891.01,3,5,5,13,234
13629,48,8,5578.5,3,5,5,13,249
14249,45,12,5400.461,3,5,5,13,255
17107,32,4,5255.24,4,4,5,13,267
17146,70,10,5102.86,3,5,5,13,280
12705,18,5,4893.81,4,4,5,13,293
18231,41,23,4782.4,3,5,5,13,306
16701,58,13,4518.43,3,5,5,13,328
18178,37,7,4512.93,3,5,5,13,329
15674,52,8,4501.63,3,5,5,13,331
14648,51,15,4466.65,3,5,5,13,334
17611,56,13,4376.41,3,5,5,13,339
14292,45,7,4354.32,3,5,5,13,344
14918,39,7,4345.66,3,5,5,13,346
16938,16,5,4283.68,4,4,5,13,356
14936,25,4,4273.79,4,4,5,13,359
17593,44,6,4168.46,3,5,5,13,373
15622,62,8,4143.05,3,5,5,13,378
12589,56,6,4048.98,3,5,5,13,389
13883,38,10,3885.54,3,5,5,13,414
13446,65,11,3881.89,3,5,5,13,417
14525,63,8,3810.64,3,5,5,13,428
12917,35,5,3765.2000000000003,4,4,5,13,434
16497,48,17,3729.59,3,5,5,13,439
13082,59,12,3722.12,3,5,5,13,440
13654,15,5,3600.67,4,4,5,13,453
12356,15,3,3560.3,4,4,5,13,458
12633,17,3,3514.18,4,4,5,13,465
14844,65,6,3512.62,3,5,5,13,466
12759,21,5,3489.3,4,4,5,13,468
15159,30,4,3475.72,4,4,5,13,474
12613,23,5,3472.9900000000002,4,4,5,13,476
12623,51,6,3442.74,3,5,5,13,482
17876,34,3,3424.02,4,4,5,13,484
15812,70,7,3400.33,3,5,5,13,489
13324,63,8,3391.52,3,5,5,13,490
13658,18,4,3386.33,4,4,5,13,492
17663,52,10,3372.92,3,5,5,13,496
16563,35,5,3334.82,4,4,5,13,501
14970,44,8,3327.29,3,5,5,13,503
13659,51,10,3321.68,3,5,5,13,505
16153,55,6,3309.26,3,5,5,13,508
14852,59,12,3295.7400000000002,3,5,5,13,509
13214,52,7,3264.23,3,5,5,13,514
13722,55,7,3260.0,3,5,5,13,515
13552,63,10,3208.85,3,5,5,13,520
15367,53,7,3203.74,3,5,5,13,522
16351,46,12,3176.13,3,5,5,13,528
12417,45,11,3148.31,3,5,5,13,533
16325,59,9,3003.26,3,5,5,13,571
14590,59,20,2993.37,3,5,5,13,574
12406,34,3,2975.06,4,4,5,13,577
14532,46,7,2912.93,3,5,5,13,590
13291,49,10,2909.68,3,5,5,13,591
14465,63,8,2887.4100000000003,3,5,5,13,595
16003,16,5,2878.46,4,4,5,13,597
14257,15,4,2854.73,4,4,5,13,603
15122,57,8,2853.4900000000002,3,5,5,13,604
14817,30,5,2849.52,4,4,5,13,605
14913,23,4,2845.7,4,4,5,13,606
12749,34,4,2806.48,4,4,5,13,612
16316,15,5,2806.0,4,4,5,13,613
13052,55,6,2771.18,3,5,5,13,622
14401,59,9,2744.42,3,5,5,13,634
12986,63,10,2729.84,3,5,5,13,638
17082,29,4,2728.18,4,4,5,13,639
14740,44,8,2712.85,3,5,5,13,645
14493,25,5,2704.62,4,4,5,13,647
17848,52,21,2657.91,3,5,5,13,657
13929,51,9,2651.45,3,5,5,13,658
12967,6,2,2646.02,5,3,5,13,661
17083,44,6,2644.0099999999998,3,5,5,13,662
16655,46,7,2633.7400000000002,3,5,5,13,663
16303,27,4,2567.64,4,4,5,13,684
12359,60,6,2563.36,3,5,5,13,686
17465,60,7,2542.79,3,5,5,13,695
15046,60,10,2533.37,3,5,5,13,701
13384,25,4,2528.9,4,4,5,13,703
12978,20,5,2502.82,4,4,5,13,714
16523,50,7,2497.86,3,5,5,13,715
13018,48,7,2485.46,3,5,5,13,719
16104,53,8,2476.25,3,5,5,13,724
13557,50,11,2448.2000000000003,3,5,5,13,733
13823,15,5,2445.79,4,4,5,13,734
14044,53,6,2431.28,3,5,5,13,739
13464,29,5,2422.96,4,4,5,13,741
18287,17,4,2345.71,4,4,5,13,764
13266,48,7,2300.78,3,5,5,13,782
14341,55,10,2285.04,3,5,5,13,789
13297,20,3,2278.77,4,4,5,13,794
16383,31,5,2252.93,4,4,5,13,804
14649,17,5,2248.6,4,4,5,13,806
15365,38,6,2242.81,3,5,5,13,810
15757,21,4,2225.94,4,4,5,13,822
13421,41,6,2225.04,3,5,5,13,823
15476,15,4,2209.98,4,4,5,13,829
15569,25,5,2207.7400000000002,4,4,5,13,831
12480,34,3,2183.22,4,4,5,13,838
17311,27,4,2181.71,4,4,5,13,841
17063,42,6,2177.39,3,5,5,13,844
15493,24,4,2168.27,4,4,5,13,850
14211,46,9,2161.19,3,5,5,13,854
13152,52,7,2146.38,3,5,5,13,860
14431,14,3,2143.84,4,4,5,13,862
15623,28,7,2136.02,4,5,4,13,869
15027,30,6,2129.45,4,5,4,13,872
16748,23,9,2121.43,4,5,4,13,877
14399,29,8,2108.21,4,5,4,13,884
14147,23,7,2106.7999999999997,4,5,4,13,885
14307,8,5,2075.31,5,4,4,13,897
16795,0,3,2062.41,5,4,4,13,899
15221,1,4,2062.2,5,4,4,13,900
16612,14,5,2057.77,5,4,4,13,903
16206,22,9,2052.81,4,5,4,13,906
12395,6,4,2048.64,5,4,4,13,909
16395,28,9,2036.35,4,5,4,13,913
15312,18,8,2005.3400000000001,4,5,4,13,928
16163,0,5,1992.98,5,4,4,13,936
18259,1,5,1979.6000000000001,5,4,4,13,943
13750,15,6,1954.92,4,5,4,13,956
14205,29,7,1947.5,4,5,4,13,960
16686,24,9,1921.19,4,5,4,13,975
16128,15,6,1920.83,4,5,4,13,976
16812,13,3,1912.65,5,4,4,13,982
16416,25,6,1906.48,4,5,4,13,985
17293,29,8,1896.57,4,5,4,13,991
16823,22,6,1884.71,4,5,4,13,998
12586,9,3,1865.73,5,4,4,13,1004
14507,13,5,1848.8600000000001,5,4,4,13,1010
13455,1,5,1847.59,5,4,4,13,1012
13728,22,10,1839.03,4,5,4,13,1015
16477,6,5,1825.56,5,4,4,13,1019
13032,27,7,1805.78,4,5,4,13,1024
13577,17,7,1801.68,4,5,4,13,1028
14534,32,8,1790.36,4,5,4,13,1033
16005,10,6,1786.78,5,4,4,13,1035
14790,9,6,1781.56,5,4,4,13,1037
16510,7,6,1777.5,5,4,4,13,1040
15351,4,4,1770.23,5,4,4,13,1045
13648,35,8,1764.02,4,5,4,13,1055
12594,13,5,1751.89,5,4,4,13,1061
16983,4,5,1748.15,5,4,4,13,1063
12820,32,7,1747.18,4,5,4,13,1064
12963,0,5,1744.96,5,4,4,13,1065
16086,2,6,1743.6,5,4,4,13,1067
14390,7,5,1731.16,5,4,4,13,1073
17211,4,6,1729.43,5,4,4,13,1074
15596,0,5,1723.45,5,4,4,13,1075
15625,11,5,1702.1399999999999,5,4,4,13,1086
14409,3,5,1696.64,5,4,4,13,1094
17320,3,4,1695.15,5,4,4,13,1095
16326,18,10,1682.03,4,5,4,13,1098
16241,4,4,1680.2,5,4,4,13,1099
12870,10,3,1676.95,5,4,4,13,1101
14673,2,3,1674.41,5,4,4,13,1104
16470,31,7,1664.08,4,5,4,13,1108
13561,32,10,1661.54,4,5,4,13,1110
14177,16,9,1660.23,4,5,4,13,1111
13643,17,7,1637.33,4,5,4,13,1129
16081,1,4,1637.14,5,4,4,13,1130
14562,25,8,1631.38,4,5,4,13,1134
13554,15,7,1629.35,4,5,4,13,1136
14215,3,4,1626.61,5,4,4,13,1137
14934,13,3,1612.56,5,4,4,13,1145
14467,24,8,1606.98,4,5,4,13,1151
16634,7,5,1596.71,5,4,4,13,1156
17994,23,7,1595.1399999999999,4,5,4,13,1158
14396,6,6,1591.74,5,4,4,13,1161
13202,29,7,1580.3,4,5,4,13,1169
15288,0,6,1574.51,5,4,4,13,1174
17921,14,6,1574.13,5,4,4,13,1176
15885,18,12,1572.47,4,5,4,13,1181
15752,7,3,1557.96,5,4,4,13,1189
14449,7,5,1555.4,5,4,4,13,1192
15747,10,6,1553.1699999999998,5,4,4,13,1195
15834,11,3,1539.24,5,4,4,13,1203
12924,28,8,1535.7,4,5,4,13,1204
15434,9,6,1525.5800000000002,5,4,4,13,1213
13211,16,7,1523.35,4,5,4,13,1216
15173,15,7,1494.6,4,5,4,13,1238
12826,0,6,1481.03,5,4,4,13,1247
14312,13,5,1478.7,5,4,4,13,1249
13652,3,3,1475.77,5,4,4,13,1251
17050,10,5,1462.95,5,4,4,13,1259
13650,9,4,1451.66,5,4,4,13,1267
15325,30,7,1439.72,4,5,4,13,1276
15793,13,5,1433.96,5,4,4,13,1281
15910,35,7,1432.29,4,5,4,13,1283
16520,0,4,1427.57,5,4,4,13,1287
18044,22,8,1417.01,4,5,4,13,1289
15611,18,13,1405.83,4,5,4,13,1300
15658,7,4,1399.3700000000001,5,4,4,13,1309
16595,11,4,1397.59,5,4,4,13,1313
17676,1,5,1378.16,5,4,4,13,1330
14130,10,3,1377.86,5,4,4,13,1331
15392,9,3,1376.09,5,4,4,13,1332
14651,29,7,1371.77,4,5,4,13,1337
17432,20,7,1363.23,4,5,4,13,1347
16775,2,6,1361.23,5,4,4,13,1352
16085,15,7,1359.52,4,5,4,13,1354
17150,11,6,1357.95,5,4,4,13,1356
16835,8,5,1357.56,5,4,4,13,1357
14905,9,6,1355.24,5,4,4,13,1360
15649,2,3,1354.35,5,4,4,13,1362
13662,20,8,1352.35,4,5,4,13,1366
13655,9,4,1347.54,5,4,4,13,1368
13705,8,5,1323.47,5,4,4,13,1383
13748,8,5,1320.1,5,4,4,13,1388
13946,11,3,1314.66,5,4,4,13,1394
13649,1,5,1304.88,5,4,4,13,1402
14499,9,4,1293.3500000000001,5,4,4,13,1414
15058,11,5,1285.04,5,4,4,13,1423
14506,4,3,1256.6000000000001,5,4,4,13,1449
14861,15,9,1254.94,4,5,4,13,1450
13531,1,5,1254.72,5,4,4,13,1451
14236,7,4,1253.78,5,4,4,13,1454
17259,3,5,1239.11,5,4,4,13,1468
12605,11,4,1232.95,5,4,4,13,1473
13019,14,6,1229.95,5,4,4,13,1478
13118,11,4,1217.6,5,4,4,13,1490
16817,3,5,1200.15,5,4,4,13,1505
16235,10,4,1186.4,5,4,4,13,1522
13506,4,4,1180.68,5,4,4,13,1530
18025,14,6,1177.72,5,4,4,13,1532
13880,2,5,1171.89,5,4,4,13,1536
16926,6,5,1169.61,5,4,4,13,1539
15111,7,3,1163.39,5,4,4,13,1541
15347,1,4,1162.0,5,4,4,13,1542
17978,0,4,1159.99,5,4,4,13,1548
17025,8,4,1152.87,5,4,4,13,1551
16770,7,5,1152.63,5,4,4,13,1552
17908,8,5,1142.47,5,4,4,13,1560
18036,20,8,1142.37,4,5,4,13,1561
16350,9,5,1137.42,5,4,4,13,1568
15426,4,5,1134.85,5,4,4,13,1571
14692,15,8,1123.59,4,5,4,13,1583
13259,32,8,1119.36,4,5,4,13,1589
17289,11,6,1110.78,5,4,4,13,1596
16654,3,5,1110.2,5,4,4,13,1597
17090,9,6,1105.53,5,4,4,13,1601
17726,30,7,1092.06,4,5,4,13,1606
14021,9,4,1084.68,5,4,4,13,1611
13579,4,4,1072.0,5,4,4,13,1625
18118,4,4,1068.05,5,4,4,13,1631
17345,10,6,1066.94,5,4,4,13,1633
17343,11,5,1066.3,5,4,4,13,1634
14306,13,4,1058.0800000000002,5,4,4,13,1643
13065,8,5,1055.05,5,4,4,13,1646
13890,9,4,1043.57,5,4,4,13,1656
13884,11,5,1037.43,5,4,4,13,1662
13240,0,5,1036.21,5,4,4,13,1664
13610,22,7,1021.38,4,5,4,13,1680
15373,6,6,1002.9300000000001,5,4,4,13,1705
14829,7,4,995.29,5,4,4,13,1714
16699,15,7,994.6,4,5,4,13,1715
16359,11,7,946.83,5,5,3,13,1781
14723,6,7,927.89,5,5,3,13,1800
17940,80,6,26286.75,2,5,5,12,30
14063,73,9,22710.2,2,5,5,12,35
18251,80,8,21964.14,2,5,5,12,38
15768,111,31,14687.06,2,5,5,12,65
17448,132,46,14523.67,2,5,5,12,67
14088,41,3,13544.99,3,4,5,12,75
12409,55,4,12346.62,3,4,5,12,82
12357,23,2,12079.99,4,3,5,12,83
13340,52,5,11364.08,3,4,5,12,91
13680,106,8,7700.55,2,5,5,12,150
14607,102,8,7553.63,2,5,5,12,158
12380,100,7,6951.49,2,5,5,12,184
15369,127,11,6251.26,2,5,5,12,214
15202,55,3,6001.49,3,4,5,12,228
15125,114,9,5496.39,2,5,5,12,252
17157,115,17,4832.9,2,5,5,12,299
14105,43,4,4722.6,3,4,5,12,309
17308,28,2,4511.76,4,3,5,12,330
14175,53,5,4456.58,3,4,5,12,335
15633,144,13,4335.96,2,5,5,12,347
13044,127,10,4287.58,2,5,5,12,354
13373,50,3,4274.94,3,4,5,12,358
12510,94,7,4195.45,2,5,5,12,370
14025,99,8,4057.9,2,5,5,12,388
15372,85,7,4009.66,2,5,5,12,394
15321,72,9,3961.42,2,5,5,12,404
13157,44,5,3946.14,3,4,5,12,410
17829,44,4,3867.5,3,4,5,12,419
14286,39,4,3851.0099999999998,3,4,5,12,423
16732,38,3,3783.89,3,4,5,12,431
14442,49,5,3777.2,3,4,5,12,432
17092,72,7,3737.38,2,5,5,12,437
13107,48,5,3721.4500000000003,3,4,5,12,441
16772,58,3,3698.05,3,4,5,12,443
18064,81,9,3667.83,2,5,5,12,447
16072,63,3,3595.77,3,4,5,12,455
16253,55,5,3588.34,3,4,5,12,456
16336,55,4,3517.69,3,4,5,12,464
12615,48,4,3449.79,3,4,5,12,480
13815,41,4,3448.38,3,4,5,12,481
14514,71,6,3389.84,2,5,5,12,491
18094,81,6,3374.2200000000003,2,5,5,12,495
15538,172,6,3358.4,2,5,5,12,497
13031,42,5,3292.84,3,4,5,12,510
13015,73,6,3240.14,2,5,5,12,517
13953,44,5,3125.0,3,4,5,12,543
14221,84,8,3084.69,2,5,5,12,550
17426,87,7,3040.51,2,5,5,12,559
13562,36,5,3038.85,3,4,5,12,560
15722,80,6,3022.79,2,5,5,12,563
14227,49,5,3017.75,3,4,5,12,565
16986,80,9,3015.55,2,5,5,12,566
15222,107,10,2965.91,2,5,5,12,580
15939,9,1,2945.38,5,2,5,12,585
14112,86,6,2919.44,2,5,5,12,589
16467,143,7,2869.16,2,5,5,12,600
16283,53,3,2779.51,3,4,5,12,620
15817,55,3,2766.4,3,4,5,12,624
14770,102,6,2761.2200000000003,2,5,5,12,625
14572,52,4,2722.34,3,4,5,12,641
13461,42,3,2715.0,3,4,5,12,644
12349,42,3,2671.14,3,4,5,12,654
14566,52,3,2660.0,3,4,5,12,656
17672,52,5,2600.46,3,4,5,12,674
15754,128,6,2579.04,2,5,5,12,679
15249,65,5,2577.54,3,4,5,12,681
16308,41,3,2560.0,3,4,5,12,688
13707,64,3,2559.45,3,4,5,12,689
17512,87,8,2542.83,2,5,5,12,694
16767,53,4,2481.2,3,4,5,12,720
15123,56,3,2456.86,3,4,5,12,729
12656,60,3,2356.66,3,4,5,12,757
15015,136,13,2354.97,2,5,5,12,758
16742,127,13,2334.97,2,5,5,12,768
13458,14,2,2312.7,4,3,5,12,774
15306,135,6,2310.38,2,5,5,12,776
17602,107,8,2300.01,2,5,5,12,784
13527,53,5,2298.93,3,4,5,12,785
12374,56,3,2246.29,3,4,5,12,807
13131,53,4,2240.47,3,4,5,12,814
15389,35,4,2233.8,3,4,5,12,819
16584,67,3,2220.09,3,4,5,12,825
14290,48,3,2201.9100000000003,3,4,5,12,833
12371,44,3,2179.42,3,4,5,12,843
17822,55,5,2162.93,3,4,5,12,853
16918,57,10,2137.72,3,5,4,12,866
16202,52,8,2136.72,3,5,4,12,867
16841,63,6,2136.24,3,5,4,12,868
14057,16,5,2135.0,4,4,4,12,871
13059,48,9,2108.37,3,5,4,12,883
17774,32,5,2060.1,4,4,4,12,901
14869,23,4,2056.69,4,4,4,12,904
13431,41,6,2047.14,3,5,4,12,910
12733,24,3,2040.92,4,4,4,12,911
16331,67,6,2037.7,3,5,4,12,912
12849,16,4,2032.18,4,4,4,12,915
15819,66,6,2029.34,3,5,4,12,917
17722,1,2,2006.32,5,3,4,12,927
16554,21,5,2004.6200000000001,4,4,4,12,929
17203,23,4,2004.01,4,4,4,12,930
14555,16,4,1991.49,4,4,4,12,938
13772,35,5,1977.39,4,4,4,12,944
18097,20,5,1965.52,4,4,4,12,948
13851,14,5,1955.0,4,4,4,12,954
14655,23,3,1946.28,4,4,4,12,961
13849,32,3,1931.35,4,4,4,12,968
14064,65,10,1925.9,3,5,4,12,970
14492,65,7,1921.91,3,5,4,12,974
13971,58,6,1909.31,3,5,4,12,983
16209,17,4,1884.16,4,4,4,12,999
14239,66,10,1882.3200000000002,3,5,4,12,1000
13663,15,4,1858.04,4,4,4,12,1006
16229,16,4,1857.26,4,4,4,12,1007
15944,28,3,1839.14,4,4,4,12,1014
17623,44,6,1838.72,3,5,4,12,1016
13538,31,5,1822.28,4,4,4,12,1020
13623,15,5,1805.32,4,4,4,12,1025
17857,0,2,1803.2,5,3,4,12,1026
16797,28,5,1802.02,4,4,4,12,1027
13203,21,6,1778.79,4,4,4,12,1039
16225,37,10,1762.99,3,5,4,12,1056
12865,13,2,1755.24,5,3,4,12,1059
17742,63,9,1743.3700000000001,3,5,4,12,1068
13719,28,6,1741.4,4,4,4,12,1069
16087,24,5,1739.92,4,4,4,12,1071
16619,18,3,1712.1200000000001,4,4,4,12,1080
13665,21,3,1711.6599999999999,4,4,4,12,1081
16062,14,4,1709.83,4,4,4,12,1082
14988,15,6,1704.11,4,4,4,12,1084
15971,20,6,1702.9800000000002,4,4,4,12,1085
17588,31,4,1699.35,4,4,4,12,1088
12500,70,8,1697.39,3,5,4,12,1093
15215,28,4,1687.49,4,4,4,12,1097
14004,28,4,1675.81,4,4,4,12,1103
12649,17,5,1671.1399999999999,4,4,4,12,1105
13092,49,7,1662.45,3,5,4,12,1109
15456,38,7,1656.93,3,5,4,12,1114
14515,22,6,1647.17,4,4,4,12,1126
17165,16,5,1635.64,4,4,4,12,1131
13154,34,3,1624.84,4,4,4,12,1139
18220,29,5,1616.48,4,4,4,12,1141
17422,16,5,1615.39,4,4,4,12,1143
17814,10,2,1609.37,5,3,4,12,1149
15810,21,4,1607.06,4,4,4,12,1150
12360,14,5,1590.83,4,4,4,12,1164
13156,20,3,1586.54,4,4,4,12,1165
14327,17,5,1583.28,4,4,4,12,1167
16620,24,4,1579.97,4,4,4,12,1170
13889,17,5,1574.3300000000002,4,4,4,12,1175
14854,25,4,1563.03,4,4,4,12,1187
15811,0,2,1557.38,5,3,4,12,1190
16515,14,5,1554.92,4,4,4,12,1193
13711,41,7,1540.2,3,5,4,12,1202
14410,11,2,1531.63,5,3,4,12,1209
13632,29,3,1526.88,4,4,4,12,1212
15422,14,5,1522.27,4,4,4,12,1217
15841,21,5,1518.35,4,4,4,12,1219
15590,17,5,1496.6,4,4,4,12,1236
13280,14,4,1494.87,4,4,4,12,1237
16314,24,3,1491.4,4,4,4,12,1241
16265,21,3,1488.17,4,4,4,12,1243
16960,25,5,1483.83,4,4,4,12,1245
18230,13,2,1480.8600000000001,5,3,4,12,1248
14129,34,4,1467.48,4,4,4,12,1257
15030,15,6,1461.63,4,4,4,12,1261
17180,57,7,1452.8,3,5,4,12,1265
12408,20,3,1452.22,4,4,4,12,1266
14014,11,2,1443.03,5,3,4,12,1272
12805,16,4,1434.95,4,4,4,12,1280
15572,15,3,1431.78,4,4,4,12,1284
17029,17,5,1421.3,4,4,4,12,1288
17388,55,7,1415.81,3,5,4,12,1291
12877,36,8,1406.3700000000001,3,5,4,12,1298
12726,22,4,1405.5,4,4,4,12,1301
17351,62,9,1401.08,3,5,4,12,1307
13246,28,5,1390.23,4,4,4,12,1319
14758,31,3,1380.91,4,4,4,12,1327
14152,22,5,1376.05,4,4,4,12,1333
15795,65,7,1369.8600000000001,3,5,4,12,1340
17018,22,4,1367.6,4,4,4,12,1342
17071,16,4,1364.68,4,4,4,12,1345
16588,21,4,1361.28,4,4,4,12,1351
16007,18,3,1359.25,4,4,4,12,1355
12347,2,2,1323.32,5,3,4,12,1384
18276,27,5,1320.66,4,4,4,12,1387
14597,14,4,1318.3899999999999,4,4,4,12,1391
13276,32,3,1300.98,4,4,4,12,1405
15189,16,5,1298.99,4,4,4,12,1407
16119,29,6,1297.45,4,4,4,12,1408
13440,58,7,1295.25,3,5,4,12,1410
15279,15,4,1290.03,4,4,4,12,1416
14679,16,3,1289.44,4,4,4,12,1418
12724,18,3,1286.11,4,4,4,12,1420
14478,17,4,1276.66,4,4,4,12,1427
17220,52,7,1269.76,3,5,4,12,1435
15227,31,4,1269.0900000000001,4,4,4,12,1436
12599,16,6,1264.14,4,4,4,12,1443
15452,25,3,1256.63,4,4,4,12,1448
15441,31,3,1254.21,4,4,4,12,1453
15261,16,3,1253.18,4,4,4,12,1455
14420,31,3,1251.65,4,4,4,12,1456
15551,29,6,1243.75,4,4,4,12,1464
13263,28,4,1239.27,4,4,4,12,1467
14868,15,4,1230.42,4,4,4,12,1475
17342,14,4,1227.54,4,4,4,12,1479
15466,24,3,1225.93,4,4,4,12,1481
16946,18,5,1222.04,4,4,4,12,1485
16768,18,6,1220.48,4,4,4,12,1489
16711,14,4,1217.45,4,4,4,12,1491
17870,1,2,1213.8,5,3,4,12,1493
15377,17,4,1211.75,4,4,4,12,1496
17768,22,4,1210.83,4,4,4,12,1497
15402,22,4,1203.77,4,4,4,12,1501
15164,24,6,1203.53,4,4,4,12,1502
13410,28,4,1198.9,4,4,4,12,1508
17713,17,4,1198.09,4,4,4,12,1509
13293,27,6,1192.94,4,4,4,12,1512
17797,30,5,1191.44,4,4,4,12,1514
14127,15,3,1190.3700000000001,4,4,4,12,1517
14275,30,6,1189.3799999999999,4,4,4,12,1518
18057,28,3,1188.46,4,4,4,12,1519
14264,14,4,1183.39,4,4,4,12,1526
14776,22,4,1170.0,4,4,4,12,1538
14189,3,2,1160.31,5,3,4,12,1547
16934,18,4,1152.1100000000001,4,4,4,12,1553
13523,1,2,1136.64,5,3,4,12,1570
15561,18,4,1133.8,4,4,4,12,1572
13434,20,3,1132.6200000000001,4,4,4,12,1573
14623,15,5,1130.28,4,4,4,12,1575
16848,11,3,1130.2,5,3,4,12,1577
15529,1,2,1116.72,5,3,4,12,1590
16223,9,2,1087.05,5,3,4,12,1609
14708,3,3,1085.91,5,3,4,12,1610
16043,14,4,1082.6000000000001,4,4,4,12,1612
16239,17,4,1078.0,4,4,4,12,1617
16231,14,4,1074.47,4,4,4,12,1623
18277,32,4,1069.67,4,4,4,12,1628
15652,22,4,1068.2,4,4,4,12,1630
14984,23,4,1058.1399999999999,4,4,4,12,1642
16531,16,4,1053.74,4,4,4,12,1647
16825,13,3,1051.71,5,3,4,12,1650
17288,25,4,1050.8,4,4,4,12,1651
12970,15,6,1048.13,4,4,4,12,1653
17560,30,4,1040.8500000000001,4,4,4,12,1658
12402,27,5,1031.3,4,4,4,12,1669
12933,15,5,1029.1,4,4,4,12,1671
17126,16,4,1026.98,4,4,4,12,1675
17567,7,2,1024.55,5,3,4,12,1678
18074,8,2,1019.44,5,3,4,12,1683
16787,32,4,1017.53,4,4,4,12,1688
17655,1,3,1013.5400000000001,5,3,4,12,1694
17540,18,4,1011.7,4,4,4,12,1697
17321,29,4,1008.05,4,4,4,12,1699
17341,1,3,1006.53,5,3,4,12,1702
13857,28,6,1001.01,4,4,4,12,1708
17984,27,4,999.51,4,4,4,12,1710
13723,27,5,994.23,4,4,4,12,1716
13821,28,4,993.44,4,4,4,12,1717
12577,16,5,990.5,4,4,4,12,1721
14585,17,4,986.22,4,4,4,12,1725
16016,1,4,980.91,5,4,3,12,1731
15882,3,6,979.62,5,4,3,12,1736
14454,11,5,977.3,5,4,3,12,1739
18071,0,5,975.63,5,4,3,12,1742
13497,3,5,972.28,5,4,3,12,1748
17950,0,6,947.26,5,4,3,12,1780
16199,27,7,942.75,4,5,3,12,1786
14573,7,5,925.3,5,4,3,12,1804
17322,11,5,922.59,5,4,3,12,1809
14605,9,4,921.5600000000001,5,4,3,12,1810
15661,14,6,906.15,5,4,3,12,1835
16987,11,4,904.6,5,4,3,12,1837
14813,4,4,888.91,5,4,3,12,1857
17368,10,6,879.42,5,4,3,12,1874
14437,0,5,873.34,5,4,3,12,1881
16287,11,4,864.48,5,4,3,12,1892
12791,8,6,863.51,5,4,3,12,1893
14901,1,5,860.11,5,4,3,12,1894
17043,10,4,858.47,5,4,3,12,1898
15021,1,4,826.91,5,4,3,12,1951
16048,8,4,818.7900000000001,5,4,3,12,1963
17790,13,6,815.11,5,4,3,12,1973
13145,7,4,805.0,5,4,3,12,1981
17135,6,4,798.03,5,4,3,12,1988
17281,9,6,797.8499999999999,5,4,3,12,1991
16955,3,4,790.74,5,4,3,12,1999
14618,11,4,788.88,5,4,3,12,2002
17952,13,4,788.46,5,4,3,12,2003
16784,11,4,784.73,5,4,3,12,2009
15850,11,4,771.87,5,4,3,12,2027
17987,11,4,766.87,5,4,3,12,2040
16638,3,6,749.8100000000001,5,4,3,12,2066
15605,8,5,738.57,5,4,3,12,2092
18116,11,5,731.38,5,4,3,12,2101
16907,0,5,722.05,5,4,3,12,2120
17860,3,4,717.39,5,4,3,12,2129
16658,3,6,690.83,5,4,3,12,2165
15235,4,6,690.3000000000001,5,4,3,12,2166
15356,3,4,664.66,5,4,3,12,2203
17796,4,4,661.04,5,4,3,12,2213
15945,0,4,646.27,5,4,3,12,2240
17062,0,4,645.8100000000001,5,4,3,12,2241
14078,8,4,640.34,5,4,3,12,2255
17760,8,5,631.34,5,4,3,12,2285
15107,7,4,620.85,5,4,3,12,2311
12855,7,4,612.84,5,4,3,12,2332
17968,8,4,590.44,5,4,3,12,2386
15038,4,4,579.67,5,4,3,12,2407
16668,22,7,555.7,4,5,3,12,2451
18039,9,4,548.22,5,4,3,12,2476
17889,9,5,545.05,5,4,3,12,2482
17572,8,7,496.26000000000005,5,5,2,12,2598
12482,211,29,23691.4,1,5,5,11,32
17133,109,5,9730.09,2,4,5,11,116
14160,245,7,8421.47,1,5,5,11,134
12758,94,5,7111.650000000001,2,4,5,11,178
12731,77,5,6879.8,2,4,5,11,185
14439,78,4,6781.8,2,4,5,11,192
13734,143,4,6695.6900000000005,2,4,5,11,196
16180,113,5,5995.69,2,4,5,11,230
14855,109,5,5874.65,2,4,5,11,235
17230,198,10,5750.08,1,5,5,11,240
12539,85,3,5646.400000000001,2,4,5,11,245
15480,100,4,5373.5,2,4,5,11,259
12497,35,2,5205.400000000001,3,3,5,11,272
16320,88,4,4590.53,2,4,5,11,320
14685,211,8,4536.64,1,5,5,11,325
15980,125,4,4144.82,2,4,5,11,376
17584,102,4,4067.12,2,4,5,11,387
12744,94,4,4037.77,2,4,5,11,390
17625,81,4,3958.5,2,4,5,11,406
14145,94,3,3857.85,2,4,5,11,422
16636,73,4,3802.04,2,4,5,11,429
15150,91,3,3686.61,2,4,5,11,446
12451,98,3,3634.36,2,4,5,11,450
15786,52,2,3582.62,3,3,5,11,457
13763,52,2,3502.48,3,3,5,11,467
15673,86,5,3478.09,2,4,5,11,473
12455,80,4,3413.09,2,4,5,11,487
16940,85,5,3377.78,2,4,5,11,494
16182,73,5,3354.0,2,4,5,11,498
13357,129,4,3196.11,2,4,5,11,524
18194,73,5,3188.2000000000003,2,4,5,11,525
15614,72,4,3147.36,2,4,5,11,534
17145,147,4,3120.91,2,4,5,11,544
13771,168,5,3094.37,2,4,5,11,549
17032,182,8,2984.32,1,5,5,11,576
16736,140,5,2956.56,2,4,5,11,583
12468,161,3,2941.2,2,4,5,11,586
12806,70,4,2878.96,2,4,5,11,596
14930,105,3,2873.77,2,4,5,11,598
12631,91,5,2841.07,2,4,5,11,607
16335,186,7,2753.52,1,5,5,11,628
17669,97,3,2735.63,2,4,5,11,637
13209,149,5,2617.9,2,4,5,11,666
14564,69,2,2605.62,3,3,5,11,672
12857,71,4,2581.6,2,4,5,11,678
17686,58,2,2557.35,3,3,5,11,690
14857,77,5,2478.731,2,4,5,11,723
15494,113,3,2422.02,2,4,5,11,743
15050,56,2,2349.5,3,3,5,11,760
18093,79,4,2346.19,2,4,5,11,763
15043,98,5,2333.3199999999997,2,4,5,11,769
17113,209,6,2305.59,1,5,5,11,778
15946,137,3,2304.18,2,4,5,11,780
12391,99,5,2285.18,2,4,5,11,788
18051,269,7,2282.28,1,5,5,11,792
17553,107,3,2270.0,2,4,5,11,798
18257,81,4,2262.52,2,4,5,11,802
17084,31,1,2253.22,4,2,5,11,803
15629,85,4,2240.9,2,4,5,11,813
13473,209,6,2235.12,1,5,5,11,817
13048,71,5,2229.72,2,4,5,11,820
13478,104,5,2215.78,2,4,5,11,826
14295,73,4,2196.71,2,4,5,11,834
15228,63,2,2193.56,3,3,5,11,836
15934,52,2,2190.66,3,3,5,11,837
15978,67,2,2180.64,3,3,5,11,842
14107,83,4,2174.07,2,4,5,11,847
16004,109,5,2146.39,2,4,5,11,859
12592,154,3,2145.06,2,4,5,11,861
16875,72,6,2139.0,2,5,4,11,864
17969,137,18,2126.09,2,5,4,11,874
16053,48,4,2122.89,3,4,4,11,876
15142,45,5,2121.18,3,4,4,11,878
17188,81,6,2118.7000000000003,2,5,4,11,880
13799,79,7,2114.71,2,5,4,11,882
12975,71,6,2100.09,2,5,4,11,887
12530,50,5,2096.98,3,4,4,11,888
15245,37,5,2095.0,3,4,4,11,889
16045,51,4,2094.23,3,4,4,11,890
14469,51,4,2093.46,3,4,4,11,891
18258,99,6,2059.67,2,5,4,11,902
16176,56,4,2052.69,3,4,4,11,907
14225,69,4,2031.07,3,4,4,11,916
16147,35,4,2023.91,3,4,4,11,919
13736,60,5,2022.67,3,4,4,11,920
13696,56,3,2020.4,3,4,4,11,921
16197,104,9,2016.71,2,5,4,11,924
16743,91,7,1999.02,2,5,4,11,931
14639,43,3,1994.47,3,4,4,11,933
12802,77,6,1988.84,2,5,4,11,940
16032,91,6,1965.72,2,5,4,11,947
14701,77,6,1961.02,2,5,4,11,949
12853,62,5,1950.4,3,4,4,11,959
14498,36,5,1943.51,3,4,4,11,962
15425,35,4,1941.12,3,4,4,11,963
16101,69,3,1938.46,3,4,4,11,964
16485,67,4,1923.54,3,4,4,11,973
16177,71,7,1915.36,2,5,4,11,978
14756,17,2,1914.8,4,3,4,11,979
16912,56,4,1904.93,3,4,4,11,986
15443,109,7,1900.64,2,5,4,11,987
15248,46,3,1893.93,3,4,4,11,994
16631,116,7,1892.52,2,5,4,11,995
13313,114,7,1890.0,2,5,4,11,996
14548,119,7,1888.49,2,5,4,11,997
12876,29,2,1863.77,4,3,4,11,1005
12578,20,2,1847.94,4,3,4,11,1011
12484,118,6,1826.78,2,5,4,11,1018
12377,16,2,1798.2,4,3,4,11,1029
17621,39,3,1795.22,3,4,4,11,1031
12369,48,3,1791.15,3,4,4,11,1032
15366,44,5,1786.57,3,4,4,11,1036
13920,66,4,1774.68,3,4,4,11,1041
14897,44,4,1774.16,3,4,4,11,1042
14916,66,4,1773.97,3,4,4,11,1043
15095,55,6,1771.04,3,4,4,11,1044
14334,60,4,1766.27,3,4,4,11,1051
15665,46,3,1764.86,3,4,4,11,1053
12645,44,4,1764.1200000000001,3,4,4,11,1054
15073,35,5,1744.61,3,4,4,11,1066
17354,63,3,1740.8999999999999,3,4,4,11,1070
18095,62,3,1723.04,3,4,4,11,1076
16232,55,3,1722.09,3,4,4,11,1077
12739,20,2,1713.69,4,3,4,11,1079
12932,174,8,1698.56,2,5,4,11,1091
16329,62,4,1664.92,3,4,4,11,1107
16611,38,5,1655.64,3,4,4,11,1116
12873,32,2,1653.3,4,3,4,11,1120
14481,42,3,1648.18,3,4,4,11,1124
15013,122,10,1610.82,2,5,4,11,1146
15789,66,5,1610.71,3,4,4,11,1147
15062,58,4,1597.76,3,4,4,11,1155
17853,42,3,1596.29,3,4,4,11,1157
13198,22,2,1572.99,4,3,4,11,1178
14136,35,5,1570.81,3,4,4,11,1182
12629,20,2,1558.22,4,3,4,11,1188
17758,62,4,1555.83,3,4,4,11,1191
13360,66,4,1553.65,3,4,4,11,1194
13377,31,2,1552.88,4,3,4,11,1196
17851,57,6,1552.35,3,4,4,11,1197
14186,62,5,1550.63,3,4,4,11,1198
14640,44,4,1541.98,3,4,4,11,1201
16134,58,3,1527.25,3,4,4,11,1211
12926,46,4,1523.97,3,4,4,11,1214
16124,53,3,1523.49,3,4,4,11,1215
14533,42,4,1516.65,3,4,4,11,1220
14870,48,5,1511.7,3,4,4,11,1223
12676,43,5,1511.7,3,4,4,11,1223
14038,32,2,1509.5,4,3,4,11,1226
13871,63,4,1482.6000000000001,3,4,4,11,1246
15678,30,2,1473.24,4,3,4,11,1252
17414,58,4,1471.52,3,4,4,11,1253
15167,42,4,1468.82,3,4,4,11,1255
14682,63,4,1462.81,3,4,4,11,1260
14850,52,6,1445.21,3,4,4,11,1271
12644,65,3,1440.5800000000002,3,4,4,11,1275
17597,53,4,1439.72,3,4,4,11,1276
12389,37,3,1433.33,3,4,4,11,1282
14644,49,5,1416.96,3,4,4,11,1290
14000,49,4,1410.68,3,4,4,11,1295
13888,39,5,1405.92,3,4,4,11,1299
17075,64,6,1402.51,3,4,4,11,1306
16650,55,6,1397.69,3,4,4,11,1312
16129,42,3,1396.05,3,4,4,11,1315
16108,69,3,1393.42,3,4,4,11,1318
15141,92,7,1388.47,2,5,4,11,1322
16167,49,5,1386.1200000000001,3,4,4,11,1325
15384,16,2,1385.38,4,3,4,11,1326
15751,95,11,1380.44,2,5,4,11,1328
14316,57,5,1370.34,3,4,4,11,1338
12412,37,3,1370.05,3,4,4,11,1339
16300,65,3,1367.32,3,4,4,11,1343
14035,41,4,1366.73,3,4,4,11,1344
15252,56,3,1362.63,3,4,4,11,1349
12721,20,2,1356.95,4,3,4,11,1358
12418,48,3,1352.6200000000001,3,4,4,11,1365
14301,51,3,1352.04,3,4,4,11,1367
14304,14,2,1341.56,4,3,4,11,1370
16788,39,3,1334.54,3,4,4,11,1374
16017,52,4,1333.7,3,4,4,11,1375
14745,136,7,1331.15,2,5,4,11,1377
16054,53,3,1327.98,3,4,4,11,1379
12960,48,4,1322.07,3,4,4,11,1385
16625,57,4,1320.95,3,4,4,11,1386
17702,18,2,1319.67,4,3,4,11,1389
16551,58,4,1315.0,3,4,4,11,1393
13012,64,3,1310.99,3,4,4,11,1397
14346,60,3,1294.17,3,4,4,11,1411
15241,65,3,1293.72,3,4,4,11,1412
15381,58,3,1293.72,3,4,4,11,1412
15489,35,5,1285.3300000000002,3,4,4,11,1422
17190,38,5,1281.83,3,4,4,11,1424
18188,65,3,1279.55,3,4,4,11,1426
15439,39,4,1269.05,3,4,4,11,1437
15976,45,4,1266.77,3,4,4,11,1438
17635,59,3,1265.58,3,4,4,11,1440
16096,51,3,1264.3500000000001,3,4,4,11,1442
17714,59,4,1257.18,3,4,4,11,1446
16374,37,3,1256.67,3,4,4,11,1447
15064,45,4,1254.41,3,4,4,11,1452
17095,65,4,1248.09,3,4,4,11,1461
15339,56,5,1246.95,3,4,4,11,1462
12635,27,2,1241.23,4,3,4,11,1465
13740,50,4,1232.02,3,4,4,11,1474
18151,55,4,1226.09,3,4,4,11,1480
15390,31,2,1216.66,4,3,4,11,1492
15600,63,4,1199.31,3,4,4,11,1506
16307,64,3,1194.92,3,4,4,11,1510
14978,65,5,1190.82,3,4,4,11,1516
17047,66,3,1188.33,3,4,4,11,1520
12562,20,2,1185.18,4,3,4,11,1524
16859,51,5,1184.6,3,4,4,11,1525
15696,58,5,1170.1100000000001,3,4,4,11,1537
13382,63,4,1164.59,3,4,4,11,1540
12972,48,4,1161.2,3,4,4,11,1544
17127,63,5,1155.03,3,4,4,11,1550
17306,28,2,1151.04,4,3,4,11,1554
17284,24,2,1140.58,4,3,4,11,1563
16521,50,3,1140.11,3,4,4,11,1564
15879,39,4,1137.8,3,4,4,11,1567
15253,38,3,1136.89,3,4,4,11,1569
18066,21,2,1122.4,4,3,4,11,1584
16727,27,3,1121.45,4,3,4,11,1585
16027,92,9,1113.74,2,5,4,11,1591
16702,50,4,1110.83,3,4,4,11,1595
15828,10,1,1108.82,5,2,4,11,1599
16040,65,4,1103.35,3,4,4,11,1603
17137,51,6,1099.81,3,4,4,11,1604
14343,56,4,1079.66,3,4,4,11,1614
13567,63,4,1079.29,3,4,4,11,1615
14332,16,2,1077.2,4,3,4,11,1620
16756,39,6,1072.97,3,4,4,11,1624
14080,48,4,1070.08,3,4,4,11,1627
16042,14,3,1067.85,4,3,4,11,1632
14524,44,4,1066.03,3,4,4,11,1635
16205,31,3,1062.48,4,3,4,11,1637
17421,21,3,1059.41,4,3,4,11,1640
15506,16,3,1058.25,4,3,4,11,1641
16244,7,1,1056.63,5,2,4,11,1644
14734,60,4,1056.42,3,4,4,11,1645
16391,35,4,1052.26,3,4,4,11,1648
14229,38,4,1046.84,3,4,4,11,1655
14541,51,6,1038.03,3,4,4,11,1661
17974,16,3,1035.1,4,3,4,11,1665
16083,17,2,1033.8,4,3,4,11,1668
12908,15,3,1026.0,4,3,4,11,1676
17310,22,2,1025.1,4,3,4,11,1677
14912,36,4,1021.4,3,4,4,11,1679
14631,21,3,1018.71,4,3,4,11,1685
15774,53,5,1017.54,3,4,4,11,1687
17236,45,6,1013.13,3,4,4,11,1695
17004,27,2,1012.22,4,3,4,11,1696
16979,18,3,1007.74,4,3,4,11,1700
13462,45,4,1002.35,3,4,4,11,1706
17878,30,2,999.48,4,3,4,11,1711
14693,60,6,992.46,3,4,4,11,1718
13939,66,4,992.41,3,4,4,11,1719
16130,57,4,987.48,3,4,4,11,1724
14479,0,3,982.86,5,3,3,11,1729
14510,10,3,979.85,5,3,3,11,1734
14114,30,5,977.5600000000001,4,4,3,11,1738
17456,0,2,975.5600000000001,5,3,3,11,1743
17290,16,6,974.9499999999999,4,4,3,11,1745
15708,4,3,969.19,5,3,3,11,1751
16254,13,3,967.44,5,3,3,11,1752
14443,3,2,966.27,5,3,3,11,1754
17515,29,5,963.49,4,4,3,11,1759
15906,9,3,962.5,5,3,3,11,1761
18085,8,3,955.8000000000001,5,3,3,11,1768
14615,29,5,951.76,4,4,3,11,1773
16292,15,4,951.51,4,4,3,11,1774
14994,17,5,946.72,4,4,3,11,1782
14512,18,5,940.69,4,4,3,11,1788
15192,0,3,937.07,5,3,3,11,1790
16915,21,5,921.5,4,4,3,11,1811
13402,7,3,913.9,5,3,3,11,1823
18236,23,6,913.11,4,4,3,11,1828
17871,32,4,913.05,4,4,3,11,1829
16138,13,3,910.35,5,3,3,11,1831
13295,11,3,900.77,5,3,3,11,1841
16266,58,7,896.06,3,5,3,11,1848
18022,20,4,894.53,4,4,3,11,1850
16115,32,4,892.92,4,4,3,11,1852
14609,25,6,884.64,4,4,3,11,1863
12997,29,4,884.02,4,4,3,11,1865
14966,22,5,881.24,4,4,3,11,1870
17244,18,4,871.14,4,4,3,11,1885
13891,13,3,859.21,5,3,3,11,1896
16794,15,5,856.1999999999999,4,4,3,11,1900
17006,27,4,853.49,4,4,3,11,1907
15210,13,2,845.01,5,3,3,11,1920
14355,0,3,840.0500000000001,5,3,3,11,1928
13795,23,4,836.3,4,4,3,11,1934
17659,7,3,835.33,5,3,3,11,1936
16140,6,2,832.4200000000001,5,3,3,11,1942
14224,25,5,831.98,4,4,3,11,1943
17671,0,2,830.63,5,3,3,11,1946
16430,16,6,817.09,4,4,3,11,1966
15180,2,3,816.9300000000001,5,3,3,11,1967
12915,7,3,811.1,5,3,3,11,1975
16155,16,5,796.9,4,4,3,11,1992
13140,1,3,790.71,5,3,3,11,2000
16387,30,4,788.1,4,4,3,11,2005
13155,3,3,778.42,5,3,3,11,2017
16049,10,3,777.34,5,3,3,11,2018
15574,7,3,774.84,5,3,3,11,2021
14820,15,5,767.47,4,4,3,11,2039
14947,23,4,758.97,4,4,3,11,2051
13108,7,2,748.46,5,3,3,11,2069
16593,25,5,741.11,4,4,3,11,2084
15070,7,3,737.0500000000001,5,3,3,11,2093
15266,14,4,732.91,4,4,3,11,2099
17756,10,3,728.75,5,3,3,11,2108
17547,10,2,727.85,5,3,3,11,2110
17530,0,3,725.21,5,3,3,11,2113
14696,8,2,688.95,5,3,3,11,2171
16407,24,4,681.97,4,4,3,11,2178
15973,1,3,680.62,5,3,3,11,2181
13029,9,2,679.8,5,3,3,11,2182
17237,10,2,679.44,5,3,3,11,2184
15363,7,2,678.11,5,3,3,11,2191
17349,15,4,674.16,4,4,3,11,2192
16411,4,3,673.24,5,3,3,11,2195
14142,8,2,671.34,5,3,3,11,2196
17080,14,5,669.91,4,4,3,11,2198
14932,0,2,666.13,5,3,3,11,2202
16679,1,3,663.31,5,3,3,11,2208
17081,30,4,660.48,4,4,3,11,2214
14460,31,6,659.16,4,4,3,11,2219
15713,1,3,654.09,5,3,3,11,2229
13873,18,5,649.32,4,4,3,11,2237
14450,14,4,645.19,4,4,3,11,2243
12868,8,3,640.0,5,3,3,11,2257
13435,11,2,637.44,5,3,3,11,2270
16931,4,3,629.4,5,3,3,11,2288
17548,13,3,627.96,5,3,3,11,2295
17951,8,2,627.5400000000001,5,3,3,11,2297
12494,0,3,626.77,5,3,3,11,2298
16781,7,2,623.0,5,3,3,11,2303
18283,17,6,619.37,4,4,3,11,2317
13444,9,2,619.08,5,3,3,11,2318
15996,1,2,617.07,5,3,3,11,2324
13573,14,4,614.27,4,4,3,11,2328
16720,11,2,605.79,5,3,3,11,2350
17869,3,3,599.78,5,3,3,11,2363
15483,20,6,592.56,4,4,3,11,2379
18239,7,2,588.75,5,3,3,11,2389
14729,8,3,586.24,5,3,3,11,2394
15026,10,2,579.89,5,3,3,11,2405
17924,8,2,574.2,5,3,3,11,2415
14170,10,3,570.18,5,3,3,11,2423
18135,27,5,567.71,4,4,3,11,2429
14986,11,2,563.1,5,3,3,11,2437
16306,2,2,560.55,5,3,3,11,2444
12573,16,4,556.87,4,4,3,11,2449
14508,11,3,554.87,5,3,3,11,2452
12797,0,2,552.08,5,3,3,11,2461
14798,16,5,550.5699999999999,4,4,3,11,2464
15350,8,2,547.6,5,3,3,11,2477
16916,7,3,536.04,5,3,3,11,2506
15890,29,5,535.65,4,4,3,11,2507
12734,9,2,529.25,5,3,3,11,2523
15646,7,3,526.97,5,3,3,11,2528
16421,11,3,526.27,5,3,3,11,2530
15028,3,3,521.78,5,3,3,11,2537
17198,0,2,521.66,5,3,3,11,2538
16203,7,3,521.64,5,3,3,11,2539
17591,2,2,519.95,5,3,3,11,2541
12811,13,2,519.05,5,3,3,11,2544
17639,22,5,506.67,4,4,3,11,2568
13094,3,2,505.8,5,3,3,11,2570
13255,8,2,504.95,5,3,3,11,2572
13138,7,2,504.85,5,3,3,11,2573
17358,11,3,500.2,5,3,3,11,2585
17420,8,4,485.6,5,4,2,11,2630
17631,9,4,470.16,5,4,2,11,2658
17707,11,6,456.90000000000003,5,4,2,11,2697
15960,9,4,410.95,5,4,2,11,2839
17812,3,4,405.48,5,4,2,11,2854
13902,267,5,34095.26,1,4,5,10,21
14028,185,3,10396.5,1,4,5,10,108
15413,326,5,6798.72,1,4,5,10,190
13935,231,3,6116.92,1,4,5,10,220
12957,176,5,4689.43,1,4,5,10,312
12737,133,2,3710.5,2,3,5,10,442
16067,197,3,3269.11,1,4,5,10,512
12511,63,1,3084.02,3,2,5,10,552
12469,157,2,3070.54,2,3,5,10,556
13334,171,2,2699.48,2,3,5,10,649
17400,216,3,2525.44,1,4,5,10,705
12625,144,2,2481.06,2,3,5,10,721
15077,129,2,2428.08,2,3,5,10,740
14737,35,1,2389.62,3,2,5,10,750
13371,140,2,2297.66,2,3,5,10,786
13407,213,3,2244.7,1,4,5,10,808
13762,228,4,2165.76,1,4,5,10,852
14634,72,4,2124.46,2,4,4,10,875
15067,48,2,2118.12,3,3,4,10,881
15151,58,2,2085.61,3,3,4,10,892
16105,73,4,2049.23,2,4,4,10,908
13085,314,6,2017.2,1,5,4,10,923
16532,66,2,2007.84,3,3,4,10,926
15791,164,3,1995.65,2,4,4,10,932
16271,92,5,1993.18,2,4,4,10,935
16290,99,4,1957.7,2,4,4,10,952
12385,14,1,1938.4,4,2,4,10,965
18215,72,4,1933.15,2,4,4,10,966
13635,77,3,1928.13,2,4,4,10,969
13253,65,2,1920.71,3,3,4,10,977
18009,177,7,1896.84,1,5,4,10,990
17667,70,4,1895.19,2,4,4,10,992
16341,72,3,1878.92,2,4,4,10,1001
14837,77,5,1810.82,2,4,4,10,1022
16036,59,2,1797.92,3,3,4,10,1030
18214,165,4,1780.34,2,4,4,10,1038
14933,78,4,1770.0,2,4,4,10,1046
15972,91,5,1769.33,2,4,4,10,1047
15057,78,3,1766.46,2,4,4,10,1050
17651,133,6,1758.52,2,4,4,10,1057
17242,91,3,1754.24,2,4,4,10,1060
16771,92,5,1706.99,2,4,4,10,1083
15911,258,8,1700.24,1,5,4,10,1087
12727,77,3,1698.8300000000002,2,4,4,10,1090
12813,136,3,1687.8,2,4,4,10,1096
14653,148,5,1666.41,2,4,4,10,1106
16120,57,2,1658.3700000000001,3,3,4,10,1113
14421,147,4,1656.26,2,4,4,10,1115
13330,90,3,1655.17,2,4,4,10,1117
12701,164,4,1648.7,2,4,4,10,1123
13397,72,5,1647.74,2,4,4,10,1125
13192,170,4,1646.64,2,4,4,10,1127
13503,114,5,1642.39,2,4,4,10,1128
16555,140,4,1629.79,2,4,4,10,1135
13692,43,2,1626.0800000000002,3,3,4,10,1138
16860,87,3,1610.62,2,4,4,10,1148
15607,178,8,1604.21,1,5,4,10,1153
14195,74,4,1603.6,2,4,4,10,1154
12937,98,5,1593.34,2,4,4,10,1160
16057,154,3,1591.73,2,4,4,10,1162
17679,156,5,1585.5,2,4,4,10,1166
12424,57,2,1579.07,3,3,4,10,1171
14235,133,4,1573.1299999999999,2,4,4,10,1177
15985,71,5,1572.8600000000001,2,4,4,10,1180
16012,36,2,1563.3,3,3,4,10,1186
13783,122,4,1542.09,2,4,4,10,1200
15798,127,3,1535.37,2,4,4,10,1205
12916,77,3,1534.78,2,4,4,10,1206
14695,154,3,1534.22,2,4,4,10,1207
16529,112,3,1531.55,2,4,4,10,1210
14967,76,5,1518.81,2,4,4,10,1218
15803,80,3,1513.84,2,4,4,10,1221
17610,175,5,1511.94,2,4,4,10,1222
12598,98,3,1511.01,2,4,4,10,1225
13874,139,6,1508.7,2,4,4,10,1227
14408,106,4,1503.2400000000002,2,4,4,10,1231
14256,126,3,1491.73,2,4,4,10,1240
17147,87,5,1485.36,2,4,4,10,1244
12582,57,2,1469.04,3,3,4,10,1254
13110,72,5,1468.8,2,4,4,10,1256
15563,149,3,1459.02,2,4,4,10,1264
15876,44,2,1449.1399999999999,3,3,4,10,1269
17534,86,4,1445.47,2,4,4,10,1270
14233,100,3,1441.55,2,4,4,10,1273
14309,48,2,1428.28,3,3,4,10,1286
16854,52,2,1408.96,3,3,4,10,1296
14909,72,3,1404.68,2,4,4,10,1302
12765,107,6,1404.58,2,4,4,10,1303
13813,162,4,1398.61,2,4,4,10,1311
13647,129,4,1393.56,2,4,4,10,1317
16755,102,4,1389.25,2,4,4,10,1320
13074,146,4,1378.74,2,4,4,10,1329
14285,148,4,1374.41,2,4,4,10,1335
18242,80,4,1372.72,2,4,4,10,1336
13477,90,5,1364.59,2,4,4,10,1346
17728,39,2,1362.75,3,3,4,10,1348
16281,58,2,1361.96,3,3,4,10,1350
15865,48,2,1346.29,3,3,4,10,1369
12516,65,2,1336.56,3,3,4,10,1373
14899,30,1,1331.38,4,2,4,10,1376
14628,77,3,1326.04,2,4,4,10,1380
17666,112,3,1319.6399999999999,2,4,4,10,1390
12840,72,3,1315.2,2,4,4,10,1392
13855,135,4,1310.3400000000001,2,4,4,10,1398
15272,85,4,1309.01,2,4,4,10,1399
16894,137,3,1306.96,2,4,4,10,1401
17348,72,4,1285.69,2,4,4,10,1421
13916,98,4,1275.81,2,4,4,10,1428
14490,41,2,1273.47,3,3,4,10,1429
13443,83,6,1273.16,2,4,4,10,1430
17478,43,2,1272.8,3,3,4,10,1431
17582,81,4,1271.68,2,4,4,10,1432
13196,78,3,1271.06,2,4,4,10,1433
13239,72,4,1265.1299999999999,2,4,4,10,1441
17046,79,4,1264.05,2,4,4,10,1444
13709,81,5,1263.7,2,4,4,10,1445
17222,112,5,1250.8600000000001,2,4,4,10,1458
12666,29,1,1248.42,4,2,4,10,1460
16174,126,4,1237.2,2,4,4,10,1469
14006,163,4,1234.48,2,4,4,10,1471
13201,137,4,1233.06,2,4,4,10,1472
15764,69,2,1223.1100000000001,3,3,4,10,1483
15861,91,4,1222.28,2,4,4,10,1484
14430,146,3,1220.9,2,4,4,10,1487
14621,146,4,1212.21,2,4,4,10,1494
18171,105,4,1206.0,2,4,4,10,1499
15990,129,5,1205.64,2,4,4,10,1500
16501,18,1,1191.23,4,2,4,10,1515
18060,43,2,1185.46,3,3,4,10,1523
15259,147,4,1182.3799999999999,2,4,4,10,1527
17021,77,6,1182.22,2,4,4,10,1528
13797,71,3,1179.45,2,4,4,10,1531
14370,85,6,1175.78,2,4,4,10,1534
16434,81,5,1161.89,2,4,4,10,1543
15101,150,4,1160.41,2,4,4,10,1545
14400,43,2,1157.77,3,3,4,10,1549
17048,72,4,1146.33,2,4,4,10,1556
13800,65,2,1121.24,3,3,4,10,1586
17642,64,3,1112.2,3,3,4,10,1592
16369,71,4,1111.15,2,4,4,10,1594
12803,28,1,1092.81,4,2,4,10,1605
17002,78,4,1077.82,2,4,4,10,1618
17366,67,2,1077.24,3,3,4,10,1619
13760,39,3,1076.85,3,3,4,10,1621
13299,58,2,1076.2,3,3,4,10,1622
16777,48,3,1069.56,3,3,4,10,1629
13803,66,2,1061.84,3,3,4,10,1638
13613,87,5,1039.8500000000001,2,4,4,10,1659
14847,42,2,1039.55,3,3,4,10,1660
17438,79,4,1034.32,2,4,4,10,1666
17454,97,6,1030.41,2,4,4,10,1670
15887,41,3,1027.15,3,3,4,10,1673
15003,108,6,1027.03,2,4,4,10,1674
16568,62,2,1020.9000000000001,3,3,4,10,1681
14480,37,3,1020.47,3,3,4,10,1682
18106,111,5,1019.16,2,4,4,10,1684
13333,46,3,1015.74,3,3,4,10,1690
14276,42,4,982.94,3,4,3,10,1728
17695,29,3,980.7,4,3,3,10,1732
17268,80,7,970.25,2,5,3,10,1749
16471,28,3,966.03,4,3,3,10,1755
15084,14,2,965.2,4,3,3,10,1756
18193,15,2,963.59,4,3,3,10,1758
14553,46,4,959.33,3,4,3,10,1765
12778,31,3,953.45,4,3,3,10,1772
12767,10,1,949.82,5,2,3,10,1775
12874,20,2,948.42,4,3,3,10,1777
16889,32,3,947.98,4,3,3,10,1779
17544,25,3,944.82,4,3,3,10,1784
18149,39,4,941.88,3,4,3,10,1787
13539,55,4,938.02,3,4,3,10,1789
15792,34,2,933.84,4,3,3,10,1795
17862,20,3,923.99,4,3,3,10,1806
15579,18,3,923.03,4,3,3,10,1808
17363,30,3,920.46,4,3,3,10,1812
14379,28,2,917.06,4,3,3,10,1819
12553,20,2,916.47,4,3,3,10,1820
18241,50,4,913.9,3,4,3,10,1823
13300,23,2,913.62,4,3,3,10,1825
18062,21,3,912.15,4,3,3,10,1830
14754,60,4,909.88,3,4,3,10,1832
16774,58,4,905.96,3,4,3,10,1836
14414,9,1,902.35,5,2,3,10,1839
13249,36,6,897.52,3,4,3,10,1845
17990,15,3,896.77,4,3,3,10,1847
13996,21,2,895.7600000000001,4,3,3,10,1849
13278,34,3,893.12,4,3,3,10,1851
14065,24,3,891.02,4,3,3,10,1854
12591,25,2,886.1,4,3,3,10,1858
16228,20,3,885.71,4,3,3,10,1860
17101,29,3,885.32,4,3,3,10,1862
13782,88,7,877.22,2,5,3,10,1876
13900,24,3,869.64,4,3,3,10,1886
14198,35,5,868.33,3,4,3,10,1888
17167,14,3,867.11,4,3,3,10,1890
14206,23,2,856.85,4,3,3,10,1899
15992,31,2,854.61,4,3,3,10,1903
13945,29,2,854.15,4,3,3,10,1905
12399,20,3,853.65,4,3,3,10,1906
14686,49,5,852.53,3,4,3,10,1909
14202,16,3,847.76,4,3,3,10,1916
12693,31,3,847.11,4,3,3,10,1917
13970,21,2,846.55,4,3,3,10,1919
14922,28,2,843.74,4,3,3,10,1922
16511,32,3,842.16,4,3,3,10,1925
16099,52,4,841.3,3,4,3,10,1926
15471,15,2,837.53,4,3,3,10,1931
17382,70,7,836.88,2,5,3,10,1933
17429,31,2,832.54,4,3,3,10,1941
15617,31,3,828.5500000000001,4,3,3,10,1949
17003,37,4,828.21,3,4,3,10,1950
12576,27,3,826.89,4,3,3,10,1952
15133,17,2,824.48,4,3,3,10,1955
18181,35,4,821.49,3,4,3,10,1960
17683,20,3,819.01,4,3,3,10,1962
12393,17,2,816.85,4,3,3,10,1968
15269,15,2,816.56,4,3,3,10,1970
16809,67,4,812.74,3,4,3,10,1974
15912,71,7,810.08,2,5,3,10,1976
17239,22,3,806.9499999999999,4,3,3,10,1978
13223,58,4,805.9200000000001,3,4,3,10,1979
15197,29,3,797.9,4,3,3,10,1990
17179,17,3,795.47,4,3,3,10,1994
13770,57,4,785.37,3,4,3,10,2007
17609,37,6,782.12,3,4,3,10,2013
16861,25,3,772.83,4,3,3,10,2026
17545,25,3,767.54,4,3,3,10,2038
12670,20,2,764.24,4,3,3,10,2043
12423,22,2,763.08,4,3,3,10,2044
16262,13,1,755.15,5,2,3,10,2059
13370,6,1,754.87,5,2,3,10,2060
13856,98,8,753.53,2,5,3,10,2062
13049,24,2,751.5600000000001,4,3,3,10,2064
16972,17,2,749.0,4,3,3,10,2068
13614,28,2,747.28,4,3,3,10,2071
14942,36,4,746.56,3,4,3,10,2072
12588,34,3,743.88,4,3,3,10,2078
15420,69,6,743.0,3,4,3,10,2079
17525,32,2,739.2,4,3,3,10,2090
16183,29,3,739.1,4,3,3,10,2091
17787,6,1,736.28,5,2,3,10,2095
13617,43,5,734.57,3,4,3,10,2097
17633,14,3,732.5500000000001,4,3,3,10,2100
13921,37,4,730.7,3,4,3,10,2105
17141,53,4,727.58,3,4,3,10,2111
16354,14,3,723.66,4,3,3,10,2117
15777,31,3,715.5,4,3,3,10,2131
17362,35,5,711.8100000000001,3,4,3,10,2137
13466,43,4,705.45,3,4,3,10,2145
16726,18,2,705.14,4,3,3,10,2146
13296,58,5,705.11,3,4,3,10,2147
14584,56,4,705.1,3,4,3,10,2148
18084,18,2,704.75,4,3,3,10,2149
14902,30,2,702.96,4,3,3,10,2153
13439,23,2,702.9,4,3,3,10,2154
14551,46,5,691.86,3,4,3,10,2163
15814,28,2,689.11,4,3,3,10,2169
14350,15,2,689.1,4,3,3,10,2170
13987,14,2,682.54,4,3,3,10,2177
17782,17,2,679.02,4,3,3,10,2186
16903,15,2,678.55,4,3,3,10,2189
14583,18,3,673.33,4,3,3,10,2194
15428,22,3,668.97,4,3,3,10,2199
16996,17,3,666.6500000000001,4,3,3,10,2201
17490,23,2,658.18,4,3,3,10,2222
15549,56,5,652.7,3,4,3,10,2232
17411,21,2,646.44,4,3,3,10,2239
17323,42,5,644.52,3,4,3,10,2245
17629,23,2,641.4,4,3,3,10,2250
12880,16,2,640.13,4,3,3,10,2256
15114,18,2,639.56,4,3,3,10,2260
17998,15,3,639.24,4,3,3,10,2261
14365,29,2,634.68,4,3,3,10,2275
17604,57,4,633.02,3,4,3,10,2278
17360,20,3,632.27,4,3,3,10,2283
16158,157,9,628.32,2,5,3,10,2292
15385,27,2,625.1999999999999,4,3,3,10,2299
13836,34,2,620.37,4,3,3,10,2313
14455,67,4,617.72,3,4,3,10,2321
14247,39,4,616.79,3,4,3,10,2325
17350,29,3,612.381,4,3,3,10,2335
14013,15,2,611.55,4,3,3,10,2337
17193,21,2,610.74,4,3,3,10,2339
13988,18,2,609.84,4,3,3,10,2342
15587,27,3,608.4000000000001,4,3,3,10,2344
15730,16,2,605.7,4,3,3,10,2351
12923,25,2,597.6,4,3,3,10,2365
14725,29,3,597.16,4,3,3,10,2367
13602,16,3,596.28,4,3,3,10,2369
16121,25,3,595.38,4,3,3,10,2373
14746,41,4,593.5,3,4,3,10,2377
17098,16,3,591.07,4,3,3,10,2384
13270,1,1,590.0,5,2,3,10,2387
14624,50,4,588.22,3,4,3,10,2391
14550,23,2,587.6899999999999,4,3,3,10,2393
17041,32,3,583.71,4,3,3,10,2397
15637,48,4,574.23,3,4,3,10,2414
15169,17,2,569.22,4,3,3,10,2425
13936,17,2,563.08,4,3,3,10,2439
16961,23,2,560.39,4,3,3,10,2445
17521,29,2,554.85,4,3,3,10,2453
14157,24,3,553.8000000000001,4,3,3,10,2457
15842,28,2,548.8,4,3,3,10,2473
15584,34,2,547.34,4,3,3,10,2478
18035,20,2,546.34,4,3,3,10,2479
12990,52,4,546.0,3,4,3,10,2481
15728,14,2,544.6,4,3,3,10,2483
17852,23,3,543.47,4,3,3,10,2487
13785,63,4,542.49,3,4,3,10,2489
17935,35,5,540.35,3,4,3,10,2495
17561,25,3,537.9,4,3,3,10,2499
16204,15,2,534.53,4,3,3,10,2509
16707,35,4,533.41,3,4,3,10,2512
18154,23,3,533.41,4,3,3,10,2512
16935,16,3,530.86,4,3,3,10,2518
13684,25,3,529.75,4,3,3,10,2522
17251,17,2,529.15,4,3,3,10,2524
14104,24,3,527.3199999999999,4,3,3,10,2527
12817,34,2,524.94,4,3,3,10,2531
18006,16,3,524.83,4,3,3,10,2532
13809,29,2,524.65,4,3,3,10,2533
13605,22,2,522.67,4,3,3,10,2536
13544,46,4,514.14,3,4,3,10,2554
16792,18,3,513.08,4,3,3,10,2555
12891,93,8,509.5,2,5,3,10,2560
12907,30,2,508.91,4,3,3,10,2563
15870,31,3,506.02,4,3,3,10,2569
14577,29,3,504.44,4,3,3,10,2574
14807,25,2,504.14,4,3,3,10,2575
12376,24,2,503.15,4,3,3,10,2577
12419,20,2,503.01,4,3,3,10,2578
13569,2,3,497.74,5,3,2,10,2592
14741,7,2,497.25,5,3,2,10,2594
16898,3,3,496.26,5,3,2,10,2599
16977,30,4,496.0,4,4,2,10,2601
16863,1,2,495.72,5,3,2,10,2603
17691,3,3,489.65000000000003,5,3,2,10,2617
17616,2,2,489.59999999999997,5,3,2,10,2618
17045,11,2,488.24,5,3,2,10,2621
16298,32,4,487.5,4,4,2,10,2624
16385,1,3,473.69,5,3,2,10,2649
12793,6,2,471.85,5,3,2,10,2653
14237,8,2,471.14,5,3,2,10,2656
17430,0,3,469.41,5,3,2,10,2659
16412,28,4,457.2,4,4,2,10,2696
17298,9,3,455.84,5,3,2,10,2701
15016,28,4,450.85,4,4,2,10,2716
14810,4,3,446.59,5,3,2,10,2728
16500,9,3,443.05,5,3,2,10,2735
15160,9,3,431.11,5,3,2,10,2771
17740,24,6,426.90000000000003,4,4,2,10,2783
17867,45,9,424.18,3,5,2,10,2797
12808,3,3,422.45,5,3,2,10,2806
13807,2,3,422.2,5,3,2,10,2807
17817,13,3,400.46999999999997,5,3,2,10,2871
15446,11,3,399.75,5,3,2,10,2877
18101,9,3,399.61,5,3,2,10,2878
16827,28,5,392.13,4,4,2,10,2899
12889,16,4,385.46000000000004,4,4,2,10,2917
17804,11,3,383.78000000000003,5,3,2,10,2925
14083,6,3,373.3,5,3,2,10,2956
17200,22,4,356.71000000000004,4,4,2,10,3011
16596,1,3,329.48,5,3,2,10,3106
16519,0,3,327.68,5,3,2,10,3117
16122,1,3,316.92,5,3,2,10,3177
12651,13,3,263.75,5,3,2,10,3396
18002,10,4,244.37,5,4,1,10,3474
15760,265,2,13916.34,1,3,5,9,73
13687,73,1,11880.84,2,2,5,9,85
14091,289,2,9530.08,1,3,5,9,120
16749,226,2,4157.88,1,3,5,9,374
13139,72,1,3138.04,2,2,5,9,537
13205,78,1,2803.2,2,2,5,9,614
14938,197,2,2322.43,1,3,5,9,773
12687,115,2,2138.91,2,3,4,9,865
18026,135,2,2074.07,2,3,4,9,898
15481,36,1,1993.34,3,2,4,9,934
13338,176,3,1958.6,1,4,4,9,950
14669,268,4,1957.54,1,4,4,9,953
16993,98,2,1950.95,2,3,4,9,958
17115,183,4,1923.99,1,4,4,9,971
13014,67,1,1914.8,3,2,4,9,979
16276,114,2,1818.79,2,3,4,9,1021
15736,70,2,1767.12,2,3,4,9,1048
13425,143,2,1766.22,2,3,4,9,1052
14831,315,3,1676.57,1,4,4,9,1102
12854,196,4,1654.72,1,4,4,9,1118
17028,216,3,1593.83,1,4,4,9,1159
16275,109,2,1591.24,2,3,4,9,1163
12549,210,6,1575.68,1,4,4,9,1172
13501,121,2,1544.79,2,3,4,9,1199
12798,56,1,1533.89,3,2,4,9,1208
17594,84,2,1504.7,2,3,4,9,1228
14802,73,2,1502.98,2,3,4,9,1232
13819,304,3,1502.0,1,4,4,9,1233
17353,126,2,1502.0,2,3,4,9,1233
13042,233,3,1488.59,1,4,4,9,1242
18268,226,5,1464.73,1,4,4,9,1258
13361,107,2,1450.5,2,3,4,9,1268
15704,137,2,1441.04,2,3,4,9,1274
13895,150,2,1415.45,2,3,4,9,1292
17694,146,2,1412.85,2,3,4,9,1293
13764,204,3,1400.2,1,4,4,9,1308
15782,65,1,1399.36,3,2,4,9,1310
17603,252,3,1393.66,1,4,4,9,1316
15326,244,4,1388.81,1,4,4,9,1321
13753,233,3,1353.31,1,4,4,9,1363
15370,45,1,1352.96,3,2,4,9,1364
16569,266,4,1331.03,1,4,4,9,1378
14956,56,1,1325.0,3,2,4,9,1382
16296,261,4,1313.67,1,4,4,9,1395
18272,183,3,1307.4,1,4,4,9,1400
16833,74,2,1302.51,2,3,4,9,1403
18286,111,2,1296.43,2,3,4,9,1409
17505,185,3,1289.64,1,4,4,9,1417
16608,88,2,1286.6200000000001,2,3,4,9,1419
14068,238,3,1250.8700000000001,1,4,4,9,1457
17977,35,1,1223.31,3,2,4,9,1482
17132,87,2,1220.9099999999999,2,3,4,9,1486
16366,217,3,1220.83,1,4,4,9,1488
14213,39,1,1192.2,3,2,4,9,1513
12664,149,2,1188.16,2,3,4,9,1521
17539,252,4,1176.84,1,4,4,9,1533
15379,35,1,1174.55,3,2,4,9,1535
13878,182,3,1145.33,1,4,4,9,1557
17496,198,3,1141.84,1,4,4,9,1562
16282,122,2,1139.28,2,3,4,9,1565
15586,227,3,1139.1,1,4,4,9,1566
13393,218,4,1131.45,1,4,4,9,1574
12388,80,2,1120.45,2,3,4,9,1587
14489,72,3,1111.55,2,3,4,9,1593
13055,64,1,1106.7,3,2,4,9,1600
13414,98,3,1103.64,2,3,4,9,1602
15154,113,2,1089.44,2,3,4,9,1608
15484,175,2,1061.69,2,3,4,9,1639
16991,56,1,1041.21,3,2,4,9,1657
12486,66,1,1037.28,3,2,4,9,1663
15149,211,4,1033.81,1,4,4,9,1667
13417,182,4,1028.66,1,4,4,9,1672
13641,275,5,1016.47,1,4,4,9,1689
18252,183,5,1015.42,1,4,4,9,1691
12875,106,3,1013.76,2,3,4,9,1692
13039,219,4,1010.73,1,4,4,9,1698
16527,59,1,1004.88,3,2,4,9,1703
16435,147,3,1003.07,2,3,4,9,1704
16807,105,3,1002.29,2,3,4,9,1707
16586,79,2,998.83,2,3,4,9,1712
13965,111,3,996.61,2,3,4,9,1713
15186,109,3,991.7900000000001,2,3,4,9,1720
13559,147,2,990.0,2,3,4,9,1722
12862,60,2,984.62,3,3,3,9,1727
13591,70,4,976.8100000000001,2,4,3,9,1740
13919,59,2,975.87,3,3,3,9,1741
15468,27,1,962.97,4,2,3,9,1760
14715,77,4,958.0699999999999,2,4,3,9,1766
15822,128,4,954.59,2,4,3,9,1771
16372,44,3,934.58,3,3,3,9,1792
16661,175,4,932.76,2,4,3,9,1797
13288,78,5,927.61,2,4,3,9,1801
16975,58,3,926.12,3,3,3,9,1802
12909,59,3,924.52,3,3,3,9,1805
14839,53,3,915.28,3,3,3,9,1821
14665,62,2,913.95,3,3,3,9,1822
15807,43,2,913.62,3,3,3,9,1825
13787,93,4,913.46,2,4,3,9,1827
14199,58,3,906.3,3,3,3,9,1833
17578,109,6,903.87,2,4,3,9,1838
14853,58,3,901.0699999999999,3,3,3,9,1840
16895,73,4,900.63,2,4,3,9,1842
16358,29,1,892.1500000000001,4,2,3,9,1853
16623,36,3,885.79,3,3,3,9,1859
13124,20,1,885.33,4,2,3,9,1861
18141,36,2,882.47,3,3,3,9,1867
13761,137,4,881.52,2,4,3,9,1869
17143,52,2,880.97,3,3,3,9,1871
14700,50,2,880.96,3,3,3,9,1872
16677,46,2,880.62,3,3,3,9,1873
14204,57,3,874.22,3,3,3,9,1880
13395,35,2,872.51,3,3,3,9,1882
15886,51,3,871.78,3,3,3,9,1883
14389,59,3,854.55,3,3,3,9,1904
12696,69,2,851.91,3,3,3,9,1910
16906,63,3,851.33,3,3,3,9,1911
16574,58,2,850.34,3,3,3,9,1913
18136,44,2,847.03,3,3,3,9,1918
12993,80,4,844.87,2,4,3,9,1921
18247,49,3,839.73,3,3,3,9,1929
17332,163,5,838.27,2,4,3,9,1930
13386,49,2,835.46,3,3,3,9,1935
14885,62,2,832.8,3,3,3,9,1940
13566,69,3,831.76,3,3,3,9,1944
12458,62,2,830.09,3,3,3,9,1947
12639,69,2,826.27,3,3,3,9,1953
13476,41,3,823.0,3,3,3,9,1959
15074,64,2,817.46,3,3,3,9,1965
17023,52,3,800.18,3,3,3,9,1984
13041,85,4,799.13,2,4,3,9,1985
12842,39,2,799.0,3,3,3,9,1986
15105,65,2,795.98,3,3,3,9,1993
14075,38,3,792.61,3,3,3,9,1998
16472,69,2,789.6,3,3,3,9,2001
13541,62,2,785.25,3,3,3,9,2008
13415,107,4,784.17,2,4,3,9,2011
16384,64,2,774.4499999999999,3,3,3,9,2023
14687,35,2,773.6800000000001,3,3,3,9,2025
14838,58,2,769.9200000000001,3,3,3,9,2032
16676,37,2,769.78,3,3,3,9,2033
12449,45,2,768.6,3,3,3,9,2034
12379,57,2,767.98,3,3,3,9,2036
16386,22,1,765.59,4,2,3,9,2041
12847,22,1,765.36,4,2,3,9,2042
15994,46,2,761.41,3,3,3,9,2047
13026,123,4,757.72,2,4,3,9,2055
17854,97,4,757.24,2,4,3,9,2056
12987,55,3,753.51,3,3,3,9,2063
14484,36,3,749.0600000000001,3,3,3,9,2067
16465,55,2,746.24,3,3,3,9,2073
14714,42,3,746.05,3,3,3,9,2075
14302,65,3,742.9000000000001,3,3,3,9,2080
13589,84,4,741.09,2,4,3,9,2085
17764,37,3,741.02,3,3,3,9,2086
13713,43,3,740.76,3,3,3,9,2087
15723,46,3,740.0,3,3,3,9,2089
16496,66,3,731.25,3,3,3,9,2103
14871,128,5,726.89,2,4,3,9,2112
13537,60,2,717.85,3,3,3,9,2126
14167,99,4,711.7,2,4,3,9,2138
14398,36,2,707.79,3,3,3,9,2144
16693,46,3,701.62,3,3,3,9,2156
14324,44,2,701.61,3,3,3,9,2157
17142,39,3,696.25,3,3,3,9,2159
14037,113,4,689.75,2,4,3,9,2167
17834,49,2,689.67,3,3,3,9,2168
14321,66,2,687.3100000000001,3,3,3,9,2172
14953,53,3,685.65,3,3,3,9,2174
15207,51,3,683.9200000000001,3,3,3,9,2176
13134,37,2,681.65,3,3,3,9,2179
13320,69,2,679.4,3,3,3,9,2185
14182,78,4,678.77,2,4,3,9,2188
16614,37,2,673.6,3,3,3,9,2193
13514,63,3,663.7,3,3,3,9,2207
13864,21,1,662.4000000000001,4,2,3,9,2209
14425,69,3,661.39,3,3,3,9,2212
13433,136,4,658.3199999999999,2,4,3,9,2221
13820,53,3,652.75,3,3,3,9,2231
15677,56,2,648.4,3,3,3,9,2238
17513,43,2,645.6,3,3,3,9,2242
17380,69,3,645.0,3,3,3,9,2244
14413,45,3,643.47,3,3,3,9,2246
17963,106,4,643.16,2,4,3,9,2247
13237,22,1,643.0,4,2,3,9,2248
17155,162,5,640.76,2,4,3,9,2253
17172,65,2,638.81,3,3,3,9,2262
16692,43,2,638.6999999999999,3,3,3,9,2263
16428,48,3,638.49,3,3,3,9,2264
14087,39,2,638.0,3,3,3,9,2267
16441,52,3,637.93,3,3,3,9,2268
13243,84,4,635.26,2,4,3,9,2273
14662,62,3,635.06,3,3,3,9,2274
14794,37,3,633.99,3,3,3,9,2277
14283,98,4,628.4399999999999,2,4,3,9,2291
13480,51,2,627.82,3,3,3,9,2296
14549,55,3,624.36,3,3,3,9,2300
13776,63,2,623.98,3,3,3,9,2301
16712,36,2,621.5600000000001,3,3,3,9,2307
15068,53,2,621.54,3,3,3,9,2308
14169,65,2,621.51,3,3,3,9,2309
17708,37,2,620.85,3,3,3,9,2311
17205,51,2,615.27,3,3,3,9,2326
15651,55,2,612.76,3,3,3,9,2334
16660,57,3,611.9,3,3,3,9,2336
13104,50,3,610.62,3,3,3,9,2340
17473,43,2,607.0,3,3,3,9,2346
16590,35,2,605.9,3,3,3,9,2349
14904,43,2,605.05,3,3,3,9,2352
14657,64,2,601.97,3,3,3,9,2358
13598,130,4,601.92,2,4,3,9,2359
16565,41,3,599.35,3,3,3,9,2364
17815,28,1,591.96,4,2,3,9,2381
15400,55,3,586.1,3,3,3,9,2395
16001,16,1,583.39,4,2,3,9,2399
14382,25,1,578.14,4,2,3,9,2409
15759,146,4,577.8900000000001,2,4,3,9,2410
13233,55,2,571.34,3,3,3,9,2420
13406,62,2,568.92,3,3,3,9,2426
13980,74,4,568.68,2,4,3,9,2427
18244,65,2,568.64,3,3,3,9,2428
17555,60,3,565.43,3,3,3,9,2435
17413,39,2,560.14,3,3,3,9,2446
14891,51,2,552.35,3,3,3,9,2460
13677,39,2,551.24,3,3,3,9,2463
16367,18,1,549.8100000000001,4,2,3,9,2467
15900,48,3,549.29,3,3,3,9,2469
16947,97,4,548.73,2,4,3,9,2474
15080,62,2,546.25,3,3,3,9,2480
14219,44,2,543.89,3,3,3,9,2485
16211,56,2,543.57,3,3,3,9,2486
16060,35,3,541.95,3,3,3,9,2490
15535,39,2,541.47,3,3,3,9,2491
16576,55,2,540.87,3,3,3,9,2493
16392,48,2,538.81,3,3,3,9,2497
13961,27,1,538.4,4,2,3,9,2498
15562,59,2,536.88,3,3,3,9,2502
14805,39,3,536.15,3,3,3,9,2505
17709,105,4,533.56,2,4,3,9,2511
16872,62,3,533.11,3,3,3,9,2514
14940,52,2,531.49,3,3,3,9,2516
17034,44,2,530.9,3,3,3,9,2517
16836,41,2,530.5,3,3,3,9,2519
15800,88,5,530.18,2,4,3,9,2521
18098,31,1,527.9399999999999,4,2,3,9,2526
14417,22,1,524.65,4,2,3,9,2533
17373,53,3,520.58,3,3,3,9,2540
14949,104,4,515.0,2,4,3,9,2553
17325,45,2,512.77,3,3,3,9,2556
15181,55,2,510.72,3,3,3,9,2557
15110,38,2,509.75,3,3,3,9,2559
18001,84,4,509.01,2,4,3,9,2562
13045,36,2,503.64,3,3,3,9,2576
15138,28,1,502.52,4,2,3,9,2579
14656,50,3,498.95,3,3,3,9,2588
17335,18,2,497.04,4,3,2,9,2595
15276,29,3,491.17,4,3,2,9,2609
12450,34,3,490.32,4,3,2,9,2612
17255,25,2,490.22,4,3,2,9,2613
17476,30,2,489.86,4,3,2,9,2616
15165,8,1,487.75,5,2,2,9,2623
16021,30,2,487.03,4,3,2,9,2627
17996,14,3,482.33,4,3,2,9,2635
13484,18,2,476.92,4,3,2,9,2640
14322,64,4,474.1,3,4,2,9,2647
16034,29,3,473.62,4,3,2,9,2650
15071,21,2,473.49,4,3,2,9,2651
13959,34,3,470.73,4,3,2,9,2657
13601,27,2,466.67,4,3,2,9,2668
13546,17,2,465.15,4,3,2,9,2677
13512,22,3,462.18,4,3,2,9,2681
14599,25,2,457.89,4,3,2,9,2693
15717,56,4,456.70000000000005,3,4,2,9,2698
15921,31,3,452.23,4,3,2,9,2710
18031,13,1,451.3,5,2,2,9,2714
17759,28,2,441.92,4,3,2,9,2740
17643,8,2,439.7,5,2,2,9,2741
17807,30,3,437.87,4,3,2,9,2747
15691,29,3,434.5,4,3,2,9,2755
17223,3,2,433.99,5,2,2,9,2758
16948,64,4,433.75,3,4,2,9,2761
17122,23,3,432.18,4,3,2,9,2769
15525,8,2,430.78,5,2,2,9,2772
15012,8,2,429.78000000000003,5,2,2,9,2774
16899,13,2,424.71,5,2,2,9,2792
16332,66,4,417.21,3,4,2,9,2825
16226,13,2,417.05,5,2,2,9,2826
16355,10,1,416.35,5,2,2,9,2828
15872,13,2,413.0,5,2,2,9,2835
18011,8,2,410.79,5,2,2,9,2840
14775,7,1,406.56,5,2,2,9,2848
13030,3,1,402.36,5,2,2,9,2865
16250,8,2,401.94,5,2,2,9,2866
17076,27,3,401.66999999999996,4,3,2,9,2867
15920,59,5,401.64,3,4,2,9,2868
15037,11,2,397.76,5,2,2,9,2882
17615,22,3,392.2,4,3,2,9,2898
16868,29,3,384.56,4,3,2,9,2922
15211,0,1,383.07,5,2,2,9,2928
14681,22,3,376.20000000000005,4,3,2,9,2948
16330,59,4,373.46999999999997,3,4,2,9,2955
12346,164,11,372.86,2,5,2,9,2961
15922,8,1,369.5,5,2,2,9,2971
15287,14,3,369.34000000000003,4,3,2,9,2972
15989,10,2,368.31,5,2,2,9,2977
17097,0,2,363.66,5,2,2,9,2989
12996,10,1,355.5,5,2,2,9,3012
18003,11,1,353.51,5,2,2,9,3016
16445,21,3,352.65,4,3,2,9,3021
16274,8,1,351.75,5,2,2,9,3024
16545,10,1,350.52,5,2,2,9,3029
12352,10,2,343.8,5,2,2,9,3050
14176,2,2,339.11,5,2,2,9,3066
17999,1,2,338.41,5,2,2,9,3070
18034,10,1,335.52,5,2,2,9,3085
17607,11,1,333.81,5,2,2,9,3089
18203,16,3,332.1,4,3,2,9,3095
13010,9,2,330.12,5,2,2,9,3103
15880,4,1,329.03,5,2,2,9,3111
17580,11,2,325.3,5,2,2,9,3129
17976,7,1,321.79,5,2,2,9,3148
12763,4,1,320.08,5,2,2,9,3161
16194,10,1,308.59999999999997,5,2,2,9,3223
13369,0,1,308.28000000000003,5,2,2,9,3225
12947,8,1,304.04,5,2,2,9,3252
16583,8,2,297.95,5,2,2,9,3279
17988,122,7,288.42,2,5,2,9,3317
13034,4,2,279.91,5,2,2,9,3351
13277,15,3,264.9,4,3,2,9,3392
16356,11,3,204.1,5,3,1,9,3663
18037,56,9,97.4,3,5,1,9,4147
14865,7,3,77.52000000000001,5,3,1,9,4197
17816,0,3,75.76,5,3,1,9,4203
12918,261,1,10953.5,1,2,5,8,100
18052,199,1,10877.18,1,2,5,8,101
16118,287,1,4376.25,1,2,5,8,340
14459,286,1,3537.821,1,2,5,8,461
12671,241,1,2622.481,1,2,5,8,664
16077,260,1,2300.4,1,2,5,8,783
13091,364,2,1976.0,1,3,4,8,945
12653,161,1,1950.98,2,2,4,8,957
12770,91,1,1895.0,2,2,4,8,993
15265,239,2,1839.52,1,3,4,8,1013
15310,113,1,1634.64,2,2,4,8,1133
13543,269,2,1439.61,1,3,4,8,1278
16088,210,2,1437.43,1,3,4,8,1279
16461,225,2,1402.91,1,3,4,8,1305
14875,76,1,1397.08,2,2,4,8,1314
12533,262,2,1367.89,1,3,4,8,1341
12711,246,2,1339.05,1,3,4,8,1372
12809,200,2,1266.63,1,3,4,8,1439
17529,245,2,1240.25,1,3,4,8,1466
15410,203,2,1234.88,1,3,4,8,1470
12784,164,1,1230.33,2,2,4,8,1476
13151,260,2,1207.34,1,3,4,8,1498
16450,219,2,1193.81,1,3,4,8,1511
13526,373,2,1182.0,1,3,4,8,1529
13459,259,2,1160.4099999999999,1,3,4,8,1546
14308,184,2,1147.02,1,3,4,8,1555
17477,247,2,1144.3,1,3,4,8,1558
12439,317,2,1142.88,1,3,4,8,1559
17622,232,2,1130.21,1,3,4,8,1576
17941,225,3,1128.72,1,3,4,8,1578
14671,184,2,1127.45,1,3,4,8,1580
14917,231,2,1123.75,1,3,4,8,1582
14212,80,1,1119.66,2,2,4,8,1588
15546,241,2,1079.1000000000001,1,3,4,8,1616
12801,135,1,1071.82,2,2,4,8,1626
12905,211,2,1018.42,1,3,4,8,1686
13375,79,1,1013.58,2,2,4,8,1693
15771,239,3,1006.5400000000001,1,3,4,8,1701
14538,165,3,982.59,2,3,3,8,1730
14230,70,3,979.8000000000001,2,3,3,8,1735
12525,133,3,973.73,2,3,3,8,1746
12694,56,1,973.68,3,2,3,8,1747
17531,162,2,970.12,2,3,3,8,1750
16340,74,2,961.93,2,3,3,8,1762
15268,113,3,961.9000000000001,2,3,3,8,1763
13587,84,3,961.1,2,3,3,8,1764
12505,43,1,955.2,3,2,3,8,1769
15430,102,2,954.75,2,3,3,8,1770
15177,60,1,948.9300000000001,3,2,3,8,1776
17585,80,3,948.03,2,3,3,8,1778
13778,126,3,945.7900000000001,2,3,3,8,1783
15117,83,3,934.19,2,3,3,8,1794
13863,100,3,933.77,2,3,3,8,1796
13465,81,2,931.12,2,3,3,8,1799
12745,121,3,925.41,2,3,3,8,1803
15734,71,2,923.85,2,3,3,8,1807
12998,127,3,920.08,2,3,3,8,1813
13872,162,3,919.57,2,3,3,8,1815
13304,90,3,917.57,2,3,3,8,1817
14061,142,3,917.43,2,3,3,8,1818
14427,129,2,900.1800000000001,2,3,3,8,1843
15710,52,1,898.87,3,2,3,8,1844
15824,88,2,890.94,2,3,3,8,1855
16159,105,3,884.59,2,3,3,8,1864
16830,77,3,881.59,2,3,3,8,1868
14612,50,1,877.7,3,2,3,8,1875
16256,128,2,876.9399999999999,2,3,3,8,1877
14375,85,2,871.26,2,3,3,8,1884
15664,84,3,867.6,2,3,3,8,1889
17966,226,5,865.49,1,4,3,8,1891
14372,78,2,860.08,2,3,3,8,1895
12440,97,2,859.2,2,3,3,8,1897
15542,147,3,855.71,2,3,3,8,1902
17201,158,3,853.3199999999999,2,3,3,8,1908
13897,73,2,849.5600000000001,2,3,3,8,1914
15784,102,2,848.3299999999999,2,3,3,8,1915
14265,99,2,843.17,2,3,3,8,1923
14894,78,2,837.0600000000001,2,3,3,8,1932
15190,69,1,834.4399999999999,3,2,3,8,1937
13976,141,3,834.38,2,3,3,8,1938
12903,63,1,833.53,3,2,3,8,1939
12695,163,3,825.02,2,3,3,8,1954
14260,106,3,824.28,2,3,3,8,1956
16264,73,2,823.53,2,3,3,8,1957
15137,155,2,823.4,2,3,3,8,1958
16246,94,2,821.35,2,3,3,8,1961
14872,118,3,816.6,2,3,3,8,1969
18096,77,3,808.81,2,3,3,8,1977
17866,119,2,805.3000000000001,2,3,3,8,1980
12632,155,2,804.88,2,3,3,8,1982
16491,48,1,801.66,3,2,3,8,1983
16175,106,3,798.85,2,3,3,8,1987
15309,245,4,797.96,1,4,3,8,1989
12648,72,3,793.95,2,3,3,8,1996
17746,106,3,793.9300000000001,2,3,3,8,1997
12785,170,2,788.45,2,3,3,8,2004
13595,151,3,784.48,2,3,3,8,2010
12761,92,2,782.95,2,3,3,8,2012
16493,79,3,780.46,2,3,3,8,2015
17482,122,2,775.64,2,3,3,8,2020
14522,230,4,773.88,1,4,3,8,2024
18196,106,2,770.56,2,3,3,8,2028
16092,139,3,770.08,2,3,3,8,2030
17801,86,3,770.03,2,3,3,8,2031
17356,189,4,768.25,1,4,3,8,2035
15331,134,3,767.91,2,3,3,8,2037
13989,99,3,759.98,2,3,3,8,2049
15809,94,2,758.67,2,3,3,8,2052
13208,84,3,758.65,2,3,3,8,2053
15908,125,2,758.62,2,3,3,8,2054
14326,98,2,757.13,2,3,3,8,2057
16769,113,3,755.51,2,3,3,8,2058
18179,157,2,754.38,2,3,3,8,2061
16071,162,3,750.5600000000001,2,3,3,8,2065
17492,113,2,747.85,2,3,3,8,2070
14228,72,3,745.5,2,3,3,8,2076
16172,108,3,744.34,2,3,3,8,2077
17734,160,3,741.69,2,3,3,8,2082
16344,144,3,741.3199999999999,2,3,3,8,2083
13727,246,6,740.6700000000001,1,4,3,8,2088
16075,137,2,736.9300000000001,2,3,3,8,2094
12537,43,1,732.94,3,2,3,8,2098
13363,44,1,731.36,3,2,3,8,2102
17681,232,5,731.1999999999999,1,4,3,8,2104
14248,94,2,730.37,2,3,3,8,2106
17624,72,2,725.15,2,3,3,8,2114
13729,70,3,724.73,2,3,3,8,2116
13937,37,1,721.28,3,2,3,8,2121
15636,72,2,719.82,2,3,3,8,2123
15845,171,3,714.51,2,3,3,8,2132
14026,105,2,713.11,2,3,3,8,2133
16227,129,2,713.0,2,3,3,8,2135
16468,105,2,712.62,2,3,3,8,2136
17649,104,2,710.4,2,3,3,8,2141
13057,165,3,709.59,2,3,3,8,2142
17886,72,3,703.27,2,3,3,8,2151
17825,233,4,701.96,1,4,3,8,2155
13656,134,2,699.2,2,3,3,8,2158
15995,49,1,694.54,3,2,3,8,2160
13922,72,2,692.95,2,3,3,8,2161
15608,50,1,692.3,3,2,3,8,2162
13585,165,3,684.54,2,3,3,8,2175
14139,125,3,670.98,2,3,3,8,2197
12866,109,2,668.23,2,3,3,8,2200
16862,182,4,662.33,1,4,3,8,2210
14477,71,3,660.0,2,3,3,8,2216
15715,190,5,658.02,1,4,3,8,2223
14412,59,1,656.16,3,2,3,8,2224
16723,78,2,654.96,2,3,3,8,2227
15289,93,2,653.3100000000001,2,3,3,8,2230
14423,72,2,651.41,2,3,3,8,2233
13840,51,1,651.4,3,2,3,8,2234
13405,116,3,641.36,2,3,3,8,2251
14563,144,2,640.54,2,3,3,8,2254
15639,86,2,639.76,2,3,3,8,2259
17926,79,3,638.2,2,3,3,8,2265
12699,52,1,638.11,3,2,3,8,2266
16680,163,2,637.75,2,3,3,8,2269
13892,112,2,634.68,2,3,3,8,2275
15666,107,2,632.9399999999999,2,3,3,8,2279
13540,102,3,632.39,2,3,3,8,2281
17123,74,2,631.87,2,3,3,8,2284
17038,50,1,630.77,3,2,3,8,2286
16952,76,3,628.22,2,3,3,8,2293
17282,91,2,623.08,2,3,3,8,2302
12575,92,2,622.8199999999999,2,3,3,8,2304
14115,136,2,622.6700000000001,2,3,3,8,2305
17005,105,2,622.36,2,3,3,8,2306
15247,112,2,620.06,2,3,3,8,2314
12673,36,1,619.5,3,2,3,8,2315
13513,76,2,619.49,2,3,3,8,2316
17464,157,2,617.1800000000001,2,3,3,8,2323
15362,83,2,613.08,2,3,3,8,2331
14929,56,1,612.8100000000001,3,2,3,8,2333
16675,76,2,608.86,2,3,3,8,2343
13627,123,2,607.43,2,3,3,8,2345
15201,74,2,606.4100000000001,2,3,3,8,2347
14020,111,2,606.21,2,3,3,8,2348
14611,78,2,604.3299999999999,2,3,3,8,2353
13359,38,1,603.75,3,2,3,8,2355
17270,104,2,601.4499999999999,2,3,3,8,2360
14254,67,1,601.03,3,2,3,8,2361
17745,112,2,600.34,2,3,3,8,2362
17176,161,2,596.1899999999999,2,3,3,8,2370
17845,190,4,596.09,1,4,3,8,2371
13101,133,3,594.21,2,3,3,8,2375
14699,70,3,593.47,2,3,3,8,2378
13472,98,2,592.24,2,3,3,8,2380
15416,113,3,588.5,2,3,3,8,2390
15191,98,3,588.05,2,3,3,8,2392
12800,105,3,584.25,2,3,3,8,2396
17773,149,2,575.37,2,3,3,8,2412
13804,70,2,572.73,2,3,3,8,2417
16838,165,2,570.76,2,3,3,8,2421
17212,93,2,567.56,2,3,3,8,2430
15627,92,2,566.9,2,3,3,8,2431
15076,127,2,566.89,2,3,3,8,2432
13998,81,3,566.7,2,3,3,8,2433
17664,109,2,561.59,2,3,3,8,2441
17159,112,2,560.71,2,3,3,8,2443
13245,67,1,558.72,3,2,3,8,2447
13832,57,1,557.6899999999999,3,2,3,8,2448
13024,105,2,555.87,2,3,3,8,2450
15102,165,2,554.67,2,3,3,8,2454
15650,156,2,553.88,2,3,3,8,2455
15948,59,1,553.85,3,2,3,8,2456
17407,46,1,552.9,3,2,3,8,2458
16278,115,2,551.46,2,3,3,8,2462
13479,87,2,550.42,2,3,3,8,2465
16111,63,1,549.33,3,2,3,8,2468
15224,147,3,549.28,2,3,3,8,2470
15055,109,3,549.12,2,3,3,8,2471
14447,35,1,548.5,3,2,3,8,2475
15799,53,1,537.1999999999999,3,2,3,8,2501
12810,169,2,534.99,2,3,3,8,2508
16785,44,1,533.78,3,2,3,8,2510
16810,55,1,532.5,3,2,3,8,2515
13898,46,1,530.47,3,2,3,8,2520
13106,48,1,526.96,3,2,3,8,2529
13070,94,3,522.9,2,3,3,8,2535
13977,46,1,519.8100000000001,3,2,3,8,2542
12825,156,2,518.63,2,3,3,8,2545
17397,51,1,516.87,3,2,3,8,2548
14429,38,1,516.28,3,2,3,8,2550
15766,91,2,516.0,2,3,3,8,2551
18243,49,1,515.78,3,2,3,8,2552
13367,66,1,510.2,3,2,3,8,2558
14008,67,1,509.04,3,2,3,8,2561
13123,107,2,506.75,2,3,3,8,2567
17276,37,1,502.49,3,2,3,8,2580
17226,79,2,501.97999999999996,2,3,3,8,2582
18049,72,2,500.92,2,3,3,8,2583
13368,49,2,498.1,3,3,2,8,2591
15314,48,2,492.47999999999996,3,3,2,8,2605
15957,55,2,492.36,3,3,2,8,2606
17269,20,1,491.81,4,2,2,8,2608
14663,65,2,490.6,3,3,2,8,2610
13502,50,2,488.5,3,3,2,8,2619
13733,45,2,487.03000000000003,3,3,2,8,2626
13005,66,2,485.98,3,3,2,8,2628
17106,24,1,481.58,4,2,2,8,2637
18016,45,2,476.90000000000003,3,3,2,8,2641
16518,56,2,475.05,3,3,2,8,2645
14600,28,1,471.84000000000003,4,2,2,8,2654
12958,35,2,467.34,3,3,2,8,2667
16887,35,2,465.84,3,3,2,8,2670
17274,30,1,465.4,4,2,2,8,2675
18083,32,1,463.53,4,2,2,8,2678
14627,14,1,462.75,4,2,2,8,2680
13624,23,1,462.08,4,2,2,8,2682
15969,60,2,460.95,3,3,2,8,2685
16310,49,2,460.08,3,3,2,8,2687
13957,52,3,458.25,3,3,2,8,2691
17849,115,4,457.96000000000004,2,4,2,8,2692
16039,58,2,456.4,3,3,2,8,2699
14296,56,2,456.4,3,3,2,8,2699
16014,43,2,453.45,3,3,2,8,2707
16799,67,2,452.78000000000003,3,3,2,8,2709
15961,14,1,451.29,4,2,2,8,2715
13626,14,1,449.81,4,2,2,8,2719
15418,60,2,449.42,3,3,2,8,2721
17823,56,2,449.25,3,3,2,8,2722
13784,69,3,447.44,3,3,2,8,2724
13948,46,3,446.76,3,3,2,8,2727
14201,44,3,446.1,3,3,2,8,2729
12788,98,4,444.9,2,4,2,8,2733
15645,49,2,443.16,3,3,2,8,2734
13846,34,1,442.73,4,2,2,8,2736
13086,17,1,439.33000000000004,4,2,2,8,2742
13964,22,2,438.9,4,2,2,8,2744
13738,31,1,434.78000000000003,4,2,2,8,2753
16601,25,2,434.3,4,2,2,8,2756
16888,35,3,434.2,3,3,2,8,2757
15847,63,3,433.3,3,3,2,8,2764
13242,86,4,429.0,2,4,2,8,2779
18262,28,2,428.06,4,2,2,8,2781
16414,66,3,424.96,3,3,2,8,2791
14690,27,2,422.63,4,2,2,8,2805
16765,17,1,420.75,4,2,2,8,2810
17423,28,1,420.54,4,2,2,8,2812
13096,29,1,419.70000000000005,4,2,2,8,2817
17995,17,2,419.38,4,2,2,8,2818
14675,23,1,419.21999999999997,4,2,2,8,2819
17648,20,1,418.87,4,2,2,8,2820
12616,23,1,417.8,4,2,2,8,2822
17258,31,2,417.3,4,2,2,8,2824
15011,30,2,416.6,4,2,2,8,2827
13292,50,3,415.57,3,3,2,8,2830
17598,16,1,409.98,4,2,2,8,2842
13310,15,2,409.17,4,2,2,8,2844
17000,31,2,406.3,4,2,2,8,2850
15968,23,1,404.55,4,2,2,8,2859
14358,24,2,400.06,4,2,2,8,2874
14452,30,2,399.9,4,2,2,8,2876
13252,29,2,399.3,4,2,2,8,2879
17300,25,2,393.64,4,2,2,8,2894
16080,20,2,385.40000000000003,4,2,2,8,2918
15155,18,1,383.96999999999997,4,2,2,8,2924
18221,25,1,383.33,4,2,2,8,2927
13008,32,2,382.66,4,2,2,8,2930
17753,99,4,382.06,2,4,2,8,2933
17903,29,1,381.09000000000003,4,2,2,8,2936
16535,20,2,378.28999999999996,4,2,2,8,2941
15198,43,3,377.71,3,3,2,8,2942
16544,154,4,376.70000000000005,2,4,2,8,2945
13262,24,2,373.16,4,2,2,8,2957
18160,21,1,365.82,4,2,2,8,2984
13545,25,2,364.93,4,2,2,8,2987
14122,41,3,362.42,3,3,2,8,2992
13181,16,1,359.69,4,2,2,8,2999
14926,16,2,359.4,4,2,2,8,3000
15958,38,3,357.77,3,3,2,8,3005
14193,31,1,356.8,4,2,2,8,3010
14252,16,1,350.99,4,2,2,8,3027
13700,52,3,348.34,3,3,2,8,3036
13862,24,1,346.73,4,2,2,8,3043
15519,18,2,344.61,4,2,2,8,3049
14552,15,2,343.71,4,2,2,8,3051
13550,18,1,342.55,4,2,2,8,3053
16259,45,3,340.94,3,3,2,8,3057
15488,91,4,340.59999999999997,2,4,2,8,3059
14203,32,1,339.34,4,2,2,8,3065
14048,17,2,338.76,4,2,2,8,3067
15447,162,4,337.71000000000004,2,4,2,8,3073
18050,28,1,337.66,4,2,2,8,3075
13686,15,2,337.04,4,2,2,8,3077
13258,14,2,336.59999999999997,4,2,2,8,3080
15901,86,4,335.99,2,4,2,8,3082
13167,25,1,333.82,4,2,2,8,3088
17776,21,2,330.56,4,2,2,8,3100
12807,18,1,330.34999999999997,4,2,2,8,3101
15938,91,4,330.23,2,4,2,8,3102
12890,22,1,329.3,4,2,2,8,3108
17744,15,1,326.74,4,2,2,8,3122
13646,34,2,326.25,4,2,2,8,3124
18047,16,2,326.09,4,2,2,8,3125
15726,25,1,321.91,4,2,2,8,3145
17864,20,2,321.72,4,2,2,8,3150
16224,22,1,321.24,4,2,2,8,3157
13843,16,1,319.75,4,2,2,8,3164
14024,25,1,318.04,4,2,2,8,3171
17436,43,3,317.76,3,3,2,8,3173
17689,23,2,317.08,4,2,2,8,3176
16829,23,1,316.1,4,2,2,8,3180
15873,134,4,313.92,2,4,2,8,3187
17680,18,2,313.05,4,2,2,8,3192
16261,21,2,312.62,4,2,2,8,3197
14053,32,2,312.05,4,2,2,8,3199
15634,18,1,311.1,4,2,2,8,3202
16424,17,1,309.5,4,2,2,8,3218
16373,17,2,309.49,4,2,2,8,3219
17495,25,1,309.16,4,2,2,8,3220
14927,31,1,308.2,4,2,2,8,3226
18280,29,1,307.55,4,2,2,8,3231
13158,23,1,307.12,4,2,2,8,3235
15951,16,1,304.95,4,2,2,8,3247
17688,28,1,304.2,4,2,2,8,3249
16489,15,2,303.7,4,2,2,8,3253
12427,6,1,303.5,5,1,2,8,3255
13773,31,2,301.54,4,2,2,8,3262
16437,16,2,301.25,4,2,2,8,3264
12351,10,1,300.93,5,1,2,8,3265
17674,3,1,300.66,5,1,2,8,3266
12775,23,2,300.08,4,2,2,8,3269
17766,16,2,299.61,4,2,2,8,3273
13346,97,6,299.4,2,4,2,8,3275
12897,16,2,297.75,4,2,2,8,3280
17882,14,2,291.56,4,2,2,8,3308
16018,31,2,289.23,4,2,2,8,3316
18043,1,1,287.91,5,1,2,8,3319
17497,25,2,287.25,4,2,2,8,3321
15184,22,2,283.19,4,2,2,8,3339
15936,14,2,282.79,4,2,2,8,3341
12538,13,1,276.5,5,1,2,8,3360
16089,21,2,263.49,4,2,2,8,3399
17964,7,1,261.76,5,1,2,8,3406
16413,10,1,259.83,5,1,2,8,3414
12386,1,1,258.9,5,1,2,8,3420
12942,0,1,258.75,5,1,2,8,3421
15404,10,1,257.06,5,1,2,8,3426
14594,8,1,255.0,5,1,2,8,3434
16893,1,2,249.89000000000001,5,2,1,8,3453
14487,3,2,225.89000000000001,5,2,1,8,3555
17181,8,2,225.45000000000002,5,2,1,8,3559
15304,3,2,225.15,5,2,1,8,3562
17967,6,2,223.42,5,2,1,8,3569
15987,3,2,216.7,5,2,1,8,3600
15914,13,2,205.99,5,2,1,8,3648
14119,10,2,183.37,5,2,1,8,3738
17170,9,2,178.68,5,2,1,8,3763
13747,8,2,169.79999999999998,5,2,1,8,3806
15283,25,3,148.33,4,3,1,8,3909
17339,0,2,119.0,5,2,1,8,4052
17026,4,2,54.15,5,2,1,8,4249
17305,283,1,2135.46,1,2,4,7,870
17039,239,1,1954.99,1,2,4,7,955
12531,321,1,1807.98,1,2,4,7,1023
12911,186,1,1651.72,1,2,4,7,1121
13337,181,1,1575.26,1,2,4,7,1173
16917,267,1,1460.3600000000001,1,2,4,7,1263
12378,197,1,1407.7,1,2,4,7,1297
16716,265,1,1248.48,1,2,4,7,1459
12742,260,1,1201.52,1,2,4,7,1504
12503,219,1,1126.0,1,2,4,7,1581
15559,203,1,1109.4,1,2,4,7,1598
14935,254,1,1065.12,1,2,4,7,1636
13775,225,1,1049.66,1,2,4,7,1652
17474,234,1,1047.0,1,2,4,7,1654
14255,181,1,1000.63,1,2,4,7,1709
15176,302,1,988.0400000000001,1,2,4,7,1723
14643,252,3,986.08,1,3,3,7,1726
12543,83,1,980.25,2,2,3,7,1733
17369,90,1,979.1999999999999,2,2,3,7,1737
16214,70,1,975.5,2,2,3,7,1744
12425,83,1,964.21,2,2,3,7,1757
12675,188,2,957.25,1,3,3,7,1767
17020,177,2,935.62,1,3,3,7,1791
14544,105,1,934.23,2,2,3,7,1793
14568,70,1,919.6999999999999,2,2,3,7,1814
15140,77,1,889.4399999999999,2,2,3,7,1856
14220,202,2,882.6,1,3,3,7,1866
13768,361,2,875.97,1,3,3,7,1878
18177,195,3,875.45,1,3,3,7,1879
14320,181,3,868.96,1,3,3,7,1887
17161,79,1,856.01,2,2,3,7,1901
16317,185,2,850.86,1,3,3,7,1912
17638,282,2,842.4,1,3,3,7,1924
16798,189,3,841.16,1,3,3,7,1927
13175,217,2,831.45,1,3,3,7,1945
12730,156,1,829.25,2,2,3,7,1948
14556,231,3,815.69,1,3,3,7,1972
14055,212,2,795.32,1,3,3,7,1995
15254,181,2,787.99,1,3,3,7,2006
13287,238,3,781.59,1,3,3,7,2014
16958,70,1,778.49,2,2,3,7,2016
15794,371,2,777.0,1,3,3,7,2019
12370,259,3,774.62,1,3,3,7,2022
14226,76,1,770.34,2,2,3,7,2029
12373,259,2,763.0500000000001,1,3,3,7,2045
14565,108,1,760.1,2,2,3,7,2048
13023,163,1,759.13,2,2,3,7,2050
16451,196,2,746.1800000000001,1,3,3,7,2074
18275,213,2,741.85,1,3,3,7,2081
12703,268,3,722.98,1,3,3,7,2118
13264,77,1,722.5600000000001,2,2,3,7,2119
15695,232,2,721.0600000000001,1,3,3,7,2122
15157,204,2,718.04,1,3,3,7,2125
16269,72,1,717.57,2,2,3,7,2128
14315,199,2,716.69,1,3,3,7,2130
17158,182,2,713.03,1,3,3,7,2134
15322,111,1,711.18,2,2,3,7,2140
12485,164,1,708.1,2,2,3,7,2143
14890,253,2,691.6,1,3,3,7,2164
14809,256,2,686.76,1,3,3,7,2173
18271,244,2,680.85,1,3,3,7,2180
14151,308,2,679.45,1,3,3,7,2183
16646,84,1,678.8,2,2,3,7,2187
13814,162,1,678.2,2,2,3,7,2190
16132,179,2,664.1999999999999,1,3,3,7,2204
16704,253,2,664.16,1,3,3,7,2205
15223,244,3,662.2,1,3,3,7,2211
15097,218,2,660.27,1,3,3,7,2215
15393,202,3,659.48,1,3,3,7,2217
17463,195,2,659.4,1,3,3,7,2218
14558,289,3,655.5,1,3,3,7,2225
13285,235,2,655.47,1,3,3,7,2226
16037,179,2,654.32,1,3,3,7,2228
13781,227,2,650.99,1,3,3,7,2235
15303,200,2,650.16,1,3,3,7,2236
17221,226,3,642.14,1,3,3,7,2249
16884,191,2,641.13,1,3,3,7,2252
15183,182,3,639.93,1,3,3,7,2258
12457,70,1,632.68,2,2,3,7,2280
16805,212,3,630.75,1,3,3,7,2287
16198,72,1,629.36,2,2,3,7,2290
16846,212,2,628.09,1,3,3,7,2294
14924,245,2,620.96,1,3,3,7,2310
13020,197,2,618.96,1,3,3,7,2319
15956,186,2,617.6,1,3,3,7,2322
16844,197,2,614.34,1,3,3,7,2327
15797,216,2,613.6800000000001,1,3,3,7,2329
16345,118,1,613.33,2,2,3,7,2330
15243,70,1,610.6,2,2,3,7,2341
18058,176,2,603.9,1,3,3,7,2354
16212,253,2,603.37,1,3,3,7,2356
18264,133,1,603.25,2,2,3,7,2357
15573,253,3,597.23,1,3,3,7,2366
17209,284,3,595.7,1,3,3,7,2372
14771,256,2,594.62,1,3,3,7,2374
17156,126,1,591.87,2,2,3,7,2382
12403,156,1,591.6600000000001,2,2,3,7,2383
18079,126,1,590.78,2,2,3,7,2385
16100,97,1,582.64,2,2,3,7,2400
16802,314,2,582.61,1,3,3,7,2401
17099,168,1,582.17,2,2,3,7,2402
15988,186,2,582.11,1,3,3,7,2403
14742,70,1,579.85,2,2,3,7,2406
18108,231,2,577.8100000000001,1,3,3,7,2411
12859,93,1,575.1,2,2,3,7,2413
13424,84,1,572.77,2,2,3,7,2416
13190,179,3,570.66,1,3,3,7,2422
17189,196,3,569.88,1,3,3,7,2424
15091,309,2,565.9,1,3,3,7,2434
17962,184,3,564.55,1,3,3,7,2436
17665,128,1,563.1,2,2,3,7,2437
13064,185,2,561.25,1,3,3,7,2442
17194,165,1,549.88,2,2,3,7,2466
15200,129,1,549.05,2,2,3,7,2472
18207,134,1,544.47,2,2,3,7,2484
15959,317,3,542.89,1,3,3,7,2488
12819,93,1,540.52,2,2,3,7,2494
18140,108,1,536.41,2,2,3,7,2503
17919,73,1,536.28,2,2,3,7,2504
12777,92,1,519.45,2,2,3,7,2543
14738,196,2,507.45,1,3,3,7,2566
16419,212,2,504.99,1,3,3,7,2571
15462,80,1,502.45,2,2,3,7,2581
12953,157,1,498.96000000000004,2,2,3,7,2587
15278,196,4,496.15999999999997,1,4,2,7,2600
14818,93,3,495.76,2,3,2,7,2602
14319,59,1,494.85,3,2,2,7,2604
14310,67,1,492.1,3,2,2,7,2607
16639,44,1,490.47,3,2,2,7,2611
12634,170,2,490.0,2,3,2,7,2615
14834,42,1,485.86,3,2,2,7,2629
16943,174,2,482.76,2,3,2,7,2634
12542,119,2,481.88,2,3,2,7,2636
12977,136,3,474.64,2,3,2,7,2646
17104,58,1,474.03,3,2,2,7,2648
16635,41,1,473.0,3,2,2,7,2652
14058,97,2,469.19,2,3,2,7,2660
16390,171,3,467.5,2,3,2,7,2666
13103,72,2,465.70000000000005,2,3,2,7,2671
17051,81,3,465.6,2,3,2,7,2672
15748,84,2,465.45000000000005,2,3,2,7,2673
15406,88,2,465.16,2,3,2,7,2676
18284,66,1,461.68,3,2,2,7,2683
13166,49,1,458.73,3,2,2,7,2688
14118,63,1,458.45,3,2,2,7,2689
14011,115,2,457.82,2,3,2,7,2694
16069,52,1,457.7,3,2,2,7,2695
15714,88,3,453.93,2,3,2,7,2706
12492,38,1,452.0,3,2,2,7,2711
13150,119,3,449.96999999999997,2,3,2,7,2718
15126,171,2,449.49,2,3,2,7,2720
13035,66,1,442.32,3,2,2,7,2737
14996,116,2,442.28999999999996,2,3,2,7,2738
17699,111,2,442.0,2,3,2,7,2739
15859,67,1,438.46,3,2,2,7,2746
14846,62,1,437.4,3,2,2,7,2748
16166,63,2,435.83,3,2,2,7,2751
16643,57,1,435.6,3,2,2,7,2752
16939,123,3,433.85,2,3,2,7,2759
17027,81,3,433.07,2,3,2,7,2765
17687,55,1,432.68,3,2,2,7,2767
13165,48,1,429.68,3,2,2,7,2776
13413,274,6,429.44,1,4,2,7,2778
12475,44,1,426.26,3,2,2,7,2788
14877,53,2,425.85,3,2,2,7,2790
13453,37,1,424.71,3,2,2,7,2792
13441,66,1,424.26,3,2,2,7,2796
13427,112,3,423.93,2,3,2,7,2799
13374,49,2,422.8,3,2,2,7,2803
16117,37,2,422.19,3,2,2,7,2808
18112,53,2,420.67,3,2,2,7,2811
13073,46,2,418.08,3,2,2,7,2821
12608,39,1,415.79,3,2,2,7,2829
16178,36,1,414.7,3,2,2,7,2833
13194,56,1,412.08,3,2,2,7,2837
14712,53,1,411.0,3,2,2,7,2838
17109,41,2,410.42,3,2,2,7,2841
16864,69,2,409.25,3,2,2,7,2843
15917,241,4,407.07,1,4,2,7,2846
13574,46,1,404.45,3,2,2,7,2861
13607,37,1,400.3,3,2,2,7,2872
15501,39,2,399.95,3,2,2,7,2875
12787,48,1,398.52,3,2,2,7,2881
16418,43,2,397.62,3,2,2,7,2883
13597,35,2,396.71,3,2,2,7,2885
17918,135,3,396.39,2,3,2,7,2886
16980,63,1,394.37,3,2,2,7,2891
13067,44,2,393.05,3,2,2,7,2895
15626,56,1,391.72,3,2,2,7,2901
14197,45,1,390.05,3,2,2,7,2903
12414,98,3,390.0,2,3,2,7,2904
18078,60,2,389.40000000000003,3,2,2,7,2907
15620,44,1,389.18,3,2,2,7,2909
16642,50,1,389.12,3,2,2,7,2910
12973,48,1,385.55,3,2,2,7,2916
17393,45,2,381.15000000000003,3,2,2,7,2935
17717,56,1,376.92,3,2,2,7,2944
13997,154,3,376.46,2,3,2,7,2946
14294,42,1,375.34,3,2,2,7,2950
15337,46,1,373.02,3,2,2,7,2959
13780,42,1,372.06,3,2,2,7,2963
14168,55,2,370.45,3,2,2,7,2966
14569,87,3,369.94,2,3,2,7,2969
15257,49,1,368.75,3,2,2,7,2974
12899,48,1,366.4,3,2,2,7,2982
15915,36,1,364.45,3,2,2,7,2988
13274,44,1,360.85,3,2,2,7,2993
16606,39,2,357.66,3,2,2,7,3006
14240,58,1,357.15,3,2,2,7,3009
16920,46,1,355.45,3,2,2,7,3013
16382,43,2,353.1,3,2,2,7,3017
16476,66,1,350.35,3,2,2,7,3030
15504,155,3,349.87,2,3,2,7,3031
16263,58,1,348.16,3,2,2,7,3037
12411,44,1,346.9,3,2,2,7,3042
15174,45,1,345.71000000000004,3,2,2,7,3046
17934,41,1,344.90000000000003,3,2,2,7,3047
15346,60,2,343.7,3,2,2,7,3052
12900,57,1,340.33,3,2,2,7,3062
14998,63,2,338.31,3,2,2,7,3071
16141,52,1,335.54,3,2,2,7,3084
17821,41,1,334.62,3,2,2,7,3086
16234,111,3,333.18,2,3,2,7,3090
14513,71,3,332.42,2,3,2,7,3093
17435,46,1,331.35,3,2,2,7,3096
13981,50,1,331.14,3,2,2,7,3097
17518,60,2,329.42,3,2,2,7,3107
13710,58,2,329.04,3,2,2,7,3110
16348,65,1,328.77,3,2,2,7,3113
17334,41,1,328.13,3,2,2,7,3114
17196,62,1,327.75,3,2,2,7,3116
15735,56,1,327.68,3,2,2,7,3117
17152,60,1,327.0,3,2,2,7,3121
13703,50,1,326.06,3,2,2,7,3126
17883,174,3,324.08,2,3,2,7,3134
16856,52,2,323.09000000000003,3,2,2,7,3141
14263,58,1,322.93,3,2,2,7,3142
18090,56,1,321.9,3,2,2,7,3146
12361,97,3,321.35,2,3,2,7,3155
17182,57,2,321.3,3,2,2,7,3156
12353,43,1,317.76,3,2,2,7,3173
13833,39,1,316.56,3,2,2,7,3178
16193,45,1,315.98,3,2,2,7,3181
17121,37,1,314.74,3,2,2,7,3182
14991,65,1,314.67,3,2,2,7,3184
15196,67,2,313.7,3,2,2,7,3188
15128,65,1,312.68,3,2,2,7,3195
17326,43,2,312.35,3,2,2,7,3198
14339,63,1,310.75,3,2,2,7,3205
14216,49,1,310.74,3,2,2,7,3206
14848,39,1,310.56,3,2,2,7,3210
14148,49,1,309.09000000000003,3,2,2,7,3222
14181,45,2,308.35,3,2,2,7,3224
15778,66,1,307.95,3,2,2,7,3228
14777,38,1,307.56,3,2,2,7,3230
15598,62,1,307.34,3,2,2,7,3232
13660,35,1,306.64,3,2,2,7,3237
13238,65,2,305.9,3,2,2,7,3242
15143,67,1,304.18,3,2,2,7,3250
17033,32,1,302.65000000000003,4,1,2,7,3256
12434,16,1,297.29,4,1,2,7,3281
17601,15,1,297.07,4,1,2,7,3282
12504,52,2,297.0,3,2,2,7,3283
14614,21,1,295.13,4,1,2,7,3291
16252,17,1,295.09,4,1,2,7,3292
14192,23,1,293.74,4,1,2,7,3300
13002,51,2,293.18,3,2,2,7,3304
12421,50,2,291.56,3,2,2,7,3308
17536,55,2,288.33,3,2,2,7,3318
16936,20,1,286.39,4,1,2,7,3323
14353,45,2,285.9,3,2,2,7,3325
16890,111,3,285.41,2,3,2,7,3330
13909,58,2,282.85,3,2,2,7,3340
13679,128,3,281.26,2,3,2,7,3346
14183,46,2,278.34,3,2,2,7,3354
14303,42,2,277.94,3,2,2,7,3355
15368,29,1,275.8,4,1,2,7,3361
13399,99,3,275.4,2,3,2,7,3363
17355,21,1,273.31,4,1,2,7,3367
13861,64,2,273.26,3,2,2,7,3368
15361,161,3,270.15000000000003,2,3,2,7,3377
17433,20,1,266.8,4,1,2,7,3386
12892,31,1,263.38,4,1,2,7,3400
17808,183,4,262.64,1,4,2,7,3401
16932,58,2,262.32,3,2,2,7,3403
14494,36,2,261.9,3,2,2,7,3405
12991,24,1,261.06,4,1,2,7,3409
15888,35,2,260.85,3,2,2,7,3410
13835,154,3,260.7,2,3,2,7,3411
17558,28,1,259.17,4,1,2,7,3416
14704,59,2,258.96,3,2,2,7,3418
17256,116,3,258.93,2,3,2,7,3419
14526,24,1,258.65,4,1,2,7,3422
16988,14,1,256.55,4,1,2,7,3430
17992,24,1,252.88,4,1,2,7,3439
16074,25,1,252.5,4,1,2,7,3442
17210,27,1,251.72,4,1,2,7,3444
12665,52,2,250.6,3,2,2,7,3450
17376,39,2,250.44,3,2,2,7,3451
16381,30,2,247.85,4,2,1,7,3461
15540,10,1,247.38,5,1,1,7,3463
17925,7,1,244.08,5,1,1,7,3476
13582,24,2,241.68,4,2,1,7,3482
15262,15,2,239.87,4,2,1,7,3492
13275,18,2,238.86,4,2,1,7,3496
17309,16,2,237.64000000000001,4,2,1,7,3501
15566,27,2,227.87,4,2,1,7,3547
15659,21,2,226.04,4,2,1,7,3553
13080,36,3,222.65,3,3,1,7,3573
13955,10,1,221.10999999999999,5,1,1,7,3584
15919,3,1,214.08,5,1,1,7,3610
15512,25,2,210.58,4,2,1,7,3624
17855,7,1,208.97,5,1,1,7,3634
15134,16,2,208.3,4,2,1,7,3638
16752,7,1,207.5,5,1,1,7,3641
16402,4,1,205.65,5,1,1,7,3652
15001,29,2,199.10999999999999,4,2,1,7,3680
17283,13,1,188.46,5,1,1,7,3719
18156,4,1,186.88,5,1,1,7,3727
18063,25,2,186.60000000000002,4,2,1,7,3729
17516,13,1,182.62,5,1,1,7,3741
15359,297,8,181.35,1,5,1,7,3748
18119,2,1,180.7,5,1,1,7,3751
17820,9,1,180.60999999999999,5,1,1,7,3752
18018,34,2,175.85,4,2,1,7,3777
12441,1,1,173.55,5,1,1,7,3788
18269,1,1,168.6,5,1,1,7,3812
16050,18,2,162.8,4,2,1,7,3834
13642,67,3,159.92,3,3,1,7,3855
12738,7,1,155.35,5,1,1,7,3874
16473,9,1,154.72,5,1,1,7,3875
13403,22,2,154.5,4,2,1,7,3876
15560,32,2,153.52,4,2,1,7,3879
15894,4,1,151.44,5,1,1,7,3892
13992,15,2,142.7,4,2,1,7,3935
15545,6,1,135.33,5,1,1,7,3973
17826,9,1,133.34,5,1,1,7,3984
14191,29,2,132.9,4,2,1,7,3986
16690,28,2,127.45,4,2,1,7,4015
14491,7,1,127.2,5,1,1,7,4017
15923,7,1,127.08,5,1,1,7,4019
14616,20,2,121.7,4,2,1,7,4041
15018,2,1,111.25,5,1,1,7,4081
15212,11,1,106.47999999999999,5,1,1,7,4113
17723,10,1,102.0,5,1,1,7,4129
15048,3,1,98.7,5,1,1,7,4143
15583,11,1,95.96,5,1,1,7,4152
16552,8,1,95.29,5,1,1,7,4154
12686,6,1,89.14,5,1,1,7,4176
18113,3,1,76.32000000000001,5,1,1,7,4200
17912,10,1,64.49,5,1,1,7,4223
17468,10,1,57.8,5,1,1,7,4242
15899,3,1,56.25,5,1,1,7,4244
13254,11,1,51.410000000000004,5,1,1,7,4253
13011,7,1,50.550000000000004,5,1,1,7,4255
14589,6,1,39.75,5,1,1,7,4272
14576,7,1,35.400000000000006,5,1,1,7,4279
14610,30,2,24.35,4,2,1,7,4296
17378,9,1,10.95,5,1,1,7,4307
13204,366,1,966.6600000000001,1,2,3,6,1753
15826,203,1,943.97,1,2,3,6,1785
12396,309,1,931.43,1,2,3,6,1798
12368,263,1,917.6999999999999,1,2,3,6,1816
14969,338,1,906.23,1,2,3,6,1834
14619,176,1,896.8000000000001,1,2,3,6,1846
13612,267,1,818.29,1,2,3,6,1964
13294,281,1,815.79,1,2,3,6,1971
12426,297,1,762.48,1,2,3,6,2046
13286,235,1,734.91,1,2,3,6,2096
18163,219,1,728.84,1,2,3,6,2107
12786,244,1,728.5,1,2,3,6,2109
18187,266,1,724.89,1,2,3,6,2115
17499,196,1,718.51,1,2,3,6,2124
13604,293,1,717.62,1,2,3,6,2127
14474,214,1,711.23,1,2,3,6,2139
14284,288,1,704.4,1,2,3,6,2150
15970,233,1,703.22,1,2,3,6,2152
13583,314,1,664.001,1,2,3,6,2206
13622,331,1,658.95,1,2,3,6,2220
12580,211,1,637.1999999999999,1,2,3,6,2271
16534,277,1,635.9,1,2,3,6,2272
16377,252,1,632.28,1,2,3,6,2282
14920,200,1,629.4,1,2,3,6,2288
15025,203,1,617.83,1,2,3,6,2320
16922,207,1,611.08,1,2,3,6,2338
15631,277,1,596.67,1,2,3,6,2368
15929,279,1,594.0,1,2,3,6,2376
18173,247,1,589.52,1,2,3,6,2388
15478,210,1,583.56,1,2,3,6,2398
12514,276,1,580.08,1,2,3,6,2404
15588,312,1,579.6,1,2,3,6,2408
13179,253,1,572.3100000000001,1,2,3,6,2418
14893,252,1,571.76,1,2,3,6,2419
17195,290,1,562.98,1,2,3,6,2440
17016,211,1,552.4,1,2,3,6,2459
13168,177,1,541.14,1,2,3,6,2492
12507,219,1,539.25,1,2,3,6,2496
13712,245,1,537.58,1,2,3,6,2500
12837,204,1,528.5600000000001,1,2,3,6,2525
15152,336,1,518.14,1,2,3,6,2546
12979,364,1,517.7,1,2,3,6,2547
13220,210,1,516.8,1,2,3,6,2549
13388,238,1,508.55,1,2,3,6,2564
15396,218,1,508.20000000000005,1,2,3,6,2565
12366,268,1,500.24,1,2,3,6,2584
13553,309,1,499.6,1,2,3,6,2586
15109,214,2,498.15000000000003,1,3,2,6,2590
12943,193,2,496.5,1,3,2,6,2596
16415,218,2,496.49,1,3,2,6,2597
15599,80,1,488.32,2,2,2,6,2620
14272,197,2,482.85,1,3,2,6,2633
18218,231,2,479.91999999999996,1,3,2,6,2638
16139,357,2,475.74,1,3,2,6,2643
17329,366,3,475.42,1,3,2,6,2644
16447,225,2,471.19,1,3,2,6,2655
14369,277,2,469.13,1,3,2,6,2661
17731,256,2,468.88,1,3,2,6,2662
15387,127,1,468.65,2,2,2,6,2663
12554,83,1,468.5,2,2,2,6,2664
17294,304,2,467.78999999999996,1,3,2,6,2665
14126,79,1,466.33000000000004,2,2,2,6,2669
16739,171,1,463.43,2,2,2,6,2679
18190,238,3,461.16,1,3,2,6,2684
16110,157,1,460.64,2,2,2,6,2686
14958,230,3,458.26,1,3,2,6,2690
15264,165,1,454.66,2,2,2,6,2703
17067,359,3,454.54,1,3,2,6,2704
13698,231,2,451.73,1,3,2,6,2712
16870,104,1,450.15999999999997,2,2,2,6,2717
14108,366,2,447.05,1,3,2,6,2725
16095,91,1,447.05,2,2,2,6,2725
14010,200,2,445.15,1,3,2,6,2730
14328,73,1,445.05,2,2,2,6,2731
18134,233,2,445.0,1,3,2,6,2732
15323,197,3,434.6,1,3,2,6,2754
16522,70,2,433.36,2,2,2,6,2763
15461,95,2,429.7,2,2,2,6,2775
18089,81,1,428.45,2,2,2,6,2780
15966,85,1,426.53000000000003,2,2,2,6,2786
12792,169,1,426.46999999999997,2,2,2,6,2787
14595,88,2,423.85,2,2,2,6,2800
14381,86,1,423.26,2,2,2,6,2801
14097,116,2,422.86,2,2,2,6,2802
14575,123,1,420.22,2,2,2,6,2814
13442,302,3,419.87,1,3,2,6,2815
13474,78,2,419.75,2,2,2,6,2816
12956,319,3,413.82,1,3,2,6,2834
17163,80,2,406.68,2,2,2,6,2847
16632,120,2,406.4,2,2,2,6,2849
12741,164,2,406.07,2,2,2,6,2851
16815,88,2,406.02,2,2,2,6,2852
13752,162,1,404.45000000000005,2,2,2,6,2860
14009,97,1,404.3,2,2,2,6,2862
17168,133,1,400.2,2,2,2,6,2873
18128,172,1,399.29,2,2,2,6,2880
14793,170,1,396.91,2,2,2,6,2884
14570,78,1,395.69,2,2,2,6,2887
16538,176,3,395.07,1,3,2,6,2890
17524,73,2,394.14,2,2,2,6,2892
16783,71,1,391.95,2,2,2,6,2900
12527,129,2,386.8,2,2,2,6,2913
12519,111,1,385.7,2,2,2,6,2914
15837,120,1,385.03000000000003,2,2,2,6,2921
13966,70,1,384.26,2,2,2,6,2923
14767,109,1,382.81,2,2,2,6,2929
15341,84,1,382.2,2,2,2,6,2931
16648,90,2,382.14,2,2,2,6,2932
14531,114,1,376.34,2,2,2,6,2947
13515,84,2,374.70000000000005,2,2,2,6,2951
14736,120,2,374.05,2,2,2,6,2953
16406,85,2,374.01,2,2,2,6,2954
17480,79,1,370.40999999999997,2,2,2,6,2967
17233,83,2,369.98,2,2,2,6,2968
17437,164,1,369.68,2,2,2,6,2970
14172,240,3,369.02,1,3,2,6,2973
17792,102,2,368.35,2,2,2,6,2976
16974,157,2,365.5,2,2,2,6,2985
14253,128,2,363.40000000000003,2,2,2,6,2990
12871,74,1,363.38,2,2,2,6,2991
17945,331,3,360.35,1,3,2,6,2996
15008,115,2,360.0,2,2,2,6,2998
13161,135,1,359.38,2,2,2,6,3001
14919,174,1,359.35,2,2,2,6,3002
13927,72,1,359.27,2,2,2,6,3003
17748,162,1,358.15,2,2,2,6,3004
15595,122,1,357.6,2,2,2,6,3007
14268,105,1,354.85,2,2,2,6,3014
14968,93,1,353.65,2,2,2,6,3015
16857,77,1,352.8,2,2,2,6,3020
14022,121,1,352.15000000000003,2,2,2,6,3022
13281,74,1,350.85,2,2,2,6,3028
13689,79,1,349.5,2,2,2,6,3032
12760,90,1,347.8,2,2,2,6,3038
14672,150,2,347.59000000000003,2,2,2,6,3039
17780,302,3,346.56,1,3,2,6,3044
16044,70,1,340.84,2,2,2,6,3058
15855,111,1,340.48,2,2,2,6,3061
14338,171,1,339.88,2,2,2,6,3063
14630,119,1,338.65,2,2,2,6,3068
17299,74,2,336.62,2,2,2,6,3078
17110,155,2,336.6,2,2,2,6,3079
15469,73,1,335.7,2,2,2,6,3083
13877,105,2,332.44,2,2,2,6,3092
15683,108,1,330.79,2,2,2,6,3098
12850,80,1,330.0,2,2,2,6,3104
16286,112,2,328.95,2,2,2,6,3112
16647,77,2,327.84,2,2,2,6,3115
12460,91,1,326.65,2,2,2,6,3123
12804,100,2,325.37,2,2,2,6,3128
12946,71,1,324.45,2,2,2,6,3132
12920,206,3,323.86,1,3,2,6,3135
18217,148,2,323.29,2,2,2,6,3139
12844,77,2,322.64,2,2,2,6,3144
16880,128,1,321.78,2,2,2,6,3149
17471,109,1,321.65000000000003,2,2,2,6,3151
18191,112,1,321.59999999999997,2,2,2,6,3153
12410,137,1,320.38,2,2,2,6,3159
16683,168,1,320.25,2,2,2,6,3160
13942,169,1,320.0,2,2,2,6,3162
13046,91,1,319.94,2,2,2,6,3163
16436,303,3,319.14,1,3,2,6,3165
15092,97,1,318.65,2,2,2,6,3166
13717,92,2,318.29,2,2,2,6,3168
15616,73,1,317.11,2,2,2,6,3175
12529,163,1,316.48,2,2,2,6,3179
13859,164,1,314.7,2,2,2,6,3183
13639,71,1,312.93,2,2,2,6,3193
14094,74,1,311.77,2,2,2,6,3200
15530,147,1,311.37,2,2,2,6,3201
16148,71,1,310.3,2,2,2,6,3213
14749,114,1,310.15,2,2,2,6,3215
14231,85,1,309.91,2,2,2,6,3217
14722,112,2,309.1,2,2,2,6,3221
16649,155,1,306.58,2,2,2,6,3238
14753,95,1,306.36,2,2,2,6,3239
16524,81,2,306.19,2,2,2,6,3240
15893,116,1,305.28000000000003,2,2,2,6,3244
15127,154,1,304.97,2,2,2,6,3246
14043,126,2,302.6,2,2,2,6,3257
15242,57,1,302.04,3,1,2,6,3258
12445,55,1,301.58000000000004,3,1,2,6,3261
13500,36,1,299.53,3,1,2,6,3274
14835,163,2,297.0,2,2,2,6,3283
12898,98,2,296.21000000000004,2,2,2,6,3286
17703,53,1,296.1,3,1,2,6,3287
17608,84,2,296.07,2,2,2,6,3288
13516,52,1,295.85,3,1,2,6,3289
16579,60,1,295.05,3,1,2,6,3293
17710,58,1,293.5,3,1,2,6,3302
17923,162,2,289.5,2,2,2,6,3314
15863,252,3,286.26,1,3,2,6,3324
13207,86,2,285.6,2,2,2,6,3327
16343,42,1,285.54,3,1,2,6,3329
15354,238,3,284.4,1,3,2,6,3333
15280,123,2,284.4,2,2,2,6,3333
17408,135,2,283.44000000000005,2,2,2,6,3338
13326,67,1,281.76,3,1,2,6,3345
15772,53,1,280.88,3,1,2,6,3348
13428,149,2,276.76,2,2,2,6,3359
15857,65,1,273.48,3,1,2,6,3365
17292,107,2,271.75,2,2,2,6,3369
13487,140,2,271.47,2,2,2,6,3370
17785,80,2,271.44,2,2,2,6,3371
18053,160,2,271.05,2,2,2,6,3373
14981,58,1,270.8,3,1,2,6,3376
17264,59,1,268.28,3,1,2,6,3381
12790,45,1,266.93,3,1,2,6,3384
15124,111,2,266.63,2,2,2,6,3387
14392,67,1,266.4,3,1,2,6,3389
13331,36,1,262.4,3,1,2,6,3402
14462,67,1,262.24,3,1,2,6,3404
12655,58,1,261.35,3,1,2,6,3408
17375,66,1,260.45,3,1,2,6,3412
17705,90,2,260.38,2,2,2,6,3413
15536,44,1,259.09,3,1,2,6,3417
13307,122,2,258.34,2,2,2,6,3425
14876,156,2,256.7,2,2,2,6,3428
16921,77,2,255.03,2,2,2,6,3433
13250,95,2,253.09,2,2,2,6,3438
13251,37,1,252.68,3,1,2,6,3440
16453,165,2,251.71,2,2,2,6,3445
14166,140,2,251.15,2,2,2,6,3446
18266,69,1,251.1,3,1,2,6,3447
16962,44,1,251.04,3,1,2,6,3448
14470,65,1,250.85,3,1,2,6,3449
14342,67,2,249.88,3,2,1,6,3454
13309,27,1,249.58,4,1,1,6,3457
15495,14,1,246.5,4,1,1,6,3467
15884,67,2,244.60000000000002,3,2,1,6,3472
15864,16,1,244.44000000000003,4,1,1,6,3473
14052,25,1,241.3,4,1,1,6,3485
14962,174,3,240.21000000000004,2,3,1,6,3490
13789,23,1,239.45999999999998,4,1,1,6,3493
17286,35,2,237.81,3,2,1,6,3499
17872,16,1,235.87,4,1,1,6,3508
16602,23,1,235.25,4,1,1,6,3511
16885,20,1,234.19,4,1,1,6,3514
12728,18,1,233.84,4,1,1,6,3516
16024,46,2,232.96,3,2,1,6,3521
16006,22,1,231.42,4,1,1,6,3527
17374,30,1,231.34,4,1,1,6,3528
14082,27,1,231.11,4,1,1,6,3531
14684,25,1,228.52,4,1,1,6,3541
14458,15,1,228.07,4,1,1,6,3544
14363,37,2,227.47000000000003,3,2,1,6,3548
17868,21,1,227.15,4,1,1,6,3549
16740,30,1,226.91,4,1,1,6,3550
15451,69,2,226.85999999999999,3,2,1,6,3551
16824,28,1,225.60000000000002,4,1,1,6,3558
16346,20,1,224.51,4,1,1,6,3565
12887,18,1,222.4,4,1,1,6,3575
16399,24,1,222.20000000000002,4,1,1,6,3577
16832,63,2,218.46,3,2,1,6,3593
13721,30,1,217.39999999999998,4,1,1,6,3597
18007,27,1,215.22,4,1,1,6,3605
17458,16,1,213.08,4,1,1,6,3612
13691,31,1,212.78,4,1,1,6,3615
12961,14,1,211.99,4,1,1,6,3619
16874,14,1,209.89000000000001,4,1,1,6,3626
16357,16,1,209.49,4,1,1,6,3628
17989,14,1,207.32999999999998,4,1,1,6,3642
17418,22,1,206.60000000000002,4,1,1,6,3645
16284,28,1,205.79999999999998,4,1,1,6,3650
13226,28,1,204.25,4,1,1,6,3661
14419,17,1,202.85,4,1,1,6,3667
15459,52,2,202.83,3,2,1,6,3668
17980,28,1,201.27,4,1,1,6,3672
13556,64,2,200.82,3,2,1,6,3673
15020,14,1,198.47,4,1,1,6,3683
12927,29,1,197.31,4,1,1,6,3688
14405,21,1,195.0,4,1,1,6,3692
14617,37,2,190.47,3,2,1,6,3711
14446,21,1,189.93,4,1,1,6,3714
17772,27,1,187.3,4,1,1,6,3725
15986,16,1,186.3,4,1,1,6,3730
17803,27,1,184.66,4,1,1,6,3735
18161,14,1,184.41,4,1,1,6,3736
16640,32,1,179.4,4,1,1,6,3758
16691,53,2,178.83,3,2,1,6,3762
17036,18,1,176.9,4,1,1,6,3768
18054,27,1,176.5,4,1,1,6,3772
16559,32,1,175.0,4,1,1,6,3782
16599,20,1,172.8,4,1,1,6,3790
13671,29,1,172.6,4,1,1,6,3791
15515,22,1,171.81,4,1,1,6,3792
17983,30,1,171.71,4,1,1,6,3793
14811,22,1,170.5,4,1,1,6,3802
14784,24,1,159.94,4,1,1,6,3854
16687,25,1,157.63,4,1,1,6,3864
15509,15,1,152.41,4,1,1,6,3884
17327,44,2,152.35,3,2,1,6,3886
18076,15,1,151.49,4,1,1,6,3890
16662,29,1,151.05,4,1,1,6,3895
18210,17,1,147.45,4,1,1,6,3913
12858,18,1,147.27,4,1,1,6,3917
15902,15,1,145.01,4,1,1,6,3924
17556,14,1,142.77,4,1,1,6,3933
13651,16,1,132.65,4,1,1,6,3988
16628,42,2,130.05,3,2,1,6,3999
17089,21,1,128.45,4,1,1,6,4010
16973,21,1,127.0,4,1,1,6,4020
17386,20,1,126.35000000000001,4,1,1,6,4023
15161,23,1,119.92,4,1,1,6,4049
14077,30,1,115.66,4,1,1,6,4062
17275,18,1,114.1,4,1,1,6,4071
16821,16,1,113.35,4,1,1,6,4073
17208,30,1,111.15,4,1,1,6,4082
18256,22,1,110.7,4,1,1,6,4087
14721,14,1,109.07,4,1,1,6,4098
15729,35,2,107.55000000000001,3,2,1,6,4103
15846,20,1,107.01,4,1,1,6,4107
17467,30,1,102.6,4,1,1,6,4128
18195,22,1,101.16,4,1,1,6,4134
17741,41,2,101.1,3,2,1,6,4135
17493,20,1,100.91000000000001,4,1,1,6,4136
15635,30,1,100.35,4,1,1,6,4139
17570,16,1,100.0,4,1,1,6,4141
13549,22,1,87.6,4,1,1,6,4179
13967,31,1,85.6,4,1,1,6,4182
15131,29,1,80.28,4,1,1,6,4193
14559,25,1,75.6,4,1,1,6,4204
16420,31,1,75.0,4,1,1,6,4207
13915,29,1,70.80000000000001,4,1,1,6,4214
17532,20,1,65.34,4,1,1,6,4221
16786,28,1,51.839999999999996,4,1,1,6,4252
13666,55,2,43.25,3,2,1,6,4265
14972,16,1,30.300000000000004,4,1,1,6,4288
16222,356,1,498.5,1,2,2,5,2589
13000,360,1,497.65000000000003,1,2,2,5,2593
12983,233,1,490.08,1,2,2,5,2614
12355,202,1,488.21000000000004,1,2,2,5,2622
13412,255,1,487.34999999999997,1,2,2,5,2625
16834,309,1,485.5,1,2,2,5,2631
12443,367,1,485.31,1,2,2,5,2632
13745,181,1,477.32,1,2,2,5,2639
14788,231,1,476.88,1,2,2,5,2642
17958,363,1,465.42,1,2,2,5,2674
13699,185,1,455.57,1,2,2,5,2702
12459,240,1,454.36,1,2,2,5,2705
16481,317,1,453.38,1,2,2,5,2708
18100,185,1,451.56,1,2,2,5,2713
18201,357,1,447.53000000000003,1,2,2,5,2723
13432,206,2,439.1,1,2,2,5,2743
17729,231,1,438.65000000000003,1,2,2,5,2745
12945,291,1,437.16,1,2,2,5,2749
14123,368,1,436.18,1,2,2,5,2750
18029,277,1,433.77,1,2,2,5,2760
15613,245,1,433.71999999999997,1,2,2,5,2762
17178,366,1,432.96,1,2,2,5,2766
16604,197,2,432.45,1,2,2,5,2768
14042,360,1,431.98,1,2,2,5,2770
17842,237,1,430.69,1,2,2,5,2773
14979,370,1,429.66,1,2,2,5,2777
18285,295,1,427.0,1,2,2,5,2782
16526,219,1,426.85,1,2,2,5,2784
18152,281,1,426.69,1,2,2,5,2785
15217,198,1,426.24,1,2,2,5,2789
16978,301,2,424.55,1,2,2,5,2794
17103,357,1,424.3,1,2,2,5,2795
16541,370,1,424.03,1,2,2,5,2798
16137,315,1,422.7,1,2,2,5,2804
16847,253,1,421.45000000000005,1,2,2,5,2809
15711,191,2,420.25,1,2,2,5,2813
16737,212,1,417.59999999999997,1,2,2,5,2823
14208,186,1,415.31,1,2,2,5,2831
17805,245,1,414.72,1,2,2,5,2832
17662,296,2,412.92,1,2,2,5,2836
17285,263,2,407.94,1,2,2,5,2845
18111,224,1,405.85,1,2,2,5,2853
13143,219,1,405.1,1,2,2,5,2855
15941,272,1,405.0,1,2,2,5,2856
13640,246,1,405.0,1,2,2,5,2856
14403,224,2,404.7,1,2,2,5,2858
14678,214,1,403.39,1,2,2,5,2863
13530,269,1,402.97999999999996,1,2,2,5,2864
14471,226,2,400.95,1,2,2,5,2869
17011,282,2,400.8,1,2,2,5,2870
13879,280,1,395.5,1,2,2,5,2888
12677,190,2,395.1,1,2,2,5,2889
12499,195,1,393.72,1,2,2,5,2893
17955,290,2,392.6,1,2,2,5,2896
17563,213,2,392.38,1,2,2,5,2897
14072,301,1,390.85,1,2,2,5,2902
17116,283,1,389.78,1,2,2,5,2905
15216,253,1,389.49,1,2,2,5,2906
17479,267,1,389.26,1,2,2,5,2908
17827,256,1,388.84,1,2,2,5,2911
13896,260,1,388.55,1,2,2,5,2912
16492,175,1,385.56,1,2,2,5,2915
14826,216,2,385.2,1,2,2,5,2919
17617,193,1,385.19,1,2,2,5,2920
17361,311,2,383.59000000000003,1,2,2,5,2926
16304,329,1,381.66,1,2,2,5,2934
12796,263,1,381.0,1,2,2,5,2937
16577,301,1,380.0,1,2,2,5,2938
15219,283,1,379.7,1,2,2,5,2939
14200,252,1,379.2,1,2,2,5,2940
12941,359,1,377.49,1,2,2,5,2943
13688,270,1,375.5,1,2,2,5,2949
17568,268,1,374.45,1,2,2,5,2952
17810,303,2,373.16,1,2,2,5,2957
13197,244,1,373.01000000000005,1,2,2,5,2960
13164,204,2,372.2,1,2,2,5,2962
18162,367,1,371.51,1,2,2,5,2964
15765,301,1,370.63,1,2,2,5,2965
15477,284,1,368.4,1,2,2,5,2975
16714,305,1,368.27,1,2,2,5,2978
14706,253,1,367.54,1,2,2,5,2979
14018,280,1,367.15000000000003,1,2,2,5,2980
14244,295,1,366.41999999999996,1,2,2,5,2981
17880,274,2,366.0,1,2,2,5,2983
15029,254,1,365.1,1,2,2,5,2986
18091,228,1,360.85,1,2,2,5,2993
17012,360,1,360.61,1,2,2,5,2995
18208,200,1,360.08,1,2,2,5,2997
12495,275,1,357.4,1,2,2,5,3008
16763,373,1,352.85,1,2,2,5,3018
13765,288,1,352.821,1,2,2,5,3019
14859,189,1,351.9,1,2,2,5,3023
17749,181,1,351.66,1,2,2,5,3025
16192,370,1,351.3,1,2,2,5,3026
14545,309,1,349.25,1,2,2,5,3033
17577,280,2,348.75,1,2,2,5,3034
15282,205,1,348.59,1,2,2,5,3035
15085,364,1,347.54,1,2,2,5,3040
13109,186,1,347.49,1,2,2,5,3041
13234,307,2,346.5,1,2,2,5,3045
18199,318,1,344.75,1,2,2,5,3048
14989,296,1,342.4,1,2,2,5,3054
14724,225,1,341.9,1,2,2,5,3055
16585,228,2,341.59,1,2,2,5,3056
15818,223,1,340.5,1,2,2,5,3060
12698,225,1,339.75,1,2,2,5,3064
17833,358,1,338.46,1,2,2,5,3069
17296,365,1,338.13,1,2,2,5,3072
12869,316,1,337.67,1,2,2,5,3074
12780,233,1,337.4,1,2,2,5,3076
17488,276,1,336.5,1,2,2,5,3081
14873,268,1,334.45,1,2,2,5,3087
14137,330,1,332.7,1,2,2,5,3091
16452,265,2,332.17,1,2,2,5,3094
15878,196,2,330.77,1,2,2,5,3099
18186,357,1,329.58,1,2,2,5,3105
15979,237,1,329.21999999999997,1,2,2,5,3109
16109,333,1,327.6,1,2,2,5,3119
13498,365,1,327.38,1,2,2,5,3120
17439,290,1,325.74,1,2,2,5,3127
13661,238,1,325.24,1,2,2,5,3130
15982,240,1,324.51,1,2,2,5,3131
13834,211,2,324.19,1,2,2,5,3133
16715,197,1,323.8,1,2,2,5,3136
16641,336,1,323.40000000000003,1,2,2,5,3137
13025,366,1,323.39,1,2,2,5,3138
16195,358,1,323.25,1,2,2,5,3140
14832,265,1,322.69,1,2,2,5,3143
13111,353,1,321.88,1,2,2,5,3147
14070,319,1,321.6,1,2,2,5,3152
15770,247,1,321.45,1,2,2,5,3154
17169,213,1,320.95,1,2,2,5,3158
16273,283,2,318.34,1,2,2,5,3167
15682,234,2,318.24,1,2,2,5,3169
14851,265,1,318.06,1,2,2,5,3170
18253,277,1,317.88,1,2,2,5,3172
18206,188,1,314.65999999999997,1,2,2,5,3185
18070,304,1,314.1,1,2,2,5,3186
13087,361,1,313.64,1,2,2,5,3189
18189,260,1,313.49,1,2,2,5,3190
17514,304,1,313.35,1,2,2,5,3191
15162,366,1,312.9,1,2,2,5,3194
13905,367,1,312.65000000000003,1,2,2,5,3196
13400,217,1,310.83,1,2,2,5,3203
16328,198,1,310.83,1,2,2,5,3203
15405,211,1,310.74,1,2,2,5,3206
13847,354,1,310.72,1,2,2,5,3208
16439,357,1,310.70000000000005,1,2,2,5,3209
16913,286,2,310.46999999999997,1,2,2,5,3211
15188,360,1,310.43,1,2,2,5,3212
13315,324,1,310.26,1,2,2,5,3214
13628,311,1,310.14000000000004,1,2,2,5,3216
15302,365,1,308.0,1,2,2,5,3227
13289,358,1,307.95,1,2,2,5,3228
14783,294,1,307.3,1,2,2,5,3233
17721,294,1,307.21,1,2,2,5,3234
13036,319,1,307.1,1,2,2,5,3236
17077,213,1,306.0,1,2,2,5,3241
14133,368,1,305.5,1,2,2,5,3243
13383,178,1,305.28000000000003,1,2,2,5,3244
17579,213,1,304.38,1,2,2,5,3248
14990,247,2,304.17,1,2,2,5,3251
14791,241,1,303.63,1,2,2,5,3254
14797,142,1,300.31,2,1,2,5,3268
14840,174,1,299.86,2,1,2,5,3270
12595,139,1,299.02,2,1,2,5,3276
17627,113,1,296.36,2,1,2,5,3285
14269,74,1,295.73,2,1,2,5,3290
18227,119,1,295.0,2,1,2,5,3295
18182,98,1,291.13,2,1,2,5,3311
13796,134,1,289.7,2,1,2,5,3313
15962,84,1,289.48,2,1,2,5,3315
14238,297,2,287.38,1,2,2,5,3320
13616,203,2,283.85,1,2,2,5,3335
15662,296,2,283.73,1,2,2,5,3337
16442,239,2,282.68,1,2,2,5,3343
12771,120,1,282.3,2,1,2,5,3344
14433,100,1,280.7,2,1,2,5,3349
13283,202,2,279.7,1,2,2,5,3353
15006,88,1,277.4,2,1,2,5,3358
13135,126,1,275.45,2,1,2,5,3362
15473,79,1,274.8,2,1,2,5,3364
15943,284,2,271.29,1,2,2,5,3372
18238,150,1,270.92,2,1,2,5,3375
14647,158,1,270.0,2,1,2,5,3378
12751,79,1,268.27,2,1,2,5,3382
17187,161,1,263.76,2,1,2,5,3395
16334,127,1,263.73,2,1,2,5,3397
16733,164,1,259.68,2,1,2,5,3415
13683,92,1,258.6,2,1,2,5,3423
16502,255,2,258.55,1,2,2,5,3424
14463,134,1,256.95,2,1,2,5,3427
13825,256,2,255.59,1,2,2,5,3431
16911,270,2,255.25,1,2,2,5,3432
12948,365,2,252.48000000000002,1,2,2,5,3443
16773,71,2,249.65,2,2,1,5,3456
12563,43,1,249.23999999999998,3,1,1,5,3458
16201,50,1,248.65,3,1,1,5,3459
15378,97,2,246.5,2,2,1,5,3467
14281,43,1,245.15,3,1,1,5,3471
13676,174,2,243.9,2,2,1,5,3477
13584,133,2,243.3,2,2,1,5,3479
12413,37,1,241.35,3,1,1,5,3484
13674,67,1,240.68,3,1,1,5,3487
15336,36,1,240.5,3,1,1,5,3488
18278,39,1,240.3,3,1,1,5,3489
15931,63,1,239.9,3,1,1,5,3491
17981,45,1,239.12,3,1,1,5,3495
17371,258,3,236.97,1,3,1,5,3503
13088,52,1,236.11,3,1,1,5,3505
12831,98,2,236.06,2,2,1,5,3506
15294,45,1,233.35,3,1,1,5,3519
13129,87,2,233.25,2,2,1,5,3520
13177,65,1,229.75,3,1,1,5,3536
17185,226,3,229.46,1,3,1,5,3538
16760,65,1,228.0,3,1,1,5,3545
17111,60,1,227.97,3,1,1,5,3546
14718,45,1,226.42,3,1,1,5,3552
14069,149,2,225.81,2,2,1,5,3556
14475,43,1,225.3,3,1,1,5,3561
12914,35,1,223.98,3,1,1,5,3566
16776,50,1,220.97,3,1,1,5,3585
15277,60,1,220.44,3,1,1,5,3587
15675,39,1,218.35,3,1,1,5,3594
15591,217,3,217.9,1,3,1,5,3595
13423,63,1,217.03,3,1,1,5,3598
15401,87,2,216.95000000000002,2,2,1,5,3599
18021,144,2,216.41,2,2,1,5,3601
15490,65,1,210.85,3,1,1,5,3623
18127,38,1,209.05,3,1,1,5,3633
15458,37,1,208.79999999999998,3,1,1,5,3635
15741,93,2,208.62,2,2,1,5,3637
17510,55,1,206.08,3,1,1,5,3647
14278,44,1,205.83,3,1,1,5,3649
16540,49,1,205.75,3,1,1,5,3651
12400,49,1,205.25,3,1,1,5,3655
17266,134,2,205.14,2,2,1,5,3657
15158,36,1,204.62,3,1,1,5,3658
16433,43,1,200.26,3,1,1,5,3676
13079,52,1,199.08,3,1,1,5,3681
17254,36,1,198.29,3,1,1,5,3685
13669,42,1,195.0,3,1,1,5,3692
18110,46,1,193.48000000000002,3,1,1,5,3697
14975,56,1,192.45,3,1,1,5,3700
14279,155,2,191.86,2,2,1,5,3704
14728,48,1,190.58,3,1,1,5,3708
15688,53,1,190.57,3,1,1,5,3709
17257,71,2,189.78,2,2,1,5,3715
17022,67,1,189.0,3,1,1,5,3717
13792,57,1,188.4,3,1,1,5,3721
13387,52,1,186.94,3,1,1,5,3726
14819,129,2,184.34,2,2,1,5,3737
16819,100,2,182.59,2,2,1,5,3742
12789,147,2,181.5,2,2,1,5,3746
13282,41,1,181.05,3,1,1,5,3749
14945,48,1,179.4,3,1,1,5,3758
17483,49,1,177.69,3,1,1,5,3767
13746,48,1,176.69,3,1,1,5,3771
14486,146,2,175.5,2,2,1,5,3779
13565,46,1,174.58,3,1,1,5,3784
16780,42,1,174.16,3,1,1,5,3785
15684,182,3,173.95,1,3,1,5,3786
16312,67,1,171.15,3,1,1,5,3797
15403,126,2,170.88,2,2,1,5,3801
15647,50,1,169.0,3,1,1,5,3808
15065,45,1,168.73,3,1,1,5,3809
13547,43,1,167.08,3,1,1,5,3820
13903,35,1,165.45000000000002,3,1,1,5,3823
18017,66,1,165.0,3,1,1,5,3824
16990,57,1,165.0,3,1,1,5,3824
16757,44,1,163.65,3,1,1,5,3831
13581,49,1,162.53,3,1,1,5,3836
18270,67,1,161.4,3,1,1,5,3844
17202,55,1,160.65,3,1,1,5,3849
14571,60,1,160.0,3,1,1,5,3853
17751,56,1,157.86,3,1,1,5,3861
17901,156,2,149.7,2,2,1,5,3903
17390,55,1,149.3,3,1,1,5,3905
13578,44,1,147.66,3,1,1,5,3912
16724,39,1,147.35,3,1,1,5,3915
17898,87,2,147.12,2,2,1,5,3918
17219,51,1,144.9,3,1,1,5,3925
17938,55,1,144.29,3,1,1,5,3926
12387,50,1,143.94,3,1,1,5,3928
17767,45,1,141.85,3,1,1,5,3936
16149,64,1,141.70000000000002,3,1,1,5,3937
17771,71,2,141.6,2,2,1,5,3938
17273,59,1,141.12,3,1,1,5,3941
15702,111,2,140.39,2,2,1,5,3946
14707,70,2,139.2,2,2,1,5,3953
15773,44,1,138.84,3,1,1,5,3954
16542,36,1,137.7,3,1,1,5,3958
13195,49,1,136.73,3,1,1,5,3962
16876,38,1,136.01,3,1,1,5,3967
12691,55,1,134.6,3,1,1,5,3980
17070,45,1,133.18,3,1,1,5,3985
12467,58,1,132.8,3,1,1,5,3987
16865,36,1,130.95,3,1,1,5,3996
17847,150,2,129.69,2,2,1,5,4004
17657,65,1,126.0,3,1,1,5,4026
13912,58,1,124.95,3,1,1,5,4029
17316,55,1,124.45,3,1,1,5,4032
15779,98,2,124.08000000000001,2,2,1,5,4035
13968,58,1,123.66,3,1,1,5,4036
17260,46,1,120.95,3,1,1,5,4042
17843,46,1,114.92,3,1,1,5,4066
13241,46,1,112.53,3,1,1,5,4076
14314,65,1,109.80000000000001,3,1,1,5,4092
13580,41,1,107.75,3,1,1,5,4101
15328,42,1,107.24,3,1,1,5,4105
16630,42,1,106.80000000000001,3,1,1,5,4109
16188,43,1,105.80000000000001,3,1,1,5,4114
14579,67,1,105.56,3,1,1,5,4117
13187,259,3,105.34,1,3,1,5,4119
12601,39,1,104.2,3,1,1,5,4122
16375,105,2,104.0,2,2,1,5,4124
13829,56,1,102.0,3,1,1,5,4129
14271,44,1,101.86,3,1,1,5,4132
15208,58,1,100.4,3,1,1,5,4138
17094,58,1,100.2,3,1,1,5,4140
12652,69,1,97.05000000000001,3,1,1,5,4148
15285,42,1,94.92,3,1,1,5,4155
15724,35,1,92.6,3,1,1,5,4164
13083,60,1,91.67999999999999,3,1,1,5,4168
15686,55,1,90.0,3,1,1,5,4173
16061,66,1,89.65,3,1,1,5,4174
13535,37,1,89.5,3,1,1,5,4175
15094,98,2,83.0,2,2,1,5,4183
13215,37,1,81.6,3,1,1,5,4187
17008,64,1,81.36,3,1,1,5,4188
15170,41,1,81.15,3,1,1,5,4190
17944,58,1,74.99,3,1,1,5,4208
17763,288,3,71.15,1,3,1,5,4213
15564,98,2,70.74000000000001,2,2,1,5,4215
13172,35,1,69.6,3,1,1,5,4217
17249,63,1,68.03,3,1,1,5,4220
13022,64,1,65.3,3,1,1,5,4222
16238,57,1,63.66,3,1,1,5,4224
16058,41,1,62.7,3,1,1,5,4228
13380,67,1,62.4,3,1,1,5,4230
13303,35,1,61.72,3,1,1,5,4231
17960,157,2,61.300000000000004,2,2,1,5,4232
13818,64,1,61.28,3,1,1,5,4233
15233,36,1,59.400000000000006,3,1,1,5,4238
13306,65,1,53.65,3,1,1,5,4250
13906,44,1,42.0,3,1,1,5,4267
14266,63,1,40.56,3,1,1,5,4269
17533,69,1,34.8,3,1,1,5,4281
13033,64,1,30.0,3,1,1,5,4291
13144,66,1,24.4,3,1,1,5,4295
16135,218,1,301.9,1,1,2,4,3259
17678,238,1,301.65,1,1,2,4,3260
13625,231,1,301.26,1,1,2,4,3263
13706,261,1,300.38,1,1,2,4,3267
17718,279,1,299.83,1,1,2,4,3271
17344,363,1,299.74,1,1,2,4,3272
13600,269,1,298.9,1,1,2,4,3277
18212,312,1,298.3,1,1,2,4,3278
15630,279,1,295.05,1,1,2,4,3293
17057,231,1,294.74,1,1,2,4,3296
15448,309,1,294.17,1,1,2,4,3297
17927,356,1,294.0,1,1,2,4,3298
15718,175,1,293.79,1,1,2,4,3299
15928,291,1,293.53,1,1,2,4,3301
17441,367,1,293.35,1,1,2,4,3303
17207,287,1,292.62,1,1,2,4,3305
16543,226,1,292.21,1,1,2,4,3306
17907,275,1,291.76,1,1,2,4,3307
16615,261,1,291.5,1,1,2,4,3310
15391,219,1,289.87,1,1,2,4,3312
14128,186,1,286.71,1,1,2,4,3322
14537,258,1,285.84,1,1,2,4,3326
14402,287,1,285.6,1,1,2,4,3327
12487,365,1,285.29999999999995,1,1,2,4,3331
13308,231,1,284.86,1,1,2,4,3332
16078,304,1,283.79,1,1,2,4,3336
13511,311,1,282.76,1,1,2,4,3342
15022,312,1,281.05,1,1,2,4,3347
15244,301,1,280.51,1,1,2,4,3350
14645,269,1,279.8,1,1,2,4,3352
15338,312,1,277.93,1,1,2,4,3356
12717,225,1,277.93,1,1,2,4,3356
17072,260,1,273.35,1,1,2,4,3366
14581,179,1,271.05,1,1,2,4,3373
18267,307,1,269.37,1,1,2,4,3379
15964,298,1,269.21000000000004,1,1,2,4,3380
18254,216,1,267.9,1,1,2,4,3383
15689,252,1,266.93,1,1,2,4,3384
13695,212,1,266.59999999999997,1,1,2,4,3388
15246,190,1,266.25,1,1,2,4,3390
14472,324,1,266.05,1,1,2,4,3391
12974,200,1,264.15,1,1,2,4,3393
13974,217,1,264.13,1,1,2,4,3394
13128,266,1,263.5,1,1,2,4,3398
17910,361,1,261.7,1,1,2,4,3407
14274,321,1,256.6,1,1,2,4,3429
12746,175,1,254.55,1,1,2,4,3435
17626,237,1,254.0,1,1,2,4,3436
16845,253,1,253.88,1,1,2,4,3437
16908,357,1,252.59,1,1,2,4,3441
14774,163,1,241.45,2,1,1,4,3483
12663,259,2,239.4,1,2,1,4,3494
16892,189,2,236.56,1,2,1,4,3504
14716,79,1,235.77,2,1,1,4,3510
14153,118,1,233.4,2,1,1,4,3518
17055,80,1,232.85,2,1,1,4,3522
18279,154,1,231.33999999999997,2,1,1,4,3529
16321,261,2,230.9,1,2,1,4,3532
17007,72,1,230.17000000000002,2,1,1,4,3534
17743,83,1,229.2,2,1,1,4,3539
13619,179,2,224.94,1,2,1,4,3563
16562,111,1,223.85999999999999,2,1,1,4,3568
15423,216,2,223.39,1,2,1,4,3570
13548,106,1,223.28,2,1,1,4,3571
18048,128,1,222.64,2,1,1,4,3574
12348,73,1,222.16,2,1,1,4,3578
15788,143,1,221.83,2,1,1,4,3579
14445,90,1,221.65,2,1,1,4,3581
17261,144,1,221.59,2,1,1,4,3582
13519,77,1,220.46,2,1,1,4,3586
18132,139,1,220.13,2,1,1,4,3588
12799,164,1,219.35,2,1,1,4,3591
15086,199,2,218.53,1,2,1,4,3592
16440,128,1,216.3,2,1,1,4,3603
14635,88,1,215.22,2,1,1,4,3605
15424,98,1,214.44,2,1,1,4,3609
13398,83,1,213.0,2,1,1,4,3614
16146,83,1,212.25,2,1,1,4,3616
16362,72,1,212.17,2,1,1,4,3617
17134,77,1,212.1,2,1,1,4,3618
14843,71,1,211.79999999999998,2,1,1,4,3621
14992,77,1,210.5,2,1,1,4,3625
17484,211,2,209.57,1,2,1,4,3627
16487,212,2,209.4,1,2,1,4,3631
13290,73,1,208.63,2,1,1,4,3636
16964,368,2,207.85,1,2,1,4,3640
16490,71,1,205.41000000000003,2,1,1,4,3653
14519,318,2,203.14,1,2,1,4,3665
18255,91,1,199.85,2,1,1,4,3678
14521,126,1,199.45000000000002,2,1,1,4,3679
17647,304,2,198.6,1,2,1,4,3682
17184,204,2,198.41000000000003,1,2,1,4,3684
17112,137,1,197.57,2,1,1,4,3687
16937,134,1,196.25,2,1,1,4,3689
14727,181,2,195.15,1,2,1,4,3691
17065,272,2,194.7,1,2,1,4,3694
16299,112,1,193.65,2,1,1,4,3696
13962,70,1,193.25,2,1,1,4,3699
14761,79,1,192.02,2,1,1,4,3702
16695,196,2,191.9,1,2,1,4,3703
13766,130,1,190.35,2,1,1,4,3713
13063,115,1,188.4,2,1,1,4,3721
15072,114,1,187.51999999999998,2,1,1,4,3723
17215,99,1,186.15,2,1,1,4,3731
17248,116,1,181.89000000000001,2,1,1,4,3744
14858,140,1,180.75,2,1,1,4,3750
17035,226,2,180.06,1,2,1,4,3755
16469,149,1,178.48000000000002,2,1,1,4,3764
16448,106,1,178.13,2,1,1,4,3765
16315,171,1,176.34,2,1,1,4,3773
17840,78,1,175.9,2,1,1,4,3776
12547,135,1,175.78,2,1,1,4,3778
14674,144,1,173.66,2,1,1,4,3787
17384,102,1,171.15,2,1,1,4,3797
17542,276,2,170.1,1,2,1,4,3805
12768,85,1,168.69000000000003,2,1,1,4,3810
17392,85,1,168.65,2,1,1,4,3811
17559,147,1,167.62,2,1,1,4,3814
15166,102,1,167.16,2,1,1,4,3818
18107,77,1,165.88,2,1,1,4,3822
13754,72,1,164.45,2,1,1,4,3828
16443,155,1,162.24,2,1,1,4,3840
12661,71,1,162.0,2,1,1,4,3842
13714,100,1,161.35,2,1,1,4,3845
13779,150,1,161.13,2,1,1,4,3846
13701,81,1,161.0,2,1,1,4,3847
14318,95,1,158.02,2,1,1,4,3860
14822,120,1,157.70000000000002,2,1,1,4,3863
16371,83,1,157.20000000000002,2,1,1,4,3867
17765,83,1,156.37,2,1,1,4,3872
13051,213,2,155.8,1,2,1,4,3873
15431,137,1,153.24,2,1,1,4,3880
16589,85,1,153.12,2,1,1,4,3881
12864,143,1,152.45,2,1,1,4,3883
13653,122,1,152.2,2,1,1,4,3887
14516,151,1,151.17,2,1,1,4,3894
12959,119,1,150.95,2,1,1,4,3896
15991,169,1,150.54999999999998,2,1,1,4,3898
14084,147,1,150.5,2,1,1,4,3899
13257,71,1,149.75,2,1,1,4,3902
12851,112,1,148.95,2,1,1,4,3906
14163,97,1,148.71,2,1,1,4,3907
13125,158,1,148.62,2,1,1,4,3908
13457,323,2,148.22,1,2,1,4,3911
17794,321,2,147.3,1,2,1,4,3916
18137,186,2,145.99,1,2,1,4,3922
15816,177,2,144.14999999999998,1,2,1,4,3927
17149,86,1,143.10000000000002,2,1,1,4,3931
15761,77,1,143.04999999999998,2,1,1,4,3932
16368,70,1,141.53,2,1,1,4,3939
13839,121,1,139.95000000000002,2,1,1,4,3949
16840,238,2,139.85,1,2,1,4,3950
13452,107,1,139.8,2,1,1,4,3951
16396,111,1,137.8,2,1,1,4,3957
15577,358,2,137.15,1,2,1,4,3960
16237,72,1,136.65,2,1,1,4,3963
13594,120,1,136.35,2,1,1,4,3964
16289,97,1,136.31,2,1,1,4,3965
14366,160,1,136.0,2,1,1,4,3968
13076,92,1,135.4,2,1,1,4,3971
13702,80,1,135.18,2,1,1,4,3974
14173,276,2,135.16,1,2,1,4,3975
13509,142,1,135.0,2,1,1,4,3977
16486,172,1,134.36,2,1,1,4,3982
16886,91,1,134.0,2,1,1,4,3983
12964,72,1,132.24,2,1,1,4,3990
16288,105,1,129.85,2,1,1,4,4001
17762,91,1,129.75,2,1,1,4,4002
16251,147,1,128.31,2,1,1,4,4011
14751,319,2,126.45,1,2,1,4,4022
16294,111,1,126.05000000000001,2,1,1,4,4024
13312,86,1,124.75,2,1,1,4,4031
14187,108,1,123.5,2,1,1,4,4037
13084,126,1,122.39999999999999,2,1,1,4,4040
14444,91,1,120.44,2,1,1,4,4044
17541,144,1,119.86,2,1,1,4,4050
17177,140,1,119.5,2,1,1,4,4051
17403,85,1,118.95,2,1,1,4,4053
17280,73,1,118.86,2,1,1,4,4054
14874,170,1,116.18,2,1,1,4,4059
15543,94,1,114.4,2,1,1,4,4070
15056,155,1,113.64999999999999,2,1,1,4,4072
13620,163,1,112.34,2,1,1,4,4077
14668,80,1,111.63,2,1,1,4,4079
17304,169,1,111.5,2,1,1,4,4080
14464,203,2,111.0,1,2,1,4,4084
14509,169,1,110.95,2,1,1,4,4085
17383,88,1,110.69999999999999,2,1,1,4,4088
14787,106,1,110.65,2,1,1,4,4089
14806,74,1,110.03999999999999,2,1,1,4,4091
15851,161,1,109.72999999999999,2,1,1,4,4093
15041,79,1,109.47,2,1,1,4,4094
16998,79,1,107.0,2,1,1,4,4108
14908,98,1,104.10000000000001,2,1,1,4,4123
18124,107,1,102.65,2,1,1,4,4127
15486,162,1,102.0,2,1,1,4,4129
17224,136,1,100.86,2,1,1,4,4137
12774,170,1,98.7,2,1,1,4,4143
17395,143,1,97.5,2,1,1,4,4146
15852,161,1,96.55,2,1,1,4,4150
13302,161,1,95.45,2,1,1,4,4153
14833,133,1,94.8,2,1,1,4,4156
17783,147,1,93.49,2,1,1,4,4160
16196,123,1,93.3,2,1,1,4,4163
18123,148,1,92.2,2,1,1,4,4166
13133,94,1,90.65,2,1,1,4,4171
14435,136,1,90.42,2,1,1,4,4172
17336,107,1,81.12,2,1,1,4,4191
16165,140,1,79.9,2,1,1,4,4194
14007,147,1,79.48,2,1,1,4,4196
13739,162,1,75.3,2,1,1,4,4205
17192,171,1,75.28,2,1,1,4,4206
13105,71,1,72.0,2,1,1,4,4209
14906,80,1,68.44,2,1,1,4,4218
17330,179,2,59.900000000000006,1,2,1,4,4237
14384,135,1,58.5,2,1,1,4,4240
15685,85,1,55.98,2,1,1,4,4245
17494,136,1,54.699999999999996,2,1,1,4,4247
17599,112,1,52.05,2,1,1,4,4251
12496,255,2,45.34,1,2,1,4,4262
17916,263,2,43.87,1,2,1,4,4264
13913,141,1,42.22,2,1,1,4,4266
16219,135,1,40.8,2,1,1,4,4268
14086,97,1,39.95,2,1,1,4,4271
17246,181,2,38.92,1,2,1,4,4273
16417,127,1,35.7,2,1,1,4,4278
15871,72,1,33.1,2,1,1,4,4283
17129,155,1,31.85,2,1,1,4,4286
14144,121,1,30.599999999999998,2,1,1,4,4287
15284,135,1,24.75,2,1,1,4,4294
16454,241,2,24.05,1,2,1,4,4297
14580,153,1,14.850000000000001,2,1,1,4,4304
14900,157,1,13.919999999999998,2,1,1,4,4305
15913,169,1,6.300000000000001,2,1,1,4,4310
13788,140,1,3.75,2,1,1,4,4311
15231,256,1,250.26,1,1,1,3,3452
12638,274,1,249.8,1,1,1,3,3455
15918,266,1,248.65,1,1,1,3,3459
15293,300,1,247.5,1,1,1,3,3462
14654,373,1,246.85999999999999,1,1,1,3,3464
15697,324,1,246.75,1,1,1,3,3465
13943,212,1,246.54,1,1,1,3,3466
18153,294,1,246.22,1,1,1,3,3469
14325,204,1,245.48000000000002,1,1,1,3,3470
14694,252,1,244.31,1,1,1,3,3475
14079,317,1,243.63,1,1,1,3,3478
17009,186,1,242.06,1,1,1,3,3480
13445,261,1,241.9,1,1,1,3,3481
16508,265,1,240.95,1,1,1,3,3486
15597,210,1,238.8,1,1,1,3,3497
16280,360,1,238.05,1,1,1,3,3498
14982,207,1,237.78,1,1,1,3,3500
16136,298,1,237.42,1,1,1,3,3502
17093,227,1,235.88,1,1,1,3,3507
16046,197,1,235.78,1,1,1,3,3509
12392,226,1,234.75000000000003,1,1,1,3,3512
13114,365,1,234.38,1,1,1,3,3513
13009,307,1,234.0,1,1,1,3,3515
13672,365,1,233.53,1,1,1,3,3517
13608,175,1,232.05,1,1,1,3,3523
16408,226,1,231.93,1,1,1,3,3524
17151,370,1,231.90000000000003,1,1,1,3,3525
17136,297,1,231.68,1,1,1,3,3526
15487,314,1,231.32,1,1,1,3,3530
14997,290,1,230.4,1,1,1,3,3533
18197,210,1,230.1,1,1,1,3,3535
14017,206,1,229.75,1,1,1,3,3536
15273,234,1,228.96,1,1,1,3,3540
17066,361,1,228.34,1,1,1,3,3542
13416,371,1,228.3,1,1,1,3,3543
17993,252,1,225.99,1,1,1,3,3554
17915,186,1,225.78,1,1,1,3,3557
16622,178,1,225.4,1,1,1,3,3560
17472,263,1,224.81,1,1,1,3,3564
14928,262,1,223.91000000000003,1,1,1,3,3567
18131,266,1,222.95999999999998,1,1,1,3,3572
14596,261,1,222.22,1,1,1,3,3576
14497,308,1,221.69,1,1,1,3,3580
17087,372,1,221.53,1,1,1,3,3583
13454,276,1,219.87,1,1,1,3,3589
14074,258,1,219.4,1,1,1,3,3590
16035,195,1,217.73,1,1,1,3,3596
17902,181,1,216.4,1,1,1,3,3602
14376,318,1,215.46,1,1,1,3,3604
14106,372,1,214.79999999999998,1,1,1,3,3607
14361,213,1,214.71,1,1,1,3,3608
18157,206,1,213.9,1,1,1,3,3611
13724,272,1,213.01,1,1,1,3,3613
12470,324,1,211.95,1,1,1,3,3620
12672,230,1,211.15,1,1,1,3,3622
13056,186,1,209.48,1,1,1,3,3629
14003,367,1,209.41,1,1,1,3,3630
15112,246,1,209.4,1,1,1,3,3631
12848,310,1,208.0,1,1,1,3,3639
15295,289,1,207.04,1,1,1,3,3643
17991,226,1,206.95,1,1,1,3,3644
14311,202,1,206.19,1,1,1,3,3646
14602,291,1,205.35999999999999,1,1,1,3,3654
17571,177,1,205.24,1,1,1,3,3656
17271,371,1,204.3,1,1,1,3,3659
16901,364,1,204.26,1,1,1,3,3660
14468,368,1,204.24,1,1,1,3,3662
14957,279,1,203.2,1,1,1,3,3664
17074,197,1,203.05,1,1,1,3,3666
15558,274,1,202.68,1,1,1,3,3669
12416,291,1,202.56,1,1,1,3,3670
14892,325,1,202.35000000000002,1,1,1,3,3671
14330,258,1,200.63,1,1,1,3,3674
13944,288,1,200.43,1,1,1,3,3675
17245,324,1,200.18,1,1,1,3,3677
17778,296,1,197.70000000000002,1,1,1,3,3686
13757,309,1,195.55,1,1,1,3,3690
15709,224,1,194.6,1,1,1,3,3695
15437,275,1,193.29000000000002,1,1,1,3,3698
18028,218,1,192.05,1,1,1,3,3701
15115,367,1,191.74,1,1,1,3,3705
18056,253,1,190.95,1,1,1,3,3706
15954,224,1,190.75,1,1,1,3,3707
18020,178,1,190.48,1,1,1,3,3710
14670,367,1,190.47,1,1,1,3,3711
18046,284,1,189.63,1,1,1,3,3716
16277,368,1,188.69,1,1,1,3,3718
16051,316,1,188.44,1,1,1,3,3720
13852,245,1,187.35000000000002,1,1,1,3,3724
16267,226,1,186.66,1,1,1,3,3728
16388,288,1,186.05,1,1,1,3,3732
14879,319,1,185.06,1,1,1,3,3733
14677,227,1,184.91,1,1,1,3,3734
14983,324,1,183.20000000000002,1,1,1,3,3739
14436,188,1,182.64000000000001,1,1,1,3,3740
14941,213,1,182.1,1,1,1,3,3743
12934,371,1,181.65,1,1,1,3,3745
16822,321,1,181.39,1,1,1,3,3747
16090,259,1,180.56,1,1,1,3,3753
14799,372,1,180.45,1,1,1,3,3754
18234,186,1,179.6,1,1,1,3,3756
15042,230,1,179.52,1,1,1,3,3757
15209,365,1,178.98000000000002,1,1,1,3,3760
14812,233,1,178.85,1,1,1,3,3761
17798,216,1,178.07,1,1,1,3,3766
16285,281,1,176.9,1,1,1,3,3768
17587,263,1,176.71,1,1,1,3,3770
18175,310,1,176.1,1,1,1,3,3774
13508,277,1,176.07999999999998,1,1,1,3,3775
18166,258,1,175.5,1,1,1,3,3779
13007,214,1,175.25,1,1,1,3,3781
17108,298,1,174.95,1,1,1,3,3783
16741,260,1,173.06,1,1,1,3,3789
17575,302,1,171.7,1,1,1,3,3794
15869,261,1,171.47,1,1,1,3,3795
17789,296,1,171.25,1,1,1,3,3796
16673,314,1,171.13,1,1,1,3,3799
15445,225,1,171.0,1,1,1,3,3800
17922,178,1,170.4,1,1,1,3,3803
16731,283,1,170.3,1,1,1,3,3804
16002,260,1,169.21,1,1,1,3,3807
14131,283,1,168.22,1,1,1,3,3813
17586,254,1,167.4,1,1,1,3,3815
13609,228,1,167.35,1,1,1,3,3816
14954,338,1,167.27,1,1,1,3,3817
17875,323,1,167.1,1,1,1,3,3819
15135,191,1,166.63,1,1,1,3,3821
16663,364,1,165.0,1,1,1,3,3824
13191,293,1,164.69,1,1,1,3,3827
17417,183,1,164.18,1,1,1,3,3829
14955,367,1,163.77,1,1,1,3,3830
17660,372,1,163.47,1,1,1,3,3832
17715,227,1,163.2,1,1,1,3,3833
18246,244,1,162.72,1,1,1,3,3835
12954,273,1,162.45,1,1,1,3,3837
15552,258,1,162.4,1,1,1,3,3838
15534,360,1,162.25,1,1,1,3,3839
14598,204,1,162.07,1,1,1,3,3841
17971,183,1,161.94,1,1,1,3,3843
17605,225,1,160.75,1,1,1,3,3848
17487,363,1,160.55,1,1,1,3,3850
15229,221,1,160.5,1,1,1,3,3851
16645,370,1,160.39,1,1,1,3,3852
17171,296,1,159.68,1,1,1,3,3856
17953,175,1,159.17000000000002,1,1,1,3,3857
15499,358,1,158.65,1,1,1,3,3858
15548,230,1,158.09,1,1,1,3,3859
14207,322,1,157.8,1,1,1,3,3862
12894,210,1,157.35,1,1,1,3,3865
17318,360,1,157.33,1,1,1,3,3866
15742,254,1,156.87,1,1,1,3,3868
13830,216,1,156.85000000000002,1,1,1,3,3869
17359,283,1,156.6,1,1,1,3,3870
16578,261,1,156.6,1,1,1,3,3870
13490,289,1,154.25,1,1,1,3,3877
14814,216,1,154.21,1,1,1,3,3878
18273,225,1,153.0,1,1,1,3,3882
13551,301,1,152.39999999999998,1,1,1,3,3885
15670,191,1,152.15,1,1,1,3,3888
16681,276,1,151.5,1,1,1,3,3889
13482,262,1,151.45,1,1,1,3,3891
15524,241,1,151.4,1,1,1,3,3893
14980,372,1,150.68,1,1,1,3,3897
15474,230,1,150.35,1,1,1,3,3900
14845,234,1,150.0,1,1,1,3,3901
15432,176,1,149.57,1,1,1,3,3904
17592,373,1,148.3,1,1,1,3,3910
15479,368,1,147.4,1,1,1,3,3914
14683,223,1,146.56,1,1,1,3,3919
16323,212,1,146.16,1,1,1,3,3920
15496,266,1,146.14000000000001,1,1,1,3,3921
16127,361,1,145.06,1,1,1,3,3923
14604,268,1,143.85999999999999,1,1,1,3,3929
14574,367,1,143.70000000000002,1,1,1,3,3930
16507,207,1,142.71,1,1,1,3,3934
18038,191,1,141.48,1,1,1,3,3940
12636,373,1,141.0,1,1,1,3,3942
17959,227,1,140.75,1,1,1,3,3943
14773,227,1,140.55,1,1,1,3,3944
15720,185,1,140.49,1,1,1,3,3945
15324,336,1,140.22000000000003,1,1,1,3,3947
12619,195,1,140.14,1,1,1,3,3948
15374,259,1,139.32,1,1,1,3,3952
17982,315,1,138.18,1,1,1,3,3955
15848,256,1,137.99,1,1,1,3,3956
17440,184,1,137.16,1,1,1,3,3959
13907,326,1,136.8,1,1,1,3,3961
16651,221,1,136.2,1,1,1,3,3966
17583,195,1,135.95,1,1,1,3,3969
14391,211,1,135.6,1,1,1,3,3970
14588,213,1,135.39,1,1,1,3,3972
17199,217,1,135.04000000000002,1,1,1,3,3976
14171,365,1,135.0,1,1,1,3,3977
13119,303,1,134.9,1,1,1,3,3979
15926,177,1,134.44,1,1,1,3,3981
13217,290,1,132.5,1,1,1,3,3989
17565,221,1,131.83,1,1,1,3,3991
15409,356,1,131.25,1,1,1,3,3992
14378,256,1,131.25,1,1,1,3,3992
17301,259,1,131.15,1,1,1,3,3994
17225,216,1,131.15,1,1,1,3,3994
17240,231,1,130.6,1,1,1,3,3997
16410,369,1,130.32,1,1,1,3,3998
12362,373,1,130.0,1,1,1,3,4000
15317,312,1,129.75,1,1,1,3,4002
14999,227,1,129.48,1,1,1,3,4005
12555,317,1,129.23,1,1,1,3,4006
13071,247,1,129.22,1,1,1,3,4007
17928,206,1,128.7,1,1,1,3,4008
17056,373,1,128.6,1,1,1,3,4009
15892,304,1,128.2,1,1,1,3,4012
12821,246,1,128.07999999999998,1,1,1,3,4013
13053,256,1,127.64999999999999,1,1,1,3,4014
13586,176,1,127.28,1,1,1,3,4016
13169,197,1,127.2,1,1,1,3,4017
15454,253,1,126.89,1,1,1,3,4021
13794,181,1,126.03,1,1,1,3,4025
16925,175,1,125.65,1,1,1,3,4027
15731,188,1,125.3,1,1,1,3,4028
17818,372,1,124.78,1,1,1,3,4030
12773,199,1,124.25,1,1,1,3,4033
18000,199,1,124.25,1,1,1,3,4033
16397,263,1,123.13,1,1,1,3,4038
12969,237,1,122.45,1,1,1,3,4039
14884,304,1,120.6,1,1,1,3,4043
18281,212,1,120.32,1,1,1,3,4045
17543,184,1,120.05,1,1,1,3,4046
14483,371,1,120.0,1,1,1,3,4047
14241,331,1,120.0,1,1,1,3,4047
16291,317,1,117.72,1,1,1,3,4055
14762,261,1,117.05,1,1,1,3,4056
14726,289,1,116.5,1,1,1,3,4057
15503,361,1,116.26,1,1,1,3,4058
18042,176,1,116.1,1,1,1,3,4060
16068,228,1,115.73,1,1,1,3,4061
16185,199,1,115.31,1,1,1,3,4063
18012,358,1,115.3,1,1,1,3,4064
14039,210,1,115.08000000000001,1,1,1,3,4065
17401,176,1,114.85,1,1,1,3,4067
17933,267,1,114.69,1,1,1,3,4068
15905,178,1,114.69,1,1,1,3,4068
17784,185,1,112.86,1,1,1,3,4074
18148,281,1,112.85000000000001,1,1,1,3,4075
14750,371,1,112.03,1,1,1,3,4078
15352,183,1,111.15,1,1,1,3,4082
12692,272,1,110.95,1,1,1,3,4085
17909,372,1,110.05,1,1,1,3,4090
14033,190,1,109.44,1,1,1,3,4095
16064,360,1,109.31,1,1,1,3,4096
16664,204,1,109.2,1,1,1,3,4097
15875,281,1,108.52,1,1,1,3,4099
14374,176,1,108.0,1,1,1,3,4100
14943,298,1,107.62,1,1,1,3,4102
16301,371,1,107.33,1,1,1,3,4104
16047,317,1,107.14,1,1,1,3,4106
16082,305,1,106.75,1,1,1,3,4110
14637,312,1,106.67999999999999,1,1,1,3,4111
15927,282,1,106.54,1,1,1,3,4112
18103,184,1,105.8,1,1,1,3,4115
15642,364,1,105.78000000000002,1,1,1,3,4116
15340,196,1,105.5,1,1,1,3,4118
17328,308,1,104.7,1,1,1,3,4120
16547,181,1,104.25999999999999,1,1,1,3,4121
16896,190,1,103.95,1,1,1,3,4125
15924,366,1,102.82000000000001,1,1,1,3,4126
16944,244,1,101.36,1,1,1,3,4133
16666,256,1,98.73,1,1,1,3,4142
16694,358,1,98.30000000000001,1,1,1,3,4145
17217,254,1,96.6,1,1,1,3,4149
13793,281,1,96.0,1,1,1,3,4151
15868,218,1,94.53,1,1,1,3,4157
14394,199,1,93.8,1,1,1,3,4158
15305,190,1,93.60000000000001,1,1,1,3,4159
12992,360,1,93.35000000000001,1,1,1,3,4161
15082,303,1,93.35000000000001,1,1,1,3,4161
12829,185,1,92.30000000000001,1,1,1,3,4165
16831,199,1,91.8,1,1,1,3,4167
13392,312,1,91.14,1,1,1,3,4169
14786,185,1,90.96,1,1,1,3,4170
13222,212,1,88.5,1,1,1,3,4177
16564,204,1,87.8,1,1,1,3,4178
17606,372,1,87.30000000000001,1,1,1,3,4180
13180,242,1,86.10000000000001,1,1,1,3,4181
14347,371,1,82.6,1,1,1,3,4184
13469,288,1,82.4,1,1,1,3,4185
16028,230,1,82.2,1,1,1,3,4186
14717,368,1,81.3,1,1,1,3,4189
15833,372,1,80.4,1,1,1,3,4192
14190,301,1,79.9,1,1,1,3,4194
12570,317,1,77.52,1,1,1,3,4198
16867,324,1,76.74000000000001,1,1,1,3,4199
14613,315,1,76.32000000000001,1,1,1,3,4200
13219,253,1,76.23,1,1,1,3,4202
15256,196,1,71.95,1,1,1,3,4210
16459,364,1,71.79,1,1,1,3,4211
16970,261,1,71.4,1,1,1,3,4212
12568,279,1,70.0,1,1,1,3,4216
12861,254,1,68.25,1,1,1,3,4219
17216,189,1,63.6,1,1,1,3,4225
15470,210,1,63.42,1,1,1,3,4226
12404,317,1,63.24,1,1,1,3,4227
14650,224,1,62.5,1,1,1,3,4229
15375,325,1,60.96,1,1,1,3,4234
16605,359,1,60.48,1,1,1,3,4235
15250,275,1,60.0,1,1,1,3,4236
15371,297,1,59.400000000000006,1,1,1,3,4238
18174,238,1,58.5,1,1,1,3,4240
12466,317,1,56.73,1,1,1,3,4243
12776,302,1,55.5,1,1,1,3,4246
12860,328,1,54.22,1,1,1,3,4248
14495,294,1,51.0,1,1,1,3,4254
14743,227,1,50.48,1,1,1,3,4256
14380,317,1,48.96,1,1,1,3,4257
16530,303,1,48.349999999999994,1,1,1,3,4258
13438,182,1,46.5,1,1,1,3,4259
15698,259,1,46.2,1,1,1,3,4260
15775,266,1,45.6,1,1,1,3,4261
15672,360,1,45.300000000000004,1,1,1,3,4263
15603,283,1,40.0,1,1,1,3,4270
15455,232,1,38.25,1,1,1,3,4274
15693,294,1,37.5,1,1,1,3,4275
17352,331,1,36.25,1,1,1,3,4276
14993,198,1,36.13,1,1,1,3,4277
12925,227,1,35.28,1,1,1,3,4280
17557,367,1,34.0,1,1,1,3,4282
16941,246,1,33.0,1,1,1,3,4284
14977,360,1,31.929999999999996,1,1,1,3,4285
16548,234,1,30.15,1,1,1,3,4289
15575,254,1,30.1,1,1,1,3,4290
17319,304,1,29.1,1,1,1,3,4292
17278,200,1,25.2,1,1,1,3,4293
16537,276,1,23.35,1,1,1,3,4298
12606,317,1,21.0,1,1,1,3,4299
13112,176,1,20.6,1,1,1,3,4300
15999,370,1,20.4,1,1,1,3,4301
13163,245,1,17.65,1,1,1,3,4302
12846,317,1,15.58,1,1,1,3,4303
17040,185,1,13.52,1,1,1,3,4306
18115,332,1,9.7,1,1,1,3,4308
15040,176,1,7.49,1,1,1,3,4309
14095,357,1,2.95,1,1,1,3,4312
14103,300,1,0.0,1,1,1,3,4313
14827,300,1,0.0,1,1,1,3,4313
